frame,particle_id,x,y,radius,active
0,0,0.329780,0.989782,0.034040,1
0,1,0.455800,1.015000,0.035520,0
0,2,0.581600,1.040000,0.037000,0
0,3,0.364000,0.990000,0.038480,0
0,4,0.489800,1.015000,0.034040,0
0,5,0.615600,1.040000,0.035520,0
0,6,0.398000,0.990000,0.037000,0
0,7,0.523800,1.015000,0.038480,0
0,8,0.649600,1.040000,0.034040,0
0,9,0.432000,0.990000,0.035520,0
0,10,0.557800,1.015000,0.037000,0
0,11,0.340200,1.040000,0.038480,0
0,12,0.466000,0.990000,0.034040,0
0,13,0.591800,1.015000,0.035520,0
0,14,0.374200,1.040000,0.037000,0
0,15,0.500000,0.990000,0.038480,0
0,16,0.625800,1.015000,0.034040,0
0,17,0.408200,1.040000,0.035520,0
0,18,0.534000,0.990000,0.037000,0
0,19,0.659800,1.015000,0.038480,0
0,20,0.442200,1.040000,0.034040,0
0,21,0.568000,0.990000,0.035520,0
0,22,0.350400,1.015000,0.037000,0
0,23,0.476200,1.040000,0.038480,0
0,24,0.602000,0.990000,0.034040,0
0,25,0.384400,1.015000,0.035520,0
0,26,0.510200,1.040000,0.037000,0
0,27,0.636000,0.990000,0.038480,0
0,28,0.418400,1.015000,0.034040,0
0,29,0.544200,1.040000,0.035520,0
0,30,0.670000,0.990000,0.037000,0
0,31,0.452400,1.015000,0.038480,0
0,32,0.578200,1.040000,0.034040,0
0,33,0.360600,0.990000,0.035520,0
0,34,0.486400,1.015000,0.037000,0
0,35,0.612200,1.040000,0.038480,0
0,36,0.394600,0.990000,0.034040,0
0,37,0.520400,1.015000,0.035520,0
0,38,0.646200,1.040000,0.037000,0
0,39,0.428600,0.990000,0.038480,0
0,40,0.554400,1.015000,0.034040,0
0,41,0.336800,1.040000,0.035520,0
0,42,0.462600,0.990000,0.037000,0
0,43,0.588400,1.015000,0.038480,0
0,44,0.370800,1.040000,0.034040,0
0,45,0.496600,0.990000,0.035520,0
0,46,0.622400,1.015000,0.037000,0
0,47,0.404800,1.040000,0.038480,0
0,48,0.530600,0.990000,0.034040,0
0,49,0.656400,1.015000,0.035520,0
0,50,0.438800,1.040000,0.037000,0
0,51,0.564600,0.990000,0.038480,0
0,52,0.347000,1.015000,0.034040,0
0,53,0.472800,1.040000,0.035520,0
0,54,0.598600,0.990000,0.037000,0
0,55,0.381000,1.015000,0.038480,0
0,56,0.506800,1.040000,0.034040,0
0,57,0.632600,0.990000,0.035520,0
0,58,0.415000,1.015000,0.037000,0
0,59,0.540800,1.040000,0.038480,0
0,60,0.666600,0.990000,0.034040,0
0,61,0.449000,1.015000,0.035520,0
0,62,0.574800,1.040000,0.037000,0
0,63,0.357200,0.990000,0.038480,0
0,64,0.483000,1.015000,0.034040,0
0,65,0.608800,1.040000,0.035520,0
0,66,0.391200,0.990000,0.037000,0
0,67,0.517000,1.015000,0.038480,0
0,68,0.642800,1.040000,0.034040,0
0,69,0.425200,0.990000,0.035520,0
0,70,0.551000,1.015000,0.037000,0
0,71,0.333400,1.040000,0.038480,0
0,72,0.459200,0.990000,0.034040,0
0,73,0.585000,1.015000,0.035520,0
0,74,0.367400,1.040000,0.037000,0
0,75,0.493200,0.990000,0.038480,0
0,76,0.619000,1.015000,0.034040,0
0,77,0.401400,1.040000,0.035520,0
0,78,0.527200,0.990000,0.037000,0
0,79,0.653000,1.015000,0.038480,0
0,80,0.435400,1.040000,0.034040,0
0,81,0.561200,0.990000,0.035520,0
0,82,0.343600,1.015000,0.037000,0
0,83,0.469400,1.040000,0.038480,0
0,84,0.595200,0.990000,0.034040,0
0,85,0.377600,1.015000,0.035520,0
0,86,0.503400,1.040000,0.037000,0
0,87,0.629200,0.990000,0.038480,0
0,88,0.411600,1.015000,0.034040,0
0,89,0.537400,1.040000,0.035520,0
0,90,0.663200,0.990000,0.037000,0
0,91,0.445600,1.015000,0.038480,0
0,92,0.571400,1.040000,0.034040,0
0,93,0.353800,0.990000,0.035520,0
0,94,0.479600,1.015000,0.037000,0
0,95,0.605400,1.040000,0.038480,0
0,96,0.387800,0.990000,0.034040,0
0,97,0.513600,1.015000,0.035520,0
0,98,0.639400,1.040000,0.037000,0
0,99,0.421800,0.990000,0.038480,0
0,100,0.547600,1.015000,0.034040,0
0,101,0.330000,1.040000,0.035520,0
0,102,0.455800,0.990000,0.037000,0
0,103,0.581600,1.015000,0.038480,0
0,104,0.364000,1.040000,0.034040,0
0,105,0.489800,0.990000,0.035520,0
0,106,0.615600,1.015000,0.037000,0
0,107,0.398000,1.040000,0.038480,0
0,108,0.523800,0.990000,0.034040,0
0,109,0.649600,1.015000,0.035520,0
0,110,0.432000,1.040000,0.037000,0
0,111,0.557800,0.990000,0.038480,0
0,112,0.340200,1.015000,0.034040,0
0,113,0.466000,1.040000,0.035520,0
0,114,0.591800,0.990000,0.037000,0
0,115,0.374200,1.015000,0.038480,0
0,116,0.500000,1.040000,0.034040,0
0,117,0.625800,0.990000,0.035520,0
0,118,0.408200,1.015000,0.037000,0
0,119,0.534000,1.040000,0.038480,0
0,120,0.659800,0.990000,0.034040,0
0,121,0.442200,1.015000,0.035520,0
0,122,0.568000,1.040000,0.037000,0
0,123,0.350400,0.990000,0.038480,0
0,124,0.476200,1.015000,0.034040,0
0,125,0.602000,1.040000,0.035520,0
0,126,0.384400,0.990000,0.037000,0
0,127,0.510200,1.015000,0.038480,0
0,128,0.636000,1.040000,0.034040,0
0,129,0.418400,0.990000,0.035520,0
0,130,0.544200,1.015000,0.037000,0
0,131,0.670000,1.040000,0.038480,0
0,132,0.452400,0.990000,0.034040,0
0,133,0.578200,1.015000,0.035520,0
0,134,0.360600,1.040000,0.037000,0
0,135,0.486400,0.990000,0.038480,0
0,136,0.612200,1.015000,0.034040,0
0,137,0.394600,1.040000,0.035520,0
0,138,0.520400,0.990000,0.037000,0
0,139,0.646200,1.015000,0.038480,0
0,140,0.428600,1.040000,0.034040,0
0,141,0.554400,0.990000,0.035520,0
0,142,0.336800,1.015000,0.037000,0
0,143,0.462600,1.040000,0.038480,0
0,144,0.588400,0.990000,0.034040,0
1,0,0.323180,0.974872,0.034040,1
1,1,0.454040,1.009352,0.035520,1
1,2,0.581600,1.039782,0.037000,1
1,3,0.364000,0.990000,0.038480,0
1,4,0.489800,1.015000,0.034040,0
1,5,0.615600,1.040000,0.035520,0
1,6,0.398000,0.990000,0.037000,0
1,7,0.523800,1.015000,0.038480,0
1,8,0.649600,1.040000,0.034040,0
1,9,0.432000,0.990000,0.035520,0
1,10,0.557800,1.015000,0.037000,0
1,11,0.340200,1.040000,0.038480,0
1,12,0.466000,0.990000,0.034040,0
1,13,0.591800,1.015000,0.035520,0
1,14,0.374200,1.040000,0.037000,0
1,15,0.500000,0.990000,0.038480,0
1,16,0.625800,1.015000,0.034040,0
1,17,0.408200,1.040000,0.035520,0
1,18,0.534000,0.990000,0.037000,0
1,19,0.659800,1.015000,0.038480,0
1,20,0.442200,1.040000,0.034040,0
1,21,0.568000,0.990000,0.035520,0
1,22,0.350400,1.015000,0.037000,0
1,23,0.476200,1.040000,0.038480,0
1,24,0.602000,0.990000,0.034040,0
1,25,0.384400,1.015000,0.035520,0
1,26,0.510200,1.040000,0.037000,0
1,27,0.636000,0.990000,0.038480,0
1,28,0.418400,1.015000,0.034040,0
1,29,0.544200,1.040000,0.035520,0
1,30,0.670000,0.990000,0.037000,0
1,31,0.452400,1.015000,0.038480,0
1,32,0.578200,1.040000,0.034040,0
1,33,0.360600,0.990000,0.035520,0
1,34,0.486400,1.015000,0.037000,0
1,35,0.612200,1.040000,0.038480,0
1,36,0.394600,0.990000,0.034040,0
1,37,0.520400,1.015000,0.035520,0
1,38,0.646200,1.040000,0.037000,0
1,39,0.428600,0.990000,0.038480,0
1,40,0.554400,1.015000,0.034040,0
1,41,0.336800,1.040000,0.035520,0
1,42,0.462600,0.990000,0.037000,0
1,43,0.588400,1.015000,0.038480,0
1,44,0.370800,1.040000,0.034040,0
1,45,0.496600,0.990000,0.035520,0
1,46,0.622400,1.015000,0.037000,0
1,47,0.404800,1.040000,0.038480,0
1,48,0.530600,0.990000,0.034040,0
1,49,0.656400,1.015000,0.035520,0
1,50,0.438800,1.040000,0.037000,0
1,51,0.564600,0.990000,0.038480,0
1,52,0.347000,1.015000,0.034040,0
1,53,0.472800,1.040000,0.035520,0
1,54,0.598600,0.990000,0.037000,0
1,55,0.381000,1.015000,0.038480,0
1,56,0.506800,1.040000,0.034040,0
1,57,0.632600,0.990000,0.035520,0
1,58,0.415000,1.015000,0.037000,0
1,59,0.540800,1.040000,0.038480,0
1,60,0.666600,0.990000,0.034040,0
1,61,0.449000,1.015000,0.035520,0
1,62,0.574800,1.040000,0.037000,0
1,63,0.357200,0.990000,0.038480,0
1,64,0.483000,1.015000,0.034040,0
1,65,0.608800,1.040000,0.035520,0
1,66,0.391200,0.990000,0.037000,0
1,67,0.517000,1.015000,0.038480,0
1,68,0.642800,1.040000,0.034040,0
1,69,0.425200,0.990000,0.035520,0
1,70,0.551000,1.015000,0.037000,0
1,71,0.333400,1.040000,0.038480,0
1,72,0.459200,0.990000,0.034040,0
1,73,0.585000,1.015000,0.035520,0
1,74,0.367400,1.040000,0.037000,0
1,75,0.493200,0.990000,0.038480,0
1,76,0.619000,1.015000,0.034040,0
1,77,0.401400,1.040000,0.035520,0
1,78,0.527200,0.990000,0.037000,0
1,79,0.653000,1.015000,0.038480,0
1,80,0.435400,1.040000,0.034040,0
1,81,0.561200,0.990000,0.035520,0
1,82,0.343600,1.015000,0.037000,0
1,83,0.469400,1.040000,0.038480,0
1,84,0.595200,0.990000,0.034040,0
1,85,0.377600,1.015000,0.035520,0
1,86,0.503400,1.040000,0.037000,0
1,87,0.629200,0.990000,0.038480,0
1,88,0.411600,1.015000,0.034040,0
1,89,0.537400,1.040000,0.035520,0
1,90,0.663200,0.990000,0.037000,0
1,91,0.445600,1.015000,0.038480,0
1,92,0.571400,1.040000,0.034040,0
1,93,0.353800,0.990000,0.035520,0
1,94,0.479600,1.015000,0.037000,0
1,95,0.605400,1.040000,0.038480,0
1,96,0.387800,0.990000,0.034040,0
1,97,0.513600,1.015000,0.035520,0
1,98,0.639400,1.040000,0.037000,0
1,99,0.421800,0.990000,0.038480,0
1,100,0.547600,1.015000,0.034040,0
1,101,0.330000,1.040000,0.035520,0
1,102,0.455800,0.990000,0.037000,0
1,103,0.581600,1.015000,0.038480,0
1,104,0.364000,1.040000,0.034040,0
1,105,0.489800,0.990000,0.035520,0
1,106,0.615600,1.015000,0.037000,0
1,107,0.398000,1.040000,0.038480,0
1,108,0.523800,0.990000,0.034040,0
1,109,0.649600,1.015000,0.035520,0
1,110,0.432000,1.040000,0.037000,0
1,111,0.557800,0.990000,0.038480,0
1,112,0.340200,1.015000,0.034040,0
1,113,0.466000,1.040000,0.035520,0
1,114,0.591800,0.990000,0.037000,0
1,115,0.374200,1.015000,0.038480,0
1,116,0.500000,1.040000,0.034040,0
1,117,0.625800,0.990000,0.035520,0
1,118,0.408200,1.015000,0.037000,0
1,119,0.534000,1.040000,0.038480,0
1,120,0.659800,0.990000,0.034040,0
1,121,0.442200,1.015000,0.035520,0
1,122,0.568000,1.040000,0.037000,0
1,123,0.350400,0.990000,0.038480,0
1,124,0.476200,1.015000,0.034040,0
1,125,0.602000,1.040000,0.035520,0
1,126,0.384400,0.990000,0.037000,0
1,127,0.510200,1.015000,0.038480,0
1,128,0.636000,1.040000,0.034040,0
1,129,0.418400,0.990000,0.035520,0
1,130,0.544200,1.015000,0.037000,0
1,131,0.670000,1.040000,0.038480,0
1,132,0.452400,0.990000,0.034040,0
1,133,0.578200,1.015000,0.035520,0
1,134,0.360600,1.040000,0.037000,0
1,135,0.486400,0.990000,0.038480,0
1,136,0.612200,1.015000,0.034040,0
1,137,0.394600,1.040000,0.035520,0
1,138,0.520400,0.990000,0.037000,0
1,139,0.646200,1.015000,0.038480,0
1,140,0.428600,1.040000,0.034040,0
1,141,0.554400,0.990000,0.035520,0
1,142,0.336800,1.015000,0.037000,0
1,143,0.462600,1.040000,0.038480,0
1,144,0.588400,0.990000,0.034040,0
2,0,0.308206,0.938417,0.034040,1
2,1,0.444070,0.979230,0.035520,1
2,2,0.581600,1.024872,0.037000,1
2,3,0.371536,0.990120,0.038480,1
2,4,0.499293,1.021527,0.034040,1
2,5,0.615600,1.040000,0.035520,0
2,6,0.398000,0.990000,0.037000,0
2,7,0.523800,1.015000,0.038480,0
2,8,0.649600,1.040000,0.034040,0
2,9,0.432000,0.990000,0.035520,0
2,10,0.557800,1.015000,0.037000,0
2,11,0.340200,1.040000,0.038480,0
2,12,0.466000,0.990000,0.034040,0
2,13,0.591800,1.015000,0.035520,0
2,14,0.374200,1.040000,0.037000,0
2,15,0.500000,0.990000,0.038480,0
2,16,0.625800,1.015000,0.034040,0
2,17,0.408200,1.040000,0.035520,0
2,18,0.534000,0.990000,0.037000,0
2,19,0.659800,1.015000,0.038480,0
2,20,0.442200,1.040000,0.034040,0
2,21,0.568000,0.990000,0.035520,0
2,22,0.350400,1.015000,0.037000,0
2,23,0.476200,1.040000,0.038480,0
2,24,0.602000,0.990000,0.034040,0
2,25,0.384400,1.015000,0.035520,0
2,26,0.510200,1.040000,0.037000,0
2,27,0.636000,0.990000,0.038480,0
2,28,0.418400,1.015000,0.034040,0
2,29,0.544200,1.040000,0.035520,0
2,30,0.670000,0.990000,0.037000,0
2,31,0.452400,1.015000,0.038480,0
2,32,0.578200,1.040000,0.034040,0
2,33,0.360600,0.990000,0.035520,0
2,34,0.486400,1.015000,0.037000,0
2,35,0.612200,1.040000,0.038480,0
2,36,0.394600,0.990000,0.034040,0
2,37,0.520400,1.015000,0.035520,0
2,38,0.646200,1.040000,0.037000,0
2,39,0.428600,0.990000,0.038480,0
2,40,0.554400,1.015000,0.034040,0
2,41,0.336800,1.040000,0.035520,0
2,42,0.462600,0.990000,0.037000,0
2,43,0.588400,1.015000,0.038480,0
2,44,0.370800,1.040000,0.034040,0
2,45,0.496600,0.990000,0.035520,0
2,46,0.622400,1.015000,0.037000,0
2,47,0.404800,1.040000,0.038480,0
2,48,0.530600,0.990000,0.034040,0
2,49,0.656400,1.015000,0.035520,0
2,50,0.438800,1.040000,0.037000,0
2,51,0.564600,0.990000,0.038480,0
2,52,0.347000,1.015000,0.034040,0
2,53,0.472800,1.040000,0.035520,0
2,54,0.598600,0.990000,0.037000,0
2,55,0.381000,1.015000,0.038480,0
2,56,0.506800,1.040000,0.034040,0
2,57,0.632600,0.990000,0.035520,0
2,58,0.415000,1.015000,0.037000,0
2,59,0.540800,1.040000,0.038480,0
2,60,0.666600,0.990000,0.034040,0
2,61,0.449000,1.015000,0.035520,0
2,62,0.574800,1.040000,0.037000,0
2,63,0.357200,0.990000,0.038480,0
2,64,0.483000,1.015000,0.034040,0
2,65,0.608800,1.040000,0.035520,0
2,66,0.391200,0.990000,0.037000,0
2,67,0.517000,1.015000,0.038480,0
2,68,0.642800,1.040000,0.034040,0
2,69,0.425200,0.990000,0.035520,0
2,70,0.551000,1.015000,0.037000,0
2,71,0.333400,1.040000,0.038480,0
2,72,0.459200,0.990000,0.034040,0
2,73,0.585000,1.015000,0.035520,0
2,74,0.367400,1.040000,0.037000,0
2,75,0.493200,0.990000,0.038480,0
2,76,0.619000,1.015000,0.034040,0
2,77,0.401400,1.040000,0.035520,0
2,78,0.527200,0.990000,0.037000,0
2,79,0.653000,1.015000,0.038480,0
2,80,0.435400,1.040000,0.034040,0
2,81,0.561200,0.990000,0.035520,0
2,82,0.343600,1.015000,0.037000,0
2,83,0.469400,1.040000,0.038480,0
2,84,0.595200,0.990000,0.034040,0
2,85,0.377600,1.015000,0.035520,0
2,86,0.503400,1.040000,0.037000,0
2,87,0.629200,0.990000,0.038480,0
2,88,0.411600,1.015000,0.034040,0
2,89,0.537400,1.040000,0.035520,0
2,90,0.663200,0.990000,0.037000,0
2,91,0.445600,1.015000,0.038480,0
2,92,0.571400,1.040000,0.034040,0
2,93,0.353800,0.990000,0.035520,0
2,94,0.479600,1.015000,0.037000,0
2,95,0.605400,1.040000,0.038480,0
2,96,0.387800,0.990000,0.034040,0
2,97,0.513600,1.015000,0.035520,0
2,98,0.639400,1.040000,0.037000,0
2,99,0.421800,0.990000,0.038480,0
2,100,0.547600,1.015000,0.034040,0
2,101,0.330000,1.040000,0.035520,0
2,102,0.455800,0.990000,0.037000,0
2,103,0.581600,1.015000,0.038480,0
2,104,0.364000,1.040000,0.034040,0
2,105,0.489800,0.990000,0.035520,0
2,106,0.615600,1.015000,0.037000,0
2,107,0.398000,1.040000,0.038480,0
2,108,0.523800,0.990000,0.034040,0
2,109,0.649600,1.015000,0.035520,0
2,110,0.432000,1.040000,0.037000,0
2,111,0.557800,0.990000,0.038480,0
2,112,0.340200,1.015000,0.034040,0
2,113,0.466000,1.040000,0.035520,0
2,114,0.591800,0.990000,0.037000,0
2,115,0.374200,1.015000,0.038480,0
2,116,0.500000,1.040000,0.034040,0
2,117,0.625800,0.990000,0.035520,0
2,118,0.408200,1.015000,0.037000,0
2,119,0.534000,1.040000,0.038480,0
2,120,0.659800,0.990000,0.034040,0
2,121,0.442200,1.015000,0.035520,0
2,122,0.568000,1.040000,0.037000,0
2,123,0.350400,0.990000,0.038480,0
2,124,0.476200,1.015000,0.034040,0
2,125,0.602000,1.040000,0.035520,0
2,126,0.384400,0.990000,0.037000,0
2,127,0.510200,1.015000,0.038480,0
2,128,0.636000,1.040000,0.034040,0
2,129,0.418400,0.990000,0.035520,0
2,130,0.544200,1.015000,0.037000,0
2,131,0.670000,1.040000,0.038480,0
2,132,0.452400,0.990000,0.034040,0
2,133,0.578200,1.015000,0.035520,0
2,134,0.360600,1.040000,0.037000,0
2,135,0.486400,0.990000,0.038480,0
2,136,0.612200,1.015000,0.034040,0
2,137,0.394600,1.040000,0.035520,0
2,138,0.520400,0.990000,0.037000,0
2,139,0.646200,1.015000,0.038480,0
2,140,0.428600,1.040000,0.034040,0
2,141,0.554400,0.990000,0.035520,0
2,142,0.336800,1.015000,0.037000,0
2,143,0.462600,1.040000,0.038480,0
2,144,0.588400,0.990000,0.034040,0
3,0,0.301626,0.891200,0.034040,1
3,1,0.445225,0.938165,0.035520,1
3,2,0.572254,0.984322,0.037000,1
3,3,0.357371,0.953004,0.038480,1
3,4,0.504159,1.007042,0.034040,1
3,5,0.623119,1.043651,0.035520,1
3,6,0.410902,1.006218,0.037000,1
3,7,0.523800,1.015000,0.038480,0
3,8,0.649600,1.040000,0.034040,0
3,9,0.432000,0.990000,0.035520,0
3,10,0.557800,1.015000,0.037000,0
3,11,0.340200,1.040000,0.038480,0
3,12,0.466000,0.990000,0.034040,0
3,13,0.591800,1.015000,0.035520,0
3,14,0.374200,1.040000,0.037000,0
3,15,0.500000,0.990000,0.038480,0
3,16,0.625800,1.015000,0.034040,0
3,17,0.408200,1.040000,0.035520,0
3,18,0.534000,0.990000,0.037000,0
3,19,0.659800,1.015000,0.038480,0
3,20,0.442200,1.040000,0.034040,0
3,21,0.568000,0.990000,0.035520,0
3,22,0.350400,1.015000,0.037000,0
3,23,0.476200,1.040000,0.038480,0
3,24,0.602000,0.990000,0.034040,0
3,25,0.384400,1.015000,0.035520,0
3,26,0.510200,1.040000,0.037000,0
3,27,0.636000,0.990000,0.038480,0
3,28,0.418400,1.015000,0.034040,0
3,29,0.544200,1.040000,0.035520,0
3,30,0.670000,0.990000,0.037000,0
3,31,0.452400,1.015000,0.038480,0
3,32,0.578200,1.040000,0.034040,0
3,33,0.360600,0.990000,0.035520,0
3,34,0.486400,1.015000,0.037000,0
3,35,0.612200,1.040000,0.038480,0
3,36,0.394600,0.990000,0.034040,0
3,37,0.520400,1.015000,0.035520,0
3,38,0.646200,1.040000,0.037000,0
3,39,0.428600,0.990000,0.038480,0
3,40,0.554400,1.015000,0.034040,0
3,41,0.336800,1.040000,0.035520,0
3,42,0.462600,0.990000,0.037000,0
3,43,0.588400,1.015000,0.038480,0
3,44,0.370800,1.040000,0.034040,0
3,45,0.496600,0.990000,0.035520,0
3,46,0.622400,1.015000,0.037000,0
3,47,0.404800,1.040000,0.038480,0
3,48,0.530600,0.990000,0.034040,0
3,49,0.656400,1.015000,0.035520,0
3,50,0.438800,1.040000,0.037000,0
3,51,0.564600,0.990000,0.038480,0
3,52,0.347000,1.015000,0.034040,0
3,53,0.472800,1.040000,0.035520,0
3,54,0.598600,0.990000,0.037000,0
3,55,0.381000,1.015000,0.038480,0
3,56,0.506800,1.040000,0.034040,0
3,57,0.632600,0.990000,0.035520,0
3,58,0.415000,1.015000,0.037000,0
3,59,0.540800,1.040000,0.038480,0
3,60,0.666600,0.990000,0.034040,0
3,61,0.449000,1.015000,0.035520,0
3,62,0.574800,1.040000,0.037000,0
3,63,0.357200,0.990000,0.038480,0
3,64,0.483000,1.015000,0.034040,0
3,65,0.608800,1.040000,0.035520,0
3,66,0.391200,0.990000,0.037000,0
3,67,0.517000,1.015000,0.038480,0
3,68,0.642800,1.040000,0.034040,0
3,69,0.425200,0.990000,0.035520,0
3,70,0.551000,1.015000,0.037000,0
3,71,0.333400,1.040000,0.038480,0
3,72,0.459200,0.990000,0.034040,0
3,73,0.585000,1.015000,0.035520,0
3,74,0.367400,1.040000,0.037000,0
3,75,0.493200,0.990000,0.038480,0
3,76,0.619000,1.015000,0.034040,0
3,77,0.401400,1.040000,0.035520,0
3,78,0.527200,0.990000,0.037000,0
3,79,0.653000,1.015000,0.038480,0
3,80,0.435400,1.040000,0.034040,0
3,81,0.561200,0.990000,0.035520,0
3,82,0.343600,1.015000,0.037000,0
3,83,0.469400,1.040000,0.038480,0
3,84,0.595200,0.990000,0.034040,0
3,85,0.377600,1.015000,0.035520,0
3,86,0.503400,1.040000,0.037000,0
3,87,0.629200,0.990000,0.038480,0
3,88,0.411600,1.015000,0.034040,0
3,89,0.537400,1.040000,0.035520,0
3,90,0.663200,0.990000,0.037000,0
3,91,0.445600,1.015000,0.038480,0
3,92,0.571400,1.040000,0.034040,0
3,93,0.353800,0.990000,0.035520,0
3,94,0.479600,1.015000,0.037000,0
3,95,0.605400,1.040000,0.038480,0
3,96,0.387800,0.990000,0.034040,0
3,97,0.513600,1.015000,0.035520,0
3,98,0.639400,1.040000,0.037000,0
3,99,0.421800,0.990000,0.038480,0
3,100,0.547600,1.015000,0.034040,0
3,101,0.330000,1.040000,0.035520,0
3,102,0.455800,0.990000,0.037000,0
3,103,0.581600,1.015000,0.038480,0
3,104,0.364000,1.040000,0.034040,0
3,105,0.489800,0.990000,0.035520,0
3,106,0.615600,1.015000,0.037000,0
3,107,0.398000,1.040000,0.038480,0
3,108,0.523800,0.990000,0.034040,0
3,109,0.649600,1.015000,0.035520,0
3,110,0.432000,1.040000,0.037000,0
3,111,0.557800,0.990000,0.038480,0
3,112,0.340200,1.015000,0.034040,0
3,113,0.466000,1.040000,0.035520,0
3,114,0.591800,0.990000,0.037000,0
3,115,0.374200,1.015000,0.038480,0
3,116,0.500000,1.040000,0.034040,0
3,117,0.625800,0.990000,0.035520,0
3,118,0.408200,1.015000,0.037000,0
3,119,0.534000,1.040000,0.038480,0
3,120,0.659800,0.990000,0.034040,0
3,121,0.442200,1.015000,0.035520,0
3,122,0.568000,1.040000,0.037000,0
3,123,0.350400,0.990000,0.038480,0
3,124,0.476200,1.015000,0.034040,0
3,125,0.602000,1.040000,0.035520,0
3,126,0.384400,0.990000,0.037000,0
3,127,0.510200,1.015000,0.038480,0
3,128,0.636000,1.040000,0.034040,0
3,129,0.418400,0.990000,0.035520,0
3,130,0.544200,1.015000,0.037000,0
3,131,0.670000,1.040000,0.038480,0
3,132,0.452400,0.990000,0.034040,0
3,133,0.578200,1.015000,0.035520,0
3,134,0.360600,1.040000,0.037000,0
3,135,0.486400,0.990000,0.038480,0
3,136,0.612200,1.015000,0.034040,0
3,137,0.394600,1.040000,0.035520,0
3,138,0.520400,0.990000,0.037000,0
3,139,0.646200,1.015000,0.038480,0
3,140,0.428600,1.040000,0.034040,0
3,141,0.554400,0.990000,0.035520,0
3,142,0.336800,1.015000,0.037000,0
3,143,0.462600,1.040000,0.038480,0
3,144,0.588400,0.990000,0.034040,0
4,0,0.295045,0.827782,0.034040,1
4,1,0.444396,0.882924,0.035520,1
4,2,0.575334,0.935734,0.037000,1
4,3,0.358201,0.914428,0.038480,1
4,4,0.495763,0.958215,0.034040,1
4,5,0.604564,1.011880,0.035520,1
4,6,0.407632,0.991366,0.037000,1
4,7,0.533328,1.029586,0.038480,1
4,8,0.663991,1.048034,0.034040,1
4,9,0.432000,0.990000,0.035520,0
4,10,0.557800,1.015000,0.037000,0
4,11,0.340200,1.040000,0.038480,0
4,12,0.466000,0.990000,0.034040,0
4,13,0.591800,1.015000,0.035520,0
4,14,0.374200,1.040000,0.037000,0
4,15,0.500000,0.990000,0.038480,0
4,16,0.625800,1.015000,0.034040,0
4,17,0.408200,1.040000,0.035520,0
4,18,0.534000,0.990000,0.037000,0
4,19,0.659800,1.015000,0.038480,0
4,20,0.442200,1.040000,0.034040,0
4,21,0.568000,0.990000,0.035520,0
4,22,0.350400,1.015000,0.037000,0
4,23,0.476200,1.040000,0.038480,0
4,24,0.602000,0.990000,0.034040,0
4,25,0.384400,1.015000,0.035520,0
4,26,0.510200,1.040000,0.037000,0
4,27,0.636000,0.990000,0.038480,0
4,28,0.418400,1.015000,0.034040,0
4,29,0.544200,1.040000,0.035520,0
4,30,0.670000,0.990000,0.037000,0
4,31,0.452400,1.015000,0.038480,0
4,32,0.578200,1.040000,0.034040,0
4,33,0.360600,0.990000,0.035520,0
4,34,0.486400,1.015000,0.037000,0
4,35,0.612200,1.040000,0.038480,0
4,36,0.394600,0.990000,0.034040,0
4,37,0.520400,1.015000,0.035520,0
4,38,0.646200,1.040000,0.037000,0
4,39,0.428600,0.990000,0.038480,0
4,40,0.554400,1.015000,0.034040,0
4,41,0.336800,1.040000,0.035520,0
4,42,0.462600,0.990000,0.037000,0
4,43,0.588400,1.015000,0.038480,0
4,44,0.370800,1.040000,0.034040,0
4,45,0.496600,0.990000,0.035520,0
4,46,0.622400,1.015000,0.037000,0
4,47,0.404800,1.040000,0.038480,0
4,48,0.530600,0.990000,0.034040,0
4,49,0.656400,1.015000,0.035520,0
4,50,0.438800,1.040000,0.037000,0
4,51,0.564600,0.990000,0.038480,0
4,52,0.347000,1.015000,0.034040,0
4,53,0.472800,1.040000,0.035520,0
4,54,0.598600,0.990000,0.037000,0
4,55,0.381000,1.015000,0.038480,0
4,56,0.506800,1.040000,0.034040,0
4,57,0.632600,0.990000,0.035520,0
4,58,0.415000,1.015000,0.037000,0
4,59,0.540800,1.040000,0.038480,0
4,60,0.666600,0.990000,0.034040,0
4,61,0.449000,1.015000,0.035520,0
4,62,0.574800,1.040000,0.037000,0
4,63,0.357200,0.990000,0.038480,0
4,64,0.483000,1.015000,0.034040,0
4,65,0.608800,1.040000,0.035520,0
4,66,0.391200,0.990000,0.037000,0
4,67,0.517000,1.015000,0.038480,0
4,68,0.642800,1.040000,0.034040,0
4,69,0.425200,0.990000,0.035520,0
4,70,0.551000,1.015000,0.037000,0
4,71,0.333400,1.040000,0.038480,0
4,72,0.459200,0.990000,0.034040,0
4,73,0.585000,1.015000,0.035520,0
4,74,0.367400,1.040000,0.037000,0
4,75,0.493200,0.990000,0.038480,0
4,76,0.619000,1.015000,0.034040,0
4,77,0.401400,1.040000,0.035520,0
4,78,0.527200,0.990000,0.037000,0
4,79,0.653000,1.015000,0.038480,0
4,80,0.435400,1.040000,0.034040,0
4,81,0.561200,0.990000,0.035520,0
4,82,0.343600,1.015000,0.037000,0
4,83,0.469400,1.040000,0.038480,0
4,84,0.595200,0.990000,0.034040,0
4,85,0.377600,1.015000,0.035520,0
4,86,0.503400,1.040000,0.037000,0
4,87,0.629200,0.990000,0.038480,0
4,88,0.411600,1.015000,0.034040,0
4,89,0.537400,1.040000,0.035520,0
4,90,0.663200,0.990000,0.037000,0
4,91,0.445600,1.015000,0.038480,0
4,92,0.571400,1.040000,0.034040,0
4,93,0.353800,0.990000,0.035520,0
4,94,0.479600,1.015000,0.037000,0
4,95,0.605400,1.040000,0.038480,0
4,96,0.387800,0.990000,0.034040,0
4,97,0.513600,1.015000,0.035520,0
4,98,0.639400,1.040000,0.037000,0
4,99,0.421800,0.990000,0.038480,0
4,100,0.547600,1.015000,0.034040,0
4,101,0.330000,1.040000,0.035520,0
4,102,0.455800,0.990000,0.037000,0
4,103,0.581600,1.015000,0.038480,0
4,104,0.364000,1.040000,0.034040,0
4,105,0.489800,0.990000,0.035520,0
4,106,0.615600,1.015000,0.037000,0
4,107,0.398000,1.040000,0.038480,0
4,108,0.523800,0.990000,0.034040,0
4,109,0.649600,1.015000,0.035520,0
4,110,0.432000,1.040000,0.037000,0
4,111,0.557800,0.990000,0.038480,0
4,112,0.340200,1.015000,0.034040,0
4,113,0.466000,1.040000,0.035520,0
4,114,0.591800,0.990000,0.037000,0
4,115,0.374200,1.015000,0.038480,0
4,116,0.500000,1.040000,0.034040,0
4,117,0.625800,0.990000,0.035520,0
4,118,0.408200,1.015000,0.037000,0
4,119,0.534000,1.040000,0.038480,0
4,120,0.659800,0.990000,0.034040,0
4,121,0.442200,1.015000,0.035520,0
4,122,0.568000,1.040000,0.037000,0
4,123,0.350400,0.990000,0.038480,0
4,124,0.476200,1.015000,0.034040,0
4,125,0.602000,1.040000,0.035520,0
4,126,0.384400,0.990000,0.037000,0
4,127,0.510200,1.015000,0.038480,0
4,128,0.636000,1.040000,0.034040,0
4,129,0.418400,0.990000,0.035520,0
4,130,0.544200,1.015000,0.037000,0
4,131,0.670000,1.040000,0.038480,0
4,132,0.452400,0.990000,0.034040,0
4,133,0.578200,1.015000,0.035520,0
4,134,0.360600,1.040000,0.037000,0
4,135,0.486400,0.990000,0.038480,0
4,136,0.612200,1.015000,0.034040,0
4,137,0.394600,1.040000,0.035520,0
4,138,0.520400,0.990000,0.037000,0
4,139,0.646200,1.015000,0.038480,0
4,140,0.428600,1.040000,0.034040,0
4,141,0.554400,0.990000,0.035520,0
4,142,0.336800,1.015000,0.037000,0
4,143,0.462600,1.040000,0.038480,0
4,144,0.588400,0.990000,0.034040,0
5,0,0.288465,0.748165,0.034040,1
5,1,0.443566,0.811483,0.035520,1
5,2,0.577131,0.872368,0.037000,1
5,3,0.359031,0.859652,0.038480,1
5,4,0.500448,0.911584,0.034040,1
5,5,0.604908,0.967099,0.035520,1
5,6,0.384471,0.951365,0.037000,1
5,7,0.515977,0.992461,0.038480,1
5,8,0.667271,1.033163,0.034040,1
5,9,0.445450,0.993191,0.035520,1
5,10,0.578069,1.035377,0.037000,1
5,11,0.340200,1.040000,0.038480,0
5,12,0.466000,0.990000,0.034040,0
5,13,0.591800,1.015000,0.035520,0
5,14,0.374200,1.040000,0.037000,0
5,15,0.500000,0.990000,0.038480,0
5,16,0.625800,1.015000,0.034040,0
5,17,0.408200,1.040000,0.035520,0
5,18,0.534000,0.990000,0.037000,0
5,19,0.659800,1.015000,0.038480,0
5,20,0.442200,1.040000,0.034040,0
5,21,0.568000,0.990000,0.035520,0
5,22,0.350400,1.015000,0.037000,0
5,23,0.476200,1.040000,0.038480,0
5,24,0.602000,0.990000,0.034040,0
5,25,0.384400,1.015000,0.035520,0
5,26,0.510200,1.040000,0.037000,0
5,27,0.636000,0.990000,0.038480,0
5,28,0.418400,1.015000,0.034040,0
5,29,0.544200,1.040000,0.035520,0
5,30,0.670000,0.990000,0.037000,0
5,31,0.452400,1.015000,0.038480,0
5,32,0.578200,1.040000,0.034040,0
5,33,0.360600,0.990000,0.035520,0
5,34,0.486400,1.015000,0.037000,0
5,35,0.612200,1.040000,0.038480,0
5,36,0.394600,0.990000,0.034040,0
5,37,0.520400,1.015000,0.035520,0
5,38,0.646200,1.040000,0.037000,0
5,39,0.428600,0.990000,0.038480,0
5,40,0.554400,1.015000,0.034040,0
5,41,0.336800,1.040000,0.035520,0
5,42,0.462600,0.990000,0.037000,0
5,43,0.588400,1.015000,0.038480,0
5,44,0.370800,1.040000,0.034040,0
5,45,0.496600,0.990000,0.035520,0
5,46,0.622400,1.015000,0.037000,0
5,47,0.404800,1.040000,0.038480,0
5,48,0.530600,0.990000,0.034040,0
5,49,0.656400,1.015000,0.035520,0
5,50,0.438800,1.040000,0.037000,0
5,51,0.564600,0.990000,0.038480,0
5,52,0.347000,1.015000,0.034040,0
5,53,0.472800,1.040000,0.035520,0
5,54,0.598600,0.990000,0.037000,0
5,55,0.381000,1.015000,0.038480,0
5,56,0.506800,1.040000,0.034040,0
5,57,0.632600,0.990000,0.035520,0
5,58,0.415000,1.015000,0.037000,0
5,59,0.540800,1.040000,0.038480,0
5,60,0.666600,0.990000,0.034040,0
5,61,0.449000,1.015000,0.035520,0
5,62,0.574800,1.040000,0.037000,0
5,63,0.357200,0.990000,0.038480,0
5,64,0.483000,1.015000,0.034040,0
5,65,0.608800,1.040000,0.035520,0
5,66,0.391200,0.990000,0.037000,0
5,67,0.517000,1.015000,0.038480,0
5,68,0.642800,1.040000,0.034040,0
5,69,0.425200,0.990000,0.035520,0
5,70,0.551000,1.015000,0.037000,0
5,71,0.333400,1.040000,0.038480,0
5,72,0.459200,0.990000,0.034040,0
5,73,0.585000,1.015000,0.035520,0
5,74,0.367400,1.040000,0.037000,0
5,75,0.493200,0.990000,0.038480,0
5,76,0.619000,1.015000,0.034040,0
5,77,0.401400,1.040000,0.035520,0
5,78,0.527200,0.990000,0.037000,0
5,79,0.653000,1.015000,0.038480,0
5,80,0.435400,1.040000,0.034040,0
5,81,0.561200,0.990000,0.035520,0
5,82,0.343600,1.015000,0.037000,0
5,83,0.469400,1.040000,0.038480,0
5,84,0.595200,0.990000,0.034040,0
5,85,0.377600,1.015000,0.035520,0
5,86,0.503400,1.040000,0.037000,0
5,87,0.629200,0.990000,0.038480,0
5,88,0.411600,1.015000,0.034040,0
5,89,0.537400,1.040000,0.035520,0
5,90,0.663200,0.990000,0.037000,0
5,91,0.445600,1.015000,0.038480,0
5,92,0.571400,1.040000,0.034040,0
5,93,0.353800,0.990000,0.035520,0
5,94,0.479600,1.015000,0.037000,0
5,95,0.605400,1.040000,0.038480,0
5,96,0.387800,0.990000,0.034040,0
5,97,0.513600,1.015000,0.035520,0
5,98,0.639400,1.040000,0.037000,0
5,99,0.421800,0.990000,0.038480,0
5,100,0.547600,1.015000,0.034040,0
5,101,0.330000,1.040000,0.035520,0
5,102,0.455800,0.990000,0.037000,0
5,103,0.581600,1.015000,0.038480,0
5,104,0.364000,1.040000,0.034040,0
5,105,0.489800,0.990000,0.035520,0
5,106,0.615600,1.015000,0.037000,0
5,107,0.398000,1.040000,0.038480,0
5,108,0.523800,0.990000,0.034040,0
5,109,0.649600,1.015000,0.035520,0
5,110,0.432000,1.040000,0.037000,0
5,111,0.557800,0.990000,0.038480,0
5,112,0.340200,1.015000,0.034040,0
5,113,0.466000,1.040000,0.035520,0
5,114,0.591800,0.990000,0.037000,0
5,115,0.374200,1.015000,0.038480,0
5,116,0.500000,1.040000,0.034040,0
5,117,0.625800,0.990000,0.035520,0
5,118,0.408200,1.015000,0.037000,0
5,119,0.534000,1.040000,0.038480,0
5,120,0.659800,0.990000,0.034040,0
5,121,0.442200,1.015000,0.035520,0
5,122,0.568000,1.040000,0.037000,0
5,123,0.350400,0.990000,0.038480,0
5,124,0.476200,1.015000,0.034040,0
5,125,0.602000,1.040000,0.035520,0
5,126,0.384400,0.990000,0.037000,0
5,127,0.510200,1.015000,0.038480,0
5,128,0.636000,1.040000,0.034040,0
5,129,0.418400,0.990000,0.035520,0
5,130,0.544200,1.015000,0.037000,0
5,131,0.670000,1.040000,0.038480,0
5,132,0.452400,0.990000,0.034040,0
5,133,0.578200,1.015000,0.035520,0
5,134,0.360600,1.040000,0.037000,0
5,135,0.486400,0.990000,0.038480,0
5,136,0.612200,1.015000,0.034040,0
5,137,0.394600,1.040000,0.035520,0
5,138,0.520400,0.990000,0.037000,0
5,139,0.646200,1.015000,0.038480,0
5,140,0.428600,1.040000,0.034040,0
5,141,0.554400,0.990000,0.035520,0
5,142,0.336800,1.015000,0.037000,0
5,143,0.462600,1.040000,0.038480,0
5,144,0.588400,0.990000,0.034040,0
6,0,0.281885,0.652347,0.034040,1
6,1,0.442736,0.723842,0.035520,1
6,2,0.578929,0.792801,0.037000,1
6,3,0.359860,0.788676,0.038480,1
6,4,0.505133,0.848753,0.034040,1
6,5,0.599923,0.912125,0.035520,1
6,6,0.380740,0.903823,0.037000,1
6,7,0.523748,0.952263,0.038480,1
6,8,0.670551,1.002092,0.034040,1
6,9,0.432142,0.954505,0.035520,1
6,10,0.572142,1.020990,0.037000,1
6,11,0.338440,1.034352,0.038480,1
6,12,0.476472,1.008110,0.034040,1
6,13,0.591800,1.015000,0.035520,0
6,14,0.374200,1.040000,0.037000,0
6,15,0.500000,0.990000,0.038480,0
6,16,0.625800,1.015000,0.034040,0
6,17,0.408200,1.040000,0.035520,0
6,18,0.534000,0.990000,0.037000,0
6,19,0.659800,1.015000,0.038480,0
6,20,0.442200,1.040000,0.034040,0
6,21,0.568000,0.990000,0.035520,0
6,22,0.350400,1.015000,0.037000,0
6,23,0.476200,1.040000,0.038480,0
6,24,0.602000,0.990000,0.034040,0
6,25,0.384400,1.015000,0.035520,0
6,26,0.510200,1.040000,0.037000,0
6,27,0.636000,0.990000,0.038480,0
6,28,0.418400,1.015000,0.034040,0
6,29,0.544200,1.040000,0.035520,0
6,30,0.670000,0.990000,0.037000,0
6,31,0.452400,1.015000,0.038480,0
6,32,0.578200,1.040000,0.034040,0
6,33,0.360600,0.990000,0.035520,0
6,34,0.486400,1.015000,0.037000,0
6,35,0.612200,1.040000,0.038480,0
6,36,0.394600,0.990000,0.034040,0
6,37,0.520400,1.015000,0.035520,0
6,38,0.646200,1.040000,0.037000,0
6,39,0.428600,0.990000,0.038480,0
6,40,0.554400,1.015000,0.034040,0
6,41,0.336800,1.040000,0.035520,0
6,42,0.462600,0.990000,0.037000,0
6,43,0.588400,1.015000,0.038480,0
6,44,0.370800,1.040000,0.034040,0
6,45,0.496600,0.990000,0.035520,0
6,46,0.622400,1.015000,0.037000,0
6,47,0.404800,1.040000,0.038480,0
6,48,0.530600,0.990000,0.034040,0
6,49,0.656400,1.015000,0.035520,0
6,50,0.438800,1.040000,0.037000,0
6,51,0.564600,0.990000,0.038480,0
6,52,0.347000,1.015000,0.034040,0
6,53,0.472800,1.040000,0.035520,0
6,54,0.598600,0.990000,0.037000,0
6,55,0.381000,1.015000,0.038480,0
6,56,0.506800,1.040000,0.034040,0
6,57,0.632600,0.990000,0.035520,0
6,58,0.415000,1.015000,0.037000,0
6,59,0.540800,1.040000,0.038480,0
6,60,0.666600,0.990000,0.034040,0
6,61,0.449000,1.015000,0.035520,0
6,62,0.574800,1.040000,0.037000,0
6,63,0.357200,0.990000,0.038480,0
6,64,0.483000,1.015000,0.034040,0
6,65,0.608800,1.040000,0.035520,0
6,66,0.391200,0.990000,0.037000,0
6,67,0.517000,1.015000,0.038480,0
6,68,0.642800,1.040000,0.034040,0
6,69,0.425200,0.990000,0.035520,0
6,70,0.551000,1.015000,0.037000,0
6,71,0.333400,1.040000,0.038480,0
6,72,0.459200,0.990000,0.034040,0
6,73,0.585000,1.015000,0.035520,0
6,74,0.367400,1.040000,0.037000,0
6,75,0.493200,0.990000,0.038480,0
6,76,0.619000,1.015000,0.034040,0
6,77,0.401400,1.040000,0.035520,0
6,78,0.527200,0.990000,0.037000,0
6,79,0.653000,1.015000,0.038480,0
6,80,0.435400,1.040000,0.034040,0
6,81,0.561200,0.990000,0.035520,0
6,82,0.343600,1.015000,0.037000,0
6,83,0.469400,1.040000,0.038480,0
6,84,0.595200,0.990000,0.034040,0
6,85,0.377600,1.015000,0.035520,0
6,86,0.503400,1.040000,0.037000,0
6,87,0.629200,0.990000,0.038480,0
6,88,0.411600,1.015000,0.034040,0
6,89,0.537400,1.040000,0.035520,0
6,90,0.663200,0.990000,0.037000,0
6,91,0.445600,1.015000,0.038480,0
6,92,0.571400,1.040000,0.034040,0
6,93,0.353800,0.990000,0.035520,0
6,94,0.479600,1.015000,0.037000,0
6,95,0.605400,1.040000,0.038480,0
6,96,0.387800,0.990000,0.034040,0
6,97,0.513600,1.015000,0.035520,0
6,98,0.639400,1.040000,0.037000,0
6,99,0.421800,0.990000,0.038480,0
6,100,0.547600,1.015000,0.034040,0
6,101,0.330000,1.040000,0.035520,0
6,102,0.455800,0.990000,0.037000,0
6,103,0.581600,1.015000,0.038480,0
6,104,0.364000,1.040000,0.034040,0
6,105,0.489800,0.990000,0.035520,0
6,106,0.615600,1.015000,0.037000,0
6,107,0.398000,1.040000,0.038480,0
6,108,0.523800,0.990000,0.034040,0
6,109,0.649600,1.015000,0.035520,0
6,110,0.432000,1.040000,0.037000,0
6,111,0.557800,0.990000,0.038480,0
6,112,0.340200,1.015000,0.034040,0
6,113,0.466000,1.040000,0.035520,0
6,114,0.591800,0.990000,0.037000,0
6,115,0.374200,1.015000,0.038480,0
6,116,0.500000,1.040000,0.034040,0
6,117,0.625800,0.990000,0.035520,0
6,118,0.408200,1.015000,0.037000,0
6,119,0.534000,1.040000,0.038480,0
6,120,0.659800,0.990000,0.034040,0
6,121,0.442200,1.015000,0.035520,0
6,122,0.568000,1.040000,0.037000,0
6,123,0.350400,0.990000,0.038480,0
6,124,0.476200,1.015000,0.034040,0
6,125,0.602000,1.040000,0.035520,0
6,126,0.384400,0.990000,0.037000,0
6,127,0.510200,1.015000,0.038480,0
6,128,0.636000,1.040000,0.034040,0
6,129,0.418400,0.990000,0.035520,0
6,130,0.544200,1.015000,0.037000,0
6,131,0.670000,1.040000,0.038480,0
6,132,0.452400,0.990000,0.034040,0
6,133,0.578200,1.015000,0.035520,0
6,134,0.360600,1.040000,0.037000,0
6,135,0.486400,0.990000,0.038480,0
6,136,0.612200,1.015000,0.034040,0
6,137,0.394600,1.040000,0.035520,0
6,138,0.520400,0.990000,0.037000,0
6,139,0.646200,1.015000,0.038480,0
6,140,0.428600,1.040000,0.034040,0
6,141,0.554400,0.990000,0.035520,0
6,142,0.336800,1.015000,0.037000,0
6,143,0.462600,1.040000,0.038480,0
6,144,0.588400,0.990000,0.034040,0
7,0,0.275305,0.540330,0.034040,1
7,1,0.441907,0.620001,0.035520,1
7,2,0.580726,0.697034,0.037000,1
7,3,0.360690,0.701500,0.038480,1
7,4,0.509818,0.769722,0.034040,1
7,5,0.594938,0.840950,0.035520,1
7,6,0.377499,0.840721,0.037000,1
7,7,0.527054,0.898458,0.038480,1
7,8,0.673831,0.954821,0.034040,1
7,9,0.433817,0.915730,0.035520,1
7,10,0.544931,0.982685,0.037000,1
7,11,0.324211,1.003429,0.038480,1
7,12,0.473791,0.993398,0.034040,1
7,13,0.616992,1.016771,0.035520,1
7,14,0.385349,1.047695,0.037000,1
7,15,0.500000,0.990000,0.038480,0
7,16,0.625800,1.015000,0.034040,0
7,17,0.408200,1.040000,0.035520,0
7,18,0.534000,0.990000,0.037000,0
7,19,0.659800,1.015000,0.038480,0
7,20,0.442200,1.040000,0.034040,0
7,21,0.568000,0.990000,0.035520,0
7,22,0.350400,1.015000,0.037000,0
7,23,0.476200,1.040000,0.038480,0
7,24,0.602000,0.990000,0.034040,0
7,25,0.384400,1.015000,0.035520,0
7,26,0.510200,1.040000,0.037000,0
7,27,0.636000,0.990000,0.038480,0
7,28,0.418400,1.015000,0.034040,0
7,29,0.544200,1.040000,0.035520,0
7,30,0.670000,0.990000,0.037000,0
7,31,0.452400,1.015000,0.038480,0
7,32,0.578200,1.040000,0.034040,0
7,33,0.360600,0.990000,0.035520,0
7,34,0.486400,1.015000,0.037000,0
7,35,0.612200,1.040000,0.038480,0
7,36,0.394600,0.990000,0.034040,0
7,37,0.520400,1.015000,0.035520,0
7,38,0.646200,1.040000,0.037000,0
7,39,0.428600,0.990000,0.038480,0
7,40,0.554400,1.015000,0.034040,0
7,41,0.336800,1.040000,0.035520,0
7,42,0.462600,0.990000,0.037000,0
7,43,0.588400,1.015000,0.038480,0
7,44,0.370800,1.040000,0.034040,0
7,45,0.496600,0.990000,0.035520,0
7,46,0.622400,1.015000,0.037000,0
7,47,0.404800,1.040000,0.038480,0
7,48,0.530600,0.990000,0.034040,0
7,49,0.656400,1.015000,0.035520,0
7,50,0.438800,1.040000,0.037000,0
7,51,0.564600,0.990000,0.038480,0
7,52,0.347000,1.015000,0.034040,0
7,53,0.472800,1.040000,0.035520,0
7,54,0.598600,0.990000,0.037000,0
7,55,0.381000,1.015000,0.038480,0
7,56,0.506800,1.040000,0.034040,0
7,57,0.632600,0.990000,0.035520,0
7,58,0.415000,1.015000,0.037000,0
7,59,0.540800,1.040000,0.038480,0
7,60,0.666600,0.990000,0.034040,0
7,61,0.449000,1.015000,0.035520,0
7,62,0.574800,1.040000,0.037000,0
7,63,0.357200,0.990000,0.038480,0
7,64,0.483000,1.015000,0.034040,0
7,65,0.608800,1.040000,0.035520,0
7,66,0.391200,0.990000,0.037000,0
7,67,0.517000,1.015000,0.038480,0
7,68,0.642800,1.040000,0.034040,0
7,69,0.425200,0.990000,0.035520,0
7,70,0.551000,1.015000,0.037000,0
7,71,0.333400,1.040000,0.038480,0
7,72,0.459200,0.990000,0.034040,0
7,73,0.585000,1.015000,0.035520,0
7,74,0.367400,1.040000,0.037000,0
7,75,0.493200,0.990000,0.038480,0
7,76,0.619000,1.015000,0.034040,0
7,77,0.401400,1.040000,0.035520,0
7,78,0.527200,0.990000,0.037000,0
7,79,0.653000,1.015000,0.038480,0
7,80,0.435400,1.040000,0.034040,0
7,81,0.561200,0.990000,0.035520,0
7,82,0.343600,1.015000,0.037000,0
7,83,0.469400,1.040000,0.038480,0
7,84,0.595200,0.990000,0.034040,0
7,85,0.377600,1.015000,0.035520,0
7,86,0.503400,1.040000,0.037000,0
7,87,0.629200,0.990000,0.038480,0
7,88,0.411600,1.015000,0.034040,0
7,89,0.537400,1.040000,0.035520,0
7,90,0.663200,0.990000,0.037000,0
7,91,0.445600,1.015000,0.038480,0
7,92,0.571400,1.040000,0.034040,0
7,93,0.353800,0.990000,0.035520,0
7,94,0.479600,1.015000,0.037000,0
7,95,0.605400,1.040000,0.038480,0
7,96,0.387800,0.990000,0.034040,0
7,97,0.513600,1.015000,0.035520,0
7,98,0.639400,1.040000,0.037000,0
7,99,0.421800,0.990000,0.038480,0
7,100,0.547600,1.015000,0.034040,0
7,101,0.330000,1.040000,0.035520,0
7,102,0.455800,0.990000,0.037000,0
7,103,0.581600,1.015000,0.038480,0
7,104,0.364000,1.040000,0.034040,0
7,105,0.489800,0.990000,0.035520,0
7,106,0.615600,1.015000,0.037000,0
7,107,0.398000,1.040000,0.038480,0
7,108,0.523800,0.990000,0.034040,0
7,109,0.649600,1.015000,0.035520,0
7,110,0.432000,1.040000,0.037000,0
7,111,0.557800,0.990000,0.038480,0
7,112,0.340200,1.015000,0.034040,0
7,113,0.466000,1.040000,0.035520,0
7,114,0.591800,0.990000,0.037000,0
7,115,0.374200,1.015000,0.038480,0
7,116,0.500000,1.040000,0.034040,0
7,117,0.625800,0.990000,0.035520,0
7,118,0.408200,1.015000,0.037000,0
7,119,0.534000,1.040000,0.038480,0
7,120,0.659800,0.990000,0.034040,0
7,121,0.442200,1.015000,0.035520,0
7,122,0.568000,1.040000,0.037000,0
7,123,0.350400,0.990000,0.038480,0
7,124,0.476200,1.015000,0.034040,0
7,125,0.602000,1.040000,0.035520,0
7,126,0.384400,0.990000,0.037000,0
7,127,0.510200,1.015000,0.038480,0
7,128,0.636000,1.040000,0.034040,0
7,129,0.418400,0.990000,0.035520,0
7,130,0.544200,1.015000,0.037000,0
7,131,0.670000,1.040000,0.038480,0
7,132,0.452400,0.990000,0.034040,0
7,133,0.578200,1.015000,0.035520,0
7,134,0.360600,1.040000,0.037000,0
7,135,0.486400,0.990000,0.038480,0
7,136,0.612200,1.015000,0.034040,0
7,137,0.394600,1.040000,0.035520,0
7,138,0.520400,0.990000,0.037000,0
7,139,0.646200,1.015000,0.038480,0
7,140,0.428600,1.040000,0.034040,0
7,141,0.554400,0.990000,0.035520,0
7,142,0.336800,1.015000,0.037000,0
7,143,0.462600,1.040000,0.038480,0
7,144,0.588400,0.990000,0.034040,0
8,0,0.268725,0.412112,0.034040,1
8,1,0.441077,0.499960,0.035520,1
8,2,0.582523,0.585068,0.037000,1
8,3,0.361520,0.598124,0.038480,1
8,4,0.514502,0.674491,0.034040,1
8,5,0.589953,0.753575,0.035520,1
8,6,0.374258,0.761419,0.037000,1
8,7,0.530361,0.828453,0.038480,1
8,8,0.677112,0.891350,0.034040,1
8,9,0.435492,0.860755,0.035520,1
8,10,0.552399,0.928584,0.037000,1
8,11,0.320921,0.964312,0.038480,1
8,12,0.452441,0.946398,0.034040,1
8,13,0.614286,0.970616,0.035520,1
8,14,0.391929,1.032804,0.037000,1
8,15,0.503992,1.007885,0.038480,1
8,16,0.631676,1.037967,0.034040,1
8,17,0.408200,1.040000,0.035520,0
8,18,0.534000,0.990000,0.037000,0
8,19,0.659800,1.015000,0.038480,0
8,20,0.442200,1.040000,0.034040,0
8,21,0.568000,0.990000,0.035520,0
8,22,0.350400,1.015000,0.037000,0
8,23,0.476200,1.040000,0.038480,0
8,24,0.602000,0.990000,0.034040,0
8,25,0.384400,1.015000,0.035520,0
8,26,0.510200,1.040000,0.037000,0
8,27,0.636000,0.990000,0.038480,0
8,28,0.418400,1.015000,0.034040,0
8,29,0.544200,1.040000,0.035520,0
8,30,0.670000,0.990000,0.037000,0
8,31,0.452400,1.015000,0.038480,0
8,32,0.578200,1.040000,0.034040,0
8,33,0.360600,0.990000,0.035520,0
8,34,0.486400,1.015000,0.037000,0
8,35,0.612200,1.040000,0.038480,0
8,36,0.394600,0.990000,0.034040,0
8,37,0.520400,1.015000,0.035520,0
8,38,0.646200,1.040000,0.037000,0
8,39,0.428600,0.990000,0.038480,0
8,40,0.554400,1.015000,0.034040,0
8,41,0.336800,1.040000,0.035520,0
8,42,0.462600,0.990000,0.037000,0
8,43,0.588400,1.015000,0.038480,0
8,44,0.370800,1.040000,0.034040,0
8,45,0.496600,0.990000,0.035520,0
8,46,0.622400,1.015000,0.037000,0
8,47,0.404800,1.040000,0.038480,0
8,48,0.530600,0.990000,0.034040,0
8,49,0.656400,1.015000,0.035520,0
8,50,0.438800,1.040000,0.037000,0
8,51,0.564600,0.990000,0.038480,0
8,52,0.347000,1.015000,0.034040,0
8,53,0.472800,1.040000,0.035520,0
8,54,0.598600,0.990000,0.037000,0
8,55,0.381000,1.015000,0.038480,0
8,56,0.506800,1.040000,0.034040,0
8,57,0.632600,0.990000,0.035520,0
8,58,0.415000,1.015000,0.037000,0
8,59,0.540800,1.040000,0.038480,0
8,60,0.666600,0.990000,0.034040,0
8,61,0.449000,1.015000,0.035520,0
8,62,0.574800,1.040000,0.037000,0
8,63,0.357200,0.990000,0.038480,0
8,64,0.483000,1.015000,0.034040,0
8,65,0.608800,1.040000,0.035520,0
8,66,0.391200,0.990000,0.037000,0
8,67,0.517000,1.015000,0.038480,0
8,68,0.642800,1.040000,0.034040,0
8,69,0.425200,0.990000,0.035520,0
8,70,0.551000,1.015000,0.037000,0
8,71,0.333400,1.040000,0.038480,0
8,72,0.459200,0.990000,0.034040,0
8,73,0.585000,1.015000,0.035520,0
8,74,0.367400,1.040000,0.037000,0
8,75,0.493200,0.990000,0.038480,0
8,76,0.619000,1.015000,0.034040,0
8,77,0.401400,1.040000,0.035520,0
8,78,0.527200,0.990000,0.037000,0
8,79,0.653000,1.015000,0.038480,0
8,80,0.435400,1.040000,0.034040,0
8,81,0.561200,0.990000,0.035520,0
8,82,0.343600,1.015000,0.037000,0
8,83,0.469400,1.040000,0.038480,0
8,84,0.595200,0.990000,0.034040,0
8,85,0.377600,1.015000,0.035520,0
8,86,0.503400,1.040000,0.037000,0
8,87,0.629200,0.990000,0.038480,0
8,88,0.411600,1.015000,0.034040,0
8,89,0.537400,1.040000,0.035520,0
8,90,0.663200,0.990000,0.037000,0
8,91,0.445600,1.015000,0.038480,0
8,92,0.571400,1.040000,0.034040,0
8,93,0.353800,0.990000,0.035520,0
8,94,0.479600,1.015000,0.037000,0
8,95,0.605400,1.040000,0.038480,0
8,96,0.387800,0.990000,0.034040,0
8,97,0.513600,1.015000,0.035520,0
8,98,0.639400,1.040000,0.037000,0
8,99,0.421800,0.990000,0.038480,0
8,100,0.547600,1.015000,0.034040,0
8,101,0.330000,1.040000,0.035520,0
8,102,0.455800,0.990000,0.037000,0
8,103,0.581600,1.015000,0.038480,0
8,104,0.364000,1.040000,0.034040,0
8,105,0.489800,0.990000,0.035520,0
8,106,0.615600,1.015000,0.037000,0
8,107,0.398000,1.040000,0.038480,0
8,108,0.523800,0.990000,0.034040,0
8,109,0.649600,1.015000,0.035520,0
8,110,0.432000,1.040000,0.037000,0
8,111,0.557800,0.990000,0.038480,0
8,112,0.340200,1.015000,0.034040,0
8,113,0.466000,1.040000,0.035520,0
8,114,0.591800,0.990000,0.037000,0
8,115,0.374200,1.015000,0.038480,0
8,116,0.500000,1.040000,0.034040,0
8,117,0.625800,0.990000,0.035520,0
8,118,0.408200,1.015000,0.037000,0
8,119,0.534000,1.040000,0.038480,0
8,120,0.659800,0.990000,0.034040,0
8,121,0.442200,1.015000,0.035520,0
8,122,0.568000,1.040000,0.037000,0
8,123,0.350400,0.990000,0.038480,0
8,124,0.476200,1.015000,0.034040,0
8,125,0.602000,1.040000,0.035520,0
8,126,0.384400,0.990000,0.037000,0
8,127,0.510200,1.015000,0.038480,0
8,128,0.636000,1.040000,0.034040,0
8,129,0.418400,0.990000,0.035520,0
8,130,0.544200,1.015000,0.037000,0
8,131,0.670000,1.040000,0.038480,0
8,132,0.452400,0.990000,0.034040,0
8,133,0.578200,1.015000,0.035520,0
8,134,0.360600,1.040000,0.037000,0
8,135,0.486400,0.990000,0.038480,0
8,136,0.612200,1.015000,0.034040,0
8,137,0.394600,1.040000,0.035520,0
8,138,0.520400,0.990000,0.037000,0
8,139,0.646200,1.015000,0.038480,0
8,140,0.428600,1.040000,0.034040,0
8,141,0.554400,0.990000,0.035520,0
8,142,0.336800,1.015000,0.037000,0
8,143,0.462600,1.040000,0.038480,0
8,144,0.588400,0.990000,0.034040,0
9,0,0.262144,0.267695,0.034040,1
9,1,0.440247,0.363719,0.035520,1
9,2,0.584320,0.456901,0.037000,1
9,3,0.362349,0.478548,0.038480,1
9,4,0.519187,0.563060,0.034040,1
9,5,0.584967,0.650000,0.035520,1
9,6,0.371017,0.665917,0.037000,1
9,7,0.533668,0.742248,0.038480,1
9,8,0.680392,0.811680,0.034040,1
9,9,0.437167,0.789580,0.035520,1
9,10,0.549395,0.865722,0.037000,1
9,11,0.317631,0.908994,0.038480,1
9,12,0.449059,0.899448,0.034040,1
9,13,0.617557,0.931537,0.035520,1
9,14,0.385580,0.981421,0.037000,1
9,15,0.478366,0.982410,0.038480,1
9,16,0.628386,1.023077,0.034040,1
9,17,0.421109,1.054756,0.035520,1
9,18,0.553195,0.992306,0.037000,1
9,19,0.659800,1.015000,0.038480,0
9,20,0.442200,1.040000,0.034040,0
9,21,0.568000,0.990000,0.035520,0
9,22,0.350400,1.015000,0.037000,0
9,23,0.476200,1.040000,0.038480,0
9,24,0.602000,0.990000,0.034040,0
9,25,0.384400,1.015000,0.035520,0
9,26,0.510200,1.040000,0.037000,0
9,27,0.636000,0.990000,0.038480,0
9,28,0.418400,1.015000,0.034040,0
9,29,0.544200,1.040000,0.035520,0
9,30,0.670000,0.990000,0.037000,0
9,31,0.452400,1.015000,0.038480,0
9,32,0.578200,1.040000,0.034040,0
9,33,0.360600,0.990000,0.035520,0
9,34,0.486400,1.015000,0.037000,0
9,35,0.612200,1.040000,0.038480,0
9,36,0.394600,0.990000,0.034040,0
9,37,0.520400,1.015000,0.035520,0
9,38,0.646200,1.040000,0.037000,0
9,39,0.428600,0.990000,0.038480,0
9,40,0.554400,1.015000,0.034040,0
9,41,0.336800,1.040000,0.035520,0
9,42,0.462600,0.990000,0.037000,0
9,43,0.588400,1.015000,0.038480,0
9,44,0.370800,1.040000,0.034040,0
9,45,0.496600,0.990000,0.035520,0
9,46,0.622400,1.015000,0.037000,0
9,47,0.404800,1.040000,0.038480,0
9,48,0.530600,0.990000,0.034040,0
9,49,0.656400,1.015000,0.035520,0
9,50,0.438800,1.040000,0.037000,0
9,51,0.564600,0.990000,0.038480,0
9,52,0.347000,1.015000,0.034040,0
9,53,0.472800,1.040000,0.035520,0
9,54,0.598600,0.990000,0.037000,0
9,55,0.381000,1.015000,0.038480,0
9,56,0.506800,1.040000,0.034040,0
9,57,0.632600,0.990000,0.035520,0
9,58,0.415000,1.015000,0.037000,0
9,59,0.540800,1.040000,0.038480,0
9,60,0.666600,0.990000,0.034040,0
9,61,0.449000,1.015000,0.035520,0
9,62,0.574800,1.040000,0.037000,0
9,63,0.357200,0.990000,0.038480,0
9,64,0.483000,1.015000,0.034040,0
9,65,0.608800,1.040000,0.035520,0
9,66,0.391200,0.990000,0.037000,0
9,67,0.517000,1.015000,0.038480,0
9,68,0.642800,1.040000,0.034040,0
9,69,0.425200,0.990000,0.035520,0
9,70,0.551000,1.015000,0.037000,0
9,71,0.333400,1.040000,0.038480,0
9,72,0.459200,0.990000,0.034040,0
9,73,0.585000,1.015000,0.035520,0
9,74,0.367400,1.040000,0.037000,0
9,75,0.493200,0.990000,0.038480,0
9,76,0.619000,1.015000,0.034040,0
9,77,0.401400,1.040000,0.035520,0
9,78,0.527200,0.990000,0.037000,0
9,79,0.653000,1.015000,0.038480,0
9,80,0.435400,1.040000,0.034040,0
9,81,0.561200,0.990000,0.035520,0
9,82,0.343600,1.015000,0.037000,0
9,83,0.469400,1.040000,0.038480,0
9,84,0.595200,0.990000,0.034040,0
9,85,0.377600,1.015000,0.035520,0
9,86,0.503400,1.040000,0.037000,0
9,87,0.629200,0.990000,0.038480,0
9,88,0.411600,1.015000,0.034040,0
9,89,0.537400,1.040000,0.035520,0
9,90,0.663200,0.990000,0.037000,0
9,91,0.445600,1.015000,0.038480,0
9,92,0.571400,1.040000,0.034040,0
9,93,0.353800,0.990000,0.035520,0
9,94,0.479600,1.015000,0.037000,0
9,95,0.605400,1.040000,0.038480,0
9,96,0.387800,0.990000,0.034040,0
9,97,0.513600,1.015000,0.035520,0
9,98,0.639400,1.040000,0.037000,0
9,99,0.421800,0.990000,0.038480,0
9,100,0.547600,1.015000,0.034040,0
9,101,0.330000,1.040000,0.035520,0
9,102,0.455800,0.990000,0.037000,0
9,103,0.581600,1.015000,0.038480,0
9,104,0.364000,1.040000,0.034040,0
9,105,0.489800,0.990000,0.035520,0
9,106,0.615600,1.015000,0.037000,0
9,107,0.398000,1.040000,0.038480,0
9,108,0.523800,0.990000,0.034040,0
9,109,0.649600,1.015000,0.035520,0
9,110,0.432000,1.040000,0.037000,0
9,111,0.557800,0.990000,0.038480,0
9,112,0.340200,1.015000,0.034040,0
9,113,0.466000,1.040000,0.035520,0
9,114,0.591800,0.990000,0.037000,0
9,115,0.374200,1.015000,0.038480,0
9,116,0.500000,1.040000,0.034040,0
9,117,0.625800,0.990000,0.035520,0
9,118,0.408200,1.015000,0.037000,0
9,119,0.534000,1.040000,0.038480,0
9,120,0.659800,0.990000,0.034040,0
9,121,0.442200,1.015000,0.035520,0
9,122,0.568000,1.040000,0.037000,0
9,123,0.350400,0.990000,0.038480,0
9,124,0.476200,1.015000,0.034040,0
9,125,0.602000,1.040000,0.035520,0
9,126,0.384400,0.990000,0.037000,0
9,127,0.510200,1.015000,0.038480,0
9,128,0.636000,1.040000,0.034040,0
9,129,0.418400,0.990000,0.035520,0
9,130,0.544200,1.015000,0.037000,0
9,131,0.670000,1.040000,0.038480,0
9,132,0.452400,0.990000,0.034040,0
9,133,0.578200,1.015000,0.035520,0
9,134,0.360600,1.040000,0.037000,0
9,135,0.486400,0.990000,0.038480,0
9,136,0.612200,1.015000,0.034040,0
9,137,0.394600,1.040000,0.035520,0
9,138,0.520400,0.990000,0.037000,0
9,139,0.646200,1.015000,0.038480,0
9,140,0.428600,1.040000,0.034040,0
9,141,0.554400,0.990000,0.035520,0
9,142,0.336800,1.015000,0.037000,0
9,143,0.462600,1.040000,0.038480,0
9,144,0.588400,0.990000,0.034040,0
10,0,0.255564,0.107077,0.034040,1
10,1,0.439418,0.211278,0.035520,1
10,2,0.586117,0.312535,0.037000,1
10,3,0.363179,0.342772,0.038480,1
10,4,0.523872,0.435429,0.034040,1
10,5,0.579982,0.530226,0.035520,1
10,6,0.367776,0.554215,0.037000,1
10,7,0.536975,0.639843,0.038480,1
10,8,0.683672,0.715809,0.034040,1
10,9,0.438841,0.702205,0.035520,1
10,10,0.546390,0.786659,0.037000,1
10,11,0.314341,0.837477,0.038480,1
10,12,0.445677,0.836298,0.034040,1
10,13,0.620827,0.876259,0.035520,1
10,14,0.392121,0.934316,0.037000,1
10,15,0.470795,0.943299,0.038480,1
10,16,0.613901,0.993548,0.034040,1
10,17,0.399067,1.023340,0.035520,1
10,18,0.544855,0.973158,0.037000,1
10,19,0.687171,1.013060,0.038480,1
10,20,0.464023,1.048227,0.034040,1
10,21,0.568000,0.990000,0.035520,0
10,22,0.350400,1.015000,0.037000,0
10,23,0.476200,1.040000,0.038480,0
10,24,0.602000,0.990000,0.034040,0
10,25,0.384400,1.015000,0.035520,0
10,26,0.510200,1.040000,0.037000,0
10,27,0.636000,0.990000,0.038480,0
10,28,0.418400,1.015000,0.034040,0
10,29,0.544200,1.040000,0.035520,0
10,30,0.670000,0.990000,0.037000,0
10,31,0.452400,1.015000,0.038480,0
10,32,0.578200,1.040000,0.034040,0
10,33,0.360600,0.990000,0.035520,0
10,34,0.486400,1.015000,0.037000,0
10,35,0.612200,1.040000,0.038480,0
10,36,0.394600,0.990000,0.034040,0
10,37,0.520400,1.015000,0.035520,0
10,38,0.646200,1.040000,0.037000,0
10,39,0.428600,0.990000,0.038480,0
10,40,0.554400,1.015000,0.034040,0
10,41,0.336800,1.040000,0.035520,0
10,42,0.462600,0.990000,0.037000,0
10,43,0.588400,1.015000,0.038480,0
10,44,0.370800,1.040000,0.034040,0
10,45,0.496600,0.990000,0.035520,0
10,46,0.622400,1.015000,0.037000,0
10,47,0.404800,1.040000,0.038480,0
10,48,0.530600,0.990000,0.034040,0
10,49,0.656400,1.015000,0.035520,0
10,50,0.438800,1.040000,0.037000,0
10,51,0.564600,0.990000,0.038480,0
10,52,0.347000,1.015000,0.034040,0
10,53,0.472800,1.040000,0.035520,0
10,54,0.598600,0.990000,0.037000,0
10,55,0.381000,1.015000,0.038480,0
10,56,0.506800,1.040000,0.034040,0
10,57,0.632600,0.990000,0.035520,0
10,58,0.415000,1.015000,0.037000,0
10,59,0.540800,1.040000,0.038480,0
10,60,0.666600,0.990000,0.034040,0
10,61,0.449000,1.015000,0.035520,0
10,62,0.574800,1.040000,0.037000,0
10,63,0.357200,0.990000,0.038480,0
10,64,0.483000,1.015000,0.034040,0
10,65,0.608800,1.040000,0.035520,0
10,66,0.391200,0.990000,0.037000,0
10,67,0.517000,1.015000,0.038480,0
10,68,0.642800,1.040000,0.034040,0
10,69,0.425200,0.990000,0.035520,0
10,70,0.551000,1.015000,0.037000,0
10,71,0.333400,1.040000,0.038480,0
10,72,0.459200,0.990000,0.034040,0
10,73,0.585000,1.015000,0.035520,0
10,74,0.367400,1.040000,0.037000,0
10,75,0.493200,0.990000,0.038480,0
10,76,0.619000,1.015000,0.034040,0
10,77,0.401400,1.040000,0.035520,0
10,78,0.527200,0.990000,0.037000,0
10,79,0.653000,1.015000,0.038480,0
10,80,0.435400,1.040000,0.034040,0
10,81,0.561200,0.990000,0.035520,0
10,82,0.343600,1.015000,0.037000,0
10,83,0.469400,1.040000,0.038480,0
10,84,0.595200,0.990000,0.034040,0
10,85,0.377600,1.015000,0.035520,0
10,86,0.503400,1.040000,0.037000,0
10,87,0.629200,0.990000,0.038480,0
10,88,0.411600,1.015000,0.034040,0
10,89,0.537400,1.040000,0.035520,0
10,90,0.663200,0.990000,0.037000,0
10,91,0.445600,1.015000,0.038480,0
10,92,0.571400,1.040000,0.034040,0
10,93,0.353800,0.990000,0.035520,0
10,94,0.479600,1.015000,0.037000,0
10,95,0.605400,1.040000,0.038480,0
10,96,0.387800,0.990000,0.034040,0
10,97,0.513600,1.015000,0.035520,0
10,98,0.639400,1.040000,0.037000,0
10,99,0.421800,0.990000,0.038480,0
10,100,0.547600,1.015000,0.034040,0
10,101,0.330000,1.040000,0.035520,0
10,102,0.455800,0.990000,0.037000,0
10,103,0.581600,1.015000,0.038480,0
10,104,0.364000,1.040000,0.034040,0
10,105,0.489800,0.990000,0.035520,0
10,106,0.615600,1.015000,0.037000,0
10,107,0.398000,1.040000,0.038480,0
10,108,0.523800,0.990000,0.034040,0
10,109,0.649600,1.015000,0.035520,0
10,110,0.432000,1.040000,0.037000,0
10,111,0.557800,0.990000,0.038480,0
10,112,0.340200,1.015000,0.034040,0
10,113,0.466000,1.040000,0.035520,0
10,114,0.591800,0.990000,0.037000,0
10,115,0.374200,1.015000,0.038480,0
10,116,0.500000,1.040000,0.034040,0
10,117,0.625800,0.990000,0.035520,0
10,118,0.408200,1.015000,0.037000,0
10,119,0.534000,1.040000,0.038480,0
10,120,0.659800,0.990000,0.034040,0
10,121,0.442200,1.015000,0.035520,0
10,122,0.568000,1.040000,0.037000,0
10,123,0.350400,0.990000,0.038480,0
10,124,0.476200,1.015000,0.034040,0
10,125,0.602000,1.040000,0.035520,0
10,126,0.384400,0.990000,0.037000,0
10,127,0.510200,1.015000,0.038480,0
10,128,0.636000,1.040000,0.034040,0
10,129,0.418400,0.990000,0.035520,0
10,130,0.544200,1.015000,0.037000,0
10,131,0.670000,1.040000,0.038480,0
10,132,0.452400,0.990000,0.034040,0
10,133,0.578200,1.015000,0.035520,0
10,134,0.360600,1.040000,0.037000,0
10,135,0.486400,0.990000,0.038480,0
10,136,0.612200,1.015000,0.034040,0
10,137,0.394600,1.040000,0.035520,0
10,138,0.520400,0.990000,0.037000,0
10,139,0.646200,1.015000,0.038480,0
10,140,0.428600,1.040000,0.034040,0
10,141,0.554400,0.990000,0.035520,0
10,142,0.336800,1.015000,0.037000,0
10,143,0.462600,1.040000,0.038480,0
10,144,0.588400,0.990000,0.034040,0
11,0,0.249655,0.047195,0.034040,1
11,1,0.438588,0.042637,0.035520,1
11,2,0.587915,0.151968,0.037000,1
11,3,0.364008,0.190796,0.038480,1
11,4,0.528557,0.291598,0.034040,1
11,5,0.574997,0.394251,0.035520,1
11,6,0.364535,0.426312,0.037000,1
11,7,0.540282,0.521238,0.038480,1
11,8,0.686952,0.603738,0.034040,1
11,9,0.440516,0.598630,0.035520,1
11,10,0.543385,0.691397,0.037000,1
11,11,0.311051,0.749759,0.038480,1
11,12,0.442295,0.756949,0.034040,1
11,13,0.624098,0.804780,0.035520,1
11,14,0.393189,0.870587,0.037000,1
11,15,0.467468,0.889139,0.038480,1
11,16,0.626086,0.946540,0.034040,1
11,17,0.405479,0.980345,0.035520,1
11,18,0.536757,0.924678,0.037000,1
11,19,0.693653,0.990177,0.038480,1
11,20,0.457462,1.033357,0.034040,1
11,21,0.564524,1.004048,0.035520,1
11,22,0.343988,1.018791,0.037000,1
11,23,0.476200,1.040000,0.038480,0
11,24,0.602000,0.990000,0.034040,0
11,25,0.384400,1.015000,0.035520,0
11,26,0.510200,1.040000,0.037000,0
11,27,0.636000,0.990000,0.038480,0
11,28,0.418400,1.015000,0.034040,0
11,29,0.544200,1.040000,0.035520,0
11,30,0.670000,0.990000,0.037000,0
11,31,0.452400,1.015000,0.038480,0
11,32,0.578200,1.040000,0.034040,0
11,33,0.360600,0.990000,0.035520,0
11,34,0.486400,1.015000,0.037000,0
11,35,0.612200,1.040000,0.038480,0
11,36,0.394600,0.990000,0.034040,0
11,37,0.520400,1.015000,0.035520,0
11,38,0.646200,1.040000,0.037000,0
11,39,0.428600,0.990000,0.038480,0
11,40,0.554400,1.015000,0.034040,0
11,41,0.336800,1.040000,0.035520,0
11,42,0.462600,0.990000,0.037000,0
11,43,0.588400,1.015000,0.038480,0
11,44,0.370800,1.040000,0.034040,0
11,45,0.496600,0.990000,0.035520,0
11,46,0.622400,1.015000,0.037000,0
11,47,0.404800,1.040000,0.038480,0
11,48,0.530600,0.990000,0.034040,0
11,49,0.656400,1.015000,0.035520,0
11,50,0.438800,1.040000,0.037000,0
11,51,0.564600,0.990000,0.038480,0
11,52,0.347000,1.015000,0.034040,0
11,53,0.472800,1.040000,0.035520,0
11,54,0.598600,0.990000,0.037000,0
11,55,0.381000,1.015000,0.038480,0
11,56,0.506800,1.040000,0.034040,0
11,57,0.632600,0.990000,0.035520,0
11,58,0.415000,1.015000,0.037000,0
11,59,0.540800,1.040000,0.038480,0
11,60,0.666600,0.990000,0.034040,0
11,61,0.449000,1.015000,0.035520,0
11,62,0.574800,1.040000,0.037000,0
11,63,0.357200,0.990000,0.038480,0
11,64,0.483000,1.015000,0.034040,0
11,65,0.608800,1.040000,0.035520,0
11,66,0.391200,0.990000,0.037000,0
11,67,0.517000,1.015000,0.038480,0
11,68,0.642800,1.040000,0.034040,0
11,69,0.425200,0.990000,0.035520,0
11,70,0.551000,1.015000,0.037000,0
11,71,0.333400,1.040000,0.038480,0
11,72,0.459200,0.990000,0.034040,0
11,73,0.585000,1.015000,0.035520,0
11,74,0.367400,1.040000,0.037000,0
11,75,0.493200,0.990000,0.038480,0
11,76,0.619000,1.015000,0.034040,0
11,77,0.401400,1.040000,0.035520,0
11,78,0.527200,0.990000,0.037000,0
11,79,0.653000,1.015000,0.038480,0
11,80,0.435400,1.040000,0.034040,0
11,81,0.561200,0.990000,0.035520,0
11,82,0.343600,1.015000,0.037000,0
11,83,0.469400,1.040000,0.038480,0
11,84,0.595200,0.990000,0.034040,0
11,85,0.377600,1.015000,0.035520,0
11,86,0.503400,1.040000,0.037000,0
11,87,0.629200,0.990000,0.038480,0
11,88,0.411600,1.015000,0.034040,0
11,89,0.537400,1.040000,0.035520,0
11,90,0.663200,0.990000,0.037000,0
11,91,0.445600,1.015000,0.038480,0
11,92,0.571400,1.040000,0.034040,0
11,93,0.353800,0.990000,0.035520,0
11,94,0.479600,1.015000,0.037000,0
11,95,0.605400,1.040000,0.038480,0
11,96,0.387800,0.990000,0.034040,0
11,97,0.513600,1.015000,0.035520,0
11,98,0.639400,1.040000,0.037000,0
11,99,0.421800,0.990000,0.038480,0
11,100,0.547600,1.015000,0.034040,0
11,101,0.330000,1.040000,0.035520,0
11,102,0.455800,0.990000,0.037000,0
11,103,0.581600,1.015000,0.038480,0
11,104,0.364000,1.040000,0.034040,0
11,105,0.489800,0.990000,0.035520,0
11,106,0.615600,1.015000,0.037000,0
11,107,0.398000,1.040000,0.038480,0
11,108,0.523800,0.990000,0.034040,0
11,109,0.649600,1.015000,0.035520,0
11,110,0.432000,1.040000,0.037000,0
11,111,0.557800,0.990000,0.038480,0
11,112,0.340200,1.015000,0.034040,0
11,113,0.466000,1.040000,0.035520,0
11,114,0.591800,0.990000,0.037000,0
11,115,0.374200,1.015000,0.038480,0
11,116,0.500000,1.040000,0.034040,0
11,117,0.625800,0.990000,0.035520,0
11,118,0.408200,1.015000,0.037000,0
11,119,0.534000,1.040000,0.038480,0
11,120,0.659800,0.990000,0.034040,0
11,121,0.442200,1.015000,0.035520,0
11,122,0.568000,1.040000,0.037000,0
11,123,0.350400,0.990000,0.038480,0
11,124,0.476200,1.015000,0.034040,0
11,125,0.602000,1.040000,0.035520,0
11,126,0.384400,0.990000,0.037000,0
11,127,0.510200,1.015000,0.038480,0
11,128,0.636000,1.040000,0.034040,0
11,129,0.418400,0.990000,0.035520,0
11,130,0.544200,1.015000,0.037000,0
11,131,0.670000,1.040000,0.038480,0
11,132,0.452400,0.990000,0.034040,0
11,133,0.578200,1.015000,0.035520,0
11,134,0.360600,1.040000,0.037000,0
11,135,0.486400,0.990000,0.038480,0
11,136,0.612200,1.015000,0.034040,0
11,137,0.394600,1.040000,0.035520,0
11,138,0.520400,0.990000,0.037000,0
11,139,0.646200,1.015000,0.038480,0
11,140,0.428600,1.040000,0.034040,0
11,141,0.554400,0.990000,0.035520,0
11,142,0.336800,1.015000,0.037000,0
11,143,0.462600,1.040000,0.038480,0
11,144,0.588400,0.990000,0.034040,0
12,0,0.244259,0.057720,0.034040,1
12,1,0.439984,0.054553,0.035520,1
12,2,0.589604,0.045567,0.037000,1
12,3,0.362855,0.040278,0.038480,1
12,4,0.533242,0.131567,0.034040,1
12,5,0.570011,0.242076,0.035520,1
12,6,0.361294,0.282210,0.037000,1
12,7,0.543589,0.386433,0.038480,1
12,8,0.690233,0.475467,0.034040,1
12,9,0.442191,0.478855,0.035520,1
12,10,0.540381,0.579935,0.037000,1
12,11,0.307761,0.645842,0.038480,1
12,12,0.438913,0.661399,0.034040,1
12,13,0.627368,0.717102,0.035520,1
12,14,0.393149,0.790993,0.037000,1
12,15,0.467603,0.820448,0.038480,1
12,16,0.629106,0.886517,0.034040,1
12,17,0.402578,0.920953,0.035520,1
12,18,0.533755,0.875934,0.037000,1
12,19,0.700135,0.951093,0.038480,1
12,20,0.436300,0.991222,0.034040,1
12,21,0.547713,0.978226,0.035520,1
12,22,0.343988,1.003900,0.037000,1
12,23,0.495491,1.050122,0.038480,1
12,24,0.615760,0.992653,0.034040,1
12,25,0.384400,1.015000,0.035520,0
12,26,0.510200,1.040000,0.037000,0
12,27,0.636000,0.990000,0.038480,0
12,28,0.418400,1.015000,0.034040,0
12,29,0.544200,1.040000,0.035520,0
12,30,0.670000,0.990000,0.037000,0
12,31,0.452400,1.015000,0.038480,0
12,32,0.578200,1.040000,0.034040,0
12,33,0.360600,0.990000,0.035520,0
12,34,0.486400,1.015000,0.037000,0
12,35,0.612200,1.040000,0.038480,0
12,36,0.394600,0.990000,0.034040,0
12,37,0.520400,1.015000,0.035520,0
12,38,0.646200,1.040000,0.037000,0
12,39,0.428600,0.990000,0.038480,0
12,40,0.554400,1.015000,0.034040,0
12,41,0.336800,1.040000,0.035520,0
12,42,0.462600,0.990000,0.037000,0
12,43,0.588400,1.015000,0.038480,0
12,44,0.370800,1.040000,0.034040,0
12,45,0.496600,0.990000,0.035520,0
12,46,0.622400,1.015000,0.037000,0
12,47,0.404800,1.040000,0.038480,0
12,48,0.530600,0.990000,0.034040,0
12,49,0.656400,1.015000,0.035520,0
12,50,0.438800,1.040000,0.037000,0
12,51,0.564600,0.990000,0.038480,0
12,52,0.347000,1.015000,0.034040,0
12,53,0.472800,1.040000,0.035520,0
12,54,0.598600,0.990000,0.037000,0
12,55,0.381000,1.015000,0.038480,0
12,56,0.506800,1.040000,0.034040,0
12,57,0.632600,0.990000,0.035520,0
12,58,0.415000,1.015000,0.037000,0
12,59,0.540800,1.040000,0.038480,0
12,60,0.666600,0.990000,0.034040,0
12,61,0.449000,1.015000,0.035520,0
12,62,0.574800,1.040000,0.037000,0
12,63,0.357200,0.990000,0.038480,0
12,64,0.483000,1.015000,0.034040,0
12,65,0.608800,1.040000,0.035520,0
12,66,0.391200,0.990000,0.037000,0
12,67,0.517000,1.015000,0.038480,0
12,68,0.642800,1.040000,0.034040,0
12,69,0.425200,0.990000,0.035520,0
12,70,0.551000,1.015000,0.037000,0
12,71,0.333400,1.040000,0.038480,0
12,72,0.459200,0.990000,0.034040,0
12,73,0.585000,1.015000,0.035520,0
12,74,0.367400,1.040000,0.037000,0
12,75,0.493200,0.990000,0.038480,0
12,76,0.619000,1.015000,0.034040,0
12,77,0.401400,1.040000,0.035520,0
12,78,0.527200,0.990000,0.037000,0
12,79,0.653000,1.015000,0.038480,0
12,80,0.435400,1.040000,0.034040,0
12,81,0.561200,0.990000,0.035520,0
12,82,0.343600,1.015000,0.037000,0
12,83,0.469400,1.040000,0.038480,0
12,84,0.595200,0.990000,0.034040,0
12,85,0.377600,1.015000,0.035520,0
12,86,0.503400,1.040000,0.037000,0
12,87,0.629200,0.990000,0.038480,0
12,88,0.411600,1.015000,0.034040,0
12,89,0.537400,1.040000,0.035520,0
12,90,0.663200,0.990000,0.037000,0
12,91,0.445600,1.015000,0.038480,0
12,92,0.571400,1.040000,0.034040,0
12,93,0.353800,0.990000,0.035520,0
12,94,0.479600,1.015000,0.037000,0
12,95,0.605400,1.040000,0.038480,0
12,96,0.387800,0.990000,0.034040,0
12,97,0.513600,1.015000,0.035520,0
12,98,0.639400,1.040000,0.037000,0
12,99,0.421800,0.990000,0.038480,0
12,100,0.547600,1.015000,0.034040,0
12,101,0.330000,1.040000,0.035520,0
12,102,0.455800,0.990000,0.037000,0
12,103,0.581600,1.015000,0.038480,0
12,104,0.364000,1.040000,0.034040,0
12,105,0.489800,0.990000,0.035520,0
12,106,0.615600,1.015000,0.037000,0
12,107,0.398000,1.040000,0.038480,0
12,108,0.523800,0.990000,0.034040,0
12,109,0.649600,1.015000,0.035520,0
12,110,0.432000,1.040000,0.037000,0
12,111,0.557800,0.990000,0.038480,0
12,112,0.340200,1.015000,0.034040,0
12,113,0.466000,1.040000,0.035520,0
12,114,0.591800,0.990000,0.037000,0
12,115,0.374200,1.015000,0.038480,0
12,116,0.500000,1.040000,0.034040,0
12,117,0.625800,0.990000,0.035520,0
12,118,0.408200,1.015000,0.037000,0
12,119,0.534000,1.040000,0.038480,0
12,120,0.659800,0.990000,0.034040,0
12,121,0.442200,1.015000,0.035520,0
12,122,0.568000,1.040000,0.037000,0
12,123,0.350400,0.990000,0.038480,0
12,124,0.476200,1.015000,0.034040,0
12,125,0.602000,1.040000,0.035520,0
12,126,0.384400,0.990000,0.037000,0
12,127,0.510200,1.015000,0.038480,0
12,128,0.636000,1.040000,0.034040,0
12,129,0.418400,0.990000,0.035520,0
12,130,0.544200,1.015000,0.037000,0
12,131,0.670000,1.040000,0.038480,0
12,132,0.452400,0.990000,0.034040,0
12,133,0.578200,1.015000,0.035520,0
12,134,0.360600,1.040000,0.037000,0
12,135,0.486400,0.990000,0.038480,0
12,136,0.612200,1.015000,0.034040,0
12,137,0.394600,1.040000,0.035520,0
12,138,0.520400,0.990000,0.037000,0
12,139,0.646200,1.015000,0.038480,0
12,140,0.428600,1.040000,0.034040,0
12,141,0.554400,0.990000,0.035520,0
12,142,0.336800,1.015000,0.037000,0
12,143,0.462600,1.040000,0.038480,0
12,144,0.588400,0.990000,0.034040,0
13,0,0.238864,0.052045,0.034040,1
13,1,0.439889,0.062108,0.035520,1
13,2,0.630928,0.037598,0.037000,1
13,3,0.355644,0.051609,0.038480,1
13,4,0.508090,0.034040,0.034040,1
13,5,0.565132,0.073775,0.035520,1
13,6,0.358237,0.128946,0.037000,1
13,7,0.546896,0.235428,0.038480,1
13,8,0.693513,0.330996,0.034040,1
13,9,0.443866,0.342880,0.035520,1
13,10,0.537376,0.452273,0.037000,1
13,11,0.304471,0.525724,0.038480,1
13,12,0.435531,0.549649,0.034040,1
13,13,0.630638,0.613224,0.035520,1
13,14,0.393108,0.695198,0.037000,1
13,15,0.467738,0.735558,0.038480,1
13,16,0.632126,0.810294,0.034040,1
13,17,0.402578,0.850037,0.035520,1
13,18,0.530753,0.810990,0.037000,1
13,19,0.706617,0.895810,0.038480,1
13,20,0.431591,0.942592,0.034040,1
13,21,0.544452,0.939167,0.035520,1
13,22,0.333114,0.965810,0.037000,1
13,23,0.479243,1.005362,0.038480,1
13,24,0.622340,0.977762,0.034040,1
13,25,0.390041,1.018352,0.035520,1
13,26,0.529618,1.061572,0.037000,1
13,27,0.636000,0.990000,0.038480,0
13,28,0.418400,1.015000,0.034040,0
13,29,0.544200,1.040000,0.035520,0
13,30,0.670000,0.990000,0.037000,0
13,31,0.452400,1.015000,0.038480,0
13,32,0.578200,1.040000,0.034040,0
13,33,0.360600,0.990000,0.035520,0
13,34,0.486400,1.015000,0.037000,0
13,35,0.612200,1.040000,0.038480,0
13,36,0.394600,0.990000,0.034040,0
13,37,0.520400,1.015000,0.035520,0
13,38,0.646200,1.040000,0.037000,0
13,39,0.428600,0.990000,0.038480,0
13,40,0.554400,1.015000,0.034040,0
13,41,0.336800,1.040000,0.035520,0
13,42,0.462600,0.990000,0.037000,0
13,43,0.588400,1.015000,0.038480,0
13,44,0.370800,1.040000,0.034040,0
13,45,0.496600,0.990000,0.035520,0
13,46,0.622400,1.015000,0.037000,0
13,47,0.404800,1.040000,0.038480,0
13,48,0.530600,0.990000,0.034040,0
13,49,0.656400,1.015000,0.035520,0
13,50,0.438800,1.040000,0.037000,0
13,51,0.564600,0.990000,0.038480,0
13,52,0.347000,1.015000,0.034040,0
13,53,0.472800,1.040000,0.035520,0
13,54,0.598600,0.990000,0.037000,0
13,55,0.381000,1.015000,0.038480,0
13,56,0.506800,1.040000,0.034040,0
13,57,0.632600,0.990000,0.035520,0
13,58,0.415000,1.015000,0.037000,0
13,59,0.540800,1.040000,0.038480,0
13,60,0.666600,0.990000,0.034040,0
13,61,0.449000,1.015000,0.035520,0
13,62,0.574800,1.040000,0.037000,0
13,63,0.357200,0.990000,0.038480,0
13,64,0.483000,1.015000,0.034040,0
13,65,0.608800,1.040000,0.035520,0
13,66,0.391200,0.990000,0.037000,0
13,67,0.517000,1.015000,0.038480,0
13,68,0.642800,1.040000,0.034040,0
13,69,0.425200,0.990000,0.035520,0
13,70,0.551000,1.015000,0.037000,0
13,71,0.333400,1.040000,0.038480,0
13,72,0.459200,0.990000,0.034040,0
13,73,0.585000,1.015000,0.035520,0
13,74,0.367400,1.040000,0.037000,0
13,75,0.493200,0.990000,0.038480,0
13,76,0.619000,1.015000,0.034040,0
13,77,0.401400,1.040000,0.035520,0
13,78,0.527200,0.990000,0.037000,0
13,79,0.653000,1.015000,0.038480,0
13,80,0.435400,1.040000,0.034040,0
13,81,0.561200,0.990000,0.035520,0
13,82,0.343600,1.015000,0.037000,0
13,83,0.469400,1.040000,0.038480,0
13,84,0.595200,0.990000,0.034040,0
13,85,0.377600,1.015000,0.035520,0
13,86,0.503400,1.040000,0.037000,0
13,87,0.629200,0.990000,0.038480,0
13,88,0.411600,1.015000,0.034040,0
13,89,0.537400,1.040000,0.035520,0
13,90,0.663200,0.990000,0.037000,0
13,91,0.445600,1.015000,0.038480,0
13,92,0.571400,1.040000,0.034040,0
13,93,0.353800,0.990000,0.035520,0
13,94,0.479600,1.015000,0.037000,0
13,95,0.605400,1.040000,0.038480,0
13,96,0.387800,0.990000,0.034040,0
13,97,0.513600,1.015000,0.035520,0
13,98,0.639400,1.040000,0.037000,0
13,99,0.421800,0.990000,0.038480,0
13,100,0.547600,1.015000,0.034040,0
13,101,0.330000,1.040000,0.035520,0
13,102,0.455800,0.990000,0.037000,0
13,103,0.581600,1.015000,0.038480,0
13,104,0.364000,1.040000,0.034040,0
13,105,0.489800,0.990000,0.035520,0
13,106,0.615600,1.015000,0.037000,0
13,107,0.398000,1.040000,0.038480,0
13,108,0.523800,0.990000,0.034040,0
13,109,0.649600,1.015000,0.035520,0
13,110,0.432000,1.040000,0.037000,0
13,111,0.557800,0.990000,0.038480,0
13,112,0.340200,1.015000,0.034040,0
13,113,0.466000,1.040000,0.035520,0
13,114,0.591800,0.990000,0.037000,0
13,115,0.374200,1.015000,0.038480,0
13,116,0.500000,1.040000,0.034040,0
13,117,0.625800,0.990000,0.035520,0
13,118,0.408200,1.015000,0.037000,0
13,119,0.534000,1.040000,0.038480,0
13,120,0.659800,0.990000,0.034040,0
13,121,0.442200,1.015000,0.035520,0
13,122,0.568000,1.040000,0.037000,0
13,123,0.350400,0.990000,0.038480,0
13,124,0.476200,1.015000,0.034040,0
13,125,0.602000,1.040000,0.035520,0
13,126,0.384400,0.990000,0.037000,0
13,127,0.510200,1.015000,0.038480,0
13,128,0.636000,1.040000,0.034040,0
13,129,0.418400,0.990000,0.035520,0
13,130,0.544200,1.015000,0.037000,0
13,131,0.670000,1.040000,0.038480,0
13,132,0.452400,0.990000,0.034040,0
13,133,0.578200,1.015000,0.035520,0
13,134,0.360600,1.040000,0.037000,0
13,135,0.486400,0.990000,0.038480,0
13,136,0.612200,1.015000,0.034040,0
13,137,0.394600,1.040000,0.035520,0
13,138,0.520400,0.990000,0.037000,0
13,139,0.646200,1.015000,0.038480,0
13,140,0.428600,1.040000,0.034040,0
13,141,0.554400,0.990000,0.035520,0
13,142,0.336800,1.015000,0.037000,0
13,143,0.462600,1.040000,0.038480,0
13,144,0.588400,0.990000,0.034040,0
14,0,0.233597,0.034448,0.034040,1
14,1,0.417661,0.067720,0.035520,1
14,2,0.661271,0.037000,0.037000,1
14,3,0.349461,0.038480,0.038480,1
14,4,0.489735,0.034040,0.034040,1
14,5,0.588703,0.035520,0.035520,1
14,6,0.360913,0.113170,0.037000,1
14,7,0.539378,0.091110,0.038480,1
14,8,0.696793,0.170325,0.034040,1
14,9,0.445541,0.190705,0.035520,1
14,10,0.534371,0.308411,0.037000,1
14,11,0.301181,0.389407,0.038480,1
14,12,0.432149,0.421699,0.034040,1
14,13,0.633909,0.493145,0.035520,1
14,14,0.393068,0.583204,0.037000,1
14,15,0.467873,0.634468,0.038480,1
14,16,0.635146,0.717871,0.034040,1
14,17,0.402578,0.762921,0.035520,1
14,18,0.527751,0.729847,0.037000,1
14,19,0.713099,0.824326,0.038480,1
14,20,0.425147,0.879770,0.034040,1
14,21,0.541192,0.883908,0.035520,1
14,22,0.333114,0.918704,0.037000,1
14,23,0.482513,0.966283,0.038480,1
14,24,0.620445,0.925938,0.034040,1
14,25,0.370583,0.988261,0.035520,1
14,26,0.526328,1.046682,0.037000,1
14,27,0.644456,1.005198,0.038480,1
14,28,0.431446,1.021940,0.034040,1
14,29,0.544200,1.040000,0.035520,0
14,30,0.670000,0.990000,0.037000,0
14,31,0.452400,1.015000,0.038480,0
14,32,0.578200,1.040000,0.034040,0
14,33,0.360600,0.990000,0.035520,0
14,34,0.486400,1.015000,0.037000,0
14,35,0.612200,1.040000,0.038480,0
14,36,0.394600,0.990000,0.034040,0
14,37,0.520400,1.015000,0.035520,0
14,38,0.646200,1.040000,0.037000,0
14,39,0.428600,0.990000,0.038480,0
14,40,0.554400,1.015000,0.034040,0
14,41,0.336800,1.040000,0.035520,0
14,42,0.462600,0.990000,0.037000,0
14,43,0.588400,1.015000,0.038480,0
14,44,0.370800,1.040000,0.034040,0
14,45,0.496600,0.990000,0.035520,0
14,46,0.622400,1.015000,0.037000,0
14,47,0.404800,1.040000,0.038480,0
14,48,0.530600,0.990000,0.034040,0
14,49,0.656400,1.015000,0.035520,0
14,50,0.438800,1.040000,0.037000,0
14,51,0.564600,0.990000,0.038480,0
14,52,0.347000,1.015000,0.034040,0
14,53,0.472800,1.040000,0.035520,0
14,54,0.598600,0.990000,0.037000,0
14,55,0.381000,1.015000,0.038480,0
14,56,0.506800,1.040000,0.034040,0
14,57,0.632600,0.990000,0.035520,0
14,58,0.415000,1.015000,0.037000,0
14,59,0.540800,1.040000,0.038480,0
14,60,0.666600,0.990000,0.034040,0
14,61,0.449000,1.015000,0.035520,0
14,62,0.574800,1.040000,0.037000,0
14,63,0.357200,0.990000,0.038480,0
14,64,0.483000,1.015000,0.034040,0
14,65,0.608800,1.040000,0.035520,0
14,66,0.391200,0.990000,0.037000,0
14,67,0.517000,1.015000,0.038480,0
14,68,0.642800,1.040000,0.034040,0
14,69,0.425200,0.990000,0.035520,0
14,70,0.551000,1.015000,0.037000,0
14,71,0.333400,1.040000,0.038480,0
14,72,0.459200,0.990000,0.034040,0
14,73,0.585000,1.015000,0.035520,0
14,74,0.367400,1.040000,0.037000,0
14,75,0.493200,0.990000,0.038480,0
14,76,0.619000,1.015000,0.034040,0
14,77,0.401400,1.040000,0.035520,0
14,78,0.527200,0.990000,0.037000,0
14,79,0.653000,1.015000,0.038480,0
14,80,0.435400,1.040000,0.034040,0
14,81,0.561200,0.990000,0.035520,0
14,82,0.343600,1.015000,0.037000,0
14,83,0.469400,1.040000,0.038480,0
14,84,0.595200,0.990000,0.034040,0
14,85,0.377600,1.015000,0.035520,0
14,86,0.503400,1.040000,0.037000,0
14,87,0.629200,0.990000,0.038480,0
14,88,0.411600,1.015000,0.034040,0
14,89,0.537400,1.040000,0.035520,0
14,90,0.663200,0.990000,0.037000,0
14,91,0.445600,1.015000,0.038480,0
14,92,0.571400,1.040000,0.034040,0
14,93,0.353800,0.990000,0.035520,0
14,94,0.479600,1.015000,0.037000,0
14,95,0.605400,1.040000,0.038480,0
14,96,0.387800,0.990000,0.034040,0
14,97,0.513600,1.015000,0.035520,0
14,98,0.639400,1.040000,0.037000,0
14,99,0.421800,0.990000,0.038480,0
14,100,0.547600,1.015000,0.034040,0
14,101,0.330000,1.040000,0.035520,0
14,102,0.455800,0.990000,0.037000,0
14,103,0.581600,1.015000,0.038480,0
14,104,0.364000,1.040000,0.034040,0
14,105,0.489800,0.990000,0.035520,0
14,106,0.615600,1.015000,0.037000,0
14,107,0.398000,1.040000,0.038480,0
14,108,0.523800,0.990000,0.034040,0
14,109,0.649600,1.015000,0.035520,0
14,110,0.432000,1.040000,0.037000,0
14,111,0.557800,0.990000,0.038480,0
14,112,0.340200,1.015000,0.034040,0
14,113,0.466000,1.040000,0.035520,0
14,114,0.591800,0.990000,0.037000,0
14,115,0.374200,1.015000,0.038480,0
14,116,0.500000,1.040000,0.034040,0
14,117,0.625800,0.990000,0.035520,0
14,118,0.408200,1.015000,0.037000,0
14,119,0.534000,1.040000,0.038480,0
14,120,0.659800,0.990000,0.034040,0
14,121,0.442200,1.015000,0.035520,0
14,122,0.568000,1.040000,0.037000,0
14,123,0.350400,0.990000,0.038480,0
14,124,0.476200,1.015000,0.034040,0
14,125,0.602000,1.040000,0.035520,0
14,126,0.384400,0.990000,0.037000,0
14,127,0.510200,1.015000,0.038480,0
14,128,0.636000,1.040000,0.034040,0
14,129,0.418400,0.990000,0.035520,0
14,130,0.544200,1.015000,0.037000,0
14,131,0.670000,1.040000,0.038480,0
14,132,0.452400,0.990000,0.034040,0
14,133,0.578200,1.015000,0.035520,0
14,134,0.360600,1.040000,0.037000,0
14,135,0.486400,0.990000,0.038480,0
14,136,0.612200,1.015000,0.034040,0
14,137,0.394600,1.040000,0.035520,0
14,138,0.520400,0.990000,0.037000,0
14,139,0.646200,1.015000,0.038480,0
14,140,0.428600,1.040000,0.034040,0
14,141,0.554400,0.990000,0.035520,0
14,142,0.336800,1.015000,0.037000,0
14,143,0.462600,1.040000,0.038480,0
14,144,0.588400,0.990000,0.034040,0
15,0,0.231058,0.034040,0.034040,1
15,1,0.412280,0.037015,0.035520,1
15,2,0.664466,0.037013,0.037000,1
15,3,0.338284,0.038480,0.038480,1
15,4,0.483902,0.034040,0.034040,1
15,5,0.592150,0.035520,0.035520,1
15,6,0.359305,0.110938,0.037000,1
15,7,0.536315,0.083449,0.038480,1
15,8,0.738591,0.064298,0.034040,1
15,9,0.459916,0.099013,0.035520,1
15,10,0.530838,0.158730,0.037000,1
15,11,0.297890,0.236889,0.038480,1
15,12,0.428768,0.277549,0.034040,1
15,13,0.637179,0.356867,0.035520,1
15,14,0.393028,0.455009,0.037000,1
15,15,0.468008,0.517178,0.038480,1
15,16,0.638166,0.609248,0.034040,1
15,17,0.402578,0.659605,0.035520,1
15,18,0.524749,0.632503,0.037000,1
15,19,0.719581,0.736643,0.038480,1
15,20,0.418704,0.800749,0.034040,1
15,21,0.537931,0.812449,0.035520,1
15,22,0.333114,0.855398,0.037000,1
15,23,0.485784,0.911005,0.038480,1
15,24,0.626986,0.878832,0.034040,1
15,25,0.364082,0.949222,0.035520,1
15,26,0.502269,1.007887,0.037000,1
15,27,0.620953,0.975216,0.038480,1
15,28,0.430203,1.006551,0.034040,1
15,29,0.573005,1.042864,0.035520,1
15,30,0.693283,0.996793,0.037000,1
15,31,0.452400,1.015000,0.038480,0
15,32,0.578200,1.040000,0.034040,0
15,33,0.360600,0.990000,0.035520,0
15,34,0.486400,1.015000,0.037000,0
15,35,0.612200,1.040000,0.038480,0
15,36,0.394600,0.990000,0.034040,0
15,37,0.520400,1.015000,0.035520,0
15,38,0.646200,1.040000,0.037000,0
15,39,0.428600,0.990000,0.038480,0
15,40,0.554400,1.015000,0.034040,0
15,41,0.336800,1.040000,0.035520,0
15,42,0.462600,0.990000,0.037000,0
15,43,0.588400,1.015000,0.038480,0
15,44,0.370800,1.040000,0.034040,0
15,45,0.496600,0.990000,0.035520,0
15,46,0.622400,1.015000,0.037000,0
15,47,0.404800,1.040000,0.038480,0
15,48,0.530600,0.990000,0.034040,0
15,49,0.656400,1.015000,0.035520,0
15,50,0.438800,1.040000,0.037000,0
15,51,0.564600,0.990000,0.038480,0
15,52,0.347000,1.015000,0.034040,0
15,53,0.472800,1.040000,0.035520,0
15,54,0.598600,0.990000,0.037000,0
15,55,0.381000,1.015000,0.038480,0
15,56,0.506800,1.040000,0.034040,0
15,57,0.632600,0.990000,0.035520,0
15,58,0.415000,1.015000,0.037000,0
15,59,0.540800,1.040000,0.038480,0
15,60,0.666600,0.990000,0.034040,0
15,61,0.449000,1.015000,0.035520,0
15,62,0.574800,1.040000,0.037000,0
15,63,0.357200,0.990000,0.038480,0
15,64,0.483000,1.015000,0.034040,0
15,65,0.608800,1.040000,0.035520,0
15,66,0.391200,0.990000,0.037000,0
15,67,0.517000,1.015000,0.038480,0
15,68,0.642800,1.040000,0.034040,0
15,69,0.425200,0.990000,0.035520,0
15,70,0.551000,1.015000,0.037000,0
15,71,0.333400,1.040000,0.038480,0
15,72,0.459200,0.990000,0.034040,0
15,73,0.585000,1.015000,0.035520,0
15,74,0.367400,1.040000,0.037000,0
15,75,0.493200,0.990000,0.038480,0
15,76,0.619000,1.015000,0.034040,0
15,77,0.401400,1.040000,0.035520,0
15,78,0.527200,0.990000,0.037000,0
15,79,0.653000,1.015000,0.038480,0
15,80,0.435400,1.040000,0.034040,0
15,81,0.561200,0.990000,0.035520,0
15,82,0.343600,1.015000,0.037000,0
15,83,0.469400,1.040000,0.038480,0
15,84,0.595200,0.990000,0.034040,0
15,85,0.377600,1.015000,0.035520,0
15,86,0.503400,1.040000,0.037000,0
15,87,0.629200,0.990000,0.038480,0
15,88,0.411600,1.015000,0.034040,0
15,89,0.537400,1.040000,0.035520,0
15,90,0.663200,0.990000,0.037000,0
15,91,0.445600,1.015000,0.038480,0
15,92,0.571400,1.040000,0.034040,0
15,93,0.353800,0.990000,0.035520,0
15,94,0.479600,1.015000,0.037000,0
15,95,0.605400,1.040000,0.038480,0
15,96,0.387800,0.990000,0.034040,0
15,97,0.513600,1.015000,0.035520,0
15,98,0.639400,1.040000,0.037000,0
15,99,0.421800,0.990000,0.038480,0
15,100,0.547600,1.015000,0.034040,0
15,101,0.330000,1.040000,0.035520,0
15,102,0.455800,0.990000,0.037000,0
15,103,0.581600,1.015000,0.038480,0
15,104,0.364000,1.040000,0.034040,0
15,105,0.489800,0.990000,0.035520,0
15,106,0.615600,1.015000,0.037000,0
15,107,0.398000,1.040000,0.038480,0
15,108,0.523800,0.990000,0.034040,0
15,109,0.649600,1.015000,0.035520,0
15,110,0.432000,1.040000,0.037000,0
15,111,0.557800,0.990000,0.038480,0
15,112,0.340200,1.015000,0.034040,0
15,113,0.466000,1.040000,0.035520,0
15,114,0.591800,0.990000,0.037000,0
15,115,0.374200,1.015000,0.038480,0
15,116,0.500000,1.040000,0.034040,0
15,117,0.625800,0.990000,0.035520,0
15,118,0.408200,1.015000,0.037000,0
15,119,0.534000,1.040000,0.038480,0
15,120,0.659800,0.990000,0.034040,0
15,121,0.442200,1.015000,0.035520,0
15,122,0.568000,1.040000,0.037000,0
15,123,0.350400,0.990000,0.038480,0
15,124,0.476200,1.015000,0.034040,0
15,125,0.602000,1.040000,0.035520,0
15,126,0.384400,0.990000,0.037000,0
15,127,0.510200,1.015000,0.038480,0
15,128,0.636000,1.040000,0.034040,0
15,129,0.418400,0.990000,0.035520,0
15,130,0.544200,1.015000,0.037000,0
15,131,0.670000,1.040000,0.038480,0
15,132,0.452400,0.990000,0.034040,0
15,133,0.578200,1.015000,0.035520,0
15,134,0.360600,1.040000,0.037000,0
15,135,0.486400,0.990000,0.038480,0
15,136,0.612200,1.015000,0.034040,0
15,137,0.394600,1.040000,0.035520,0
15,138,0.520400,0.990000,0.037000,0
15,139,0.646200,1.015000,0.038480,0
15,140,0.428600,1.040000,0.034040,0
15,141,0.554400,0.990000,0.035520,0
15,142,0.336800,1.015000,0.037000,0
15,143,0.462600,1.040000,0.038480,0
15,144,0.588400,0.990000,0.034040,0
16,0,0.227765,0.034040,0.034040,1
16,1,0.409879,0.035655,0.035520,1
16,2,0.672760,0.037000,0.037000,1
16,3,0.333874,0.038480,0.038480,1
16,4,0.480037,0.034040,0.034040,1
16,5,0.600269,0.035520,0.035520,1
16,6,0.376085,0.100143,0.037000,1
16,7,0.538708,0.076544,0.038480,1
16,8,0.799294,0.037868,0.034040,1
16,9,0.463469,0.101450,0.035520,1
16,10,0.518310,0.149216,0.037000,1
16,11,0.275576,0.088030,0.038480,1
16,12,0.419605,0.156292,0.034040,1
16,13,0.640450,0.204388,0.035520,1
16,14,0.392988,0.310615,0.037000,1
16,15,0.468143,0.383687,0.038480,1
16,16,0.641186,0.484425,0.034040,1
16,17,0.402578,0.540089,0.035520,1
16,18,0.521747,0.518959,0.037000,1
16,19,0.726063,0.632759,0.038480,1
16,20,0.412261,0.705527,0.034040,1
16,21,0.534671,0.724790,0.035520,1
16,22,0.333114,0.775893,0.037000,1
16,23,0.489054,0.839526,0.038480,1
16,24,0.633527,0.815526,0.034040,1
16,25,0.357580,0.893982,0.035520,1
16,26,0.511537,0.957514,0.037000,1
16,27,0.621782,0.934999,0.038480,1
16,28,0.418008,0.956829,0.034040,1
16,29,0.580472,0.995731,0.035520,1
16,30,0.686723,0.981923,0.037000,1
16,31,0.453590,1.031853,0.038480,1
16,32,0.576464,1.065175,0.034040,1
16,33,0.360600,0.990000,0.035520,0
16,34,0.486400,1.015000,0.037000,0
16,35,0.612200,1.040000,0.038480,0
16,36,0.394600,0.990000,0.034040,0
16,37,0.520400,1.015000,0.035520,0
16,38,0.646200,1.040000,0.037000,0
16,39,0.428600,0.990000,0.038480,0
16,40,0.554400,1.015000,0.034040,0
16,41,0.336800,1.040000,0.035520,0
16,42,0.462600,0.990000,0.037000,0
16,43,0.588400,1.015000,0.038480,0
16,44,0.370800,1.040000,0.034040,0
16,45,0.496600,0.990000,0.035520,0
16,46,0.622400,1.015000,0.037000,0
16,47,0.404800,1.040000,0.038480,0
16,48,0.530600,0.990000,0.034040,0
16,49,0.656400,1.015000,0.035520,0
16,50,0.438800,1.040000,0.037000,0
16,51,0.564600,0.990000,0.038480,0
16,52,0.347000,1.015000,0.034040,0
16,53,0.472800,1.040000,0.035520,0
16,54,0.598600,0.990000,0.037000,0
16,55,0.381000,1.015000,0.038480,0
16,56,0.506800,1.040000,0.034040,0
16,57,0.632600,0.990000,0.035520,0
16,58,0.415000,1.015000,0.037000,0
16,59,0.540800,1.040000,0.038480,0
16,60,0.666600,0.990000,0.034040,0
16,61,0.449000,1.015000,0.035520,0
16,62,0.574800,1.040000,0.037000,0
16,63,0.357200,0.990000,0.038480,0
16,64,0.483000,1.015000,0.034040,0
16,65,0.608800,1.040000,0.035520,0
16,66,0.391200,0.990000,0.037000,0
16,67,0.517000,1.015000,0.038480,0
16,68,0.642800,1.040000,0.034040,0
16,69,0.425200,0.990000,0.035520,0
16,70,0.551000,1.015000,0.037000,0
16,71,0.333400,1.040000,0.038480,0
16,72,0.459200,0.990000,0.034040,0
16,73,0.585000,1.015000,0.035520,0
16,74,0.367400,1.040000,0.037000,0
16,75,0.493200,0.990000,0.038480,0
16,76,0.619000,1.015000,0.034040,0
16,77,0.401400,1.040000,0.035520,0
16,78,0.527200,0.990000,0.037000,0
16,79,0.653000,1.015000,0.038480,0
16,80,0.435400,1.040000,0.034040,0
16,81,0.561200,0.990000,0.035520,0
16,82,0.343600,1.015000,0.037000,0
16,83,0.469400,1.040000,0.038480,0
16,84,0.595200,0.990000,0.034040,0
16,85,0.377600,1.015000,0.035520,0
16,86,0.503400,1.040000,0.037000,0
16,87,0.629200,0.990000,0.038480,0
16,88,0.411600,1.015000,0.034040,0
16,89,0.537400,1.040000,0.035520,0
16,90,0.663200,0.990000,0.037000,0
16,91,0.445600,1.015000,0.038480,0
16,92,0.571400,1.040000,0.034040,0
16,93,0.353800,0.990000,0.035520,0
16,94,0.479600,1.015000,0.037000,0
16,95,0.605400,1.040000,0.038480,0
16,96,0.387800,0.990000,0.034040,0
16,97,0.513600,1.015000,0.035520,0
16,98,0.639400,1.040000,0.037000,0
16,99,0.421800,0.990000,0.038480,0
16,100,0.547600,1.015000,0.034040,0
16,101,0.330000,1.040000,0.035520,0
16,102,0.455800,0.990000,0.037000,0
16,103,0.581600,1.015000,0.038480,0
16,104,0.364000,1.040000,0.034040,0
16,105,0.489800,0.990000,0.035520,0
16,106,0.615600,1.015000,0.037000,0
16,107,0.398000,1.040000,0.038480,0
16,108,0.523800,0.990000,0.034040,0
16,109,0.649600,1.015000,0.035520,0
16,110,0.432000,1.040000,0.037000,0
16,111,0.557800,0.990000,0.038480,0
16,112,0.340200,1.015000,0.034040,0
16,113,0.466000,1.040000,0.035520,0
16,114,0.591800,0.990000,0.037000,0
16,115,0.374200,1.015000,0.038480,0
16,116,0.500000,1.040000,0.034040,0
16,117,0.625800,0.990000,0.035520,0
16,118,0.408200,1.015000,0.037000,0
16,119,0.534000,1.040000,0.038480,0
16,120,0.659800,0.990000,0.034040,0
16,121,0.442200,1.015000,0.035520,0
16,122,0.568000,1.040000,0.037000,0
16,123,0.350400,0.990000,0.038480,0
16,124,0.476200,1.015000,0.034040,0
16,125,0.602000,1.040000,0.035520,0
16,126,0.384400,0.990000,0.037000,0
16,127,0.510200,1.015000,0.038480,0
16,128,0.636000,1.040000,0.034040,0
16,129,0.418400,0.990000,0.035520,0
16,130,0.544200,1.015000,0.037000,0
16,131,0.670000,1.040000,0.038480,0
16,132,0.452400,0.990000,0.034040,0
16,133,0.578200,1.015000,0.035520,0
16,134,0.360600,1.040000,0.037000,0
16,135,0.486400,0.990000,0.038480,0
16,136,0.612200,1.015000,0.034040,0
16,137,0.394600,1.040000,0.035520,0
16,138,0.520400,0.990000,0.037000,0
16,139,0.646200,1.015000,0.038480,0
16,140,0.428600,1.040000,0.034040,0
16,141,0.554400,0.990000,0.035520,0
16,142,0.336800,1.015000,0.037000,0
16,143,0.462600,1.040000,0.038480,0
16,144,0.588400,0.990000,0.034040,0
17,0,0.217653,0.034040,0.034040,1
17,1,0.411815,0.035520,0.035520,1
17,2,0.682251,0.037000,0.037000,1
17,3,0.333917,0.038480,0.038480,1
17,4,0.484542,0.034040,0.034040,1
17,5,0.599973,0.035520,0.035520,1
17,6,0.376763,0.100566,0.037000,1
17,7,0.541533,0.080704,0.038480,1
17,8,0.853366,0.034115,0.034040,1
17,9,0.470692,0.102030,0.035520,1
17,10,0.523276,0.153943,0.037000,1
17,11,0.271163,0.082977,0.038480,1
17,12,0.424022,0.153611,0.034040,1
17,13,0.633108,0.098188,0.035520,1
17,14,0.370286,0.200280,0.037000,1
17,15,0.468278,0.233997,0.038480,1
17,16,0.644207,0.343402,0.034040,1
17,17,0.402578,0.404373,0.035520,1
17,18,0.518745,0.389216,0.037000,1
17,19,0.732545,0.512676,0.038480,1
17,20,0.405818,0.594105,0.034040,1
17,21,0.531410,0.620931,0.035520,1
17,22,0.333114,0.680187,0.037000,1
17,23,0.492325,0.751848,0.038480,1
17,24,0.640068,0.736021,0.034040,1
17,25,0.351078,0.822543,0.035520,1
17,26,0.513138,0.895233,0.037000,1
17,27,0.621845,0.880133,0.038480,1
17,28,0.416416,0.909250,0.034040,1
17,29,0.586873,0.957110,0.035520,1
17,30,0.680162,0.950852,0.037000,1
17,31,0.431653,1.006013,0.038480,1
17,32,0.576464,1.050304,0.034040,1
17,33,0.361463,0.984072,0.035520,1
17,34,0.506183,1.017950,0.037000,1
17,35,0.612200,1.040000,0.038480,0
17,36,0.394600,0.990000,0.034040,0
17,37,0.520400,1.015000,0.035520,0
17,38,0.646200,1.040000,0.037000,0
17,39,0.428600,0.990000,0.038480,0
17,40,0.554400,1.015000,0.034040,0
17,41,0.336800,1.040000,0.035520,0
17,42,0.462600,0.990000,0.037000,0
17,43,0.588400,1.015000,0.038480,0
17,44,0.370800,1.040000,0.034040,0
17,45,0.496600,0.990000,0.035520,0
17,46,0.622400,1.015000,0.037000,0
17,47,0.404800,1.040000,0.038480,0
17,48,0.530600,0.990000,0.034040,0
17,49,0.656400,1.015000,0.035520,0
17,50,0.438800,1.040000,0.037000,0
17,51,0.564600,0.990000,0.038480,0
17,52,0.347000,1.015000,0.034040,0
17,53,0.472800,1.040000,0.035520,0
17,54,0.598600,0.990000,0.037000,0
17,55,0.381000,1.015000,0.038480,0
17,56,0.506800,1.040000,0.034040,0
17,57,0.632600,0.990000,0.035520,0
17,58,0.415000,1.015000,0.037000,0
17,59,0.540800,1.040000,0.038480,0
17,60,0.666600,0.990000,0.034040,0
17,61,0.449000,1.015000,0.035520,0
17,62,0.574800,1.040000,0.037000,0
17,63,0.357200,0.990000,0.038480,0
17,64,0.483000,1.015000,0.034040,0
17,65,0.608800,1.040000,0.035520,0
17,66,0.391200,0.990000,0.037000,0
17,67,0.517000,1.015000,0.038480,0
17,68,0.642800,1.040000,0.034040,0
17,69,0.425200,0.990000,0.035520,0
17,70,0.551000,1.015000,0.037000,0
17,71,0.333400,1.040000,0.038480,0
17,72,0.459200,0.990000,0.034040,0
17,73,0.585000,1.015000,0.035520,0
17,74,0.367400,1.040000,0.037000,0
17,75,0.493200,0.990000,0.038480,0
17,76,0.619000,1.015000,0.034040,0
17,77,0.401400,1.040000,0.035520,0
17,78,0.527200,0.990000,0.037000,0
17,79,0.653000,1.015000,0.038480,0
17,80,0.435400,1.040000,0.034040,0
17,81,0.561200,0.990000,0.035520,0
17,82,0.343600,1.015000,0.037000,0
17,83,0.469400,1.040000,0.038480,0
17,84,0.595200,0.990000,0.034040,0
17,85,0.377600,1.015000,0.035520,0
17,86,0.503400,1.040000,0.037000,0
17,87,0.629200,0.990000,0.038480,0
17,88,0.411600,1.015000,0.034040,0
17,89,0.537400,1.040000,0.035520,0
17,90,0.663200,0.990000,0.037000,0
17,91,0.445600,1.015000,0.038480,0
17,92,0.571400,1.040000,0.034040,0
17,93,0.353800,0.990000,0.035520,0
17,94,0.479600,1.015000,0.037000,0
17,95,0.605400,1.040000,0.038480,0
17,96,0.387800,0.990000,0.034040,0
17,97,0.513600,1.015000,0.035520,0
17,98,0.639400,1.040000,0.037000,0
17,99,0.421800,0.990000,0.038480,0
17,100,0.547600,1.015000,0.034040,0
17,101,0.330000,1.040000,0.035520,0
17,102,0.455800,0.990000,0.037000,0
17,103,0.581600,1.015000,0.038480,0
17,104,0.364000,1.040000,0.034040,0
17,105,0.489800,0.990000,0.035520,0
17,106,0.615600,1.015000,0.037000,0
17,107,0.398000,1.040000,0.038480,0
17,108,0.523800,0.990000,0.034040,0
17,109,0.649600,1.015000,0.035520,0
17,110,0.432000,1.040000,0.037000,0
17,111,0.557800,0.990000,0.038480,0
17,112,0.340200,1.015000,0.034040,0
17,113,0.466000,1.040000,0.035520,0
17,114,0.591800,0.990000,0.037000,0
17,115,0.374200,1.015000,0.038480,0
17,116,0.500000,1.040000,0.034040,0
17,117,0.625800,0.990000,0.035520,0
17,118,0.408200,1.015000,0.037000,0
17,119,0.534000,1.040000,0.038480,0
17,120,0.659800,0.990000,0.034040,0
17,121,0.442200,1.015000,0.035520,0
17,122,0.568000,1.040000,0.037000,0
17,123,0.350400,0.990000,0.038480,0
17,124,0.476200,1.015000,0.034040,0
17,125,0.602000,1.040000,0.035520,0
17,126,0.384400,0.990000,0.037000,0
17,127,0.510200,1.015000,0.038480,0
17,128,0.636000,1.040000,0.034040,0
17,129,0.418400,0.990000,0.035520,0
17,130,0.544200,1.015000,0.037000,0
17,131,0.670000,1.040000,0.038480,0
17,132,0.452400,0.990000,0.034040,0
17,133,0.578200,1.015000,0.035520,0
17,134,0.360600,1.040000,0.037000,0
17,135,0.486400,0.990000,0.038480,0
17,136,0.612200,1.015000,0.034040,0
17,137,0.394600,1.040000,0.035520,0
17,138,0.520400,0.990000,0.037000,0
17,139,0.646200,1.015000,0.038480,0
17,140,0.428600,1.040000,0.034040,0
17,141,0.554400,0.990000,0.035520,0
17,142,0.336800,1.015000,0.037000,0
17,143,0.462600,1.040000,0.038480,0
17,144,0.588400,0.990000,0.034040,0
18,0,0.216343,0.034040,0.034040,1
18,1,0.412120,0.035520,0.035520,1
18,2,0.683126,0.037000,0.037000,1
18,3,0.323413,0.038480,0.038480,1
18,4,0.482916,0.034040,0.034040,1
18,5,0.604478,0.035520,0.035520,1
18,6,0.372263,0.096004,0.037000,1
18,7,0.542279,0.075565,0.038480,1
18,8,0.864705,0.034040,0.034040,1
18,9,0.473273,0.102073,0.035520,1
18,10,0.562000,0.148466,0.037000,1
18,11,0.264504,0.088249,0.038480,1
18,12,0.420614,0.148050,0.034040,1
18,13,0.624684,0.103564,0.035520,1
18,14,0.315667,0.150116,0.037000,1
18,15,0.488327,0.174241,0.038480,1
18,16,0.647227,0.186179,0.034040,1
18,17,0.402578,0.252457,0.035520,1
18,18,0.516186,0.244391,0.037000,1
18,19,0.739027,0.376392,0.038480,1
18,20,0.399374,0.466483,0.034040,1
18,21,0.528149,0.500872,0.035520,1
18,22,0.333114,0.568281,0.037000,1
18,23,0.495595,0.647969,0.038480,1
18,24,0.646608,0.640315,0.034040,1
18,25,0.344577,0.734903,0.035520,1
18,26,0.514740,0.816751,0.037000,1
18,27,0.621845,0.809170,0.038480,1
18,28,0.414824,0.845471,0.034040,1
18,29,0.593336,0.902201,0.035520,1
18,30,0.673602,0.903581,0.037000,1
18,31,0.439888,0.957913,0.038480,1
18,32,0.566906,1.027812,0.034040,1
18,33,0.349649,0.949118,0.035520,1
18,34,0.502754,0.998183,0.037000,1
18,35,0.638894,1.036574,0.038480,1
18,36,0.387414,1.007609,0.034040,1
18,37,0.520400,1.015000,0.035520,0
18,38,0.646200,1.040000,0.037000,0
18,39,0.428600,0.990000,0.038480,0
18,40,0.554400,1.015000,0.034040,0
18,41,0.336800,1.040000,0.035520,0
18,42,0.462600,0.990000,0.037000,0
18,43,0.588400,1.015000,0.038480,0
18,44,0.370800,1.040000,0.034040,0
18,45,0.496600,0.990000,0.035520,0
18,46,0.622400,1.015000,0.037000,0
18,47,0.404800,1.040000,0.038480,0
18,48,0.530600,0.990000,0.034040,0
18,49,0.656400,1.015000,0.035520,0
18,50,0.438800,1.040000,0.037000,0
18,51,0.564600,0.990000,0.038480,0
18,52,0.347000,1.015000,0.034040,0
18,53,0.472800,1.040000,0.035520,0
18,54,0.598600,0.990000,0.037000,0
18,55,0.381000,1.015000,0.038480,0
18,56,0.506800,1.040000,0.034040,0
18,57,0.632600,0.990000,0.035520,0
18,58,0.415000,1.015000,0.037000,0
18,59,0.540800,1.040000,0.038480,0
18,60,0.666600,0.990000,0.034040,0
18,61,0.449000,1.015000,0.035520,0
18,62,0.574800,1.040000,0.037000,0
18,63,0.357200,0.990000,0.038480,0
18,64,0.483000,1.015000,0.034040,0
18,65,0.608800,1.040000,0.035520,0
18,66,0.391200,0.990000,0.037000,0
18,67,0.517000,1.015000,0.038480,0
18,68,0.642800,1.040000,0.034040,0
18,69,0.425200,0.990000,0.035520,0
18,70,0.551000,1.015000,0.037000,0
18,71,0.333400,1.040000,0.038480,0
18,72,0.459200,0.990000,0.034040,0
18,73,0.585000,1.015000,0.035520,0
18,74,0.367400,1.040000,0.037000,0
18,75,0.493200,0.990000,0.038480,0
18,76,0.619000,1.015000,0.034040,0
18,77,0.401400,1.040000,0.035520,0
18,78,0.527200,0.990000,0.037000,0
18,79,0.653000,1.015000,0.038480,0
18,80,0.435400,1.040000,0.034040,0
18,81,0.561200,0.990000,0.035520,0
18,82,0.343600,1.015000,0.037000,0
18,83,0.469400,1.040000,0.038480,0
18,84,0.595200,0.990000,0.034040,0
18,85,0.377600,1.015000,0.035520,0
18,86,0.503400,1.040000,0.037000,0
18,87,0.629200,0.990000,0.038480,0
18,88,0.411600,1.015000,0.034040,0
18,89,0.537400,1.040000,0.035520,0
18,90,0.663200,0.990000,0.037000,0
18,91,0.445600,1.015000,0.038480,0
18,92,0.571400,1.040000,0.034040,0
18,93,0.353800,0.990000,0.035520,0
18,94,0.479600,1.015000,0.037000,0
18,95,0.605400,1.040000,0.038480,0
18,96,0.387800,0.990000,0.034040,0
18,97,0.513600,1.015000,0.035520,0
18,98,0.639400,1.040000,0.037000,0
18,99,0.421800,0.990000,0.038480,0
18,100,0.547600,1.015000,0.034040,0
18,101,0.330000,1.040000,0.035520,0
18,102,0.455800,0.990000,0.037000,0
18,103,0.581600,1.015000,0.038480,0
18,104,0.364000,1.040000,0.034040,0
18,105,0.489800,0.990000,0.035520,0
18,106,0.615600,1.015000,0.037000,0
18,107,0.398000,1.040000,0.038480,0
18,108,0.523800,0.990000,0.034040,0
18,109,0.649600,1.015000,0.035520,0
18,110,0.432000,1.040000,0.037000,0
18,111,0.557800,0.990000,0.038480,0
18,112,0.340200,1.015000,0.034040,0
18,113,0.466000,1.040000,0.035520,0
18,114,0.591800,0.990000,0.037000,0
18,115,0.374200,1.015000,0.038480,0
18,116,0.500000,1.040000,0.034040,0
18,117,0.625800,0.990000,0.035520,0
18,118,0.408200,1.015000,0.037000,0
18,119,0.534000,1.040000,0.038480,0
18,120,0.659800,0.990000,0.034040,0
18,121,0.442200,1.015000,0.035520,0
18,122,0.568000,1.040000,0.037000,0
18,123,0.350400,0.990000,0.038480,0
18,124,0.476200,1.015000,0.034040,0
18,125,0.602000,1.040000,0.035520,0
18,126,0.384400,0.990000,0.037000,0
18,127,0.510200,1.015000,0.038480,0
18,128,0.636000,1.040000,0.034040,0
18,129,0.418400,0.990000,0.035520,0
18,130,0.544200,1.015000,0.037000,0
18,131,0.670000,1.040000,0.038480,0
18,132,0.452400,0.990000,0.034040,0
18,133,0.578200,1.015000,0.035520,0
18,134,0.360600,1.040000,0.037000,0
18,135,0.486400,0.990000,0.038480,0
18,136,0.612200,1.015000,0.034040,0
18,137,0.394600,1.040000,0.035520,0
18,138,0.520400,0.990000,0.037000,0
18,139,0.646200,1.015000,0.038480,0
18,140,0.428600,1.040000,0.034040,0
18,141,0.554400,0.990000,0.035520,0
18,142,0.336800,1.015000,0.037000,0
18,143,0.462600,1.040000,0.038480,0
18,144,0.588400,0.990000,0.034040,0
19,0,0.208653,0.034040,0.034040,1
19,1,0.413720,0.035520,0.035520,1
19,2,0.683129,0.037000,0.037000,1
19,3,0.315349,0.038480,0.038480,1
19,4,0.491830,0.034040,0.034040,1
19,5,0.599776,0.035520,0.035520,1
19,6,0.368394,0.092121,0.037000,1
19,7,0.543994,0.084100,0.038480,1
19,8,0.864737,0.034040,0.034040,1
19,9,0.457320,0.094101,0.035520,1
19,10,0.586091,0.146748,0.037000,1
19,11,0.256735,0.088296,0.038480,1
19,12,0.412830,0.147549,0.034040,1
19,13,0.637563,0.095635,0.035520,1
19,14,0.299758,0.150313,0.037000,1
19,15,0.503057,0.152274,0.038480,1
19,16,0.695486,0.135956,0.034040,1
19,17,0.374830,0.205812,0.035520,1
19,18,0.553766,0.213314,0.037000,1
19,19,0.745509,0.223909,0.038480,1
19,20,0.392931,0.322661,0.034040,1
19,21,0.524889,0.364613,0.035520,1
19,22,0.333114,0.440175,0.037000,1
19,23,0.498865,0.527891,0.038480,1
19,24,0.653149,0.528409,0.034040,1
19,25,0.338075,0.631063,0.035520,1
19,26,0.516342,0.722070,0.037000,1
19,27,0.621845,0.722007,0.038480,1
19,28,0.413232,0.765493,0.034040,1
19,29,0.597072,0.830939,0.035520,1
19,30,0.669767,0.840417,0.037000,1
19,31,0.436312,0.904387,0.038480,1
19,32,0.573666,0.984294,0.034040,1
19,33,0.346920,0.908742,0.035520,1
19,34,0.501035,0.947387,0.037000,1
19,35,0.645923,0.990261,0.038480,1
19,36,0.384143,0.992758,0.034040,1
19,37,0.513040,1.031895,0.035520,1
19,38,0.647817,1.065717,0.037000,1
19,39,0.428600,0.990000,0.038480,0
19,40,0.554400,1.015000,0.034040,0
19,41,0.336800,1.040000,0.035520,0
19,42,0.462600,0.990000,0.037000,0
19,43,0.588400,1.015000,0.038480,0
19,44,0.370800,1.040000,0.034040,0
19,45,0.496600,0.990000,0.035520,0
19,46,0.622400,1.015000,0.037000,0
19,47,0.404800,1.040000,0.038480,0
19,48,0.530600,0.990000,0.034040,0
19,49,0.656400,1.015000,0.035520,0
19,50,0.438800,1.040000,0.037000,0
19,51,0.564600,0.990000,0.038480,0
19,52,0.347000,1.015000,0.034040,0
19,53,0.472800,1.040000,0.035520,0
19,54,0.598600,0.990000,0.037000,0
19,55,0.381000,1.015000,0.038480,0
19,56,0.506800,1.040000,0.034040,0
19,57,0.632600,0.990000,0.035520,0
19,58,0.415000,1.015000,0.037000,0
19,59,0.540800,1.040000,0.038480,0
19,60,0.666600,0.990000,0.034040,0
19,61,0.449000,1.015000,0.035520,0
19,62,0.574800,1.040000,0.037000,0
19,63,0.357200,0.990000,0.038480,0
19,64,0.483000,1.015000,0.034040,0
19,65,0.608800,1.040000,0.035520,0
19,66,0.391200,0.990000,0.037000,0
19,67,0.517000,1.015000,0.038480,0
19,68,0.642800,1.040000,0.034040,0
19,69,0.425200,0.990000,0.035520,0
19,70,0.551000,1.015000,0.037000,0
19,71,0.333400,1.040000,0.038480,0
19,72,0.459200,0.990000,0.034040,0
19,73,0.585000,1.015000,0.035520,0
19,74,0.367400,1.040000,0.037000,0
19,75,0.493200,0.990000,0.038480,0
19,76,0.619000,1.015000,0.034040,0
19,77,0.401400,1.040000,0.035520,0
19,78,0.527200,0.990000,0.037000,0
19,79,0.653000,1.015000,0.038480,0
19,80,0.435400,1.040000,0.034040,0
19,81,0.561200,0.990000,0.035520,0
19,82,0.343600,1.015000,0.037000,0
19,83,0.469400,1.040000,0.038480,0
19,84,0.595200,0.990000,0.034040,0
19,85,0.377600,1.015000,0.035520,0
19,86,0.503400,1.040000,0.037000,0
19,87,0.629200,0.990000,0.038480,0
19,88,0.411600,1.015000,0.034040,0
19,89,0.537400,1.040000,0.035520,0
19,90,0.663200,0.990000,0.037000,0
19,91,0.445600,1.015000,0.038480,0
19,92,0.571400,1.040000,0.034040,0
19,93,0.353800,0.990000,0.035520,0
19,94,0.479600,1.015000,0.037000,0
19,95,0.605400,1.040000,0.038480,0
19,96,0.387800,0.990000,0.034040,0
19,97,0.513600,1.015000,0.035520,0
19,98,0.639400,1.040000,0.037000,0
19,99,0.421800,0.990000,0.038480,0
19,100,0.547600,1.015000,0.034040,0
19,101,0.330000,1.040000,0.035520,0
19,102,0.455800,0.990000,0.037000,0
19,103,0.581600,1.015000,0.038480,0
19,104,0.364000,1.040000,0.034040,0
19,105,0.489800,0.990000,0.035520,0
19,106,0.615600,1.015000,0.037000,0
19,107,0.398000,1.040000,0.038480,0
19,108,0.523800,0.990000,0.034040,0
19,109,0.649600,1.015000,0.035520,0
19,110,0.432000,1.040000,0.037000,0
19,111,0.557800,0.990000,0.038480,0
19,112,0.340200,1.015000,0.034040,0
19,113,0.466000,1.040000,0.035520,0
19,114,0.591800,0.990000,0.037000,0
19,115,0.374200,1.015000,0.038480,0
19,116,0.500000,1.040000,0.034040,0
19,117,0.625800,0.990000,0.035520,0
19,118,0.408200,1.015000,0.037000,0
19,119,0.534000,1.040000,0.038480,0
19,120,0.659800,0.990000,0.034040,0
19,121,0.442200,1.015000,0.035520,0
19,122,0.568000,1.040000,0.037000,0
19,123,0.350400,0.990000,0.038480,0
19,124,0.476200,1.015000,0.034040,0
19,125,0.602000,1.040000,0.035520,0
19,126,0.384400,0.990000,0.037000,0
19,127,0.510200,1.015000,0.038480,0
19,128,0.636000,1.040000,0.034040,0
19,129,0.418400,0.990000,0.035520,0
19,130,0.544200,1.015000,0.037000,0
19,131,0.670000,1.040000,0.038480,0
19,132,0.452400,0.990000,0.034040,0
19,133,0.578200,1.015000,0.035520,0
19,134,0.360600,1.040000,0.037000,0
19,135,0.486400,0.990000,0.038480,0
19,136,0.612200,1.015000,0.034040,0
19,137,0.394600,1.040000,0.035520,0
19,138,0.520400,0.990000,0.037000,0
19,139,0.646200,1.015000,0.038480,0
19,140,0.428600,1.040000,0.034040,0
19,141,0.554400,0.990000,0.035520,0
19,142,0.336800,1.015000,0.037000,0
19,143,0.462600,1.040000,0.038480,0
19,144,0.588400,0.990000,0.034040,0
20,0,0.199098,0.034040,0.034040,1
20,1,0.413293,0.035520,0.035520,1
20,2,0.687716,0.037000,0.037000,1
20,3,0.315929,0.038480,0.038480,1
20,4,0.489370,0.034040,0.034040,1
20,5,0.604349,0.035520,0.035520,1
20,6,0.368420,0.092396,0.037000,1
20,7,0.544814,0.079418,0.038480,1
20,8,0.864737,0.034040,0.034040,1
20,9,0.455178,0.093185,0.035520,1
20,10,0.589238,0.140384,0.037000,1
20,11,0.252987,0.082493,0.038480,1
20,12,0.412537,0.148043,0.034040,1
20,13,0.647391,0.097055,0.035520,1
20,14,0.276567,0.154196,0.037000,1
20,15,0.506219,0.146765,0.038480,1
20,16,0.737961,0.087068,0.034040,1
20,17,0.347086,0.171704,0.035520,1
20,18,0.575726,0.213105,0.037000,1
20,19,0.799475,0.126325,0.038480,1
20,20,0.409386,0.216050,0.034040,1
20,21,0.502008,0.241232,0.035520,1
20,22,0.333114,0.295870,0.037000,1
20,23,0.502136,0.391613,0.038480,1
20,24,0.659690,0.400303,0.034040,1
20,25,0.331574,0.511024,0.035520,1
20,26,0.517943,0.611189,0.037000,1
20,27,0.621845,0.618644,0.038480,1
20,28,0.411640,0.669314,0.034040,1
20,29,0.596419,0.743237,0.035520,1
20,30,0.670323,0.761554,0.037000,1
20,31,0.438695,0.838150,0.038480,1
20,32,0.575089,0.928313,0.034040,1
20,33,0.344191,0.852166,0.035520,1
20,34,0.498793,0.898323,0.037000,1
20,35,0.646977,0.952294,0.038480,1
20,36,0.368680,0.959025,0.034040,1
20,37,0.502837,1.009400,0.035520,1
20,38,0.651097,1.050846,0.037000,1
20,39,0.436712,0.984407,0.038480,1
20,40,0.571968,1.017115,0.034040,1
20,41,0.336800,1.040000,0.035520,0
20,42,0.462600,0.990000,0.037000,0
20,43,0.588400,1.015000,0.038480,0
20,44,0.370800,1.040000,0.034040,0
20,45,0.496600,0.990000,0.035520,0
20,46,0.622400,1.015000,0.037000,0
20,47,0.404800,1.040000,0.038480,0
20,48,0.530600,0.990000,0.034040,0
20,49,0.656400,1.015000,0.035520,0
20,50,0.438800,1.040000,0.037000,0
20,51,0.564600,0.990000,0.038480,0
20,52,0.347000,1.015000,0.034040,0
20,53,0.472800,1.040000,0.035520,0
20,54,0.598600,0.990000,0.037000,0
20,55,0.381000,1.015000,0.038480,0
20,56,0.506800,1.040000,0.034040,0
20,57,0.632600,0.990000,0.035520,0
20,58,0.415000,1.015000,0.037000,0
20,59,0.540800,1.040000,0.038480,0
20,60,0.666600,0.990000,0.034040,0
20,61,0.449000,1.015000,0.035520,0
20,62,0.574800,1.040000,0.037000,0
20,63,0.357200,0.990000,0.038480,0
20,64,0.483000,1.015000,0.034040,0
20,65,0.608800,1.040000,0.035520,0
20,66,0.391200,0.990000,0.037000,0
20,67,0.517000,1.015000,0.038480,0
20,68,0.642800,1.040000,0.034040,0
20,69,0.425200,0.990000,0.035520,0
20,70,0.551000,1.015000,0.037000,0
20,71,0.333400,1.040000,0.038480,0
20,72,0.459200,0.990000,0.034040,0
20,73,0.585000,1.015000,0.035520,0
20,74,0.367400,1.040000,0.037000,0
20,75,0.493200,0.990000,0.038480,0
20,76,0.619000,1.015000,0.034040,0
20,77,0.401400,1.040000,0.035520,0
20,78,0.527200,0.990000,0.037000,0
20,79,0.653000,1.015000,0.038480,0
20,80,0.435400,1.040000,0.034040,0
20,81,0.561200,0.990000,0.035520,0
20,82,0.343600,1.015000,0.037000,0
20,83,0.469400,1.040000,0.038480,0
20,84,0.595200,0.990000,0.034040,0
20,85,0.377600,1.015000,0.035520,0
20,86,0.503400,1.040000,0.037000,0
20,87,0.629200,0.990000,0.038480,0
20,88,0.411600,1.015000,0.034040,0
20,89,0.537400,1.040000,0.035520,0
20,90,0.663200,0.990000,0.037000,0
20,91,0.445600,1.015000,0.038480,0
20,92,0.571400,1.040000,0.034040,0
20,93,0.353800,0.990000,0.035520,0
20,94,0.479600,1.015000,0.037000,0
20,95,0.605400,1.040000,0.038480,0
20,96,0.387800,0.990000,0.034040,0
20,97,0.513600,1.015000,0.035520,0
20,98,0.639400,1.040000,0.037000,0
20,99,0.421800,0.990000,0.038480,0
20,100,0.547600,1.015000,0.034040,0
20,101,0.330000,1.040000,0.035520,0
20,102,0.455800,0.990000,0.037000,0
20,103,0.581600,1.015000,0.038480,0
20,104,0.364000,1.040000,0.034040,0
20,105,0.489800,0.990000,0.035520,0
20,106,0.615600,1.015000,0.037000,0
20,107,0.398000,1.040000,0.038480,0
20,108,0.523800,0.990000,0.034040,0
20,109,0.649600,1.015000,0.035520,0
20,110,0.432000,1.040000,0.037000,0
20,111,0.557800,0.990000,0.038480,0
20,112,0.340200,1.015000,0.034040,0
20,113,0.466000,1.040000,0.035520,0
20,114,0.591800,0.990000,0.037000,0
20,115,0.374200,1.015000,0.038480,0
20,116,0.500000,1.040000,0.034040,0
20,117,0.625800,0.990000,0.035520,0
20,118,0.408200,1.015000,0.037000,0
20,119,0.534000,1.040000,0.038480,0
20,120,0.659800,0.990000,0.034040,0
20,121,0.442200,1.015000,0.035520,0
20,122,0.568000,1.040000,0.037000,0
20,123,0.350400,0.990000,0.038480,0
20,124,0.476200,1.015000,0.034040,0
20,125,0.602000,1.040000,0.035520,0
20,126,0.384400,0.990000,0.037000,0
20,127,0.510200,1.015000,0.038480,0
20,128,0.636000,1.040000,0.034040,0
20,129,0.418400,0.990000,0.035520,0
20,130,0.544200,1.015000,0.037000,0
20,131,0.670000,1.040000,0.038480,0
20,132,0.452400,0.990000,0.034040,0
20,133,0.578200,1.015000,0.035520,0
20,134,0.360600,1.040000,0.037000,0
20,135,0.486400,0.990000,0.038480,0
20,136,0.612200,1.015000,0.034040,0
20,137,0.394600,1.040000,0.035520,0
20,138,0.520400,0.990000,0.037000,0
20,139,0.646200,1.015000,0.038480,0
20,140,0.428600,1.040000,0.034040,0
20,141,0.554400,0.990000,0.035520,0
20,142,0.336800,1.015000,0.037000,0
20,143,0.462600,1.040000,0.038480,0
20,144,0.588400,0.990000,0.034040,0
21,0,0.196223,0.034040,0.034040,1
21,1,0.420252,0.035520,0.035520,1
21,2,0.690368,0.037000,0.037000,1
21,3,0.310126,0.038480,0.038480,1
21,4,0.489772,0.034040,0.034040,1
21,5,0.616576,0.035520,0.035520,1
21,6,0.368499,0.086226,0.037000,1
21,7,0.551894,0.071377,0.038480,1
21,8,0.871690,0.034040,0.034040,1
21,9,0.457279,0.096147,0.035520,1
21,10,0.592227,0.136058,0.037000,1
21,11,0.248416,0.084366,0.038480,1
21,12,0.407954,0.145302,0.034040,1
21,13,0.655343,0.100343,0.035520,1
21,14,0.242884,0.159643,0.037000,1
21,15,0.516908,0.139915,0.038480,1
21,16,0.779266,0.046423,0.034040,1
21,17,0.310564,0.130126,0.035520,1
21,18,0.605107,0.208916,0.037000,1
21,19,0.844094,0.101088,0.038480,1
21,20,0.398396,0.213298,0.034040,1
21,21,0.464732,0.192364,0.035520,1
21,22,0.328560,0.200374,0.037000,1
21,23,0.511010,0.252085,0.038480,1
21,24,0.666231,0.255998,0.034040,1
21,25,0.325072,0.374784,0.035520,1
21,26,0.519545,0.484108,0.037000,1
21,27,0.621845,0.499081,0.038480,1
21,28,0.410048,0.556935,0.034040,1
21,29,0.595766,0.639335,0.035520,1
21,30,0.670879,0.666492,0.037000,1
21,31,0.441079,0.755714,0.038480,1
21,32,0.576513,0.856132,0.034040,1
21,33,0.341462,0.779390,0.035520,1
21,34,0.496551,0.833058,0.037000,1
21,35,0.648032,0.898128,0.038480,1
21,36,0.362507,0.910926,0.034040,1
21,37,0.516417,0.968405,0.035520,1
21,38,0.654378,1.019775,0.037000,1
21,39,0.427087,0.942465,0.038480,1
21,40,0.575618,1.004926,0.034040,1
21,41,0.335040,1.034352,0.035520,1
21,42,0.457842,1.011396,0.037000,1
21,43,0.588400,1.015000,0.038480,0
21,44,0.370800,1.040000,0.034040,0
21,45,0.496600,0.990000,0.035520,0
21,46,0.622400,1.015000,0.037000,0
21,47,0.404800,1.040000,0.038480,0
21,48,0.530600,0.990000,0.034040,0
21,49,0.656400,1.015000,0.035520,0
21,50,0.438800,1.040000,0.037000,0
21,51,0.564600,0.990000,0.038480,0
21,52,0.347000,1.015000,0.034040,0
21,53,0.472800,1.040000,0.035520,0
21,54,0.598600,0.990000,0.037000,0
21,55,0.381000,1.015000,0.038480,0
21,56,0.506800,1.040000,0.034040,0
21,57,0.632600,0.990000,0.035520,0
21,58,0.415000,1.015000,0.037000,0
21,59,0.540800,1.040000,0.038480,0
21,60,0.666600,0.990000,0.034040,0
21,61,0.449000,1.015000,0.035520,0
21,62,0.574800,1.040000,0.037000,0
21,63,0.357200,0.990000,0.038480,0
21,64,0.483000,1.015000,0.034040,0
21,65,0.608800,1.040000,0.035520,0
21,66,0.391200,0.990000,0.037000,0
21,67,0.517000,1.015000,0.038480,0
21,68,0.642800,1.040000,0.034040,0
21,69,0.425200,0.990000,0.035520,0
21,70,0.551000,1.015000,0.037000,0
21,71,0.333400,1.040000,0.038480,0
21,72,0.459200,0.990000,0.034040,0
21,73,0.585000,1.015000,0.035520,0
21,74,0.367400,1.040000,0.037000,0
21,75,0.493200,0.990000,0.038480,0
21,76,0.619000,1.015000,0.034040,0
21,77,0.401400,1.040000,0.035520,0
21,78,0.527200,0.990000,0.037000,0
21,79,0.653000,1.015000,0.038480,0
21,80,0.435400,1.040000,0.034040,0
21,81,0.561200,0.990000,0.035520,0
21,82,0.343600,1.015000,0.037000,0
21,83,0.469400,1.040000,0.038480,0
21,84,0.595200,0.990000,0.034040,0
21,85,0.377600,1.015000,0.035520,0
21,86,0.503400,1.040000,0.037000,0
21,87,0.629200,0.990000,0.038480,0
21,88,0.411600,1.015000,0.034040,0
21,89,0.537400,1.040000,0.035520,0
21,90,0.663200,0.990000,0.037000,0
21,91,0.445600,1.015000,0.038480,0
21,92,0.571400,1.040000,0.034040,0
21,93,0.353800,0.990000,0.035520,0
21,94,0.479600,1.015000,0.037000,0
21,95,0.605400,1.040000,0.038480,0
21,96,0.387800,0.990000,0.034040,0
21,97,0.513600,1.015000,0.035520,0
21,98,0.639400,1.040000,0.037000,0
21,99,0.421800,0.990000,0.038480,0
21,100,0.547600,1.015000,0.034040,0
21,101,0.330000,1.040000,0.035520,0
21,102,0.455800,0.990000,0.037000,0
21,103,0.581600,1.015000,0.038480,0
21,104,0.364000,1.040000,0.034040,0
21,105,0.489800,0.990000,0.035520,0
21,106,0.615600,1.015000,0.037000,0
21,107,0.398000,1.040000,0.038480,0
21,108,0.523800,0.990000,0.034040,0
21,109,0.649600,1.015000,0.035520,0
21,110,0.432000,1.040000,0.037000,0
21,111,0.557800,0.990000,0.038480,0
21,112,0.340200,1.015000,0.034040,0
21,113,0.466000,1.040000,0.035520,0
21,114,0.591800,0.990000,0.037000,0
21,115,0.374200,1.015000,0.038480,0
21,116,0.500000,1.040000,0.034040,0
21,117,0.625800,0.990000,0.035520,0
21,118,0.408200,1.015000,0.037000,0
21,119,0.534000,1.040000,0.038480,0
21,120,0.659800,0.990000,0.034040,0
21,121,0.442200,1.015000,0.035520,0
21,122,0.568000,1.040000,0.037000,0
21,123,0.350400,0.990000,0.038480,0
21,124,0.476200,1.015000,0.034040,0
21,125,0.602000,1.040000,0.035520,0
21,126,0.384400,0.990000,0.037000,0
21,127,0.510200,1.015000,0.038480,0
21,128,0.636000,1.040000,0.034040,0
21,129,0.418400,0.990000,0.035520,0
21,130,0.544200,1.015000,0.037000,0
21,131,0.670000,1.040000,0.038480,0
21,132,0.452400,0.990000,0.034040,0
21,133,0.578200,1.015000,0.035520,0
21,134,0.360600,1.040000,0.037000,0
21,135,0.486400,0.990000,0.038480,0
21,136,0.612200,1.015000,0.034040,0
21,137,0.394600,1.040000,0.035520,0
21,138,0.520400,0.990000,0.037000,0
21,139,0.646200,1.015000,0.038480,0
21,140,0.428600,1.040000,0.034040,0
21,141,0.554400,0.990000,0.035520,0
21,142,0.336800,1.015000,0.037000,0
21,143,0.462600,1.040000,0.038480,0
21,144,0.588400,0.990000,0.034040,0
22,0,0.175774,0.034040,0.034040,1
22,1,0.419961,0.035520,0.035520,1
22,2,0.701338,0.037000,0.037000,1
22,3,0.301140,0.038480,0.038480,1
22,4,0.489527,0.034040,0.034040,1
22,5,0.627721,0.035520,0.035520,1
22,6,0.363457,0.080424,0.037000,1
22,7,0.557575,0.059073,0.038480,1
22,8,0.875282,0.034040,0.034040,1
22,9,0.451114,0.098484,0.035520,1
22,10,0.594947,0.124698,0.037000,1
22,11,0.229581,0.082195,0.038480,1
22,12,0.393108,0.144980,0.034040,1
22,13,0.662304,0.097826,0.035520,1
22,14,0.208137,0.154585,0.037000,1
22,15,0.519563,0.126270,0.038480,1
22,16,0.807219,0.035918,0.034040,1
22,17,0.297540,0.110908,0.035520,1
22,18,0.617148,0.195289,0.037000,1
22,19,0.862204,0.105326,0.038480,1
22,20,0.381669,0.212276,0.034040,1
22,21,0.458745,0.169171,0.035520,1
22,22,0.318189,0.180226,0.037000,1
22,23,0.536052,0.201442,0.038480,1
22,24,0.724125,0.136419,0.034040,1
22,25,0.319750,0.252729,0.035520,1
22,26,0.521147,0.340826,0.037000,1
22,27,0.621845,0.363318,0.038480,1
22,28,0.408456,0.428356,0.034040,1
22,29,0.595112,0.519233,0.035520,1
22,30,0.671435,0.555230,0.037000,1
22,31,0.443463,0.657077,0.038480,1
22,32,0.577937,0.767751,0.034040,1
22,33,0.338733,0.690414,0.035520,1
22,34,0.494309,0.751594,0.037000,1
22,35,0.649087,0.827762,0.038480,1
22,36,0.359174,0.848272,0.034040,1
22,37,0.511259,0.913577,0.035520,1
22,38,0.660631,0.971877,0.037000,1
22,39,0.425363,0.901416,0.038480,1
22,40,0.572350,0.954759,0.034040,1
22,41,0.323209,1.005165,0.035520,1
22,42,0.457842,0.996564,0.037000,1
22,43,0.597329,1.034263,0.038480,1
22,44,0.379551,1.045959,0.034040,1
22,45,0.496600,0.990000,0.035520,0
22,46,0.622400,1.015000,0.037000,0
22,47,0.404800,1.040000,0.038480,0
22,48,0.530600,0.990000,0.034040,0
22,49,0.656400,1.015000,0.035520,0
22,50,0.438800,1.040000,0.037000,0
22,51,0.564600,0.990000,0.038480,0
22,52,0.347000,1.015000,0.034040,0
22,53,0.472800,1.040000,0.035520,0
22,54,0.598600,0.990000,0.037000,0
22,55,0.381000,1.015000,0.038480,0
22,56,0.506800,1.040000,0.034040,0
22,57,0.632600,0.990000,0.035520,0
22,58,0.415000,1.015000,0.037000,0
22,59,0.540800,1.040000,0.038480,0
22,60,0.666600,0.990000,0.034040,0
22,61,0.449000,1.015000,0.035520,0
22,62,0.574800,1.040000,0.037000,0
22,63,0.357200,0.990000,0.038480,0
22,64,0.483000,1.015000,0.034040,0
22,65,0.608800,1.040000,0.035520,0
22,66,0.391200,0.990000,0.037000,0
22,67,0.517000,1.015000,0.038480,0
22,68,0.642800,1.040000,0.034040,0
22,69,0.425200,0.990000,0.035520,0
22,70,0.551000,1.015000,0.037000,0
22,71,0.333400,1.040000,0.038480,0
22,72,0.459200,0.990000,0.034040,0
22,73,0.585000,1.015000,0.035520,0
22,74,0.367400,1.040000,0.037000,0
22,75,0.493200,0.990000,0.038480,0
22,76,0.619000,1.015000,0.034040,0
22,77,0.401400,1.040000,0.035520,0
22,78,0.527200,0.990000,0.037000,0
22,79,0.653000,1.015000,0.038480,0
22,80,0.435400,1.040000,0.034040,0
22,81,0.561200,0.990000,0.035520,0
22,82,0.343600,1.015000,0.037000,0
22,83,0.469400,1.040000,0.038480,0
22,84,0.595200,0.990000,0.034040,0
22,85,0.377600,1.015000,0.035520,0
22,86,0.503400,1.040000,0.037000,0
22,87,0.629200,0.990000,0.038480,0
22,88,0.411600,1.015000,0.034040,0
22,89,0.537400,1.040000,0.035520,0
22,90,0.663200,0.990000,0.037000,0
22,91,0.445600,1.015000,0.038480,0
22,92,0.571400,1.040000,0.034040,0
22,93,0.353800,0.990000,0.035520,0
22,94,0.479600,1.015000,0.037000,0
22,95,0.605400,1.040000,0.038480,0
22,96,0.387800,0.990000,0.034040,0
22,97,0.513600,1.015000,0.035520,0
22,98,0.639400,1.040000,0.037000,0
22,99,0.421800,0.990000,0.038480,0
22,100,0.547600,1.015000,0.034040,0
22,101,0.330000,1.040000,0.035520,0
22,102,0.455800,0.990000,0.037000,0
22,103,0.581600,1.015000,0.038480,0
22,104,0.364000,1.040000,0.034040,0
22,105,0.489800,0.990000,0.035520,0
22,106,0.615600,1.015000,0.037000,0
22,107,0.398000,1.040000,0.038480,0
22,108,0.523800,0.990000,0.034040,0
22,109,0.649600,1.015000,0.035520,0
22,110,0.432000,1.040000,0.037000,0
22,111,0.557800,0.990000,0.038480,0
22,112,0.340200,1.015000,0.034040,0
22,113,0.466000,1.040000,0.035520,0
22,114,0.591800,0.990000,0.037000,0
22,115,0.374200,1.015000,0.038480,0
22,116,0.500000,1.040000,0.034040,0
22,117,0.625800,0.990000,0.035520,0
22,118,0.408200,1.015000,0.037000,0
22,119,0.534000,1.040000,0.038480,0
22,120,0.659800,0.990000,0.034040,0
22,121,0.442200,1.015000,0.035520,0
22,122,0.568000,1.040000,0.037000,0
22,123,0.350400,0.990000,0.038480,0
22,124,0.476200,1.015000,0.034040,0
22,125,0.602000,1.040000,0.035520,0
22,126,0.384400,0.990000,0.037000,0
22,127,0.510200,1.015000,0.038480,0
22,128,0.636000,1.040000,0.034040,0
22,129,0.418400,0.990000,0.035520,0
22,130,0.544200,1.015000,0.037000,0
22,131,0.670000,1.040000,0.038480,0
22,132,0.452400,0.990000,0.034040,0
22,133,0.578200,1.015000,0.035520,0
22,134,0.360600,1.040000,0.037000,0
22,135,0.486400,0.990000,0.038480,0
22,136,0.612200,1.015000,0.034040,0
22,137,0.394600,1.040000,0.035520,0
22,138,0.520400,0.990000,0.037000,0
22,139,0.646200,1.015000,0.038480,0
22,140,0.428600,1.040000,0.034040,0
22,141,0.554400,0.990000,0.035520,0
22,142,0.336800,1.015000,0.037000,0
22,143,0.462600,1.040000,0.038480,0
22,144,0.588400,0.990000,0.034040,0
23,0,0.167922,0.034040,0.034040,1
23,1,0.416472,0.035520,0.035520,1
23,2,0.709976,0.037000,0.037000,1
23,3,0.297469,0.038480,0.038480,1
23,4,0.485930,0.034040,0.034040,1
23,5,0.632183,0.035520,0.035520,1
23,6,0.359903,0.080642,0.037000,1
23,7,0.558266,0.038480,0.038480,1
23,8,0.882554,0.034040,0.034040,1
23,9,0.442169,0.101557,0.035520,1
23,10,0.596494,0.103301,0.037000,1
23,11,0.218912,0.085511,0.038480,1
23,12,0.388436,0.145692,0.034040,1
23,13,0.669249,0.095679,0.035520,1
23,14,0.174813,0.146757,0.037000,1
23,15,0.516139,0.103683,0.038480,1
23,16,0.814423,0.034040,0.034040,1
23,17,0.288110,0.111660,0.035520,1
23,18,0.644259,0.163579,0.037000,1
23,19,0.876744,0.106297,0.038480,1
23,20,0.385506,0.213709,0.034040,1
23,21,0.457191,0.170998,0.035520,1
23,22,0.323662,0.174851,0.037000,1
23,23,0.562461,0.170673,0.038480,1
23,24,0.765952,0.081835,0.034040,1
23,25,0.318310,0.247174,0.035520,1
23,26,0.508878,0.224822,0.037000,1
23,27,0.616582,0.233802,0.038480,1
23,28,0.406864,0.283578,0.034040,1
23,29,0.594459,0.382931,0.035520,1
23,30,0.671991,0.427768,0.037000,1
23,31,0.445846,0.542241,0.038480,1
23,32,0.579361,0.663170,0.034040,1
23,33,0.336004,0.585237,0.035520,1
23,34,0.492068,0.653930,0.037000,1
23,35,0.650142,0.741196,0.038480,1
23,36,0.355972,0.769489,0.034040,1
23,37,0.513262,0.846452,0.035520,1
23,38,0.663892,0.908688,0.037000,1
23,39,0.423509,0.844104,0.038480,1
23,40,0.572087,0.908932,0.034040,1
23,41,0.319919,0.966048,0.035520,1
23,42,0.440721,0.962643,0.037000,1
23,43,0.575815,1.007912,0.038480,1
23,44,0.386131,1.031068,0.034040,1
23,45,0.506846,0.986309,0.035520,1
23,46,0.650439,1.019245,0.037000,1
23,47,0.404800,1.040000,0.038480,0
23,48,0.530600,0.990000,0.034040,0
23,49,0.656400,1.015000,0.035520,0
23,50,0.438800,1.040000,0.037000,0
23,51,0.564600,0.990000,0.038480,0
23,52,0.347000,1.015000,0.034040,0
23,53,0.472800,1.040000,0.035520,0
23,54,0.598600,0.990000,0.037000,0
23,55,0.381000,1.015000,0.038480,0
23,56,0.506800,1.040000,0.034040,0
23,57,0.632600,0.990000,0.035520,0
23,58,0.415000,1.015000,0.037000,0
23,59,0.540800,1.040000,0.038480,0
23,60,0.666600,0.990000,0.034040,0
23,61,0.449000,1.015000,0.035520,0
23,62,0.574800,1.040000,0.037000,0
23,63,0.357200,0.990000,0.038480,0
23,64,0.483000,1.015000,0.034040,0
23,65,0.608800,1.040000,0.035520,0
23,66,0.391200,0.990000,0.037000,0
23,67,0.517000,1.015000,0.038480,0
23,68,0.642800,1.040000,0.034040,0
23,69,0.425200,0.990000,0.035520,0
23,70,0.551000,1.015000,0.037000,0
23,71,0.333400,1.040000,0.038480,0
23,72,0.459200,0.990000,0.034040,0
23,73,0.585000,1.015000,0.035520,0
23,74,0.367400,1.040000,0.037000,0
23,75,0.493200,0.990000,0.038480,0
23,76,0.619000,1.015000,0.034040,0
23,77,0.401400,1.040000,0.035520,0
23,78,0.527200,0.990000,0.037000,0
23,79,0.653000,1.015000,0.038480,0
23,80,0.435400,1.040000,0.034040,0
23,81,0.561200,0.990000,0.035520,0
23,82,0.343600,1.015000,0.037000,0
23,83,0.469400,1.040000,0.038480,0
23,84,0.595200,0.990000,0.034040,0
23,85,0.377600,1.015000,0.035520,0
23,86,0.503400,1.040000,0.037000,0
23,87,0.629200,0.990000,0.038480,0
23,88,0.411600,1.015000,0.034040,0
23,89,0.537400,1.040000,0.035520,0
23,90,0.663200,0.990000,0.037000,0
23,91,0.445600,1.015000,0.038480,0
23,92,0.571400,1.040000,0.034040,0
23,93,0.353800,0.990000,0.035520,0
23,94,0.479600,1.015000,0.037000,0
23,95,0.605400,1.040000,0.038480,0
23,96,0.387800,0.990000,0.034040,0
23,97,0.513600,1.015000,0.035520,0
23,98,0.639400,1.040000,0.037000,0
23,99,0.421800,0.990000,0.038480,0
23,100,0.547600,1.015000,0.034040,0
23,101,0.330000,1.040000,0.035520,0
23,102,0.455800,0.990000,0.037000,0
23,103,0.581600,1.015000,0.038480,0
23,104,0.364000,1.040000,0.034040,0
23,105,0.489800,0.990000,0.035520,0
23,106,0.615600,1.015000,0.037000,0
23,107,0.398000,1.040000,0.038480,0
23,108,0.523800,0.990000,0.034040,0
23,109,0.649600,1.015000,0.035520,0
23,110,0.432000,1.040000,0.037000,0
23,111,0.557800,0.990000,0.038480,0
23,112,0.340200,1.015000,0.034040,0
23,113,0.466000,1.040000,0.035520,0
23,114,0.591800,0.990000,0.037000,0
23,115,0.374200,1.015000,0.038480,0
23,116,0.500000,1.040000,0.034040,0
23,117,0.625800,0.990000,0.035520,0
23,118,0.408200,1.015000,0.037000,0
23,119,0.534000,1.040000,0.038480,0
23,120,0.659800,0.990000,0.034040,0
23,121,0.442200,1.015000,0.035520,0
23,122,0.568000,1.040000,0.037000,0
23,123,0.350400,0.990000,0.038480,0
23,124,0.476200,1.015000,0.034040,0
23,125,0.602000,1.040000,0.035520,0
23,126,0.384400,0.990000,0.037000,0
23,127,0.510200,1.015000,0.038480,0
23,128,0.636000,1.040000,0.034040,0
23,129,0.418400,0.990000,0.035520,0
23,130,0.544200,1.015000,0.037000,0
23,131,0.670000,1.040000,0.038480,0
23,132,0.452400,0.990000,0.034040,0
23,133,0.578200,1.015000,0.035520,0
23,134,0.360600,1.040000,0.037000,0
23,135,0.486400,0.990000,0.038480,0
23,136,0.612200,1.015000,0.034040,0
23,137,0.394600,1.040000,0.035520,0
23,138,0.520400,0.990000,0.037000,0
23,139,0.646200,1.015000,0.038480,0
23,140,0.428600,1.040000,0.034040,0
23,141,0.554400,0.990000,0.035520,0
23,142,0.336800,1.015000,0.037000,0
23,143,0.462600,1.040000,0.038480,0
23,144,0.588400,0.990000,0.034040,0
24,0,0.162846,0.034040,0.034040,1
24,1,0.414936,0.035520,0.035520,1
24,2,0.726654,0.037000,0.037000,1
24,3,0.283060,0.038480,0.038480,1
24,4,0.484469,0.034040,0.034040,1
24,5,0.638920,0.035520,0.035520,1
24,6,0.351564,0.069842,0.037000,1
24,7,0.562210,0.038480,0.038480,1
24,8,0.883139,0.034040,0.034040,1
24,9,0.441402,0.100430,0.035520,1
24,10,0.606528,0.099747,0.037000,1
24,11,0.210415,0.088670,0.038480,1
24,12,0.379873,0.134998,0.034040,1
24,13,0.680372,0.092646,0.035520,1
24,14,0.144548,0.127166,0.037000,1
24,15,0.515336,0.099375,0.038480,1
24,16,0.815059,0.034040,0.034040,1
24,17,0.280564,0.112095,0.035520,1
24,18,0.664714,0.163424,0.037000,1
24,19,0.888960,0.106300,0.038480,1
24,20,0.379169,0.204085,0.034040,1
24,21,0.440843,0.171443,0.035520,1
24,22,0.313655,0.176589,0.037000,1
24,23,0.561926,0.160536,0.038480,1
24,24,0.774909,0.089009,0.034040,1
24,25,0.316003,0.249071,0.035520,1
24,26,0.503836,0.208661,0.037000,1
24,27,0.612844,0.218226,0.038480,1
24,28,0.440595,0.241023,0.034040,1
24,29,0.582692,0.285805,0.035520,1
24,30,0.672546,0.284106,0.037000,1
24,31,0.448230,0.411205,0.038480,1
24,32,0.580785,0.542390,0.034040,1
24,33,0.333275,0.463861,0.035520,1
24,34,0.489826,0.540065,0.037000,1
24,35,0.651197,0.638429,0.038480,1
24,36,0.352769,0.674506,0.034040,1
24,37,0.515266,0.763128,0.035520,1
24,38,0.667152,0.829298,0.037000,1
24,39,0.421654,0.770592,0.038480,1
24,40,0.571825,0.846906,0.034040,1
24,41,0.316629,0.910730,0.035520,1
24,42,0.434154,0.912994,0.037000,1
24,43,0.587673,0.964774,0.038480,1
24,44,0.379764,0.981320,0.034040,1
24,45,0.494423,0.950490,0.035520,1
24,46,0.651114,1.005670,0.037000,1
24,47,0.417738,1.053066,0.038480,1
24,48,0.530692,1.009846,0.034040,1
24,49,0.656400,1.015000,0.035520,0
24,50,0.438800,1.040000,0.037000,0
24,51,0.564600,0.990000,0.038480,0
24,52,0.347000,1.015000,0.034040,0
24,53,0.472800,1.040000,0.035520,0
24,54,0.598600,0.990000,0.037000,0
24,55,0.381000,1.015000,0.038480,0
24,56,0.506800,1.040000,0.034040,0
24,57,0.632600,0.990000,0.035520,0
24,58,0.415000,1.015000,0.037000,0
24,59,0.540800,1.040000,0.038480,0
24,60,0.666600,0.990000,0.034040,0
24,61,0.449000,1.015000,0.035520,0
24,62,0.574800,1.040000,0.037000,0
24,63,0.357200,0.990000,0.038480,0
24,64,0.483000,1.015000,0.034040,0
24,65,0.608800,1.040000,0.035520,0
24,66,0.391200,0.990000,0.037000,0
24,67,0.517000,1.015000,0.038480,0
24,68,0.642800,1.040000,0.034040,0
24,69,0.425200,0.990000,0.035520,0
24,70,0.551000,1.015000,0.037000,0
24,71,0.333400,1.040000,0.038480,0
24,72,0.459200,0.990000,0.034040,0
24,73,0.585000,1.015000,0.035520,0
24,74,0.367400,1.040000,0.037000,0
24,75,0.493200,0.990000,0.038480,0
24,76,0.619000,1.015000,0.034040,0
24,77,0.401400,1.040000,0.035520,0
24,78,0.527200,0.990000,0.037000,0
24,79,0.653000,1.015000,0.038480,0
24,80,0.435400,1.040000,0.034040,0
24,81,0.561200,0.990000,0.035520,0
24,82,0.343600,1.015000,0.037000,0
24,83,0.469400,1.040000,0.038480,0
24,84,0.595200,0.990000,0.034040,0
24,85,0.377600,1.015000,0.035520,0
24,86,0.503400,1.040000,0.037000,0
24,87,0.629200,0.990000,0.038480,0
24,88,0.411600,1.015000,0.034040,0
24,89,0.537400,1.040000,0.035520,0
24,90,0.663200,0.990000,0.037000,0
24,91,0.445600,1.015000,0.038480,0
24,92,0.571400,1.040000,0.034040,0
24,93,0.353800,0.990000,0.035520,0
24,94,0.479600,1.015000,0.037000,0
24,95,0.605400,1.040000,0.038480,0
24,96,0.387800,0.990000,0.034040,0
24,97,0.513600,1.015000,0.035520,0
24,98,0.639400,1.040000,0.037000,0
24,99,0.421800,0.990000,0.038480,0
24,100,0.547600,1.015000,0.034040,0
24,101,0.330000,1.040000,0.035520,0
24,102,0.455800,0.990000,0.037000,0
24,103,0.581600,1.015000,0.038480,0
24,104,0.364000,1.040000,0.034040,0
24,105,0.489800,0.990000,0.035520,0
24,106,0.615600,1.015000,0.037000,0
24,107,0.398000,1.040000,0.038480,0
24,108,0.523800,0.990000,0.034040,0
24,109,0.649600,1.015000,0.035520,0
24,110,0.432000,1.040000,0.037000,0
24,111,0.557800,0.990000,0.038480,0
24,112,0.340200,1.015000,0.034040,0
24,113,0.466000,1.040000,0.035520,0
24,114,0.591800,0.990000,0.037000,0
24,115,0.374200,1.015000,0.038480,0
24,116,0.500000,1.040000,0.034040,0
24,117,0.625800,0.990000,0.035520,0
24,118,0.408200,1.015000,0.037000,0
24,119,0.534000,1.040000,0.038480,0
24,120,0.659800,0.990000,0.034040,0
24,121,0.442200,1.015000,0.035520,0
24,122,0.568000,1.040000,0.037000,0
24,123,0.350400,0.990000,0.038480,0
24,124,0.476200,1.015000,0.034040,0
24,125,0.602000,1.040000,0.035520,0
24,126,0.384400,0.990000,0.037000,0
24,127,0.510200,1.015000,0.038480,0
24,128,0.636000,1.040000,0.034040,0
24,129,0.418400,0.990000,0.035520,0
24,130,0.544200,1.015000,0.037000,0
24,131,0.670000,1.040000,0.038480,0
24,132,0.452400,0.990000,0.034040,0
24,133,0.578200,1.015000,0.035520,0
24,134,0.360600,1.040000,0.037000,0
24,135,0.486400,0.990000,0.038480,0
24,136,0.612200,1.015000,0.034040,0
24,137,0.394600,1.040000,0.035520,0
24,138,0.520400,0.990000,0.037000,0
24,139,0.646200,1.015000,0.038480,0
24,140,0.428600,1.040000,0.034040,0
24,141,0.554400,0.990000,0.035520,0
24,142,0.336800,1.015000,0.037000,0
24,143,0.462600,1.040000,0.038480,0
24,144,0.588400,0.990000,0.034040,0
25,0,0.160104,0.034040,0.034040,1
25,1,0.407486,0.035520,0.035520,1
25,2,0.734142,0.037000,0.037000,1
25,3,0.275407,0.038480,0.038480,1
25,4,0.481148,0.034040,0.034040,1
25,5,0.637850,0.035520,0.035520,1
25,6,0.344039,0.069388,0.037000,1
25,7,0.564064,0.038480,0.038480,1
25,8,0.883377,0.034040,0.034040,1
25,9,0.443088,0.095494,0.035520,1
25,10,0.611473,0.103059,0.037000,1
25,11,0.204744,0.091055,0.038480,1
25,12,0.375990,0.132796,0.034040,1
25,13,0.684021,0.089275,0.035520,1
25,14,0.115281,0.091920,0.037000,1
25,15,0.516932,0.098756,0.038480,1
25,16,0.815298,0.034040,0.034040,1
25,17,0.275637,0.112035,0.035520,1
25,18,0.678144,0.161539,0.037000,1
25,19,0.900457,0.104495,0.038480,1
25,20,0.375393,0.200895,0.034040,1
25,21,0.436972,0.166079,0.035520,1
25,22,0.308663,0.176524,0.037000,1
25,23,0.562460,0.160724,0.038480,1
25,24,0.779263,0.091788,0.034040,1
25,25,0.314559,0.248804,0.035520,1
25,26,0.501315,0.204953,0.037000,1
25,27,0.620934,0.210760,0.038480,1
25,28,0.434052,0.235488,0.034040,1
25,29,0.556885,0.251553,0.035520,1
25,30,0.729183,0.216530,0.037000,1
25,31,0.456732,0.304370,0.038480,1
25,32,0.582208,0.405409,0.034040,1
25,33,0.330546,0.326285,0.035520,1
25,34,0.487584,0.410001,0.037000,1
25,35,0.652252,0.519463,0.038480,1
25,36,0.349567,0.563323,0.034040,1
25,37,0.517269,0.663604,0.035520,1
25,38,0.670413,0.733709,0.037000,1
25,39,0.419800,0.680881,0.038480,1
25,40,0.571562,0.768679,0.034040,1
25,41,0.313339,0.839213,0.035520,1
25,42,0.432339,0.850147,0.037000,1
25,43,0.582911,0.907651,0.038480,1
25,44,0.386325,0.934122,0.034040,1
25,45,0.489920,0.912725,0.035520,1
25,46,0.648619,0.952794,0.037000,1
25,47,0.393946,1.018997,0.038480,1
25,48,0.533953,0.995014,0.034040,1
25,49,0.667089,1.035218,0.035520,1
25,50,0.462371,1.050861,0.037000,1
25,51,0.564600,0.990000,0.038480,0
25,52,0.347000,1.015000,0.034040,0
25,53,0.472800,1.040000,0.035520,0
25,54,0.598600,0.990000,0.037000,0
25,55,0.381000,1.015000,0.038480,0
25,56,0.506800,1.040000,0.034040,0
25,57,0.632600,0.990000,0.035520,0
25,58,0.415000,1.015000,0.037000,0
25,59,0.540800,1.040000,0.038480,0
25,60,0.666600,0.990000,0.034040,0
25,61,0.449000,1.015000,0.035520,0
25,62,0.574800,1.040000,0.037000,0
25,63,0.357200,0.990000,0.038480,0
25,64,0.483000,1.015000,0.034040,0
25,65,0.608800,1.040000,0.035520,0
25,66,0.391200,0.990000,0.037000,0
25,67,0.517000,1.015000,0.038480,0
25,68,0.642800,1.040000,0.034040,0
25,69,0.425200,0.990000,0.035520,0
25,70,0.551000,1.015000,0.037000,0
25,71,0.333400,1.040000,0.038480,0
25,72,0.459200,0.990000,0.034040,0
25,73,0.585000,1.015000,0.035520,0
25,74,0.367400,1.040000,0.037000,0
25,75,0.493200,0.990000,0.038480,0
25,76,0.619000,1.015000,0.034040,0
25,77,0.401400,1.040000,0.035520,0
25,78,0.527200,0.990000,0.037000,0
25,79,0.653000,1.015000,0.038480,0
25,80,0.435400,1.040000,0.034040,0
25,81,0.561200,0.990000,0.035520,0
25,82,0.343600,1.015000,0.037000,0
25,83,0.469400,1.040000,0.038480,0
25,84,0.595200,0.990000,0.034040,0
25,85,0.377600,1.015000,0.035520,0
25,86,0.503400,1.040000,0.037000,0
25,87,0.629200,0.990000,0.038480,0
25,88,0.411600,1.015000,0.034040,0
25,89,0.537400,1.040000,0.035520,0
25,90,0.663200,0.990000,0.037000,0
25,91,0.445600,1.015000,0.038480,0
25,92,0.571400,1.040000,0.034040,0
25,93,0.353800,0.990000,0.035520,0
25,94,0.479600,1.015000,0.037000,0
25,95,0.605400,1.040000,0.038480,0
25,96,0.387800,0.990000,0.034040,0
25,97,0.513600,1.015000,0.035520,0
25,98,0.639400,1.040000,0.037000,0
25,99,0.421800,0.990000,0.038480,0
25,100,0.547600,1.015000,0.034040,0
25,101,0.330000,1.040000,0.035520,0
25,102,0.455800,0.990000,0.037000,0
25,103,0.581600,1.015000,0.038480,0
25,104,0.364000,1.040000,0.034040,0
25,105,0.489800,0.990000,0.035520,0
25,106,0.615600,1.015000,0.037000,0
25,107,0.398000,1.040000,0.038480,0
25,108,0.523800,0.990000,0.034040,0
25,109,0.649600,1.015000,0.035520,0
25,110,0.432000,1.040000,0.037000,0
25,111,0.557800,0.990000,0.038480,0
25,112,0.340200,1.015000,0.034040,0
25,113,0.466000,1.040000,0.035520,0
25,114,0.591800,0.990000,0.037000,0
25,115,0.374200,1.015000,0.038480,0
25,116,0.500000,1.040000,0.034040,0
25,117,0.625800,0.990000,0.035520,0
25,118,0.408200,1.015000,0.037000,0
25,119,0.534000,1.040000,0.038480,0
25,120,0.659800,0.990000,0.034040,0
25,121,0.442200,1.015000,0.035520,0
25,122,0.568000,1.040000,0.037000,0
25,123,0.350400,0.990000,0.038480,0
25,124,0.476200,1.015000,0.034040,0
25,125,0.602000,1.040000,0.035520,0
25,126,0.384400,0.990000,0.037000,0
25,127,0.510200,1.015000,0.038480,0
25,128,0.636000,1.040000,0.034040,0
25,129,0.418400,0.990000,0.035520,0
25,130,0.544200,1.015000,0.037000,0
25,131,0.670000,1.040000,0.038480,0
25,132,0.452400,0.990000,0.034040,0
25,133,0.578200,1.015000,0.035520,0
25,134,0.360600,1.040000,0.037000,0
25,135,0.486400,0.990000,0.038480,0
25,136,0.612200,1.015000,0.034040,0
25,137,0.394600,1.040000,0.035520,0
25,138,0.520400,0.990000,0.037000,0
25,139,0.646200,1.015000,0.038480,0
25,140,0.428600,1.040000,0.034040,0
25,141,0.554400,0.990000,0.035520,0
25,142,0.336800,1.015000,0.037000,0
25,143,0.462600,1.040000,0.038480,0
25,144,0.588400,0.990000,0.034040,0
26,0,0.155729,0.034040,0.034040,1
26,1,0.401799,0.035520,0.035520,1
26,2,0.737226,0.037000,0.037000,1
26,3,0.262097,0.038480,0.038480,1
26,4,0.489515,0.034040,0.034040,1
26,5,0.642496,0.035520,0.035520,1
26,6,0.334075,0.060868,0.037000,1
26,7,0.567458,0.038480,0.038480,1
26,8,0.883404,0.034040,0.034040,1
26,9,0.447539,0.089383,0.035520,1
26,10,0.616202,0.102344,0.037000,1
26,11,0.180443,0.102156,0.038480,1
26,12,0.365758,0.124407,0.034040,1
26,13,0.687620,0.089727,0.035520,1
26,14,0.078911,0.049628,0.037000,1
26,15,0.520822,0.099553,0.038480,1
26,16,0.815325,0.034040,0.034040,1
26,17,0.253779,0.111764,0.035520,1
26,18,0.688357,0.162239,0.037000,1
26,19,0.913121,0.100172,0.038480,1
26,20,0.368671,0.195215,0.034040,1
26,21,0.426959,0.157312,0.035520,1
26,22,0.305719,0.162323,0.037000,1
26,23,0.568023,0.160325,0.038480,1
26,24,0.780997,0.092820,0.034040,1
26,25,0.296717,0.234282,0.035520,1
26,26,0.495425,0.181083,0.037000,1
26,27,0.628805,0.208615,0.038480,1
26,28,0.431074,0.226780,0.034040,1
26,29,0.547741,0.231491,0.035520,1
26,30,0.795040,0.168450,0.037000,1
26,31,0.486007,0.274523,0.038480,1
26,32,0.597135,0.281255,0.034040,1
26,33,0.352046,0.280752,0.035520,1
26,34,0.510626,0.345882,0.037000,1
26,35,0.653307,0.384297,0.038480,1
26,36,0.346365,0.435939,0.034040,1
26,37,0.519273,0.547879,0.035520,1
26,38,0.673673,0.621920,0.037000,1
26,39,0.417946,0.574969,0.038480,1
26,40,0.571299,0.674253,0.034040,1
26,41,0.310048,0.751495,0.035520,1
26,42,0.431033,0.771435,0.037000,1
26,43,0.584548,0.837940,0.038480,1
26,44,0.392885,0.870724,0.034040,1
26,45,0.484908,0.858442,0.035520,1
26,46,0.646920,0.906439,0.037000,1
26,47,0.399606,0.975798,0.038480,1
26,48,0.516797,0.958197,0.034040,1
26,49,0.673649,1.012247,0.035520,1
26,50,0.455811,1.035990,0.037000,1
26,51,0.583256,0.990193,0.038480,1
26,52,0.341341,1.018976,0.034040,1
26,53,0.472800,1.040000,0.035520,0
26,54,0.598600,0.990000,0.037000,0
26,55,0.381000,1.015000,0.038480,0
26,56,0.506800,1.040000,0.034040,0
26,57,0.632600,0.990000,0.035520,0
26,58,0.415000,1.015000,0.037000,0
26,59,0.540800,1.040000,0.038480,0
26,60,0.666600,0.990000,0.034040,0
26,61,0.449000,1.015000,0.035520,0
26,62,0.574800,1.040000,0.037000,0
26,63,0.357200,0.990000,0.038480,0
26,64,0.483000,1.015000,0.034040,0
26,65,0.608800,1.040000,0.035520,0
26,66,0.391200,0.990000,0.037000,0
26,67,0.517000,1.015000,0.038480,0
26,68,0.642800,1.040000,0.034040,0
26,69,0.425200,0.990000,0.035520,0
26,70,0.551000,1.015000,0.037000,0
26,71,0.333400,1.040000,0.038480,0
26,72,0.459200,0.990000,0.034040,0
26,73,0.585000,1.015000,0.035520,0
26,74,0.367400,1.040000,0.037000,0
26,75,0.493200,0.990000,0.038480,0
26,76,0.619000,1.015000,0.034040,0
26,77,0.401400,1.040000,0.035520,0
26,78,0.527200,0.990000,0.037000,0
26,79,0.653000,1.015000,0.038480,0
26,80,0.435400,1.040000,0.034040,0
26,81,0.561200,0.990000,0.035520,0
26,82,0.343600,1.015000,0.037000,0
26,83,0.469400,1.040000,0.038480,0
26,84,0.595200,0.990000,0.034040,0
26,85,0.377600,1.015000,0.035520,0
26,86,0.503400,1.040000,0.037000,0
26,87,0.629200,0.990000,0.038480,0
26,88,0.411600,1.015000,0.034040,0
26,89,0.537400,1.040000,0.035520,0
26,90,0.663200,0.990000,0.037000,0
26,91,0.445600,1.015000,0.038480,0
26,92,0.571400,1.040000,0.034040,0
26,93,0.353800,0.990000,0.035520,0
26,94,0.479600,1.015000,0.037000,0
26,95,0.605400,1.040000,0.038480,0
26,96,0.387800,0.990000,0.034040,0
26,97,0.513600,1.015000,0.035520,0
26,98,0.639400,1.040000,0.037000,0
26,99,0.421800,0.990000,0.038480,0
26,100,0.547600,1.015000,0.034040,0
26,101,0.330000,1.040000,0.035520,0
26,102,0.455800,0.990000,0.037000,0
26,103,0.581600,1.015000,0.038480,0
26,104,0.364000,1.040000,0.034040,0
26,105,0.489800,0.990000,0.035520,0
26,106,0.615600,1.015000,0.037000,0
26,107,0.398000,1.040000,0.038480,0
26,108,0.523800,0.990000,0.034040,0
26,109,0.649600,1.015000,0.035520,0
26,110,0.432000,1.040000,0.037000,0
26,111,0.557800,0.990000,0.038480,0
26,112,0.340200,1.015000,0.034040,0
26,113,0.466000,1.040000,0.035520,0
26,114,0.591800,0.990000,0.037000,0
26,115,0.374200,1.015000,0.038480,0
26,116,0.500000,1.040000,0.034040,0
26,117,0.625800,0.990000,0.035520,0
26,118,0.408200,1.015000,0.037000,0
26,119,0.534000,1.040000,0.038480,0
26,120,0.659800,0.990000,0.034040,0
26,121,0.442200,1.015000,0.035520,0
26,122,0.568000,1.040000,0.037000,0
26,123,0.350400,0.990000,0.038480,0
26,124,0.476200,1.015000,0.034040,0
26,125,0.602000,1.040000,0.035520,0
26,126,0.384400,0.990000,0.037000,0
26,127,0.510200,1.015000,0.038480,0
26,128,0.636000,1.040000,0.034040,0
26,129,0.418400,0.990000,0.035520,0
26,130,0.544200,1.015000,0.037000,0
26,131,0.670000,1.040000,0.038480,0
26,132,0.452400,0.990000,0.034040,0
26,133,0.578200,1.015000,0.035520,0
26,134,0.360600,1.040000,0.037000,0
26,135,0.486400,0.990000,0.038480,0
26,136,0.612200,1.015000,0.034040,0
26,137,0.394600,1.040000,0.035520,0
26,138,0.520400,0.990000,0.037000,0
26,139,0.646200,1.015000,0.038480,0
26,140,0.428600,1.040000,0.034040,0
26,141,0.554400,0.990000,0.035520,0
26,142,0.336800,1.015000,0.037000,0
26,143,0.462600,1.040000,0.038480,0
26,144,0.588400,0.990000,0.034040,0
27,0,0.155294,0.034040,0.034040,1
27,1,0.401987,0.035520,0.035520,1
27,2,0.739552,0.037000,0.037000,1
27,3,0.255311,0.038480,0.038480,1
27,4,0.492161,0.034040,0.034040,1
27,5,0.646255,0.035520,0.035520,1
27,6,0.330347,0.046213,0.037000,1
27,7,0.571209,0.038480,0.038480,1
27,8,0.883634,0.034040,0.034040,1
27,9,0.449713,0.087922,0.035520,1
27,10,0.619221,0.102477,0.037000,1
27,11,0.155207,0.106536,0.038480,1
27,12,0.358890,0.111228,0.034040,1
27,13,0.690762,0.090604,0.035520,1
27,14,0.047252,0.038719,0.037000,1
27,15,0.523028,0.098484,0.038480,1
27,16,0.815555,0.034040,0.034040,1
27,17,0.229143,0.107458,0.035520,1
27,18,0.720108,0.156921,0.037000,1
27,19,0.930722,0.089782,0.038480,1
27,20,0.353350,0.179076,0.034040,1
27,21,0.416931,0.150798,0.035520,1
27,22,0.291739,0.143893,0.037000,1
27,23,0.569863,0.159504,0.038480,1
27,24,0.782502,0.093549,0.034040,1
27,25,0.280579,0.216121,0.035520,1
27,26,0.488066,0.165448,0.037000,1
27,27,0.645296,0.175253,0.038480,1
27,28,0.426531,0.219642,0.034040,1
27,29,0.541665,0.227888,0.035520,1
27,30,0.864318,0.127125,0.037000,1
27,31,0.479933,0.268694,0.038480,1
27,32,0.610540,0.239780,0.034040,1
27,33,0.363033,0.247908,0.035520,1
27,34,0.543861,0.308998,0.037000,1
27,35,0.682131,0.270577,0.038480,1
27,36,0.337379,0.312564,0.034040,1
27,37,0.521276,0.415955,0.035520,1
27,38,0.676934,0.493931,0.037000,1
27,39,0.416091,0.452857,0.038480,1
27,40,0.571037,0.563626,0.034040,1
27,41,0.306758,0.647578,0.035520,1
27,42,0.429727,0.676523,0.037000,1
27,43,0.586185,0.752028,0.038480,1
27,44,0.399446,0.791126,0.034040,1
27,45,0.479897,0.787959,0.035520,1
27,46,0.645220,0.843885,0.037000,1
27,47,0.397183,0.917031,0.038480,1
27,48,0.515023,0.906777,0.034040,1
27,49,0.680209,0.973076,0.035520,1
27,50,0.432796,0.993060,0.037000,1
27,51,0.568187,0.951277,0.038480,1
27,52,0.341341,1.004085,0.034040,1
27,53,0.493475,1.050394,0.035520,1
27,54,0.615624,1.009988,0.037000,1
27,55,0.381000,1.015000,0.038480,0
27,56,0.506800,1.040000,0.034040,0
27,57,0.632600,0.990000,0.035520,0
27,58,0.415000,1.015000,0.037000,0
27,59,0.540800,1.040000,0.038480,0
27,60,0.666600,0.990000,0.034040,0
27,61,0.449000,1.015000,0.035520,0
27,62,0.574800,1.040000,0.037000,0
27,63,0.357200,0.990000,0.038480,0
27,64,0.483000,1.015000,0.034040,0
27,65,0.608800,1.040000,0.035520,0
27,66,0.391200,0.990000,0.037000,0
27,67,0.517000,1.015000,0.038480,0
27,68,0.642800,1.040000,0.034040,0
27,69,0.425200,0.990000,0.035520,0
27,70,0.551000,1.015000,0.037000,0
27,71,0.333400,1.040000,0.038480,0
27,72,0.459200,0.990000,0.034040,0
27,73,0.585000,1.015000,0.035520,0
27,74,0.367400,1.040000,0.037000,0
27,75,0.493200,0.990000,0.038480,0
27,76,0.619000,1.015000,0.034040,0
27,77,0.401400,1.040000,0.035520,0
27,78,0.527200,0.990000,0.037000,0
27,79,0.653000,1.015000,0.038480,0
27,80,0.435400,1.040000,0.034040,0
27,81,0.561200,0.990000,0.035520,0
27,82,0.343600,1.015000,0.037000,0
27,83,0.469400,1.040000,0.038480,0
27,84,0.595200,0.990000,0.034040,0
27,85,0.377600,1.015000,0.035520,0
27,86,0.503400,1.040000,0.037000,0
27,87,0.629200,0.990000,0.038480,0
27,88,0.411600,1.015000,0.034040,0
27,89,0.537400,1.040000,0.035520,0
27,90,0.663200,0.990000,0.037000,0
27,91,0.445600,1.015000,0.038480,0
27,92,0.571400,1.040000,0.034040,0
27,93,0.353800,0.990000,0.035520,0
27,94,0.479600,1.015000,0.037000,0
27,95,0.605400,1.040000,0.038480,0
27,96,0.387800,0.990000,0.034040,0
27,97,0.513600,1.015000,0.035520,0
27,98,0.639400,1.040000,0.037000,0
27,99,0.421800,0.990000,0.038480,0
27,100,0.547600,1.015000,0.034040,0
27,101,0.330000,1.040000,0.035520,0
27,102,0.455800,0.990000,0.037000,0
27,103,0.581600,1.015000,0.038480,0
27,104,0.364000,1.040000,0.034040,0
27,105,0.489800,0.990000,0.035520,0
27,106,0.615600,1.015000,0.037000,0
27,107,0.398000,1.040000,0.038480,0
27,108,0.523800,0.990000,0.034040,0
27,109,0.649600,1.015000,0.035520,0
27,110,0.432000,1.040000,0.037000,0
27,111,0.557800,0.990000,0.038480,0
27,112,0.340200,1.015000,0.034040,0
27,113,0.466000,1.040000,0.035520,0
27,114,0.591800,0.990000,0.037000,0
27,115,0.374200,1.015000,0.038480,0
27,116,0.500000,1.040000,0.034040,0
27,117,0.625800,0.990000,0.035520,0
27,118,0.408200,1.015000,0.037000,0
27,119,0.534000,1.040000,0.038480,0
27,120,0.659800,0.990000,0.034040,0
27,121,0.442200,1.015000,0.035520,0
27,122,0.568000,1.040000,0.037000,0
27,123,0.350400,0.990000,0.038480,0
27,124,0.476200,1.015000,0.034040,0
27,125,0.602000,1.040000,0.035520,0
27,126,0.384400,0.990000,0.037000,0
27,127,0.510200,1.015000,0.038480,0
27,128,0.636000,1.040000,0.034040,0
27,129,0.418400,0.990000,0.035520,0
27,130,0.544200,1.015000,0.037000,0
27,131,0.670000,1.040000,0.038480,0
27,132,0.452400,0.990000,0.034040,0
27,133,0.578200,1.015000,0.035520,0
27,134,0.360600,1.040000,0.037000,0
27,135,0.486400,0.990000,0.038480,0
27,136,0.612200,1.015000,0.034040,0
27,137,0.394600,1.040000,0.035520,0
27,138,0.520400,0.990000,0.037000,0
27,139,0.646200,1.015000,0.038480,0
27,140,0.428600,1.040000,0.034040,0
27,141,0.554400,0.990000,0.035520,0
27,142,0.336800,1.015000,0.037000,0
27,143,0.462600,1.040000,0.038480,0
27,144,0.588400,0.990000,0.034040,0
28,0,0.155414,0.034040,0.034040,1
28,1,0.401666,0.035520,0.035520,1
28,2,0.747010,0.037000,0.037000,1
28,3,0.248265,0.038480,0.038480,1
28,4,0.493065,0.034040,0.034040,1
28,5,0.646886,0.035520,0.035520,1
28,6,0.323567,0.037000,0.037000,1
28,7,0.571138,0.038480,0.038480,1
28,8,0.888244,0.034040,0.034040,1
28,9,0.449543,0.087816,0.035520,1
28,10,0.614813,0.099842,0.037000,1
28,11,0.126958,0.100765,0.038480,1
28,12,0.364409,0.094068,0.034040,1
28,13,0.695092,0.087319,0.035520,1
28,14,0.037837,0.037000,0.037000,1
28,15,0.523823,0.099008,0.038480,1
28,16,0.820298,0.034040,0.034040,1
28,17,0.200726,0.094913,0.035520,1
28,18,0.741622,0.144221,0.037000,1
28,19,0.959012,0.049799,0.038480,1
28,20,0.332459,0.154310,0.034040,1
28,21,0.409620,0.146589,0.035520,1
28,22,0.272994,0.110516,0.037000,1
28,23,0.570194,0.160207,0.038480,1
28,24,0.794208,0.096458,0.034040,1
28,25,0.264926,0.183532,0.035520,1
28,26,0.480684,0.160926,0.037000,1
28,27,0.667188,0.155794,0.038480,1
28,28,0.430729,0.212850,0.034040,1
28,29,0.524891,0.218358,0.035520,1
28,30,0.903622,0.103429,0.037000,1
28,31,0.473514,0.271406,0.038480,1
28,32,0.621177,0.211770,0.034040,1
28,33,0.361372,0.217571,0.035520,1
28,34,0.587994,0.274584,0.037000,1
28,35,0.727341,0.218252,0.038480,1
28,36,0.304717,0.258238,0.034040,1
28,37,0.527887,0.321601,0.035520,1
28,38,0.680195,0.349742,0.037000,1
28,39,0.411411,0.316844,0.038480,1
28,40,0.570774,0.436799,0.034040,1
28,41,0.303468,0.527460,0.035520,1
28,42,0.428421,0.565412,0.037000,1
28,43,0.587822,0.649917,0.038480,1
28,44,0.405765,0.695319,0.034040,1
28,45,0.475126,0.701305,0.035520,1
28,46,0.643520,0.765130,0.037000,1
28,47,0.397183,0.846261,0.038480,1
28,48,0.517064,0.842913,0.034040,1
28,49,0.686770,0.917705,0.035520,1
28,50,0.430644,0.942441,0.037000,1
28,51,0.565928,0.913460,0.038480,1
28,52,0.330495,0.964604,0.034040,1
28,53,0.479932,1.006495,0.035520,1
28,54,0.622364,0.995431,0.037000,1
28,55,0.384063,1.021768,0.038480,1
28,56,0.523513,1.060710,0.034040,1
28,57,0.632600,0.990000,0.035520,0
28,58,0.415000,1.015000,0.037000,0
28,59,0.540800,1.040000,0.038480,0
28,60,0.666600,0.990000,0.034040,0
28,61,0.449000,1.015000,0.035520,0
28,62,0.574800,1.040000,0.037000,0
28,63,0.357200,0.990000,0.038480,0
28,64,0.483000,1.015000,0.034040,0
28,65,0.608800,1.040000,0.035520,0
28,66,0.391200,0.990000,0.037000,0
28,67,0.517000,1.015000,0.038480,0
28,68,0.642800,1.040000,0.034040,0
28,69,0.425200,0.990000,0.035520,0
28,70,0.551000,1.015000,0.037000,0
28,71,0.333400,1.040000,0.038480,0
28,72,0.459200,0.990000,0.034040,0
28,73,0.585000,1.015000,0.035520,0
28,74,0.367400,1.040000,0.037000,0
28,75,0.493200,0.990000,0.038480,0
28,76,0.619000,1.015000,0.034040,0
28,77,0.401400,1.040000,0.035520,0
28,78,0.527200,0.990000,0.037000,0
28,79,0.653000,1.015000,0.038480,0
28,80,0.435400,1.040000,0.034040,0
28,81,0.561200,0.990000,0.035520,0
28,82,0.343600,1.015000,0.037000,0
28,83,0.469400,1.040000,0.038480,0
28,84,0.595200,0.990000,0.034040,0
28,85,0.377600,1.015000,0.035520,0
28,86,0.503400,1.040000,0.037000,0
28,87,0.629200,0.990000,0.038480,0
28,88,0.411600,1.015000,0.034040,0
28,89,0.537400,1.040000,0.035520,0
28,90,0.663200,0.990000,0.037000,0
28,91,0.445600,1.015000,0.038480,0
28,92,0.571400,1.040000,0.034040,0
28,93,0.353800,0.990000,0.035520,0
28,94,0.479600,1.015000,0.037000,0
28,95,0.605400,1.040000,0.038480,0
28,96,0.387800,0.990000,0.034040,0
28,97,0.513600,1.015000,0.035520,0
28,98,0.639400,1.040000,0.037000,0
28,99,0.421800,0.990000,0.038480,0
28,100,0.547600,1.015000,0.034040,0
28,101,0.330000,1.040000,0.035520,0
28,102,0.455800,0.990000,0.037000,0
28,103,0.581600,1.015000,0.038480,0
28,104,0.364000,1.040000,0.034040,0
28,105,0.489800,0.990000,0.035520,0
28,106,0.615600,1.015000,0.037000,0
28,107,0.398000,1.040000,0.038480,0
28,108,0.523800,0.990000,0.034040,0
28,109,0.649600,1.015000,0.035520,0
28,110,0.432000,1.040000,0.037000,0
28,111,0.557800,0.990000,0.038480,0
28,112,0.340200,1.015000,0.034040,0
28,113,0.466000,1.040000,0.035520,0
28,114,0.591800,0.990000,0.037000,0
28,115,0.374200,1.015000,0.038480,0
28,116,0.500000,1.040000,0.034040,0
28,117,0.625800,0.990000,0.035520,0
28,118,0.408200,1.015000,0.037000,0
28,119,0.534000,1.040000,0.038480,0
28,120,0.659800,0.990000,0.034040,0
28,121,0.442200,1.015000,0.035520,0
28,122,0.568000,1.040000,0.037000,0
28,123,0.350400,0.990000,0.038480,0
28,124,0.476200,1.015000,0.034040,0
28,125,0.602000,1.040000,0.035520,0
28,126,0.384400,0.990000,0.037000,0
28,127,0.510200,1.015000,0.038480,0
28,128,0.636000,1.040000,0.034040,0
28,129,0.418400,0.990000,0.035520,0
28,130,0.544200,1.015000,0.037000,0
28,131,0.670000,1.040000,0.038480,0
28,132,0.452400,0.990000,0.034040,0
28,133,0.578200,1.015000,0.035520,0
28,134,0.360600,1.040000,0.037000,0
28,135,0.486400,0.990000,0.038480,0
28,136,0.612200,1.015000,0.034040,0
28,137,0.394600,1.040000,0.035520,0
28,138,0.520400,0.990000,0.037000,0
28,139,0.646200,1.015000,0.038480,0
28,140,0.428600,1.040000,0.034040,0
28,141,0.554400,0.990000,0.035520,0
28,142,0.336800,1.015000,0.037000,0
28,143,0.462600,1.040000,0.038480,0
28,144,0.588400,0.990000,0.034040,0
29,0,0.153512,0.034040,0.034040,1
29,1,0.404906,0.035520,0.035520,1
29,2,0.751450,0.037000,0.037000,1
29,3,0.230702,0.038480,0.038480,1
29,4,0.488173,0.034040,0.034040,1
29,5,0.646254,0.035520,0.035520,1
29,6,0.314303,0.037000,0.037000,1
29,7,0.572461,0.038480,0.038480,1
29,8,0.889892,0.034040,0.034040,1
29,9,0.448621,0.090159,0.035520,1
29,10,0.620340,0.102560,0.037000,1
29,11,0.098602,0.083060,0.038480,1
29,12,0.362101,0.089285,0.034040,1
29,13,0.697379,0.083875,0.035520,1
29,14,0.037857,0.037000,0.037000,1
29,15,0.522313,0.096793,0.038480,1
29,16,0.822020,0.034040,0.034040,1
29,17,0.184232,0.096432,0.035520,1
29,18,0.752075,0.132501,0.037000,1
29,19,0.961520,0.038501,0.038480,1
29,20,0.319901,0.142697,0.034040,1
29,21,0.403362,0.145200,0.035520,1
29,22,0.257642,0.108591,0.037000,1
29,23,0.568946,0.157793,0.038480,1
29,24,0.816143,0.101809,0.034040,1
29,25,0.228289,0.174906,0.035520,1
29,26,0.475985,0.157071,0.037000,1
29,27,0.675851,0.154400,0.038480,1
29,28,0.427123,0.210538,0.034040,1
29,29,0.520766,0.213897,0.035520,1
29,30,0.928984,0.106333,0.037000,1
29,31,0.465773,0.271900,0.038480,1
29,32,0.623911,0.204953,0.034040,1
29,33,0.358135,0.200773,0.035520,1
29,34,0.622223,0.275947,0.037000,1
29,35,0.774399,0.205520,0.038480,1
29,36,0.284603,0.216100,0.034040,1
29,37,0.543118,0.281249,0.035520,1
29,38,0.698464,0.226413,0.037000,1
29,39,0.385108,0.269682,0.038480,1
29,40,0.585218,0.336622,0.034040,1
29,41,0.300178,0.391143,0.035520,1
29,42,0.427116,0.438100,0.037000,1
29,43,0.589459,0.531606,0.038480,1
29,44,0.406085,0.583123,0.034040,1
29,45,0.476350,0.599210,0.035520,1
29,46,0.641821,0.670176,0.037000,1
29,47,0.397183,0.759291,0.038480,1
29,48,0.520286,0.763869,0.034040,1
29,49,0.693330,0.846135,0.035520,1
29,50,0.424220,0.879711,0.037000,1
29,51,0.562706,0.858718,0.038480,1
29,52,0.330495,0.917406,0.034040,1
29,53,0.483202,0.967416,0.035520,1
29,54,0.608251,0.941324,0.037000,1
29,55,0.361580,0.992045,0.038480,1
29,56,0.520223,1.045820,0.034040,1
29,57,0.653214,1.007541,0.035520,1
29,58,0.431053,1.021554,0.037000,1
29,59,0.540800,1.040000,0.038480,0
29,60,0.666600,0.990000,0.034040,0
29,61,0.449000,1.015000,0.035520,0
29,62,0.574800,1.040000,0.037000,0
29,63,0.357200,0.990000,0.038480,0
29,64,0.483000,1.015000,0.034040,0
29,65,0.608800,1.040000,0.035520,0
29,66,0.391200,0.990000,0.037000,0
29,67,0.517000,1.015000,0.038480,0
29,68,0.642800,1.040000,0.034040,0
29,69,0.425200,0.990000,0.035520,0
29,70,0.551000,1.015000,0.037000,0
29,71,0.333400,1.040000,0.038480,0
29,72,0.459200,0.990000,0.034040,0
29,73,0.585000,1.015000,0.035520,0
29,74,0.367400,1.040000,0.037000,0
29,75,0.493200,0.990000,0.038480,0
29,76,0.619000,1.015000,0.034040,0
29,77,0.401400,1.040000,0.035520,0
29,78,0.527200,0.990000,0.037000,0
29,79,0.653000,1.015000,0.038480,0
29,80,0.435400,1.040000,0.034040,0
29,81,0.561200,0.990000,0.035520,0
29,82,0.343600,1.015000,0.037000,0
29,83,0.469400,1.040000,0.038480,0
29,84,0.595200,0.990000,0.034040,0
29,85,0.377600,1.015000,0.035520,0
29,86,0.503400,1.040000,0.037000,0
29,87,0.629200,0.990000,0.038480,0
29,88,0.411600,1.015000,0.034040,0
29,89,0.537400,1.040000,0.035520,0
29,90,0.663200,0.990000,0.037000,0
29,91,0.445600,1.015000,0.038480,0
29,92,0.571400,1.040000,0.034040,0
29,93,0.353800,0.990000,0.035520,0
29,94,0.479600,1.015000,0.037000,0
29,95,0.605400,1.040000,0.038480,0
29,96,0.387800,0.990000,0.034040,0
29,97,0.513600,1.015000,0.035520,0
29,98,0.639400,1.040000,0.037000,0
29,99,0.421800,0.990000,0.038480,0
29,100,0.547600,1.015000,0.034040,0
29,101,0.330000,1.040000,0.035520,0
29,102,0.455800,0.990000,0.037000,0
29,103,0.581600,1.015000,0.038480,0
29,104,0.364000,1.040000,0.034040,0
29,105,0.489800,0.990000,0.035520,0
29,106,0.615600,1.015000,0.037000,0
29,107,0.398000,1.040000,0.038480,0
29,108,0.523800,0.990000,0.034040,0
29,109,0.649600,1.015000,0.035520,0
29,110,0.432000,1.040000,0.037000,0
29,111,0.557800,0.990000,0.038480,0
29,112,0.340200,1.015000,0.034040,0
29,113,0.466000,1.040000,0.035520,0
29,114,0.591800,0.990000,0.037000,0
29,115,0.374200,1.015000,0.038480,0
29,116,0.500000,1.040000,0.034040,0
29,117,0.625800,0.990000,0.035520,0
29,118,0.408200,1.015000,0.037000,0
29,119,0.534000,1.040000,0.038480,0
29,120,0.659800,0.990000,0.034040,0
29,121,0.442200,1.015000,0.035520,0
29,122,0.568000,1.040000,0.037000,0
29,123,0.350400,0.990000,0.038480,0
29,124,0.476200,1.015000,0.034040,0
29,125,0.602000,1.040000,0.035520,0
29,126,0.384400,0.990000,0.037000,0
29,127,0.510200,1.015000,0.038480,0
29,128,0.636000,1.040000,0.034040,0
29,129,0.418400,0.990000,0.035520,0
29,130,0.544200,1.015000,0.037000,0
29,131,0.670000,1.040000,0.038480,0
29,132,0.452400,0.990000,0.034040,0
29,133,0.578200,1.015000,0.035520,0
29,134,0.360600,1.040000,0.037000,0
29,135,0.486400,0.990000,0.038480,0
29,136,0.612200,1.015000,0.034040,0
29,137,0.394600,1.040000,0.035520,0
29,138,0.520400,0.990000,0.037000,0
29,139,0.646200,1.015000,0.038480,0
29,140,0.428600,1.040000,0.034040,0
29,141,0.554400,0.990000,0.035520,0
29,142,0.336800,1.015000,0.037000,0
29,143,0.462600,1.040000,0.038480,0
29,144,0.588400,0.990000,0.034040,0
30,0,0.152744,0.034040,0.034040,1
30,1,0.401379,0.035520,0.035520,1
30,2,0.750440,0.037000,0.037000,1
30,3,0.228707,0.038480,0.038480,1
30,4,0.488754,0.034040,0.034040,1
30,5,0.644045,0.035520,0.035520,1
30,6,0.307364,0.037000,0.037000,1
30,7,0.569253,0.038480,0.038480,1
30,8,0.889346,0.034040,0.034040,1
30,9,0.447193,0.088923,0.035520,1
30,10,0.620226,0.102920,0.037000,1
30,11,0.097977,0.081434,0.038480,1
30,12,0.356807,0.087886,0.034040,1
30,13,0.695283,0.083713,0.035520,1
30,14,0.037000,0.037000,0.037000,1
30,15,0.520577,0.098381,0.038480,1
30,16,0.821300,0.034040,0.034040,1
30,17,0.170747,0.100836,0.035520,1
30,18,0.762823,0.110181,0.037000,1
30,19,0.961520,0.038480,0.038480,1
30,20,0.308979,0.136105,0.034040,1
30,21,0.400239,0.142185,0.035520,1
30,22,0.242125,0.112456,0.037000,1
30,23,0.568972,0.158136,0.038480,1
30,24,0.833696,0.100584,0.034040,1
30,25,0.190121,0.169260,0.035520,1
30,26,0.472615,0.156737,0.037000,1
30,27,0.678823,0.155830,0.038480,1
30,28,0.423247,0.207835,0.034040,1
30,29,0.518864,0.212480,0.035520,1
30,30,0.942036,0.111340,0.037000,1
30,31,0.467605,0.265873,0.038480,1
30,32,0.624887,0.204308,0.034040,1
30,33,0.349879,0.192213,0.035520,1
30,34,0.666706,0.261858,0.037000,1
30,35,0.840235,0.172809,0.038480,1
30,36,0.259932,0.183356,0.034040,1
30,37,0.559861,0.270449,0.035520,1
30,38,0.744267,0.198654,0.037000,1
30,39,0.373110,0.262403,0.038480,1
30,40,0.612171,0.316299,0.034040,1
30,41,0.298722,0.241729,0.035520,1
30,42,0.417753,0.323265,0.037000,1
30,43,0.591096,0.397094,0.038480,1
30,44,0.406405,0.454728,0.034040,1
30,45,0.477574,0.480916,0.035520,1
30,46,0.640121,0.559021,0.037000,1
30,47,0.397183,0.656120,0.038480,1
30,48,0.523507,0.668626,0.034040,1
30,49,0.699891,0.758364,0.035520,1
30,50,0.417796,0.800782,0.037000,1
30,51,0.559485,0.787775,0.038480,1
30,52,0.330495,0.854008,0.034040,1
30,53,0.486473,0.912138,0.035520,1
30,54,0.614733,0.894280,0.037000,1
30,55,0.355059,0.952986,0.038480,1
30,56,0.499022,1.007603,0.034040,1
30,57,0.627458,0.974376,0.035520,1
30,58,0.426995,1.005774,0.037000,1
30,59,0.569539,1.042841,0.038480,1
30,60,0.692136,0.999977,0.034040,1
30,61,0.449000,1.015000,0.035520,0
30,62,0.574800,1.040000,0.037000,0
30,63,0.357200,0.990000,0.038480,0
30,64,0.483000,1.015000,0.034040,0
30,65,0.608800,1.040000,0.035520,0
30,66,0.391200,0.990000,0.037000,0
30,67,0.517000,1.015000,0.038480,0
30,68,0.642800,1.040000,0.034040,0
30,69,0.425200,0.990000,0.035520,0
30,70,0.551000,1.015000,0.037000,0
30,71,0.333400,1.040000,0.038480,0
30,72,0.459200,0.990000,0.034040,0
30,73,0.585000,1.015000,0.035520,0
30,74,0.367400,1.040000,0.037000,0
30,75,0.493200,0.990000,0.038480,0
30,76,0.619000,1.015000,0.034040,0
30,77,0.401400,1.040000,0.035520,0
30,78,0.527200,0.990000,0.037000,0
30,79,0.653000,1.015000,0.038480,0
30,80,0.435400,1.040000,0.034040,0
30,81,0.561200,0.990000,0.035520,0
30,82,0.343600,1.015000,0.037000,0
30,83,0.469400,1.040000,0.038480,0
30,84,0.595200,0.990000,0.034040,0
30,85,0.377600,1.015000,0.035520,0
30,86,0.503400,1.040000,0.037000,0
30,87,0.629200,0.990000,0.038480,0
30,88,0.411600,1.015000,0.034040,0
30,89,0.537400,1.040000,0.035520,0
30,90,0.663200,0.990000,0.037000,0
30,91,0.445600,1.015000,0.038480,0
30,92,0.571400,1.040000,0.034040,0
30,93,0.353800,0.990000,0.035520,0
30,94,0.479600,1.015000,0.037000,0
30,95,0.605400,1.040000,0.038480,0
30,96,0.387800,0.990000,0.034040,0
30,97,0.513600,1.015000,0.035520,0
30,98,0.639400,1.040000,0.037000,0
30,99,0.421800,0.990000,0.038480,0
30,100,0.547600,1.015000,0.034040,0
30,101,0.330000,1.040000,0.035520,0
30,102,0.455800,0.990000,0.037000,0
30,103,0.581600,1.015000,0.038480,0
30,104,0.364000,1.040000,0.034040,0
30,105,0.489800,0.990000,0.035520,0
30,106,0.615600,1.015000,0.037000,0
30,107,0.398000,1.040000,0.038480,0
30,108,0.523800,0.990000,0.034040,0
30,109,0.649600,1.015000,0.035520,0
30,110,0.432000,1.040000,0.037000,0
30,111,0.557800,0.990000,0.038480,0
30,112,0.340200,1.015000,0.034040,0
30,113,0.466000,1.040000,0.035520,0
30,114,0.591800,0.990000,0.037000,0
30,115,0.374200,1.015000,0.038480,0
30,116,0.500000,1.040000,0.034040,0
30,117,0.625800,0.990000,0.035520,0
30,118,0.408200,1.015000,0.037000,0
30,119,0.534000,1.040000,0.038480,0
30,120,0.659800,0.990000,0.034040,0
30,121,0.442200,1.015000,0.035520,0
30,122,0.568000,1.040000,0.037000,0
30,123,0.350400,0.990000,0.038480,0
30,124,0.476200,1.015000,0.034040,0
30,125,0.602000,1.040000,0.035520,0
30,126,0.384400,0.990000,0.037000,0
30,127,0.510200,1.015000,0.038480,0
30,128,0.636000,1.040000,0.034040,0
30,129,0.418400,0.990000,0.035520,0
30,130,0.544200,1.015000,0.037000,0
30,131,0.670000,1.040000,0.038480,0
30,132,0.452400,0.990000,0.034040,0
30,133,0.578200,1.015000,0.035520,0
30,134,0.360600,1.040000,0.037000,0
30,135,0.486400,0.990000,0.038480,0
30,136,0.612200,1.015000,0.034040,0
30,137,0.394600,1.040000,0.035520,0
30,138,0.520400,0.990000,0.037000,0
30,139,0.646200,1.015000,0.038480,0
30,140,0.428600,1.040000,0.034040,0
30,141,0.554400,0.990000,0.035520,0
30,142,0.336800,1.015000,0.037000,0
30,143,0.462600,1.040000,0.038480,0
30,144,0.588400,0.990000,0.034040,0
31,0,0.151561,0.034040,0.034040,1
31,1,0.402502,0.035520,0.035520,1
31,2,0.751772,0.037000,0.037000,1
31,3,0.223948,0.038480,0.038480,1
31,4,0.499770,0.034040,0.034040,1
31,5,0.648308,0.035520,0.035520,1
31,6,0.302220,0.037000,0.037000,1
31,7,0.572271,0.038480,0.038480,1
31,8,0.890074,0.034040,0.034040,1
31,9,0.453101,0.084533,0.035520,1
31,10,0.628992,0.104345,0.037000,1
31,11,0.085464,0.094413,0.038480,1
31,12,0.354488,0.085017,0.034040,1
31,13,0.698857,0.084379,0.035520,1
31,14,0.037000,0.037000,0.037000,1
31,15,0.525620,0.100617,0.038480,1
31,16,0.822257,0.034040,0.034040,1
31,17,0.158783,0.103150,0.035520,1
31,18,0.784193,0.102751,0.037000,1
31,19,0.961520,0.038480,0.038480,1
31,20,0.300239,0.125960,0.034040,1
31,21,0.402885,0.134881,0.035520,1
31,22,0.230386,0.113499,0.037000,1
31,23,0.576724,0.158042,0.038480,1
31,24,0.854687,0.093956,0.034040,1
31,25,0.148036,0.173371,0.035520,1
31,26,0.472616,0.154249,0.037000,1
31,27,0.689422,0.157517,0.038480,1
31,28,0.420315,0.202324,0.034040,1
31,29,0.521862,0.207298,0.035520,1
31,30,0.956947,0.113754,0.037000,1
31,31,0.469459,0.259275,0.038480,1
31,32,0.633333,0.203284,0.034040,1
31,33,0.346457,0.177862,0.035520,1
31,34,0.722080,0.225566,0.037000,1
31,35,0.897269,0.159968,0.038480,1
31,36,0.217227,0.183310,0.034040,1
31,37,0.580036,0.247927,0.035520,1
31,38,0.784803,0.176748,0.037000,1
31,39,0.342996,0.251741,0.038480,1
31,40,0.652254,0.268682,0.034040,1
31,41,0.280531,0.212232,0.035520,1
31,42,0.403811,0.296379,0.037000,1
31,43,0.578692,0.321915,0.038480,1
31,44,0.402881,0.367413,0.034040,1
31,45,0.478798,0.346422,0.035520,1
31,46,0.638421,0.431667,0.037000,1
31,47,0.397183,0.536750,0.038480,1
31,48,0.526729,0.557183,0.034040,1
31,49,0.706451,0.654393,0.035520,1
31,50,0.411372,0.705652,0.037000,1
31,51,0.556263,0.700633,0.038480,1
31,52,0.330495,0.774411,0.034040,1
31,53,0.489743,0.840660,0.035520,1
31,54,0.621215,0.831036,0.037000,1
31,55,0.348538,0.897727,0.038480,1
31,56,0.505657,0.959035,0.034040,1
31,57,0.627458,0.935297,0.035520,1
31,58,0.413497,0.957290,0.037000,1
31,59,0.577818,0.992183,0.038480,1
31,60,0.685556,0.985087,0.034040,1
31,61,0.454115,1.029131,0.035520,1
31,62,0.573042,1.067511,0.037000,1
31,63,0.357200,0.990000,0.038480,0
31,64,0.483000,1.015000,0.034040,0
31,65,0.608800,1.040000,0.035520,0
31,66,0.391200,0.990000,0.037000,0
31,67,0.517000,1.015000,0.038480,0
31,68,0.642800,1.040000,0.034040,0
31,69,0.425200,0.990000,0.035520,0
31,70,0.551000,1.015000,0.037000,0
31,71,0.333400,1.040000,0.038480,0
31,72,0.459200,0.990000,0.034040,0
31,73,0.585000,1.015000,0.035520,0
31,74,0.367400,1.040000,0.037000,0
31,75,0.493200,0.990000,0.038480,0
31,76,0.619000,1.015000,0.034040,0
31,77,0.401400,1.040000,0.035520,0
31,78,0.527200,0.990000,0.037000,0
31,79,0.653000,1.015000,0.038480,0
31,80,0.435400,1.040000,0.034040,0
31,81,0.561200,0.990000,0.035520,0
31,82,0.343600,1.015000,0.037000,0
31,83,0.469400,1.040000,0.038480,0
31,84,0.595200,0.990000,0.034040,0
31,85,0.377600,1.015000,0.035520,0
31,86,0.503400,1.040000,0.037000,0
31,87,0.629200,0.990000,0.038480,0
31,88,0.411600,1.015000,0.034040,0
31,89,0.537400,1.040000,0.035520,0
31,90,0.663200,0.990000,0.037000,0
31,91,0.445600,1.015000,0.038480,0
31,92,0.571400,1.040000,0.034040,0
31,93,0.353800,0.990000,0.035520,0
31,94,0.479600,1.015000,0.037000,0
31,95,0.605400,1.040000,0.038480,0
31,96,0.387800,0.990000,0.034040,0
31,97,0.513600,1.015000,0.035520,0
31,98,0.639400,1.040000,0.037000,0
31,99,0.421800,0.990000,0.038480,0
31,100,0.547600,1.015000,0.034040,0
31,101,0.330000,1.040000,0.035520,0
31,102,0.455800,0.990000,0.037000,0
31,103,0.581600,1.015000,0.038480,0
31,104,0.364000,1.040000,0.034040,0
31,105,0.489800,0.990000,0.035520,0
31,106,0.615600,1.015000,0.037000,0
31,107,0.398000,1.040000,0.038480,0
31,108,0.523800,0.990000,0.034040,0
31,109,0.649600,1.015000,0.035520,0
31,110,0.432000,1.040000,0.037000,0
31,111,0.557800,0.990000,0.038480,0
31,112,0.340200,1.015000,0.034040,0
31,113,0.466000,1.040000,0.035520,0
31,114,0.591800,0.990000,0.037000,0
31,115,0.374200,1.015000,0.038480,0
31,116,0.500000,1.040000,0.034040,0
31,117,0.625800,0.990000,0.035520,0
31,118,0.408200,1.015000,0.037000,0
31,119,0.534000,1.040000,0.038480,0
31,120,0.659800,0.990000,0.034040,0
31,121,0.442200,1.015000,0.035520,0
31,122,0.568000,1.040000,0.037000,0
31,123,0.350400,0.990000,0.038480,0
31,124,0.476200,1.015000,0.034040,0
31,125,0.602000,1.040000,0.035520,0
31,126,0.384400,0.990000,0.037000,0
31,127,0.510200,1.015000,0.038480,0
31,128,0.636000,1.040000,0.034040,0
31,129,0.418400,0.990000,0.035520,0
31,130,0.544200,1.015000,0.037000,0
31,131,0.670000,1.040000,0.038480,0
31,132,0.452400,0.990000,0.034040,0
31,133,0.578200,1.015000,0.035520,0
31,134,0.360600,1.040000,0.037000,0
31,135,0.486400,0.990000,0.038480,0
31,136,0.612200,1.015000,0.034040,0
31,137,0.394600,1.040000,0.035520,0
31,138,0.520400,0.990000,0.037000,0
31,139,0.646200,1.015000,0.038480,0
31,140,0.428600,1.040000,0.034040,0
31,141,0.554400,0.990000,0.035520,0
31,142,0.336800,1.015000,0.037000,0
31,143,0.462600,1.040000,0.038480,0
31,144,0.588400,0.990000,0.034040,0
32,0,0.148354,0.034040,0.034040,1
32,1,0.402553,0.035520,0.035520,1
32,2,0.751116,0.037000,0.037000,1
32,3,0.220584,0.038480,0.038480,1
32,4,0.504539,0.034040,0.034040,1
32,5,0.651757,0.035520,0.035520,1
32,6,0.295903,0.037000,0.037000,1
32,7,0.576869,0.038490,0.038480,1
32,8,0.889725,0.034040,0.034040,1
32,9,0.455432,0.082292,0.035520,1
32,10,0.629056,0.103669,0.037000,1
32,11,0.072989,0.102775,0.038480,1
32,12,0.350834,0.081404,0.034040,1
32,13,0.699720,0.087363,0.035520,1
32,14,0.037000,0.037000,0.037000,1
32,15,0.526544,0.102288,0.038480,1
32,16,0.821808,0.034040,0.034040,1
32,17,0.146903,0.103485,0.035520,1
32,18,0.793343,0.099063,0.037000,1
32,19,0.961520,0.038480,0.038480,1
32,20,0.289659,0.111005,0.034040,1
32,21,0.401863,0.127997,0.035520,1
32,22,0.218643,0.113604,0.037000,1
32,23,0.578286,0.159097,0.038480,1
32,24,0.870981,0.099377,0.034040,1
32,25,0.111146,0.166179,0.035520,1
32,26,0.470299,0.153330,0.037000,1
32,27,0.714794,0.159780,0.038480,1
32,28,0.397197,0.196693,0.034040,1
32,29,0.520719,0.205615,0.035520,1
32,30,0.963000,0.113934,0.037000,1
32,31,0.455289,0.240183,0.038480,1
32,32,0.646718,0.184729,0.034040,1
32,33,0.336727,0.162696,0.035520,1
32,34,0.771546,0.209544,0.037000,1
32,35,0.907191,0.164731,0.038480,1
32,36,0.181559,0.174296,0.034040,1
32,37,0.593685,0.231426,0.035520,1
32,38,0.830360,0.164250,0.037000,1
32,39,0.313729,0.233003,0.038480,1
32,40,0.691368,0.239138,0.034040,1
32,41,0.258921,0.173910,0.035520,1
32,42,0.381463,0.265497,0.037000,1
32,43,0.563803,0.299116,0.038480,1
32,44,0.397933,0.334329,0.034040,1
32,45,0.490078,0.305489,0.035520,1
32,46,0.648333,0.295677,0.037000,1
32,47,0.397173,0.406845,0.038480,1
32,48,0.529951,0.429540,0.034040,1
32,49,0.713012,0.534222,0.035520,1
32,50,0.404948,0.594323,0.037000,1
32,51,0.553041,0.597290,0.038480,1
32,52,0.330495,0.678613,0.034040,1
32,53,0.493014,0.752981,0.035520,1
32,54,0.627697,0.751591,0.037000,1
32,55,0.342016,0.826268,0.038480,1
32,56,0.507314,0.897079,0.034040,1
32,57,0.627458,0.880019,0.035520,1
32,58,0.411839,0.909707,0.037000,1
32,59,0.584300,0.953238,0.038480,1
32,60,0.678975,0.953996,0.034040,1
32,61,0.433418,1.001550,0.035520,1
32,62,0.573042,1.052641,0.037000,1
32,63,0.358960,0.984352,0.038480,1
32,64,0.500646,1.019412,0.034040,1
32,65,0.608800,1.040000,0.035520,0
32,66,0.391200,0.990000,0.037000,0
32,67,0.517000,1.015000,0.038480,0
32,68,0.642800,1.040000,0.034040,0
32,69,0.425200,0.990000,0.035520,0
32,70,0.551000,1.015000,0.037000,0
32,71,0.333400,1.040000,0.038480,0
32,72,0.459200,0.990000,0.034040,0
32,73,0.585000,1.015000,0.035520,0
32,74,0.367400,1.040000,0.037000,0
32,75,0.493200,0.990000,0.038480,0
32,76,0.619000,1.015000,0.034040,0
32,77,0.401400,1.040000,0.035520,0
32,78,0.527200,0.990000,0.037000,0
32,79,0.653000,1.015000,0.038480,0
32,80,0.435400,1.040000,0.034040,0
32,81,0.561200,0.990000,0.035520,0
32,82,0.343600,1.015000,0.037000,0
32,83,0.469400,1.040000,0.038480,0
32,84,0.595200,0.990000,0.034040,0
32,85,0.377600,1.015000,0.035520,0
32,86,0.503400,1.040000,0.037000,0
32,87,0.629200,0.990000,0.038480,0
32,88,0.411600,1.015000,0.034040,0
32,89,0.537400,1.040000,0.035520,0
32,90,0.663200,0.990000,0.037000,0
32,91,0.445600,1.015000,0.038480,0
32,92,0.571400,1.040000,0.034040,0
32,93,0.353800,0.990000,0.035520,0
32,94,0.479600,1.015000,0.037000,0
32,95,0.605400,1.040000,0.038480,0
32,96,0.387800,0.990000,0.034040,0
32,97,0.513600,1.015000,0.035520,0
32,98,0.639400,1.040000,0.037000,0
32,99,0.421800,0.990000,0.038480,0
32,100,0.547600,1.015000,0.034040,0
32,101,0.330000,1.040000,0.035520,0
32,102,0.455800,0.990000,0.037000,0
32,103,0.581600,1.015000,0.038480,0
32,104,0.364000,1.040000,0.034040,0
32,105,0.489800,0.990000,0.035520,0
32,106,0.615600,1.015000,0.037000,0
32,107,0.398000,1.040000,0.038480,0
32,108,0.523800,0.990000,0.034040,0
32,109,0.649600,1.015000,0.035520,0
32,110,0.432000,1.040000,0.037000,0
32,111,0.557800,0.990000,0.038480,0
32,112,0.340200,1.015000,0.034040,0
32,113,0.466000,1.040000,0.035520,0
32,114,0.591800,0.990000,0.037000,0
32,115,0.374200,1.015000,0.038480,0
32,116,0.500000,1.040000,0.034040,0
32,117,0.625800,0.990000,0.035520,0
32,118,0.408200,1.015000,0.037000,0
32,119,0.534000,1.040000,0.038480,0
32,120,0.659800,0.990000,0.034040,0
32,121,0.442200,1.015000,0.035520,0
32,122,0.568000,1.040000,0.037000,0
32,123,0.350400,0.990000,0.038480,0
32,124,0.476200,1.015000,0.034040,0
32,125,0.602000,1.040000,0.035520,0
32,126,0.384400,0.990000,0.037000,0
32,127,0.510200,1.015000,0.038480,0
32,128,0.636000,1.040000,0.034040,0
32,129,0.418400,0.990000,0.035520,0
32,130,0.544200,1.015000,0.037000,0
32,131,0.670000,1.040000,0.038480,0
32,132,0.452400,0.990000,0.034040,0
32,133,0.578200,1.015000,0.035520,0
32,134,0.360600,1.040000,0.037000,0
32,135,0.486400,0.990000,0.038480,0
32,136,0.612200,1.015000,0.034040,0
32,137,0.394600,1.040000,0.035520,0
32,138,0.520400,0.990000,0.037000,0
32,139,0.646200,1.015000,0.038480,0
32,140,0.428600,1.040000,0.034040,0
32,141,0.554400,0.990000,0.035520,0
32,142,0.336800,1.015000,0.037000,0
32,143,0.462600,1.040000,0.038480,0
32,144,0.588400,0.990000,0.034040,0
33,0,0.141051,0.034040,0.034040,1
33,1,0.399634,0.035520,0.035520,1
33,2,0.750626,0.037000,0.037000,1
33,3,0.213347,0.038480,0.038480,1
33,4,0.509495,0.034040,0.034040,1
33,5,0.656931,0.035520,0.035520,1
33,6,0.288688,0.037000,0.037000,1
33,7,0.581846,0.038485,0.038480,1
33,8,0.889438,0.034040,0.034040,1
33,9,0.456331,0.077736,0.035520,1
33,10,0.628749,0.101245,0.037000,1
33,11,0.053786,0.110488,0.038480,1
33,12,0.345664,0.078810,0.034040,1
33,13,0.701188,0.089979,0.035520,1
33,14,0.037000,0.037000,0.037000,1
33,15,0.526753,0.103018,0.038480,1
33,16,0.821466,0.034040,0.034040,1
33,17,0.127284,0.102145,0.035520,1
33,18,0.798911,0.100987,0.037000,1
33,19,0.961520,0.038507,0.038480,1
33,20,0.270419,0.105274,0.034040,1
33,21,0.400410,0.121604,0.035520,1
33,22,0.199060,0.112116,0.037000,1
33,23,0.579743,0.158540,0.038480,1
33,24,0.893836,0.101022,0.034040,1
33,25,0.087383,0.176416,0.035520,1
33,26,0.467359,0.149351,0.037000,1
33,27,0.742654,0.151196,0.038480,1
33,28,0.381603,0.188555,0.034040,1
33,29,0.518760,0.200509,0.035520,1
33,30,0.963000,0.114545,0.037000,1
33,31,0.445996,0.221697,0.038480,1
33,32,0.662545,0.163731,0.034040,1
33,33,0.326864,0.145793,0.035520,1
33,34,0.802467,0.213377,0.037000,1
33,35,0.922106,0.177645,0.038480,1
33,36,0.156553,0.169057,0.034040,1
33,37,0.611192,0.225369,0.035520,1
33,38,0.848788,0.155668,0.037000,1
33,39,0.288677,0.227848,0.038480,1
33,40,0.732313,0.222930,0.034040,1
33,41,0.243390,0.169403,0.035520,1
33,42,0.358720,0.255803,0.037000,1
33,43,0.556009,0.274509,0.038480,1
33,44,0.414725,0.299424,0.034040,1
33,45,0.482909,0.285761,0.035520,1
33,46,0.673374,0.262589,0.037000,1
33,47,0.395606,0.369350,0.038480,1
33,48,0.521688,0.343508,0.034040,1
33,49,0.719572,0.397851,0.035520,1
33,50,0.398525,0.466793,0.037000,1
33,51,0.549820,0.477748,0.038480,1
33,52,0.330495,0.566615,0.034040,1
33,53,0.496284,0.649103,0.035520,1
33,54,0.634179,0.655947,0.037000,1
33,55,0.335495,0.738610,0.038480,1
33,56,0.508972,0.818923,0.034040,1
33,57,0.627458,0.808540,0.035520,1
33,58,0.410182,0.845923,0.037000,1
33,59,0.590782,0.898094,0.038480,1
33,60,0.672395,0.906706,0.034040,1
33,61,0.441396,0.956045,0.035520,1
33,62,0.560128,1.028965,0.037000,1
33,63,0.348805,0.946926,0.038480,1
33,64,0.495589,0.999421,0.034040,1
33,65,0.632428,1.034610,0.035520,1
33,66,0.390711,1.009704,0.037000,1
33,67,0.517000,1.015000,0.038480,0
33,68,0.642800,1.040000,0.034040,0
33,69,0.425200,0.990000,0.035520,0
33,70,0.551000,1.015000,0.037000,0
33,71,0.333400,1.040000,0.038480,0
33,72,0.459200,0.990000,0.034040,0
33,73,0.585000,1.015000,0.035520,0
33,74,0.367400,1.040000,0.037000,0
33,75,0.493200,0.990000,0.038480,0
33,76,0.619000,1.015000,0.034040,0
33,77,0.401400,1.040000,0.035520,0
33,78,0.527200,0.990000,0.037000,0
33,79,0.653000,1.015000,0.038480,0
33,80,0.435400,1.040000,0.034040,0
33,81,0.561200,0.990000,0.035520,0
33,82,0.343600,1.015000,0.037000,0
33,83,0.469400,1.040000,0.038480,0
33,84,0.595200,0.990000,0.034040,0
33,85,0.377600,1.015000,0.035520,0
33,86,0.503400,1.040000,0.037000,0
33,87,0.629200,0.990000,0.038480,0
33,88,0.411600,1.015000,0.034040,0
33,89,0.537400,1.040000,0.035520,0
33,90,0.663200,0.990000,0.037000,0
33,91,0.445600,1.015000,0.038480,0
33,92,0.571400,1.040000,0.034040,0
33,93,0.353800,0.990000,0.035520,0
33,94,0.479600,1.015000,0.037000,0
33,95,0.605400,1.040000,0.038480,0
33,96,0.387800,0.990000,0.034040,0
33,97,0.513600,1.015000,0.035520,0
33,98,0.639400,1.040000,0.037000,0
33,99,0.421800,0.990000,0.038480,0
33,100,0.547600,1.015000,0.034040,0
33,101,0.330000,1.040000,0.035520,0
33,102,0.455800,0.990000,0.037000,0
33,103,0.581600,1.015000,0.038480,0
33,104,0.364000,1.040000,0.034040,0
33,105,0.489800,0.990000,0.035520,0
33,106,0.615600,1.015000,0.037000,0
33,107,0.398000,1.040000,0.038480,0
33,108,0.523800,0.990000,0.034040,0
33,109,0.649600,1.015000,0.035520,0
33,110,0.432000,1.040000,0.037000,0
33,111,0.557800,0.990000,0.038480,0
33,112,0.340200,1.015000,0.034040,0
33,113,0.466000,1.040000,0.035520,0
33,114,0.591800,0.990000,0.037000,0
33,115,0.374200,1.015000,0.038480,0
33,116,0.500000,1.040000,0.034040,0
33,117,0.625800,0.990000,0.035520,0
33,118,0.408200,1.015000,0.037000,0
33,119,0.534000,1.040000,0.038480,0
33,120,0.659800,0.990000,0.034040,0
33,121,0.442200,1.015000,0.035520,0
33,122,0.568000,1.040000,0.037000,0
33,123,0.350400,0.990000,0.038480,0
33,124,0.476200,1.015000,0.034040,0
33,125,0.602000,1.040000,0.035520,0
33,126,0.384400,0.990000,0.037000,0
33,127,0.510200,1.015000,0.038480,0
33,128,0.636000,1.040000,0.034040,0
33,129,0.418400,0.990000,0.035520,0
33,130,0.544200,1.015000,0.037000,0
33,131,0.670000,1.040000,0.038480,0
33,132,0.452400,0.990000,0.034040,0
33,133,0.578200,1.015000,0.035520,0
33,134,0.360600,1.040000,0.037000,0
33,135,0.486400,0.990000,0.038480,0
33,136,0.612200,1.015000,0.034040,0
33,137,0.394600,1.040000,0.035520,0
33,138,0.520400,0.990000,0.037000,0
33,139,0.646200,1.015000,0.038480,0
33,140,0.428600,1.040000,0.034040,0
33,141,0.554400,0.990000,0.035520,0
33,142,0.336800,1.015000,0.037000,0
33,143,0.462600,1.040000,0.038480,0
33,144,0.588400,0.990000,0.034040,0
34,0,0.138877,0.034040,0.034040,1
34,1,0.388648,0.035520,0.035520,1
34,2,0.750394,0.037000,0.037000,1
34,3,0.211138,0.038480,0.038480,1
34,4,0.512932,0.034040,0.034040,1
34,5,0.659088,0.035520,0.035520,1
34,6,0.286952,0.037000,0.037000,1
34,7,0.585227,0.038487,0.038480,1
34,8,0.889308,0.034040,0.034040,1
34,9,0.452218,0.066612,0.035520,1
34,10,0.629659,0.100957,0.037000,1
34,11,0.038480,0.112538,0.038480,1
34,12,0.339537,0.084355,0.034040,1
34,13,0.702140,0.091044,0.035520,1
34,14,0.037000,0.037000,0.037000,1
34,15,0.537024,0.100673,0.038480,1
34,16,0.821285,0.034040,0.034040,1
34,17,0.109757,0.096692,0.035520,1
34,18,0.810540,0.103980,0.037000,1
34,19,0.961520,0.038480,0.038480,1
34,20,0.251386,0.097932,0.034040,1
34,21,0.401239,0.116372,0.035520,1
34,22,0.181203,0.107601,0.037000,1
34,23,0.584183,0.161127,0.038480,1
34,24,0.893150,0.101715,0.034040,1
34,25,0.068983,0.179785,0.035520,1
34,26,0.470882,0.136569,0.037000,1
34,27,0.749263,0.147887,0.038480,1
34,28,0.364795,0.175614,0.034040,1
34,29,0.517210,0.192340,0.035520,1
34,30,0.963000,0.113882,0.037000,1
34,31,0.432392,0.201358,0.038480,1
34,32,0.676170,0.155635,0.034040,1
34,33,0.303216,0.143853,0.035520,1
34,34,0.826910,0.230271,0.037000,1
34,35,0.931455,0.182388,0.038480,1
34,36,0.136432,0.162778,0.034040,1
34,37,0.627590,0.220871,0.035520,1
34,38,0.856119,0.162279,0.037000,1
34,39,0.270348,0.223675,0.038480,1
34,40,0.756692,0.219909,0.034040,1
34,41,0.227391,0.163441,0.035520,1
34,42,0.343228,0.243316,0.037000,1
34,43,0.560762,0.252374,0.038480,1
34,44,0.411024,0.270762,0.034040,1
34,45,0.483377,0.254795,0.035520,1
34,46,0.693153,0.251761,0.037000,1
34,47,0.368282,0.329360,0.038480,1
34,48,0.519764,0.313994,0.034040,1
34,49,0.755142,0.289451,0.035520,1
34,50,0.395456,0.400033,0.037000,1
34,51,0.559905,0.374392,0.038480,1
34,52,0.330495,0.438417,0.034040,1
34,53,0.499554,0.529024,0.035520,1
34,54,0.640661,0.544103,0.037000,1
34,55,0.328974,0.634751,0.038480,1
34,56,0.510629,0.724567,0.034040,1
34,57,0.627458,0.720862,0.035520,1
34,58,0.408524,0.765939,0.037000,1
34,59,0.596121,0.826544,0.038480,1
34,60,0.666958,0.843494,0.034040,1
34,61,0.438226,0.899873,0.035520,1
34,62,0.570091,0.983409,0.037000,1
34,63,0.346854,0.907322,0.038480,1
34,64,0.493596,0.947518,0.034040,1
34,65,0.642058,0.992182,0.035520,1
34,66,0.387440,0.994853,0.037000,1
34,67,0.503398,1.032971,0.038480,1
34,68,0.644070,1.061712,0.034040,1
34,69,0.425200,0.990000,0.035520,0
34,70,0.551000,1.015000,0.037000,0
34,71,0.333400,1.040000,0.038480,0
34,72,0.459200,0.990000,0.034040,0
34,73,0.585000,1.015000,0.035520,0
34,74,0.367400,1.040000,0.037000,0
34,75,0.493200,0.990000,0.038480,0
34,76,0.619000,1.015000,0.034040,0
34,77,0.401400,1.040000,0.035520,0
34,78,0.527200,0.990000,0.037000,0
34,79,0.653000,1.015000,0.038480,0
34,80,0.435400,1.040000,0.034040,0
34,81,0.561200,0.990000,0.035520,0
34,82,0.343600,1.015000,0.037000,0
34,83,0.469400,1.040000,0.038480,0
34,84,0.595200,0.990000,0.034040,0
34,85,0.377600,1.015000,0.035520,0
34,86,0.503400,1.040000,0.037000,0
34,87,0.629200,0.990000,0.038480,0
34,88,0.411600,1.015000,0.034040,0
34,89,0.537400,1.040000,0.035520,0
34,90,0.663200,0.990000,0.037000,0
34,91,0.445600,1.015000,0.038480,0
34,92,0.571400,1.040000,0.034040,0
34,93,0.353800,0.990000,0.035520,0
34,94,0.479600,1.015000,0.037000,0
34,95,0.605400,1.040000,0.038480,0
34,96,0.387800,0.990000,0.034040,0
34,97,0.513600,1.015000,0.035520,0
34,98,0.639400,1.040000,0.037000,0
34,99,0.421800,0.990000,0.038480,0
34,100,0.547600,1.015000,0.034040,0
34,101,0.330000,1.040000,0.035520,0
34,102,0.455800,0.990000,0.037000,0
34,103,0.581600,1.015000,0.038480,0
34,104,0.364000,1.040000,0.034040,0
34,105,0.489800,0.990000,0.035520,0
34,106,0.615600,1.015000,0.037000,0
34,107,0.398000,1.040000,0.038480,0
34,108,0.523800,0.990000,0.034040,0
34,109,0.649600,1.015000,0.035520,0
34,110,0.432000,1.040000,0.037000,0
34,111,0.557800,0.990000,0.038480,0
34,112,0.340200,1.015000,0.034040,0
34,113,0.466000,1.040000,0.035520,0
34,114,0.591800,0.990000,0.037000,0
34,115,0.374200,1.015000,0.038480,0
34,116,0.500000,1.040000,0.034040,0
34,117,0.625800,0.990000,0.035520,0
34,118,0.408200,1.015000,0.037000,0
34,119,0.534000,1.040000,0.038480,0
34,120,0.659800,0.990000,0.034040,0
34,121,0.442200,1.015000,0.035520,0
34,122,0.568000,1.040000,0.037000,0
34,123,0.350400,0.990000,0.038480,0
34,124,0.476200,1.015000,0.034040,0
34,125,0.602000,1.040000,0.035520,0
34,126,0.384400,0.990000,0.037000,0
34,127,0.510200,1.015000,0.038480,0
34,128,0.636000,1.040000,0.034040,0
34,129,0.418400,0.990000,0.035520,0
34,130,0.544200,1.015000,0.037000,0
34,131,0.670000,1.040000,0.038480,0
34,132,0.452400,0.990000,0.034040,0
34,133,0.578200,1.015000,0.035520,0
34,134,0.360600,1.040000,0.037000,0
34,135,0.486400,0.990000,0.038480,0
34,136,0.612200,1.015000,0.034040,0
34,137,0.394600,1.040000,0.035520,0
34,138,0.520400,0.990000,0.037000,0
34,139,0.646200,1.015000,0.038480,0
34,140,0.428600,1.040000,0.034040,0
34,141,0.554400,0.990000,0.035520,0
34,142,0.336800,1.015000,0.037000,0
34,143,0.462600,1.040000,0.038480,0
34,144,0.588400,0.990000,0.034040,0
35,0,0.139351,0.034040,0.034040,1
35,1,0.377396,0.035520,0.035520,1
35,2,0.750138,0.037000,0.037000,1
35,3,0.211665,0.038480,0.038480,1
35,4,0.516824,0.034040,0.034040,1
35,5,0.663268,0.035520,0.035520,1
35,6,0.287184,0.037000,0.037000,1
35,7,0.589506,0.038480,0.038480,1
35,8,0.889165,0.034040,0.034040,1
35,9,0.448406,0.046592,0.035520,1
35,10,0.631943,0.100296,0.037000,1
35,11,0.038480,0.119277,0.038480,1
35,12,0.333158,0.091089,0.034040,1
35,13,0.703974,0.092846,0.035520,1
35,14,0.037000,0.037000,0.037000,1
35,15,0.545619,0.100896,0.038480,1
35,16,0.821094,0.034040,0.034040,1
35,17,0.107098,0.094735,0.035520,1
35,18,0.822726,0.104831,0.037000,1
35,19,0.961520,0.038480,0.038480,1
35,20,0.250724,0.098845,0.034040,1
35,21,0.402201,0.101293,0.035520,1
35,22,0.178696,0.105625,0.037000,1
35,23,0.590497,0.163289,0.038480,1
35,24,0.893610,0.101408,0.034040,1
35,25,0.061098,0.189387,0.035520,1
35,26,0.472556,0.118790,0.037000,1
35,27,0.757996,0.143277,0.038480,1
35,28,0.359041,0.155515,0.034040,1
35,29,0.516637,0.176375,0.035520,1
35,30,0.963000,0.113950,0.037000,1
35,31,0.427530,0.179353,0.038480,1
35,32,0.676604,0.156854,0.034040,1
35,33,0.289517,0.156538,0.035520,1
35,34,0.853475,0.239597,0.037000,1
35,35,0.939509,0.185523,0.038480,1
35,36,0.125974,0.161754,0.034040,1
35,37,0.641251,0.217120,0.035520,1
35,38,0.865588,0.166595,0.037000,1
35,39,0.256046,0.229833,0.038480,1
35,40,0.782468,0.211543,0.034040,1
35,41,0.219049,0.165766,0.035520,1
35,42,0.330964,0.220702,0.037000,1
35,43,0.567566,0.236740,0.038480,1
35,44,0.408404,0.249305,0.034040,1
35,45,0.476660,0.235123,0.035520,1
35,46,0.713032,0.227445,0.037000,1
35,47,0.350884,0.293491,0.038480,1
35,48,0.519337,0.290898,0.034040,1
35,49,0.794656,0.281944,0.035520,1
35,50,0.411792,0.338071,0.037000,1
35,51,0.593023,0.318444,0.038480,1
35,52,0.296148,0.342630,0.034040,1
35,53,0.502825,0.392746,0.035520,1
35,54,0.647143,0.416058,0.037000,1
35,55,0.322453,0.514692,0.038480,1
35,56,0.512286,0.614011,0.034040,1
35,57,0.627458,0.616983,0.035520,1
35,58,0.406866,0.669756,0.037000,1
35,59,0.596293,0.737880,0.038480,1
35,60,0.666689,0.765358,0.034040,1
35,61,0.440168,0.831215,0.035520,1
35,62,0.570961,0.926878,0.037000,1
35,63,0.344904,0.851518,0.038480,1
35,64,0.490938,0.897124,0.034040,1
35,65,0.643873,0.953525,0.035520,1
35,66,0.367268,0.960390,0.037000,1
35,67,0.495582,1.015763,0.038480,1
35,68,0.647350,1.046842,0.034040,1
35,69,0.433129,0.981761,0.035520,1
35,70,0.571061,1.015465,0.037000,1
35,71,0.333400,1.040000,0.038480,0
35,72,0.459200,0.990000,0.034040,0
35,73,0.585000,1.015000,0.035520,0
35,74,0.367400,1.040000,0.037000,0
35,75,0.493200,0.990000,0.038480,0
35,76,0.619000,1.015000,0.034040,0
35,77,0.401400,1.040000,0.035520,0
35,78,0.527200,0.990000,0.037000,0
35,79,0.653000,1.015000,0.038480,0
35,80,0.435400,1.040000,0.034040,0
35,81,0.561200,0.990000,0.035520,0
35,82,0.343600,1.015000,0.037000,0
35,83,0.469400,1.040000,0.038480,0
35,84,0.595200,0.990000,0.034040,0
35,85,0.377600,1.015000,0.035520,0
35,86,0.503400,1.040000,0.037000,0
35,87,0.629200,0.990000,0.038480,0
35,88,0.411600,1.015000,0.034040,0
35,89,0.537400,1.040000,0.035520,0
35,90,0.663200,0.990000,0.037000,0
35,91,0.445600,1.015000,0.038480,0
35,92,0.571400,1.040000,0.034040,0
35,93,0.353800,0.990000,0.035520,0
35,94,0.479600,1.015000,0.037000,0
35,95,0.605400,1.040000,0.038480,0
35,96,0.387800,0.990000,0.034040,0
35,97,0.513600,1.015000,0.035520,0
35,98,0.639400,1.040000,0.037000,0
35,99,0.421800,0.990000,0.038480,0
35,100,0.547600,1.015000,0.034040,0
35,101,0.330000,1.040000,0.035520,0
35,102,0.455800,0.990000,0.037000,0
35,103,0.581600,1.015000,0.038480,0
35,104,0.364000,1.040000,0.034040,0
35,105,0.489800,0.990000,0.035520,0
35,106,0.615600,1.015000,0.037000,0
35,107,0.398000,1.040000,0.038480,0
35,108,0.523800,0.990000,0.034040,0
35,109,0.649600,1.015000,0.035520,0
35,110,0.432000,1.040000,0.037000,0
35,111,0.557800,0.990000,0.038480,0
35,112,0.340200,1.015000,0.034040,0
35,113,0.466000,1.040000,0.035520,0
35,114,0.591800,0.990000,0.037000,0
35,115,0.374200,1.015000,0.038480,0
35,116,0.500000,1.040000,0.034040,0
35,117,0.625800,0.990000,0.035520,0
35,118,0.408200,1.015000,0.037000,0
35,119,0.534000,1.040000,0.038480,0
35,120,0.659800,0.990000,0.034040,0
35,121,0.442200,1.015000,0.035520,0
35,122,0.568000,1.040000,0.037000,0
35,123,0.350400,0.990000,0.038480,0
35,124,0.476200,1.015000,0.034040,0
35,125,0.602000,1.040000,0.035520,0
35,126,0.384400,0.990000,0.037000,0
35,127,0.510200,1.015000,0.038480,0
35,128,0.636000,1.040000,0.034040,0
35,129,0.418400,0.990000,0.035520,0
35,130,0.544200,1.015000,0.037000,0
35,131,0.670000,1.040000,0.038480,0
35,132,0.452400,0.990000,0.034040,0
35,133,0.578200,1.015000,0.035520,0
35,134,0.360600,1.040000,0.037000,0
35,135,0.486400,0.990000,0.038480,0
35,136,0.612200,1.015000,0.034040,0
35,137,0.394600,1.040000,0.035520,0
35,138,0.520400,0.990000,0.037000,0
35,139,0.646200,1.015000,0.038480,0
35,140,0.428600,1.040000,0.034040,0
35,141,0.554400,0.990000,0.035520,0
35,142,0.336800,1.015000,0.037000,0
35,143,0.462600,1.040000,0.038480,0
35,144,0.588400,0.990000,0.034040,0
36,0,0.140056,0.034040,0.034040,1
36,1,0.364017,0.035520,0.035520,1
36,2,0.751469,0.037000,0.037000,1
36,3,0.212313,0.038480,0.038480,1
36,4,0.515165,0.034040,0.034040,1
36,5,0.672009,0.035520,0.035520,1
36,6,0.287901,0.037000,0.037000,1
36,7,0.593246,0.038480,0.038480,1
36,8,0.889923,0.034040,0.034040,1
36,9,0.443986,0.035520,0.035520,1
36,10,0.637402,0.098831,0.037000,1
36,11,0.038480,0.127336,0.038480,1
36,12,0.328641,0.095069,0.034040,1
36,13,0.709808,0.094847,0.035520,1
36,14,0.037000,0.037000,0.037000,1
36,15,0.547002,0.099218,0.038480,1
36,16,0.822051,0.034040,0.034040,1
36,17,0.101567,0.090773,0.035520,1
36,18,0.822786,0.104802,0.037000,1
36,19,0.961520,0.038523,0.038480,1
36,20,0.251474,0.098257,0.034040,1
36,21,0.399417,0.096238,0.035520,1
36,22,0.173126,0.101993,0.037000,1
36,23,0.593840,0.160169,0.038480,1
36,24,0.893685,0.101140,0.034040,1
36,25,0.058838,0.198075,0.035520,1
36,26,0.471694,0.102408,0.037000,1
36,27,0.761086,0.147974,0.038480,1
36,28,0.355465,0.157642,0.034040,1
36,29,0.519339,0.167880,0.035520,1
36,30,0.963000,0.114026,0.037000,1
36,31,0.428466,0.164204,0.038480,1
36,32,0.678748,0.156946,0.034040,1
36,33,0.283957,0.159584,0.035520,1
36,34,0.879598,0.239411,0.037000,1
36,35,0.944260,0.187010,0.038480,1
36,36,0.120842,0.159319,0.034040,1
36,37,0.642313,0.216097,0.035520,1
36,38,0.866370,0.166569,0.037000,1
36,39,0.246614,0.228325,0.038480,1
36,40,0.806361,0.204527,0.034040,1
36,41,0.213017,0.162438,0.035520,1
36,42,0.322739,0.220768,0.037000,1
36,43,0.560533,0.229451,0.038480,1
36,44,0.396477,0.229343,0.034040,1
36,45,0.473922,0.222507,0.035520,1
36,46,0.722503,0.212913,0.037000,1
36,47,0.351327,0.290625,0.038480,1
36,48,0.510333,0.281725,0.034040,1
36,49,0.814814,0.273571,0.035520,1
36,50,0.439290,0.287169,0.037000,1
36,51,0.615617,0.285114,0.038480,1
36,52,0.254962,0.300363,0.034040,1
36,53,0.487370,0.347386,0.035520,1
36,54,0.684700,0.321264,0.037000,1
36,55,0.315932,0.378433,0.038480,1
36,56,0.513944,0.487255,0.034040,1
36,57,0.627458,0.496905,0.035520,1
36,58,0.405209,0.557372,0.037000,1
36,59,0.596464,0.633017,0.038480,1
36,60,0.666419,0.671021,0.034040,1
36,61,0.442110,0.746357,0.035520,1
36,62,0.571830,0.854146,0.037000,1
36,63,0.342953,0.779514,0.038480,1
36,64,0.488281,0.830530,0.034040,1
36,65,0.645688,0.898668,0.035520,1
36,66,0.359908,0.912465,0.037000,1
36,67,0.510217,0.978176,0.038480,1
36,68,0.650964,1.015831,0.034040,1
36,69,0.426659,0.940440,0.035520,1
36,70,0.581036,1.003309,0.037000,1
36,71,0.331640,1.034352,0.038480,1
36,72,0.444802,1.007593,0.034040,1
36,73,0.585000,1.015000,0.035520,0
36,74,0.367400,1.040000,0.037000,0
36,75,0.493200,0.990000,0.038480,0
36,76,0.619000,1.015000,0.034040,0
36,77,0.401400,1.040000,0.035520,0
36,78,0.527200,0.990000,0.037000,0
36,79,0.653000,1.015000,0.038480,0
36,80,0.435400,1.040000,0.034040,0
36,81,0.561200,0.990000,0.035520,0
36,82,0.343600,1.015000,0.037000,0
36,83,0.469400,1.040000,0.038480,0
36,84,0.595200,0.990000,0.034040,0
36,85,0.377600,1.015000,0.035520,0
36,86,0.503400,1.040000,0.037000,0
36,87,0.629200,0.990000,0.038480,0
36,88,0.411600,1.015000,0.034040,0
36,89,0.537400,1.040000,0.035520,0
36,90,0.663200,0.990000,0.037000,0
36,91,0.445600,1.015000,0.038480,0
36,92,0.571400,1.040000,0.034040,0
36,93,0.353800,0.990000,0.035520,0
36,94,0.479600,1.015000,0.037000,0
36,95,0.605400,1.040000,0.038480,0
36,96,0.387800,0.990000,0.034040,0
36,97,0.513600,1.015000,0.035520,0
36,98,0.639400,1.040000,0.037000,0
36,99,0.421800,0.990000,0.038480,0
36,100,0.547600,1.015000,0.034040,0
36,101,0.330000,1.040000,0.035520,0
36,102,0.455800,0.990000,0.037000,0
36,103,0.581600,1.015000,0.038480,0
36,104,0.364000,1.040000,0.034040,0
36,105,0.489800,0.990000,0.035520,0
36,106,0.615600,1.015000,0.037000,0
36,107,0.398000,1.040000,0.038480,0
36,108,0.523800,0.990000,0.034040,0
36,109,0.649600,1.015000,0.035520,0
36,110,0.432000,1.040000,0.037000,0
36,111,0.557800,0.990000,0.038480,0
36,112,0.340200,1.015000,0.034040,0
36,113,0.466000,1.040000,0.035520,0
36,114,0.591800,0.990000,0.037000,0
36,115,0.374200,1.015000,0.038480,0
36,116,0.500000,1.040000,0.034040,0
36,117,0.625800,0.990000,0.035520,0
36,118,0.408200,1.015000,0.037000,0
36,119,0.534000,1.040000,0.038480,0
36,120,0.659800,0.990000,0.034040,0
36,121,0.442200,1.015000,0.035520,0
36,122,0.568000,1.040000,0.037000,0
36,123,0.350400,0.990000,0.038480,0
36,124,0.476200,1.015000,0.034040,0
36,125,0.602000,1.040000,0.035520,0
36,126,0.384400,0.990000,0.037000,0
36,127,0.510200,1.015000,0.038480,0
36,128,0.636000,1.040000,0.034040,0
36,129,0.418400,0.990000,0.035520,0
36,130,0.544200,1.015000,0.037000,0
36,131,0.670000,1.040000,0.038480,0
36,132,0.452400,0.990000,0.034040,0
36,133,0.578200,1.015000,0.035520,0
36,134,0.360600,1.040000,0.037000,0
36,135,0.486400,0.990000,0.038480,0
36,136,0.612200,1.015000,0.034040,0
36,137,0.394600,1.040000,0.035520,0
36,138,0.520400,0.990000,0.037000,0
36,139,0.646200,1.015000,0.038480,0
36,140,0.428600,1.040000,0.034040,0
36,141,0.554400,0.990000,0.035520,0
36,142,0.336800,1.015000,0.037000,0
36,143,0.462600,1.040000,0.038480,0
36,144,0.588400,0.990000,0.034040,0
37,0,0.138697,0.034040,0.034040,1
37,1,0.360331,0.035520,0.035520,1
37,2,0.751023,0.037000,0.037000,1
37,3,0.211003,0.038480,0.038480,1
37,4,0.513668,0.034040,0.034040,1
37,5,0.672944,0.035520,0.035520,1
37,6,0.287675,0.037000,0.037000,1
37,7,0.599026,0.038480,0.038480,1
37,8,0.889666,0.034040,0.034040,1
37,9,0.439125,0.035520,0.035520,1
37,10,0.637864,0.100681,0.037000,1
37,11,0.038480,0.135608,0.038480,1
37,12,0.326295,0.096198,0.034040,1
37,13,0.710081,0.095695,0.035520,1
37,14,0.037000,0.037000,0.037000,1
37,15,0.552465,0.097250,0.038480,1
37,16,0.821727,0.034040,0.034040,1
37,17,0.091626,0.084375,0.035520,1
37,18,0.823021,0.104549,0.037000,1
37,19,0.961520,0.038489,0.038480,1
37,20,0.251869,0.097934,0.034040,1
37,21,0.399851,0.094542,0.035520,1
37,22,0.163733,0.099683,0.037000,1
37,23,0.595063,0.162417,0.038480,1
37,24,0.893834,0.101405,0.034040,1
37,25,0.061506,0.205818,0.035520,1
37,26,0.476850,0.097112,0.037000,1
37,27,0.761913,0.148192,0.038480,1
37,28,0.360394,0.155102,0.034040,1
37,29,0.521198,0.163969,0.035520,1
37,30,0.963000,0.113981,0.037000,1
37,31,0.434855,0.159813,0.038480,1
37,32,0.679659,0.158251,0.034040,1
37,33,0.289350,0.156401,0.035520,1
37,34,0.896742,0.240172,0.037000,1
37,35,0.951754,0.188491,0.038480,1
37,36,0.113789,0.150310,0.034040,1
37,37,0.643969,0.217965,0.035520,1
37,38,0.872704,0.169167,0.037000,1
37,39,0.243418,0.221044,0.038480,1
37,40,0.809943,0.202419,0.034040,1
37,41,0.211218,0.154437,0.035520,1
37,42,0.318839,0.222572,0.037000,1
37,43,0.556496,0.228942,0.038480,1
37,44,0.389699,0.216559,0.034040,1
37,45,0.477874,0.219997,0.035520,1
37,46,0.724135,0.213549,0.037000,1
37,47,0.356535,0.287922,0.038480,1
37,48,0.508245,0.283083,0.034040,1
37,49,0.830187,0.268968,0.035520,1
37,50,0.430894,0.275076,0.037000,1
37,51,0.610364,0.283906,0.038480,1
37,52,0.213141,0.286934,0.034040,1
37,53,0.464788,0.339188,0.035520,1
37,54,0.733413,0.286965,0.037000,1
37,55,0.282518,0.308510,0.038480,1
37,56,0.532436,0.368418,0.034040,1
37,57,0.627458,0.360627,0.035520,1
37,58,0.403551,0.428789,0.037000,1
37,59,0.596636,0.511954,0.038480,1
37,60,0.666150,0.560485,0.034040,1
37,61,0.444052,0.645300,0.035520,1
37,62,0.572699,0.765215,0.037000,1
37,63,0.341003,0.691310,0.038480,1
37,64,0.485623,0.747735,0.034040,1
37,65,0.647503,0.827612,0.035520,1
37,66,0.356725,0.850017,0.037000,1
37,67,0.507683,0.929007,0.038480,1
37,68,0.654931,0.969032,0.034040,1
37,69,0.424015,0.897782,0.035520,1
37,70,0.582022,0.949712,0.037000,1
37,71,0.317411,1.003429,0.038480,1
37,72,0.444635,0.992879,0.034040,1
37,73,0.590267,1.033474,0.035520,1
37,74,0.378549,1.047695,0.037000,1
37,75,0.493200,0.990000,0.038480,0
37,76,0.619000,1.015000,0.034040,0
37,77,0.401400,1.040000,0.035520,0
37,78,0.527200,0.990000,0.037000,0
37,79,0.653000,1.015000,0.038480,0
37,80,0.435400,1.040000,0.034040,0
37,81,0.561200,0.990000,0.035520,0
37,82,0.343600,1.015000,0.037000,0
37,83,0.469400,1.040000,0.038480,0
37,84,0.595200,0.990000,0.034040,0
37,85,0.377600,1.015000,0.035520,0
37,86,0.503400,1.040000,0.037000,0
37,87,0.629200,0.990000,0.038480,0
37,88,0.411600,1.015000,0.034040,0
37,89,0.537400,1.040000,0.035520,0
37,90,0.663200,0.990000,0.037000,0
37,91,0.445600,1.015000,0.038480,0
37,92,0.571400,1.040000,0.034040,0
37,93,0.353800,0.990000,0.035520,0
37,94,0.479600,1.015000,0.037000,0
37,95,0.605400,1.040000,0.038480,0
37,96,0.387800,0.990000,0.034040,0
37,97,0.513600,1.015000,0.035520,0
37,98,0.639400,1.040000,0.037000,0
37,99,0.421800,0.990000,0.038480,0
37,100,0.547600,1.015000,0.034040,0
37,101,0.330000,1.040000,0.035520,0
37,102,0.455800,0.990000,0.037000,0
37,103,0.581600,1.015000,0.038480,0
37,104,0.364000,1.040000,0.034040,0
37,105,0.489800,0.990000,0.035520,0
37,106,0.615600,1.015000,0.037000,0
37,107,0.398000,1.040000,0.038480,0
37,108,0.523800,0.990000,0.034040,0
37,109,0.649600,1.015000,0.035520,0
37,110,0.432000,1.040000,0.037000,0
37,111,0.557800,0.990000,0.038480,0
37,112,0.340200,1.015000,0.034040,0
37,113,0.466000,1.040000,0.035520,0
37,114,0.591800,0.990000,0.037000,0
37,115,0.374200,1.015000,0.038480,0
37,116,0.500000,1.040000,0.034040,0
37,117,0.625800,0.990000,0.035520,0
37,118,0.408200,1.015000,0.037000,0
37,119,0.534000,1.040000,0.038480,0
37,120,0.659800,0.990000,0.034040,0
37,121,0.442200,1.015000,0.035520,0
37,122,0.568000,1.040000,0.037000,0
37,123,0.350400,0.990000,0.038480,0
37,124,0.476200,1.015000,0.034040,0
37,125,0.602000,1.040000,0.035520,0
37,126,0.384400,0.990000,0.037000,0
37,127,0.510200,1.015000,0.038480,0
37,128,0.636000,1.040000,0.034040,0
37,129,0.418400,0.990000,0.035520,0
37,130,0.544200,1.015000,0.037000,0
37,131,0.670000,1.040000,0.038480,0
37,132,0.452400,0.990000,0.034040,0
37,133,0.578200,1.015000,0.035520,0
37,134,0.360600,1.040000,0.037000,0
37,135,0.486400,0.990000,0.038480,0
37,136,0.612200,1.015000,0.034040,0
37,137,0.394600,1.040000,0.035520,0
37,138,0.520400,0.990000,0.037000,0
37,139,0.646200,1.015000,0.038480,0
37,140,0.428600,1.040000,0.034040,0
37,141,0.554400,0.990000,0.035520,0
37,142,0.336800,1.015000,0.037000,0
37,143,0.462600,1.040000,0.038480,0
37,144,0.588400,0.990000,0.034040,0
38,0,0.134177,0.034040,0.034040,1
38,1,0.357277,0.035520,0.035520,1
38,2,0.752643,0.037000,0.037000,1
38,3,0.206358,0.038480,0.038480,1
38,4,0.513663,0.034040,0.034040,1
38,5,0.673709,0.035520,0.035520,1
38,6,0.284917,0.037000,0.037000,1
38,7,0.598098,0.038480,0.038480,1
38,8,0.890559,0.034040,0.034040,1
38,9,0.434117,0.035520,0.035520,1
38,10,0.640295,0.099913,0.037000,1
38,11,0.038480,0.139136,0.038480,1
38,12,0.323850,0.095942,0.034040,1
38,13,0.712846,0.094480,0.035520,1
38,14,0.037000,0.037000,0.037000,1
38,15,0.550007,0.097548,0.038480,1
38,16,0.822884,0.034040,0.034040,1
38,17,0.089856,0.086330,0.035520,1
38,18,0.822239,0.104903,0.037000,1
38,19,0.961520,0.038480,0.038480,1
38,20,0.247625,0.096939,0.034040,1
38,21,0.395317,0.094172,0.035520,1
38,22,0.161249,0.098816,0.037000,1
38,23,0.595023,0.159904,0.038480,1
38,24,0.893161,0.101720,0.034040,1
38,25,0.067175,0.207079,0.035520,1
38,26,0.474500,0.094982,0.037000,1
38,27,0.761758,0.149932,0.038480,1
38,28,0.359290,0.154003,0.034040,1
38,29,0.508695,0.158856,0.035520,1
38,30,0.963000,0.113368,0.037000,1
38,31,0.432519,0.157417,0.038480,1
38,32,0.686603,0.158329,0.034040,1
38,33,0.286190,0.154468,0.035520,1
38,34,0.907191,0.240837,0.037000,1
38,35,0.961520,0.188737,0.038480,1
38,36,0.110618,0.152721,0.034040,1
38,37,0.645484,0.214047,0.035520,1
38,38,0.878746,0.171271,0.037000,1
38,39,0.241666,0.220065,0.038480,1
38,40,0.813913,0.200312,0.034040,1
38,41,0.207952,0.154222,0.035520,1
38,42,0.317754,0.219527,0.037000,1
38,43,0.548514,0.221229,0.038480,1
38,44,0.388655,0.215402,0.034040,1
38,45,0.471671,0.219476,0.035520,1
38,46,0.726727,0.216834,0.037000,1
38,47,0.344595,0.289997,0.038480,1
38,48,0.505513,0.279757,0.034040,1
38,49,0.839180,0.265338,0.035520,1
38,50,0.425755,0.275985,0.037000,1
38,51,0.603660,0.274866,0.038480,1
38,52,0.167682,0.259264,0.034040,1
38,53,0.467632,0.338193,0.035520,1
38,54,0.767831,0.278318,0.037000,1
38,55,0.267617,0.292517,0.038480,1
38,56,0.553777,0.327482,0.034040,1
38,57,0.656136,0.327042,0.035520,1
38,58,0.395194,0.346005,0.037000,1
38,59,0.602024,0.381624,0.038480,1
38,60,0.665881,0.433749,0.034040,1
38,61,0.445994,0.528042,0.035520,1
38,62,0.573568,0.660083,0.037000,1
38,63,0.339052,0.586906,0.038480,1
38,64,0.482966,0.648741,0.034040,1
38,65,0.649318,0.740355,0.035520,1
38,66,0.353541,0.771369,0.037000,1
38,67,0.508784,0.864527,0.038480,1
38,68,0.658824,0.906028,0.034040,1
38,69,0.421372,0.838924,0.035520,1
38,70,0.582787,0.903577,0.037000,1
38,71,0.314121,0.964312,0.038480,1
38,72,0.432964,0.959431,0.034040,1
38,73,0.572080,1.006915,0.035520,1
38,74,0.385129,1.032804,0.037000,1
38,75,0.501043,0.986776,0.038480,1
38,76,0.640675,1.018460,0.034040,1
38,77,0.401400,1.040000,0.035520,0
38,78,0.527200,0.990000,0.037000,0
38,79,0.653000,1.015000,0.038480,0
38,80,0.435400,1.040000,0.034040,0
38,81,0.561200,0.990000,0.035520,0
38,82,0.343600,1.015000,0.037000,0
38,83,0.469400,1.040000,0.038480,0
38,84,0.595200,0.990000,0.034040,0
38,85,0.377600,1.015000,0.035520,0
38,86,0.503400,1.040000,0.037000,0
38,87,0.629200,0.990000,0.038480,0
38,88,0.411600,1.015000,0.034040,0
38,89,0.537400,1.040000,0.035520,0
38,90,0.663200,0.990000,0.037000,0
38,91,0.445600,1.015000,0.038480,0
38,92,0.571400,1.040000,0.034040,0
38,93,0.353800,0.990000,0.035520,0
38,94,0.479600,1.015000,0.037000,0
38,95,0.605400,1.040000,0.038480,0
38,96,0.387800,0.990000,0.034040,0
38,97,0.513600,1.015000,0.035520,0
38,98,0.639400,1.040000,0.037000,0
38,99,0.421800,0.990000,0.038480,0
38,100,0.547600,1.015000,0.034040,0
38,101,0.330000,1.040000,0.035520,0
38,102,0.455800,0.990000,0.037000,0
38,103,0.581600,1.015000,0.038480,0
38,104,0.364000,1.040000,0.034040,0
38,105,0.489800,0.990000,0.035520,0
38,106,0.615600,1.015000,0.037000,0
38,107,0.398000,1.040000,0.038480,0
38,108,0.523800,0.990000,0.034040,0
38,109,0.649600,1.015000,0.035520,0
38,110,0.432000,1.040000,0.037000,0
38,111,0.557800,0.990000,0.038480,0
38,112,0.340200,1.015000,0.034040,0
38,113,0.466000,1.040000,0.035520,0
38,114,0.591800,0.990000,0.037000,0
38,115,0.374200,1.015000,0.038480,0
38,116,0.500000,1.040000,0.034040,0
38,117,0.625800,0.990000,0.035520,0
38,118,0.408200,1.015000,0.037000,0
38,119,0.534000,1.040000,0.038480,0
38,120,0.659800,0.990000,0.034040,0
38,121,0.442200,1.015000,0.035520,0
38,122,0.568000,1.040000,0.037000,0
38,123,0.350400,0.990000,0.038480,0
38,124,0.476200,1.015000,0.034040,0
38,125,0.602000,1.040000,0.035520,0
38,126,0.384400,0.990000,0.037000,0
38,127,0.510200,1.015000,0.038480,0
38,128,0.636000,1.040000,0.034040,0
38,129,0.418400,0.990000,0.035520,0
38,130,0.544200,1.015000,0.037000,0
38,131,0.670000,1.040000,0.038480,0
38,132,0.452400,0.990000,0.034040,0
38,133,0.578200,1.015000,0.035520,0
38,134,0.360600,1.040000,0.037000,0
38,135,0.486400,0.990000,0.038480,0
38,136,0.612200,1.015000,0.034040,0
38,137,0.394600,1.040000,0.035520,0
38,138,0.520400,0.990000,0.037000,0
38,139,0.646200,1.015000,0.038480,0
38,140,0.428600,1.040000,0.034040,0
38,141,0.554400,0.990000,0.035520,0
38,142,0.336800,1.015000,0.037000,0
38,143,0.462600,1.040000,0.038480,0
38,144,0.588400,0.990000,0.034040,0
39,0,0.131436,0.034040,0.034040,1
39,1,0.350981,0.035520,0.035520,1
39,2,0.751685,0.037000,0.037000,1
39,3,0.203569,0.038480,0.038480,1
39,4,0.515028,0.034040,0.034040,1
39,5,0.672582,0.035520,0.035520,1
39,6,0.279113,0.037000,0.037000,1
39,7,0.598872,0.038480,0.038480,1
39,8,0.890036,0.034040,0.034040,1
39,9,0.429193,0.035520,0.035520,1
39,10,0.637953,0.102285,0.037000,1
39,11,0.038480,0.141916,0.038480,1
39,12,0.317935,0.096432,0.034040,1
39,13,0.710072,0.094721,0.035520,1
39,14,0.037000,0.037000,0.037000,1
39,15,0.549928,0.097010,0.038480,1
39,16,0.822191,0.034040,0.034040,1
39,17,0.088268,0.087734,0.035520,1
39,18,0.823629,0.103907,0.037000,1
39,19,0.961520,0.038507,0.038480,1
39,20,0.243635,0.098293,0.034040,1
39,21,0.388934,0.093559,0.035520,1
39,22,0.159816,0.099132,0.037000,1
39,23,0.591753,0.161493,0.038480,1
39,24,0.894297,0.101526,0.034040,1
39,25,0.064725,0.210796,0.035520,1
39,26,0.474515,0.091728,0.037000,1
39,27,0.762487,0.146643,0.038480,1
39,28,0.354142,0.154123,0.034040,1
39,29,0.506331,0.156727,0.035520,1
39,30,0.963000,0.114007,0.037000,1
39,31,0.431518,0.153514,0.038480,1
39,32,0.686565,0.159963,0.034040,1
39,33,0.282167,0.156101,0.035520,1
39,34,0.915887,0.249472,0.037000,1
39,35,0.961520,0.189405,0.038480,1
39,36,0.113193,0.152759,0.034040,1
39,37,0.643541,0.214359,0.035520,1
39,38,0.885230,0.172044,0.037000,1
39,39,0.243182,0.219124,0.038480,1
39,40,0.817616,0.193840,0.034040,1
39,41,0.204705,0.155979,0.035520,1
39,42,0.318598,0.218746,0.037000,1
39,43,0.543059,0.220770,0.038480,1
39,44,0.389376,0.212726,0.034040,1
39,45,0.468730,0.217031,0.035520,1
39,46,0.731143,0.215070,0.037000,1
39,47,0.337908,0.291713,0.038480,1
39,48,0.499901,0.278848,0.034040,1
39,49,0.843973,0.258220,0.035520,1
39,50,0.424368,0.274555,0.037000,1
39,51,0.599133,0.273397,0.038480,1
39,52,0.133730,0.219566,0.034040,1
39,53,0.471305,0.342130,0.035520,1
39,54,0.773584,0.275670,0.037000,1
39,55,0.260269,0.294171,0.038480,1
39,56,0.549088,0.325918,0.034040,1
39,57,0.688954,0.274054,0.035520,1
39,58,0.394127,0.342094,0.037000,1
39,59,0.628544,0.344516,0.038480,1
39,60,0.708630,0.340773,0.034040,1
39,61,0.443615,0.407551,0.035520,1
39,62,0.574437,0.538752,0.037000,1
39,63,0.337102,0.466302,0.038480,1
39,64,0.480308,0.533547,0.034040,1
39,65,0.651133,0.636899,0.035520,1
39,66,0.350358,0.676521,0.037000,1
39,67,0.509886,0.783848,0.038480,1
39,68,0.662717,0.826825,0.034040,1
39,69,0.418729,0.763865,0.035520,1
39,70,0.583551,0.841242,0.037000,1
39,71,0.310831,0.908994,0.038480,1
39,72,0.428490,0.909546,0.034040,1
39,73,0.583549,0.962790,0.035520,1
39,74,0.378780,0.981421,0.037000,1
39,75,0.486425,0.949779,0.038480,1
39,76,0.639379,1.004281,0.034040,1
39,77,0.414309,1.054756,0.035520,1
39,78,0.529664,1.011647,0.037000,1
39,79,0.653000,1.015000,0.038480,0
39,80,0.435400,1.040000,0.034040,0
39,81,0.561200,0.990000,0.035520,0
39,82,0.343600,1.015000,0.037000,0
39,83,0.469400,1.040000,0.038480,0
39,84,0.595200,0.990000,0.034040,0
39,85,0.377600,1.015000,0.035520,0
39,86,0.503400,1.040000,0.037000,0
39,87,0.629200,0.990000,0.038480,0
39,88,0.411600,1.015000,0.034040,0
39,89,0.537400,1.040000,0.035520,0
39,90,0.663200,0.990000,0.037000,0
39,91,0.445600,1.015000,0.038480,0
39,92,0.571400,1.040000,0.034040,0
39,93,0.353800,0.990000,0.035520,0
39,94,0.479600,1.015000,0.037000,0
39,95,0.605400,1.040000,0.038480,0
39,96,0.387800,0.990000,0.034040,0
39,97,0.513600,1.015000,0.035520,0
39,98,0.639400,1.040000,0.037000,0
39,99,0.421800,0.990000,0.038480,0
39,100,0.547600,1.015000,0.034040,0
39,101,0.330000,1.040000,0.035520,0
39,102,0.455800,0.990000,0.037000,0
39,103,0.581600,1.015000,0.038480,0
39,104,0.364000,1.040000,0.034040,0
39,105,0.489800,0.990000,0.035520,0
39,106,0.615600,1.015000,0.037000,0
39,107,0.398000,1.040000,0.038480,0
39,108,0.523800,0.990000,0.034040,0
39,109,0.649600,1.015000,0.035520,0
39,110,0.432000,1.040000,0.037000,0
39,111,0.557800,0.990000,0.038480,0
39,112,0.340200,1.015000,0.034040,0
39,113,0.466000,1.040000,0.035520,0
39,114,0.591800,0.990000,0.037000,0
39,115,0.374200,1.015000,0.038480,0
39,116,0.500000,1.040000,0.034040,0
39,117,0.625800,0.990000,0.035520,0
39,118,0.408200,1.015000,0.037000,0
39,119,0.534000,1.040000,0.038480,0
39,120,0.659800,0.990000,0.034040,0
39,121,0.442200,1.015000,0.035520,0
39,122,0.568000,1.040000,0.037000,0
39,123,0.350400,0.990000,0.038480,0
39,124,0.476200,1.015000,0.034040,0
39,125,0.602000,1.040000,0.035520,0
39,126,0.384400,0.990000,0.037000,0
39,127,0.510200,1.015000,0.038480,0
39,128,0.636000,1.040000,0.034040,0
39,129,0.418400,0.990000,0.035520,0
39,130,0.544200,1.015000,0.037000,0
39,131,0.670000,1.040000,0.038480,0
39,132,0.452400,0.990000,0.034040,0
39,133,0.578200,1.015000,0.035520,0
39,134,0.360600,1.040000,0.037000,0
39,135,0.486400,0.990000,0.038480,0
39,136,0.612200,1.015000,0.034040,0
39,137,0.394600,1.040000,0.035520,0
39,138,0.520400,0.990000,0.037000,0
39,139,0.646200,1.015000,0.038480,0
39,140,0.428600,1.040000,0.034040,0
39,141,0.554400,0.990000,0.035520,0
39,142,0.336800,1.015000,0.037000,0
39,143,0.462600,1.040000,0.038480,0
39,144,0.588400,0.990000,0.034040,0
40,0,0.128948,0.034040,0.034040,1
40,1,0.349626,0.035520,0.035520,1
40,2,0.751587,0.037000,0.037000,1
40,3,0.201157,0.038480,0.038480,1
40,4,0.513843,0.034040,0.034040,1
40,5,0.671415,0.035520,0.035520,1
40,6,0.277290,0.037000,0.037000,1
40,7,0.597691,0.038480,0.038480,1
40,8,0.889981,0.034040,0.034040,1
40,9,0.426548,0.035520,0.035520,1
40,10,0.637601,0.100613,0.037000,1
40,11,0.038480,0.144505,0.038480,1
40,12,0.316297,0.096121,0.034040,1
40,13,0.709678,0.094434,0.035520,1
40,14,0.037000,0.037000,0.037000,1
40,15,0.549474,0.096391,0.038480,1
40,16,0.822128,0.034040,0.034040,1
40,17,0.086662,0.088747,0.035520,1
40,18,0.822954,0.104513,0.037000,1
40,19,0.961520,0.038539,0.038480,1
40,20,0.240496,0.097255,0.034040,1
40,21,0.387851,0.094443,0.035520,1
40,22,0.158319,0.099243,0.037000,1
40,23,0.592133,0.160255,0.038480,1
40,24,0.893762,0.101402,0.034040,1
40,25,0.050941,0.217281,0.035520,1
40,26,0.472510,0.091072,0.037000,1
40,27,0.761123,0.147084,0.038480,1
40,28,0.352063,0.154122,0.034040,1
40,29,0.505456,0.155495,0.035520,1
40,30,0.963000,0.114054,0.037000,1
40,31,0.431291,0.154138,0.038480,1
40,32,0.686405,0.159981,0.034040,1
40,33,0.278780,0.154758,0.035520,1
40,34,0.928837,0.257415,0.037000,1
40,35,0.961520,0.189534,0.038480,1
40,36,0.112273,0.153485,0.034040,1
40,37,0.642865,0.214074,0.035520,1
40,38,0.888554,0.172215,0.037000,1
40,39,0.241774,0.219182,0.038480,1
40,40,0.819638,0.189607,0.034040,1
40,41,0.203093,0.156154,0.035520,1
40,42,0.317004,0.215922,0.037000,1
40,43,0.544005,0.220093,0.038480,1
40,44,0.387925,0.212199,0.034040,1
40,45,0.470102,0.216854,0.035520,1
40,46,0.730178,0.215806,0.037000,1
40,47,0.328134,0.290357,0.038480,1
40,48,0.501507,0.278803,0.034040,1
40,49,0.857003,0.248294,0.035520,1
40,50,0.424504,0.273110,0.037000,1
40,51,0.599176,0.273748,0.038480,1
40,52,0.136193,0.217224,0.034040,1
40,53,0.463723,0.337221,0.035520,1
40,54,0.786234,0.264079,0.037000,1
40,55,0.249474,0.295757,0.038480,1
40,56,0.549763,0.326829,0.034040,1
40,57,0.684257,0.271817,0.035520,1
40,58,0.387348,0.337041,0.037000,1
40,59,0.646777,0.335624,0.038480,1
40,60,0.740097,0.318098,0.034040,1
40,61,0.422319,0.400572,0.035520,1
40,62,0.575307,0.401220,0.037000,1
40,63,0.310400,0.365309,0.038480,1
40,64,0.493830,0.418722,0.034040,1
40,65,0.652948,0.517242,0.035520,1
40,66,0.347175,0.565473,0.037000,1
40,67,0.510988,0.686968,0.038480,1
40,68,0.666610,0.731421,0.034040,1
40,69,0.416086,0.672607,0.035520,1
40,70,0.584316,0.762707,0.037000,1
40,71,0.307541,0.837477,0.038480,1
40,72,0.427043,0.845930,0.034040,1
40,73,0.578313,0.902897,0.035520,1
40,74,0.385321,0.934316,0.037000,1
40,75,0.481417,0.911729,0.038480,1
40,76,0.630944,0.957408,0.034040,1
40,77,0.392267,1.023340,0.035520,1
40,78,0.532925,0.996815,0.037000,1
40,79,0.670116,1.031639,0.038480,1
40,80,0.457223,1.048227,0.034040,1
40,81,0.561200,0.990000,0.035520,0
40,82,0.343600,1.015000,0.037000,0
40,83,0.469400,1.040000,0.038480,0
40,84,0.595200,0.990000,0.034040,0
40,85,0.377600,1.015000,0.035520,0
40,86,0.503400,1.040000,0.037000,0
40,87,0.629200,0.990000,0.038480,0
40,88,0.411600,1.015000,0.034040,0
40,89,0.537400,1.040000,0.035520,0
40,90,0.663200,0.990000,0.037000,0
40,91,0.445600,1.015000,0.038480,0
40,92,0.571400,1.040000,0.034040,0
40,93,0.353800,0.990000,0.035520,0
40,94,0.479600,1.015000,0.037000,0
40,95,0.605400,1.040000,0.038480,0
40,96,0.387800,0.990000,0.034040,0
40,97,0.513600,1.015000,0.035520,0
40,98,0.639400,1.040000,0.037000,0
40,99,0.421800,0.990000,0.038480,0
40,100,0.547600,1.015000,0.034040,0
40,101,0.330000,1.040000,0.035520,0
40,102,0.455800,0.990000,0.037000,0
40,103,0.581600,1.015000,0.038480,0
40,104,0.364000,1.040000,0.034040,0
40,105,0.489800,0.990000,0.035520,0
40,106,0.615600,1.015000,0.037000,0
40,107,0.398000,1.040000,0.038480,0
40,108,0.523800,0.990000,0.034040,0
40,109,0.649600,1.015000,0.035520,0
40,110,0.432000,1.040000,0.037000,0
40,111,0.557800,0.990000,0.038480,0
40,112,0.340200,1.015000,0.034040,0
40,113,0.466000,1.040000,0.035520,0
40,114,0.591800,0.990000,0.037000,0
40,115,0.374200,1.015000,0.038480,0
40,116,0.500000,1.040000,0.034040,0
40,117,0.625800,0.990000,0.035520,0
40,118,0.408200,1.015000,0.037000,0
40,119,0.534000,1.040000,0.038480,0
40,120,0.659800,0.990000,0.034040,0
40,121,0.442200,1.015000,0.035520,0
40,122,0.568000,1.040000,0.037000,0
40,123,0.350400,0.990000,0.038480,0
40,124,0.476200,1.015000,0.034040,0
40,125,0.602000,1.040000,0.035520,0
40,126,0.384400,0.990000,0.037000,0
40,127,0.510200,1.015000,0.038480,0
40,128,0.636000,1.040000,0.034040,0
40,129,0.418400,0.990000,0.035520,0
40,130,0.544200,1.015000,0.037000,0
40,131,0.670000,1.040000,0.038480,0
40,132,0.452400,0.990000,0.034040,0
40,133,0.578200,1.015000,0.035520,0
40,134,0.360600,1.040000,0.037000,0
40,135,0.486400,0.990000,0.038480,0
40,136,0.612200,1.015000,0.034040,0
40,137,0.394600,1.040000,0.035520,0
40,138,0.520400,0.990000,0.037000,0
40,139,0.646200,1.015000,0.038480,0
40,140,0.428600,1.040000,0.034040,0
40,141,0.554400,0.990000,0.035520,0
40,142,0.336800,1.015000,0.037000,0
40,143,0.462600,1.040000,0.038480,0
40,144,0.588400,0.990000,0.034040,0
41,0,0.125026,0.034040,0.034040,1
41,1,0.345119,0.035520,0.035520,1
41,2,0.751651,0.037000,0.037000,1
41,3,0.197345,0.038480,0.038480,1
41,4,0.514831,0.034040,0.034040,1
41,5,0.668756,0.035520,0.035520,1
41,6,0.272895,0.037000,0.037000,1
41,7,0.595286,0.038480,0.038480,1
41,8,0.890016,0.034040,0.034040,1
41,9,0.425944,0.035520,0.035520,1
41,10,0.635730,0.101571,0.037000,1
41,11,0.038480,0.147913,0.038480,1
41,12,0.312132,0.095932,0.034040,1
41,13,0.707636,0.093120,0.035520,1
41,14,0.037000,0.037000,0.037000,1
41,15,0.547578,0.097537,0.038480,1
41,16,0.822155,0.034040,0.034040,1
41,17,0.084786,0.090517,0.035520,1
41,18,0.824846,0.103544,0.037000,1
41,19,0.961520,0.038540,0.038480,1
41,20,0.237108,0.098065,0.034040,1
41,21,0.384682,0.092883,0.035520,1
41,22,0.156446,0.100933,0.037000,1
41,23,0.589811,0.161437,0.038480,1
41,24,0.895334,0.100424,0.034040,1
41,25,0.041091,0.221757,0.035520,1
41,26,0.472719,0.090291,0.037000,1
41,27,0.762080,0.142696,0.038480,1
41,28,0.349306,0.152939,0.034040,1
41,29,0.503079,0.156679,0.035520,1
41,30,0.963000,0.115123,0.037000,1
41,31,0.429167,0.151554,0.038480,1
41,32,0.692248,0.160777,0.034040,1
41,33,0.276100,0.155437,0.035520,1
41,34,0.940851,0.263014,0.037000,1
41,35,0.961520,0.190537,0.038480,1
41,36,0.110536,0.155219,0.034040,1
41,37,0.644589,0.210746,0.035520,1
41,38,0.889076,0.171112,0.037000,1
41,39,0.240482,0.220439,0.038480,1
41,40,0.819708,0.186630,0.034040,1
41,41,0.201277,0.157782,0.035520,1
41,42,0.315655,0.216065,0.037000,1
41,43,0.540478,0.220533,0.038480,1
41,44,0.386383,0.210046,0.034040,1
41,45,0.464425,0.216263,0.035520,1
41,46,0.738925,0.214221,0.037000,1
41,47,0.315229,0.291501,0.038480,1
41,48,0.488151,0.281403,0.034040,1
41,49,0.871710,0.241475,0.035520,1
41,50,0.417852,0.273608,0.037000,1
41,51,0.609058,0.275327,0.038480,1
41,52,0.143905,0.214561,0.034040,1
41,53,0.449277,0.339046,0.035520,1
41,54,0.800512,0.255117,0.037000,1
41,55,0.223929,0.295560,0.038480,1
41,56,0.547716,0.313782,0.034040,1
41,57,0.688809,0.266235,0.035520,1
41,58,0.376777,0.335137,0.037000,1
41,59,0.659133,0.333810,0.038480,1
41,60,0.748820,0.303848,0.034040,1
41,61,0.407948,0.400617,0.035520,1
41,62,0.592304,0.369070,0.037000,1
41,63,0.269771,0.357377,0.038480,1
41,64,0.515828,0.373982,0.034040,1
41,65,0.653741,0.407613,0.035520,1
41,66,0.343992,0.438225,0.037000,1
41,67,0.512089,0.573889,0.038480,1
41,68,0.670503,0.619818,0.034040,1
41,69,0.413442,0.565148,0.035520,1
41,70,0.585080,0.667971,0.037000,1
41,71,0.304251,0.749759,0.038480,1
41,72,0.426267,0.766596,0.034040,1
41,73,0.580115,0.832788,0.035520,1
41,74,0.391862,0.871010,0.037000,1
41,75,0.475738,0.857005,0.038480,1
41,76,0.629118,0.911186,0.034040,1
41,77,0.398679,0.980345,0.035520,1
41,78,0.514035,0.960440,0.037000,1
41,79,0.676637,1.008711,0.038480,1
41,80,0.450662,1.033357,0.034040,1
41,81,0.581591,0.989752,0.035520,1
41,82,0.337188,1.018791,0.037000,1
41,83,0.469400,1.040000,0.038480,0
41,84,0.595200,0.990000,0.034040,0
41,85,0.377600,1.015000,0.035520,0
41,86,0.503400,1.040000,0.037000,0
41,87,0.629200,0.990000,0.038480,0
41,88,0.411600,1.015000,0.034040,0
41,89,0.537400,1.040000,0.035520,0
41,90,0.663200,0.990000,0.037000,0
41,91,0.445600,1.015000,0.038480,0
41,92,0.571400,1.040000,0.034040,0
41,93,0.353800,0.990000,0.035520,0
41,94,0.479600,1.015000,0.037000,0
41,95,0.605400,1.040000,0.038480,0
41,96,0.387800,0.990000,0.034040,0
41,97,0.513600,1.015000,0.035520,0
41,98,0.639400,1.040000,0.037000,0
41,99,0.421800,0.990000,0.038480,0
41,100,0.547600,1.015000,0.034040,0
41,101,0.330000,1.040000,0.035520,0
41,102,0.455800,0.990000,0.037000,0
41,103,0.581600,1.015000,0.038480,0
41,104,0.364000,1.040000,0.034040,0
41,105,0.489800,0.990000,0.035520,0
41,106,0.615600,1.015000,0.037000,0
41,107,0.398000,1.040000,0.038480,0
41,108,0.523800,0.990000,0.034040,0
41,109,0.649600,1.015000,0.035520,0
41,110,0.432000,1.040000,0.037000,0
41,111,0.557800,0.990000,0.038480,0
41,112,0.340200,1.015000,0.034040,0
41,113,0.466000,1.040000,0.035520,0
41,114,0.591800,0.990000,0.037000,0
41,115,0.374200,1.015000,0.038480,0
41,116,0.500000,1.040000,0.034040,0
41,117,0.625800,0.990000,0.035520,0
41,118,0.408200,1.015000,0.037000,0
41,119,0.534000,1.040000,0.038480,0
41,120,0.659800,0.990000,0.034040,0
41,121,0.442200,1.015000,0.035520,0
41,122,0.568000,1.040000,0.037000,0
41,123,0.350400,0.990000,0.038480,0
41,124,0.476200,1.015000,0.034040,0
41,125,0.602000,1.040000,0.035520,0
41,126,0.384400,0.990000,0.037000,0
41,127,0.510200,1.015000,0.038480,0
41,128,0.636000,1.040000,0.034040,0
41,129,0.418400,0.990000,0.035520,0
41,130,0.544200,1.015000,0.037000,0
41,131,0.670000,1.040000,0.038480,0
41,132,0.452400,0.990000,0.034040,0
41,133,0.578200,1.015000,0.035520,0
41,134,0.360600,1.040000,0.037000,0
41,135,0.486400,0.990000,0.038480,0
41,136,0.612200,1.015000,0.034040,0
41,137,0.394600,1.040000,0.035520,0
41,138,0.520400,0.990000,0.037000,0
41,139,0.646200,1.015000,0.038480,0
41,140,0.428600,1.040000,0.034040,0
41,141,0.554400,0.990000,0.035520,0
41,142,0.336800,1.015000,0.037000,0
41,143,0.462600,1.040000,0.038480,0
41,144,0.588400,0.990000,0.034040,0
42,0,0.121960,0.034040,0.034040,1
42,1,0.341646,0.035520,0.035520,1
42,2,0.750302,0.037000,0.037000,1
42,3,0.194220,0.038480,0.038480,1
42,4,0.512920,0.034040,0.034040,1
42,5,0.666422,0.035520,0.035520,1
42,6,0.269752,0.037000,0.037000,1
42,7,0.593007,0.038480,0.038480,1
42,8,0.889242,0.034040,0.034040,1
42,9,0.422512,0.035520,0.035520,1
42,10,0.633292,0.101808,0.037000,1
42,11,0.038480,0.149972,0.038480,1
42,12,0.308140,0.096164,0.034040,1
42,13,0.705119,0.093435,0.035520,1
42,14,0.037000,0.037000,0.037000,1
42,15,0.545284,0.097225,0.038480,1
42,16,0.821182,0.034040,0.034040,1
42,17,0.083808,0.091904,0.035520,1
42,18,0.825415,0.103730,0.037000,1
42,19,0.961520,0.038482,0.038480,1
42,20,0.234580,0.098011,0.034040,1
42,21,0.380848,0.092707,0.035520,1
42,22,0.155554,0.102234,0.037000,1
42,23,0.585230,0.162488,0.038480,1
42,24,0.895894,0.100487,0.034040,1
42,25,0.035520,0.223862,0.035520,1
42,26,0.470407,0.089595,0.037000,1
42,27,0.761355,0.141003,0.038480,1
42,28,0.345677,0.152966,0.034040,1
42,29,0.500450,0.155938,0.035520,1
42,30,0.963000,0.117586,0.037000,1
42,31,0.426283,0.150389,0.038480,1
42,32,0.692226,0.161790,0.034040,1
42,33,0.272693,0.156116,0.035520,1
42,34,0.954215,0.268064,0.037000,1
42,35,0.961520,0.192960,0.038480,1
42,36,0.110082,0.156837,0.034040,1
42,37,0.641957,0.209422,0.035520,1
42,38,0.889423,0.171223,0.037000,1
42,39,0.238099,0.222692,0.038480,1
42,40,0.819562,0.184189,0.034040,1
42,41,0.200786,0.158813,0.035520,1
42,42,0.313195,0.216213,0.037000,1
42,43,0.535606,0.221200,0.038480,1
42,44,0.383900,0.209436,0.034040,1
42,45,0.461207,0.214924,0.035520,1
42,46,0.751883,0.215724,0.037000,1
42,47,0.300300,0.290548,0.038480,1
42,48,0.490100,0.277688,0.034040,1
42,49,0.886029,0.243643,0.035520,1
42,50,0.416801,0.272438,0.037000,1
42,51,0.613068,0.277381,0.038480,1
42,52,0.153188,0.209537,0.034040,1
42,53,0.452139,0.335749,0.035520,1
42,54,0.814447,0.255124,0.037000,1
42,55,0.187638,0.280737,0.038480,1
42,56,0.548995,0.311235,0.034040,1
42,57,0.693347,0.258229,0.035520,1
42,58,0.366556,0.326699,0.037000,1
42,59,0.670615,0.328541,0.038480,1
42,60,0.753966,0.292345,0.034040,1
42,61,0.406274,0.389942,0.035520,1
42,62,0.601478,0.359011,0.037000,1
42,63,0.231575,0.343921,0.038480,1
42,64,0.513205,0.369185,0.034040,1
42,65,0.660027,0.401805,0.035520,1
42,66,0.303875,0.366032,0.037000,1
42,67,0.513191,0.444610,0.038480,1
42,68,0.674396,0.492014,0.034040,1
42,69,0.410587,0.460851,0.035520,1
42,70,0.585845,0.557036,0.037000,1
42,71,0.300961,0.645842,0.038480,1
42,72,0.425491,0.671063,0.034040,1
42,73,0.581917,0.746478,0.035520,1
42,74,0.396314,0.791851,0.037000,1
42,75,0.472145,0.785986,0.038480,1
42,76,0.627292,0.848764,0.034040,1
42,77,0.395778,0.921030,0.035520,1
42,78,0.512664,0.910034,0.037000,1
42,79,0.683159,0.969582,0.038480,1
42,80,0.429509,0.991265,0.034040,1
42,81,0.569338,0.951333,0.035520,1
42,82,0.337188,1.003900,0.037000,1
42,83,0.488691,1.050122,0.038480,1
42,84,0.609003,1.008476,0.034040,1
42,85,0.377600,1.015000,0.035520,0
42,86,0.503400,1.040000,0.037000,0
42,87,0.629200,0.990000,0.038480,0
42,88,0.411600,1.015000,0.034040,0
42,89,0.537400,1.040000,0.035520,0
42,90,0.663200,0.990000,0.037000,0
42,91,0.445600,1.015000,0.038480,0
42,92,0.571400,1.040000,0.034040,0
42,93,0.353800,0.990000,0.035520,0
42,94,0.479600,1.015000,0.037000,0
42,95,0.605400,1.040000,0.038480,0
42,96,0.387800,0.990000,0.034040,0
42,97,0.513600,1.015000,0.035520,0
42,98,0.639400,1.040000,0.037000,0
42,99,0.421800,0.990000,0.038480,0
42,100,0.547600,1.015000,0.034040,0
42,101,0.330000,1.040000,0.035520,0
42,102,0.455800,0.990000,0.037000,0
42,103,0.581600,1.015000,0.038480,0
42,104,0.364000,1.040000,0.034040,0
42,105,0.489800,0.990000,0.035520,0
42,106,0.615600,1.015000,0.037000,0
42,107,0.398000,1.040000,0.038480,0
42,108,0.523800,0.990000,0.034040,0
42,109,0.649600,1.015000,0.035520,0
42,110,0.432000,1.040000,0.037000,0
42,111,0.557800,0.990000,0.038480,0
42,112,0.340200,1.015000,0.034040,0
42,113,0.466000,1.040000,0.035520,0
42,114,0.591800,0.990000,0.037000,0
42,115,0.374200,1.015000,0.038480,0
42,116,0.500000,1.040000,0.034040,0
42,117,0.625800,0.990000,0.035520,0
42,118,0.408200,1.015000,0.037000,0
42,119,0.534000,1.040000,0.038480,0
42,120,0.659800,0.990000,0.034040,0
42,121,0.442200,1.015000,0.035520,0
42,122,0.568000,1.040000,0.037000,0
42,123,0.350400,0.990000,0.038480,0
42,124,0.476200,1.015000,0.034040,0
42,125,0.602000,1.040000,0.035520,0
42,126,0.384400,0.990000,0.037000,0
42,127,0.510200,1.015000,0.038480,0
42,128,0.636000,1.040000,0.034040,0
42,129,0.418400,0.990000,0.035520,0
42,130,0.544200,1.015000,0.037000,0
42,131,0.670000,1.040000,0.038480,0
42,132,0.452400,0.990000,0.034040,0
42,133,0.578200,1.015000,0.035520,0
42,134,0.360600,1.040000,0.037000,0
42,135,0.486400,0.990000,0.038480,0
42,136,0.612200,1.015000,0.034040,0
42,137,0.394600,1.040000,0.035520,0
42,138,0.520400,0.990000,0.037000,0
42,139,0.646200,1.015000,0.038480,0
42,140,0.428600,1.040000,0.034040,0
42,141,0.554400,0.990000,0.035520,0
42,142,0.336800,1.015000,0.037000,0
42,143,0.462600,1.040000,0.038480,0
42,144,0.588400,0.990000,0.034040,0
43,0,0.120344,0.034040,0.034040,1
43,1,0.340781,0.035520,0.035520,1
43,2,0.749616,0.037000,0.037000,1
43,3,0.193145,0.038480,0.038480,1
43,4,0.506829,0.034040,0.034040,1
43,5,0.663559,0.035520,0.035520,1
43,6,0.268748,0.037000,0.037000,1
43,7,0.590191,0.038480,0.038480,1
43,8,0.888538,0.034040,0.034040,1
43,9,0.418532,0.035520,0.035520,1
43,10,0.631570,0.100812,0.037000,1
43,11,0.038480,0.152074,0.038480,1
43,12,0.307261,0.096466,0.034040,1
43,13,0.703199,0.092686,0.035520,1
43,14,0.037000,0.037000,0.037000,1
43,15,0.541283,0.096186,0.038480,1
43,16,0.820505,0.034040,0.034040,1
43,17,0.081628,0.092779,0.035520,1
43,18,0.825773,0.104187,0.037000,1
43,19,0.961520,0.038480,0.038480,1
43,20,0.232913,0.097596,0.034040,1
43,21,0.379102,0.093959,0.035520,1
43,22,0.153534,0.100741,0.037000,1
43,23,0.584384,0.159570,0.038480,1
43,24,0.896389,0.099717,0.034040,1
43,25,0.035520,0.225913,0.035520,1
43,26,0.465032,0.090358,0.037000,1
43,27,0.759763,0.139432,0.038480,1
43,28,0.343685,0.154033,0.034040,1
43,29,0.496931,0.155028,0.035520,1
43,30,0.963000,0.120705,0.037000,1
43,31,0.422931,0.153061,0.038480,1
43,32,0.690854,0.161482,0.034040,1
43,33,0.270791,0.155855,0.035520,1
43,34,0.963000,0.271646,0.037000,1
43,35,0.961520,0.196272,0.038480,1
43,36,0.109762,0.156766,0.034040,1
43,37,0.639553,0.208523,0.035520,1
43,38,0.891852,0.170421,0.037000,1
43,39,0.234004,0.221908,0.038480,1
43,40,0.821351,0.177292,0.034040,1
43,41,0.197931,0.157608,0.035520,1
43,42,0.309310,0.217267,0.037000,1
43,43,0.534714,0.218274,0.038480,1
43,44,0.380121,0.211670,0.034040,1
43,45,0.460895,0.216204,0.035520,1
43,46,0.761454,0.214834,0.037000,1
43,47,0.275423,0.286501,0.038480,1
43,48,0.488664,0.279825,0.034040,1
43,49,0.896870,0.242760,0.035520,1
43,50,0.415960,0.273049,0.037000,1
43,51,0.631580,0.282264,0.038480,1
43,52,0.152188,0.209910,0.034040,1
43,53,0.448788,0.337713,0.035520,1
43,54,0.825015,0.252559,0.037000,1
43,55,0.159692,0.281999,0.038480,1
43,56,0.559296,0.286220,0.034040,1
43,57,0.697738,0.248966,0.035520,1
43,58,0.348686,0.303883,0.037000,1
43,59,0.698177,0.322904,0.038480,1
43,60,0.760562,0.285927,0.034040,1
43,61,0.384122,0.367112,0.035520,1
43,62,0.593654,0.348296,0.037000,1
43,63,0.205881,0.343557,0.038480,1
43,64,0.518723,0.340830,0.034040,1
43,65,0.656661,0.384084,0.035520,1
43,66,0.279700,0.361914,0.037000,1
43,67,0.513459,0.413157,0.038480,1
43,68,0.696460,0.441134,0.034040,1
43,69,0.409915,0.433304,0.035520,1
43,70,0.587035,0.429999,0.037000,1
43,71,0.297671,0.525724,0.038480,1
43,72,0.424715,0.559329,0.034040,1
43,73,0.583718,0.643969,0.035520,1
43,74,0.395341,0.697412,0.037000,1
43,75,0.473976,0.698539,0.038480,1
43,76,0.625465,0.770143,0.034040,1
43,77,0.395778,0.850279,0.035520,1
43,78,0.514671,0.846454,0.037000,1
43,79,0.689680,0.914254,0.038480,1
43,80,0.424841,0.942711,0.034040,1
43,81,0.567278,0.913431,0.035520,1
43,82,0.326314,0.965802,0.037000,1
43,83,0.472443,1.005362,0.038480,1
43,84,0.615575,0.993718,0.034040,1
43,85,0.383219,1.018377,0.035520,1
43,86,0.522818,1.061572,0.037000,1
43,87,0.629200,0.990000,0.038480,0
43,88,0.411600,1.015000,0.034040,0
43,89,0.537400,1.040000,0.035520,0
43,90,0.663200,0.990000,0.037000,0
43,91,0.445600,1.015000,0.038480,0
43,92,0.571400,1.040000,0.034040,0
43,93,0.353800,0.990000,0.035520,0
43,94,0.479600,1.015000,0.037000,0
43,95,0.605400,1.040000,0.038480,0
43,96,0.387800,0.990000,0.034040,0
43,97,0.513600,1.015000,0.035520,0
43,98,0.639400,1.040000,0.037000,0
43,99,0.421800,0.990000,0.038480,0
43,100,0.547600,1.015000,0.034040,0
43,101,0.330000,1.040000,0.035520,0
43,102,0.455800,0.990000,0.037000,0
43,103,0.581600,1.015000,0.038480,0
43,104,0.364000,1.040000,0.034040,0
43,105,0.489800,0.990000,0.035520,0
43,106,0.615600,1.015000,0.037000,0
43,107,0.398000,1.040000,0.038480,0
43,108,0.523800,0.990000,0.034040,0
43,109,0.649600,1.015000,0.035520,0
43,110,0.432000,1.040000,0.037000,0
43,111,0.557800,0.990000,0.038480,0
43,112,0.340200,1.015000,0.034040,0
43,113,0.466000,1.040000,0.035520,0
43,114,0.591800,0.990000,0.037000,0
43,115,0.374200,1.015000,0.038480,0
43,116,0.500000,1.040000,0.034040,0
43,117,0.625800,0.990000,0.035520,0
43,118,0.408200,1.015000,0.037000,0
43,119,0.534000,1.040000,0.038480,0
43,120,0.659800,0.990000,0.034040,0
43,121,0.442200,1.015000,0.035520,0
43,122,0.568000,1.040000,0.037000,0
43,123,0.350400,0.990000,0.038480,0
43,124,0.476200,1.015000,0.034040,0
43,125,0.602000,1.040000,0.035520,0
43,126,0.384400,0.990000,0.037000,0
43,127,0.510200,1.015000,0.038480,0
43,128,0.636000,1.040000,0.034040,0
43,129,0.418400,0.990000,0.035520,0
43,130,0.544200,1.015000,0.037000,0
43,131,0.670000,1.040000,0.038480,0
43,132,0.452400,0.990000,0.034040,0
43,133,0.578200,1.015000,0.035520,0
43,134,0.360600,1.040000,0.037000,0
43,135,0.486400,0.990000,0.038480,0
43,136,0.612200,1.015000,0.034040,0
43,137,0.394600,1.040000,0.035520,0
43,138,0.520400,0.990000,0.037000,0
43,139,0.646200,1.015000,0.038480,0
43,140,0.428600,1.040000,0.034040,0
43,141,0.554400,0.990000,0.035520,0
43,142,0.336800,1.015000,0.037000,0
43,143,0.462600,1.040000,0.038480,0
43,144,0.588400,0.990000,0.034040,0
44,0,0.118076,0.034040,0.034040,1
44,1,0.339209,0.035520,0.035520,1
44,2,0.748401,0.037000,0.037000,1
44,3,0.190748,0.038480,0.038480,1
44,4,0.501025,0.034040,0.034040,1
44,5,0.662186,0.035520,0.035520,1
44,6,0.267288,0.037000,0.037000,1
44,7,0.588483,0.038480,0.038480,1
44,8,0.887300,0.034040,0.034040,1
44,9,0.410193,0.035520,0.035520,1
44,10,0.630689,0.100178,0.037000,1
44,11,0.038480,0.158914,0.038480,1
44,12,0.304715,0.096820,0.034040,1
44,13,0.702527,0.092812,0.035520,1
44,14,0.037000,0.037000,0.037000,1
44,15,0.537933,0.095526,0.038480,1
44,16,0.819255,0.034040,0.034040,1
44,17,0.076304,0.096322,0.035520,1
44,18,0.828771,0.103295,0.037000,1
44,19,0.961520,0.038480,0.038480,1
44,20,0.230131,0.095824,0.034040,1
44,21,0.373909,0.095639,0.035520,1
44,22,0.148556,0.098003,0.037000,1
44,23,0.582647,0.157811,0.038480,1
44,24,0.899377,0.099659,0.034040,1
44,25,0.035520,0.232881,0.035520,1
44,26,0.457465,0.089632,0.037000,1
44,27,0.761737,0.136586,0.038480,1
44,28,0.339195,0.156203,0.034040,1
44,29,0.491802,0.153248,0.035520,1
44,30,0.963000,0.128489,0.037000,1
44,31,0.417641,0.154597,0.038480,1
44,32,0.693638,0.161830,0.034040,1
44,33,0.265825,0.154735,0.035520,1
44,34,0.963000,0.280604,0.037000,1
44,35,0.961520,0.203814,0.038480,1
44,36,0.109969,0.157791,0.034040,1
44,37,0.639178,0.205232,0.035520,1
44,38,0.894892,0.170678,0.037000,1
44,39,0.226708,0.220287,0.038480,1
44,40,0.824138,0.173989,0.034040,1
44,41,0.193005,0.154698,0.035520,1
44,42,0.301989,0.216919,0.037000,1
44,43,0.531852,0.215155,0.038480,1
44,44,0.375493,0.213838,0.034040,1
44,45,0.458136,0.215900,0.035520,1
44,46,0.764372,0.211724,0.037000,1
44,47,0.267116,0.285526,0.038480,1
44,48,0.490566,0.277283,0.034040,1
44,49,0.900955,0.243957,0.035520,1
44,50,0.415832,0.274636,0.037000,1
44,51,0.635233,0.279681,0.038480,1
44,52,0.152381,0.211017,0.034040,1
44,53,0.453848,0.336316,0.035520,1
44,54,0.828674,0.247833,0.037000,1
44,55,0.133783,0.281091,0.038480,1
44,56,0.563000,0.280231,0.034040,1
44,57,0.699363,0.242640,0.035520,1
44,58,0.341863,0.278757,0.037000,1
44,59,0.702784,0.316533,0.038480,1
44,60,0.767040,0.282913,0.034040,1
44,61,0.374420,0.343296,0.035520,1
44,62,0.595244,0.343382,0.037000,1
44,63,0.185826,0.337785,0.038480,1
44,64,0.524462,0.336337,0.034040,1
44,65,0.659724,0.376571,0.035520,1
44,66,0.257816,0.360359,0.037000,1
44,67,0.496734,0.403347,0.038480,1
44,68,0.724011,0.403736,0.034040,1
44,69,0.419181,0.398285,0.035520,1
44,70,0.592988,0.417373,0.037000,1
44,71,0.306241,0.418257,0.038480,1
44,72,0.430603,0.466901,0.034040,1
44,73,0.585520,0.525259,0.035520,1
44,74,0.394368,0.586773,0.037000,1
44,75,0.475806,0.594892,0.038480,1
44,76,0.623639,0.675321,0.034040,1
44,77,0.395778,0.763328,0.035520,1
44,78,0.517533,0.767324,0.037000,1
44,79,0.696201,0.842725,0.038480,1
44,80,0.418417,0.879981,0.034040,1
44,81,0.564412,0.858775,0.035520,1
44,82,0.326314,0.918696,0.037000,1
44,83,0.475704,0.966375,0.038480,1
44,84,0.600607,0.942937,0.034040,1
44,85,0.363758,0.988299,0.035520,1
44,86,0.519538,1.046701,0.037000,1
44,87,0.650679,1.004160,0.038480,1
44,88,0.424649,1.021928,0.034040,1
44,89,0.537400,1.040000,0.035520,0
44,90,0.663200,0.990000,0.037000,0
44,91,0.445600,1.015000,0.038480,0
44,92,0.571400,1.040000,0.034040,0
44,93,0.353800,0.990000,0.035520,0
44,94,0.479600,1.015000,0.037000,0
44,95,0.605400,1.040000,0.038480,0
44,96,0.387800,0.990000,0.034040,0
44,97,0.513600,1.015000,0.035520,0
44,98,0.639400,1.040000,0.037000,0
44,99,0.421800,0.990000,0.038480,0
44,100,0.547600,1.015000,0.034040,0
44,101,0.330000,1.040000,0.035520,0
44,102,0.455800,0.990000,0.037000,0
44,103,0.581600,1.015000,0.038480,0
44,104,0.364000,1.040000,0.034040,0
44,105,0.489800,0.990000,0.035520,0
44,106,0.615600,1.015000,0.037000,0
44,107,0.398000,1.040000,0.038480,0
44,108,0.523800,0.990000,0.034040,0
44,109,0.649600,1.015000,0.035520,0
44,110,0.432000,1.040000,0.037000,0
44,111,0.557800,0.990000,0.038480,0
44,112,0.340200,1.015000,0.034040,0
44,113,0.466000,1.040000,0.035520,0
44,114,0.591800,0.990000,0.037000,0
44,115,0.374200,1.015000,0.038480,0
44,116,0.500000,1.040000,0.034040,0
44,117,0.625800,0.990000,0.035520,0
44,118,0.408200,1.015000,0.037000,0
44,119,0.534000,1.040000,0.038480,0
44,120,0.659800,0.990000,0.034040,0
44,121,0.442200,1.015000,0.035520,0
44,122,0.568000,1.040000,0.037000,0
44,123,0.350400,0.990000,0.038480,0
44,124,0.476200,1.015000,0.034040,0
44,125,0.602000,1.040000,0.035520,0
44,126,0.384400,0.990000,0.037000,0
44,127,0.510200,1.015000,0.038480,0
44,128,0.636000,1.040000,0.034040,0
44,129,0.418400,0.990000,0.035520,0
44,130,0.544200,1.015000,0.037000,0
44,131,0.670000,1.040000,0.038480,0
44,132,0.452400,0.990000,0.034040,0
44,133,0.578200,1.015000,0.035520,0
44,134,0.360600,1.040000,0.037000,0
44,135,0.486400,0.990000,0.038480,0
44,136,0.612200,1.015000,0.034040,0
44,137,0.394600,1.040000,0.035520,0
44,138,0.520400,0.990000,0.037000,0
44,139,0.646200,1.015000,0.038480,0
44,140,0.428600,1.040000,0.034040,0
44,141,0.554400,0.990000,0.035520,0
44,142,0.336800,1.015000,0.037000,0
44,143,0.462600,1.040000,0.038480,0
44,144,0.588400,0.990000,0.034040,0
45,0,0.112412,0.034040,0.034040,1
45,1,0.333865,0.035520,0.035520,1
45,2,0.747788,0.037000,0.037000,1
45,3,0.184773,0.038480,0.038480,1
45,4,0.495085,0.034040,0.034040,1
45,5,0.662810,0.035520,0.035520,1
45,6,0.261634,0.037000,0.037000,1
45,7,0.588538,0.038480,0.038480,1
45,8,0.886522,0.034040,0.034040,1
45,9,0.404789,0.035520,0.035520,1
45,10,0.631119,0.099606,0.037000,1
45,11,0.038480,0.166900,0.038480,1
45,12,0.300362,0.096214,0.034040,1
45,13,0.702887,0.092858,0.035520,1
45,14,0.037000,0.037000,0.037000,1
45,15,0.534665,0.092678,0.038480,1
45,16,0.818534,0.034040,0.034040,1
45,17,0.070471,0.100711,0.035520,1
45,18,0.833807,0.102079,0.037000,1
45,19,0.961520,0.038480,0.038480,1
45,20,0.223581,0.096366,0.034040,1
45,21,0.369756,0.095807,0.035520,1
45,22,0.143013,0.098585,0.037000,1
45,23,0.580275,0.154036,0.038480,1
45,24,0.904174,0.097975,0.034040,1
45,25,0.035520,0.240847,0.035520,1
45,26,0.452005,0.088753,0.037000,1
45,27,0.765406,0.131537,0.038480,1
45,28,0.334180,0.155624,0.034040,1
45,29,0.488754,0.150880,0.035520,1
45,30,0.963000,0.134616,0.037000,1
45,31,0.414529,0.154231,0.038480,1
45,32,0.699678,0.162330,0.034040,1
45,33,0.261564,0.153849,0.035520,1
45,34,0.963000,0.285587,0.037000,1
45,35,0.961520,0.209840,0.038480,1
45,36,0.109609,0.161231,0.034040,1
45,37,0.639688,0.197615,0.035520,1
45,38,0.898358,0.169206,0.037000,1
45,39,0.222219,0.221024,0.038480,1
45,40,0.827510,0.172607,0.034040,1
45,41,0.187208,0.155969,0.035520,1
45,42,0.297262,0.216257,0.037000,1
45,43,0.530213,0.211613,0.038480,1
45,44,0.371423,0.212720,0.034040,1
45,45,0.456587,0.214634,0.035520,1
45,46,0.765421,0.206603,0.037000,1
45,47,0.265127,0.284881,0.038480,1
45,48,0.492748,0.273961,0.034040,1
45,49,0.900953,0.249895,0.035520,1
45,50,0.413980,0.273116,0.037000,1
45,51,0.634876,0.271512,0.038480,1
45,52,0.150037,0.215858,0.034040,1
45,53,0.455779,0.332839,0.035520,1
45,54,0.828964,0.243682,0.037000,1
45,55,0.103670,0.271619,0.038480,1
45,56,0.563069,0.275668,0.034040,1
45,57,0.699640,0.235459,0.035520,1
45,58,0.339754,0.276205,0.037000,1
45,59,0.701677,0.309364,0.038480,1
45,60,0.767045,0.277926,0.034040,1
45,61,0.379072,0.336704,0.035520,1
45,62,0.598370,0.337164,0.037000,1
45,63,0.162259,0.321521,0.038480,1
45,64,0.526684,0.333029,0.034040,1
45,65,0.663048,0.372123,0.035520,1
45,66,0.231833,0.352589,0.037000,1
45,67,0.494631,0.398005,0.038480,1
45,68,0.753151,0.360448,0.034040,1
45,69,0.420195,0.394360,0.035520,1
45,70,0.601942,0.411026,0.037000,1
45,71,0.315434,0.374405,0.038480,1
45,72,0.451464,0.456366,0.034040,1
45,73,0.575987,0.478742,0.035520,1
45,74,0.380790,0.471978,0.037000,1
45,75,0.496636,0.513098,0.038480,1
45,76,0.621813,0.564299,0.034040,1
45,77,0.395778,0.660177,0.035520,1
45,78,0.520394,0.671993,0.037000,1
45,79,0.702722,0.754996,0.038480,1
45,80,0.411994,0.801052,0.034040,1
45,81,0.561546,0.787919,0.035520,1
45,82,0.326314,0.855391,0.037000,1
45,83,0.478964,0.911189,0.038480,1
45,84,0.606850,0.894866,0.034040,1
45,85,0.357276,0.949351,0.035520,1
45,86,0.495466,1.007911,0.037000,1
45,87,0.625865,0.964554,0.038480,1
45,88,0.423399,1.006533,0.034040,1
45,89,0.566225,1.042839,0.035520,1
45,90,0.688052,1.007332,0.037000,1
45,91,0.445600,1.015000,0.038480,0
45,92,0.571400,1.040000,0.034040,0
45,93,0.353800,0.990000,0.035520,0
45,94,0.479600,1.015000,0.037000,0
45,95,0.605400,1.040000,0.038480,0
45,96,0.387800,0.990000,0.034040,0
45,97,0.513600,1.015000,0.035520,0
45,98,0.639400,1.040000,0.037000,0
45,99,0.421800,0.990000,0.038480,0
45,100,0.547600,1.015000,0.034040,0
45,101,0.330000,1.040000,0.035520,0
45,102,0.455800,0.990000,0.037000,0
45,103,0.581600,1.015000,0.038480,0
45,104,0.364000,1.040000,0.034040,0
45,105,0.489800,0.990000,0.035520,0
45,106,0.615600,1.015000,0.037000,0
45,107,0.398000,1.040000,0.038480,0
45,108,0.523800,0.990000,0.034040,0
45,109,0.649600,1.015000,0.035520,0
45,110,0.432000,1.040000,0.037000,0
45,111,0.557800,0.990000,0.038480,0
45,112,0.340200,1.015000,0.034040,0
45,113,0.466000,1.040000,0.035520,0
45,114,0.591800,0.990000,0.037000,0
45,115,0.374200,1.015000,0.038480,0
45,116,0.500000,1.040000,0.034040,0
45,117,0.625800,0.990000,0.035520,0
45,118,0.408200,1.015000,0.037000,0
45,119,0.534000,1.040000,0.038480,0
45,120,0.659800,0.990000,0.034040,0
45,121,0.442200,1.015000,0.035520,0
45,122,0.568000,1.040000,0.037000,0
45,123,0.350400,0.990000,0.038480,0
45,124,0.476200,1.015000,0.034040,0
45,125,0.602000,1.040000,0.035520,0
45,126,0.384400,0.990000,0.037000,0
45,127,0.510200,1.015000,0.038480,0
45,128,0.636000,1.040000,0.034040,0
45,129,0.418400,0.990000,0.035520,0
45,130,0.544200,1.015000,0.037000,0
45,131,0.670000,1.040000,0.038480,0
45,132,0.452400,0.990000,0.034040,0
45,133,0.578200,1.015000,0.035520,0
45,134,0.360600,1.040000,0.037000,0
45,135,0.486400,0.990000,0.038480,0
45,136,0.612200,1.015000,0.034040,0
45,137,0.394600,1.040000,0.035520,0
45,138,0.520400,0.990000,0.037000,0
45,139,0.646200,1.015000,0.038480,0
45,140,0.428600,1.040000,0.034040,0
45,141,0.554400,0.990000,0.035520,0
45,142,0.336800,1.015000,0.037000,0
45,143,0.462600,1.040000,0.038480,0
45,144,0.588400,0.990000,0.034040,0
46,0,0.107574,0.034040,0.034040,1
46,1,0.330475,0.035520,0.035520,1
46,2,0.745472,0.037000,0.037000,1
46,3,0.183039,0.038480,0.038480,1
46,4,0.491045,0.034040,0.034040,1
46,5,0.663472,0.035520,0.035520,1
46,6,0.258560,0.037000,0.037000,1
46,7,0.585995,0.038480,0.038480,1
46,8,0.883969,0.034040,0.034040,1
46,9,0.401231,0.035520,0.035520,1
46,10,0.630410,0.098527,0.037000,1
46,11,0.038480,0.168584,0.038480,1
46,12,0.297359,0.096106,0.034040,1
46,13,0.702620,0.092865,0.035520,1
46,14,0.037000,0.037000,0.037000,1
46,15,0.531865,0.092528,0.038480,1
46,16,0.816062,0.034040,0.034040,1
46,17,0.067210,0.101491,0.035520,1
46,18,0.841765,0.098556,0.037000,1
46,19,0.961520,0.038480,0.038480,1
46,20,0.221559,0.097084,0.034040,1
46,21,0.366886,0.095892,0.035520,1
46,22,0.139481,0.096899,0.037000,1
46,23,0.579205,0.152719,0.038480,1
46,24,0.912380,0.094248,0.034040,1
46,25,0.035520,0.242409,0.035520,1
46,26,0.447403,0.088904,0.037000,1
46,27,0.770460,0.122381,0.038480,1
46,28,0.330938,0.155328,0.034040,1
46,29,0.485266,0.150088,0.035520,1
46,30,0.963000,0.141313,0.037000,1
46,31,0.410839,0.155156,0.038480,1
46,32,0.707154,0.161649,0.034040,1
46,33,0.259765,0.154527,0.035520,1
46,34,0.963000,0.292088,0.037000,1
46,35,0.961520,0.216718,0.038480,1
46,36,0.109213,0.161254,0.034040,1
46,37,0.643401,0.189025,0.035520,1
46,38,0.899842,0.175001,0.037000,1
46,39,0.220513,0.217833,0.038480,1
46,40,0.829758,0.168054,0.034040,1
46,41,0.182461,0.154849,0.035520,1
46,42,0.295692,0.216780,0.037000,1
46,43,0.528320,0.209523,0.038480,1
46,44,0.367090,0.213096,0.034040,1
46,45,0.454675,0.214491,0.035520,1
46,46,0.766743,0.199843,0.037000,1
46,47,0.259163,0.284206,0.038480,1
46,48,0.492574,0.272664,0.034040,1
46,49,0.899773,0.256284,0.035520,1
46,50,0.410442,0.271792,0.037000,1
46,51,0.634768,0.262440,0.038480,1
46,52,0.148305,0.216773,0.034040,1
46,53,0.453509,0.330045,0.035520,1
46,54,0.829303,0.239166,0.037000,1
46,55,0.101988,0.272583,0.038480,1
46,56,0.563287,0.272505,0.034040,1
46,57,0.701762,0.230755,0.035520,1
46,58,0.336450,0.277694,0.037000,1
46,59,0.701573,0.304588,0.038480,1
46,60,0.765791,0.270857,0.034040,1
46,61,0.377821,0.336659,0.035520,1
46,62,0.603615,0.330682,0.037000,1
46,63,0.162303,0.320132,0.038480,1
46,64,0.528128,0.330773,0.034040,1
46,65,0.674780,0.373401,0.035520,1
46,66,0.229562,0.354225,0.037000,1
46,67,0.496477,0.396021,0.038480,1
46,68,0.785345,0.336069,0.034040,1
46,69,0.420522,0.392902,0.035520,1
46,70,0.609422,0.404269,0.037000,1
46,71,0.304570,0.346307,0.038480,1
46,72,0.449929,0.455648,0.034040,1
46,73,0.564704,0.461152,0.035520,1
46,74,0.344538,0.410337,0.037000,1
46,75,0.504125,0.503573,0.038480,1
46,76,0.645372,0.465541,0.034040,1
46,77,0.395778,0.540826,0.035520,1
46,78,0.526930,0.575525,0.037000,1
46,79,0.709243,0.651068,0.038480,1
46,80,0.405570,0.705922,0.034040,1
46,81,0.558680,0.700863,0.035520,1
46,82,0.326314,0.775885,0.037000,1
46,83,0.482225,0.839803,0.038480,1
46,84,0.613332,0.831695,0.034040,1
46,85,0.350794,0.894204,0.035520,1
46,86,0.504740,0.957471,0.037000,1
46,87,0.625865,0.925640,0.038480,1
46,88,0.411204,0.956793,0.034040,1
46,89,0.574506,0.995129,0.035520,1
46,90,0.681492,0.992461,0.037000,1
46,91,0.446782,1.031839,0.038480,1
46,92,0.569679,1.064521,0.034040,1
46,93,0.353800,0.990000,0.035520,0
46,94,0.479600,1.015000,0.037000,0
46,95,0.605400,1.040000,0.038480,0
46,96,0.387800,0.990000,0.034040,0
46,97,0.513600,1.015000,0.035520,0
46,98,0.639400,1.040000,0.037000,0
46,99,0.421800,0.990000,0.038480,0
46,100,0.547600,1.015000,0.034040,0
46,101,0.330000,1.040000,0.035520,0
46,102,0.455800,0.990000,0.037000,0
46,103,0.581600,1.015000,0.038480,0
46,104,0.364000,1.040000,0.034040,0
46,105,0.489800,0.990000,0.035520,0
46,106,0.615600,1.015000,0.037000,0
46,107,0.398000,1.040000,0.038480,0
46,108,0.523800,0.990000,0.034040,0
46,109,0.649600,1.015000,0.035520,0
46,110,0.432000,1.040000,0.037000,0
46,111,0.557800,0.990000,0.038480,0
46,112,0.340200,1.015000,0.034040,0
46,113,0.466000,1.040000,0.035520,0
46,114,0.591800,0.990000,0.037000,0
46,115,0.374200,1.015000,0.038480,0
46,116,0.500000,1.040000,0.034040,0
46,117,0.625800,0.990000,0.035520,0
46,118,0.408200,1.015000,0.037000,0
46,119,0.534000,1.040000,0.038480,0
46,120,0.659800,0.990000,0.034040,0
46,121,0.442200,1.015000,0.035520,0
46,122,0.568000,1.040000,0.037000,0
46,123,0.350400,0.990000,0.038480,0
46,124,0.476200,1.015000,0.034040,0
46,125,0.602000,1.040000,0.035520,0
46,126,0.384400,0.990000,0.037000,0
46,127,0.510200,1.015000,0.038480,0
46,128,0.636000,1.040000,0.034040,0
46,129,0.418400,0.990000,0.035520,0
46,130,0.544200,1.015000,0.037000,0
46,131,0.670000,1.040000,0.038480,0
46,132,0.452400,0.990000,0.034040,0
46,133,0.578200,1.015000,0.035520,0
46,134,0.360600,1.040000,0.037000,0
46,135,0.486400,0.990000,0.038480,0
46,136,0.612200,1.015000,0.034040,0
46,137,0.394600,1.040000,0.035520,0
46,138,0.520400,0.990000,0.037000,0
46,139,0.646200,1.015000,0.038480,0
46,140,0.428600,1.040000,0.034040,0
46,141,0.554400,0.990000,0.035520,0
46,142,0.336800,1.015000,0.037000,0
46,143,0.462600,1.040000,0.038480,0
46,144,0.588400,0.990000,0.034040,0
47,0,0.106998,0.034040,0.034040,1
47,1,0.327270,0.035520,0.035520,1
47,2,0.747195,0.037000,0.037000,1
47,3,0.179421,0.038480,0.038480,1
47,4,0.487026,0.034040,0.034040,1
47,5,0.658994,0.035520,0.035520,1
47,6,0.254989,0.037000,0.037000,1
47,7,0.585221,0.038480,0.038480,1
47,8,0.886145,0.034040,0.034040,1
47,9,0.398165,0.035520,0.035520,1
47,10,0.628968,0.099371,0.037000,1
47,11,0.038480,0.171625,0.038480,1
47,12,0.294013,0.096096,0.034040,1
47,13,0.700794,0.090312,0.035520,1
47,14,0.037000,0.037000,0.037000,1
47,15,0.529551,0.091322,0.038480,1
47,16,0.817955,0.034040,0.034040,1
47,17,0.063911,0.103009,0.035520,1
47,18,0.846304,0.097075,0.037000,1
47,19,0.961520,0.038480,0.038480,1
47,20,0.217799,0.096953,0.034040,1
47,21,0.363679,0.095880,0.035520,1
47,22,0.135964,0.097316,0.037000,1
47,23,0.576275,0.152029,0.038480,1
47,24,0.916978,0.094588,0.034040,1
47,25,0.035520,0.245448,0.035520,1
47,26,0.444175,0.089446,0.037000,1
47,27,0.772227,0.109289,0.038480,1
47,28,0.327737,0.155262,0.034040,1
47,29,0.483909,0.149669,0.035520,1
47,30,0.963000,0.147539,0.037000,1
47,31,0.407359,0.155406,0.038480,1
47,32,0.711480,0.158362,0.034040,1
47,33,0.256012,0.154346,0.035520,1
47,34,0.963000,0.298435,0.037000,1
47,35,0.961520,0.223008,0.038480,1
47,36,0.109446,0.163440,0.034040,1
47,37,0.645119,0.178570,0.035520,1
47,38,0.899024,0.182202,0.037000,1
47,39,0.216873,0.217877,0.038480,1
47,40,0.830342,0.165657,0.034040,1
47,41,0.179052,0.154934,0.035520,1
47,42,0.292089,0.216502,0.037000,1
47,43,0.526432,0.209638,0.038480,1
47,44,0.363521,0.213239,0.034040,1
47,45,0.452636,0.213670,0.035520,1
47,46,0.768566,0.200187,0.037000,1
47,47,0.250296,0.286864,0.038480,1
47,48,0.490203,0.272312,0.034040,1
47,49,0.900222,0.263187,0.035520,1
47,50,0.407000,0.269808,0.037000,1
47,51,0.631909,0.251316,0.038480,1
47,52,0.144673,0.221562,0.034040,1
47,53,0.449469,0.328458,0.035520,1
47,54,0.832730,0.236703,0.037000,1
47,55,0.100497,0.279118,0.038480,1
47,56,0.562932,0.271904,0.034040,1
47,57,0.701882,0.226968,0.035520,1
47,58,0.333259,0.277171,0.037000,1
47,59,0.704473,0.300702,0.038480,1
47,60,0.770660,0.271123,0.034040,1
47,61,0.375720,0.335510,0.035520,1
47,62,0.611445,0.323676,0.037000,1
47,63,0.168635,0.314609,0.038480,1
47,64,0.527075,0.329596,0.034040,1
47,65,0.686111,0.372165,0.035520,1
47,66,0.226967,0.362413,0.037000,1
47,67,0.492112,0.393077,0.038480,1
47,68,0.817238,0.320775,0.034040,1
47,69,0.418113,0.392107,0.035520,1
47,70,0.618199,0.397331,0.037000,1
47,71,0.300292,0.345098,0.038480,1
47,72,0.448044,0.454714,0.034040,1
47,73,0.559974,0.440431,0.035520,1
47,74,0.346846,0.404340,0.037000,1
47,75,0.508892,0.493968,0.038480,1
47,76,0.695112,0.441140,0.034040,1
47,77,0.379118,0.469284,0.035520,1
47,78,0.562019,0.547556,0.037000,1
47,79,0.715764,0.530939,0.038480,1
47,80,0.399146,0.594593,0.034040,1
47,81,0.558686,0.620000,0.035520,1
47,82,0.326314,0.680179,0.037000,1
47,83,0.485485,0.752216,0.038480,1
47,84,0.619814,0.752323,0.034040,1
47,85,0.344312,0.822856,0.035520,1
47,86,0.506352,0.895121,0.037000,1
47,87,0.625865,0.870526,0.038480,1
47,88,0.409603,0.909184,0.034040,1
47,89,0.581027,0.956143,0.035520,1
47,90,0.674931,0.961391,0.037000,1
47,91,0.424853,1.005994,0.038480,1
47,92,0.569679,1.049650,0.034040,1
47,93,0.354659,0.984072,0.035520,1
47,94,0.499379,1.017956,0.037000,1
47,95,0.605400,1.040000,0.038480,0
47,96,0.387800,0.990000,0.034040,0
47,97,0.513600,1.015000,0.035520,0
47,98,0.639400,1.040000,0.037000,0
47,99,0.421800,0.990000,0.038480,0
47,100,0.547600,1.015000,0.034040,0
47,101,0.330000,1.040000,0.035520,0
47,102,0.455800,0.990000,0.037000,0
47,103,0.581600,1.015000,0.038480,0
47,104,0.364000,1.040000,0.034040,0
47,105,0.489800,0.990000,0.035520,0
47,106,0.615600,1.015000,0.037000,0
47,107,0.398000,1.040000,0.038480,0
47,108,0.523800,0.990000,0.034040,0
47,109,0.649600,1.015000,0.035520,0
47,110,0.432000,1.040000,0.037000,0
47,111,0.557800,0.990000,0.038480,0
47,112,0.340200,1.015000,0.034040,0
47,113,0.466000,1.040000,0.035520,0
47,114,0.591800,0.990000,0.037000,0
47,115,0.374200,1.015000,0.038480,0
47,116,0.500000,1.040000,0.034040,0
47,117,0.625800,0.990000,0.035520,0
47,118,0.408200,1.015000,0.037000,0
47,119,0.534000,1.040000,0.038480,0
47,120,0.659800,0.990000,0.034040,0
47,121,0.442200,1.015000,0.035520,0
47,122,0.568000,1.040000,0.037000,0
47,123,0.350400,0.990000,0.038480,0
47,124,0.476200,1.015000,0.034040,0
47,125,0.602000,1.040000,0.035520,0
47,126,0.384400,0.990000,0.037000,0
47,127,0.510200,1.015000,0.038480,0
47,128,0.636000,1.040000,0.034040,0
47,129,0.418400,0.990000,0.035520,0
47,130,0.544200,1.015000,0.037000,0
47,131,0.670000,1.040000,0.038480,0
47,132,0.452400,0.990000,0.034040,0
47,133,0.578200,1.015000,0.035520,0
47,134,0.360600,1.040000,0.037000,0
47,135,0.486400,0.990000,0.038480,0
47,136,0.612200,1.015000,0.034040,0
47,137,0.394600,1.040000,0.035520,0
47,138,0.520400,0.990000,0.037000,0
47,139,0.646200,1.015000,0.038480,0
47,140,0.428600,1.040000,0.034040,0
47,141,0.554400,0.990000,0.035520,0
47,142,0.336800,1.015000,0.037000,0
47,143,0.462600,1.040000,0.038480,0
47,144,0.588400,0.990000,0.034040,0
48,0,0.105942,0.034040,0.034040,1
48,1,0.325785,0.035520,0.035520,1
48,2,0.748617,0.037000,0.037000,1
48,3,0.178028,0.038480,0.038480,1
48,4,0.486787,0.034040,0.034040,1
48,5,0.656419,0.035520,0.035520,1
48,6,0.253657,0.037000,0.037000,1
48,7,0.582714,0.038480,0.038480,1
48,8,0.888436,0.034040,0.034040,1
48,9,0.396682,0.035520,0.035520,1
48,10,0.626704,0.098623,0.037000,1
48,11,0.038480,0.173331,0.038480,1
48,12,0.292049,0.095863,0.034040,1
48,13,0.699111,0.088739,0.035520,1
48,14,0.037000,0.037000,0.037000,1
48,15,0.528975,0.092652,0.038480,1
48,16,0.819517,0.034040,0.034040,1
48,17,0.061431,0.103804,0.035520,1
48,18,0.849049,0.097360,0.037000,1
48,19,0.961520,0.038480,0.038480,1
48,20,0.217835,0.096875,0.034040,1
48,21,0.361497,0.096300,0.035520,1
48,22,0.133282,0.097445,0.037000,1
48,23,0.575558,0.153820,0.038480,1
48,24,0.919689,0.096208,0.034040,1
48,25,0.035520,0.247104,0.035520,1
48,26,0.443250,0.089824,0.037000,1
48,27,0.774974,0.106685,0.038480,1
48,28,0.325010,0.155559,0.034040,1
48,29,0.482751,0.150272,0.035520,1
48,30,0.963000,0.151735,0.037000,1
48,31,0.405707,0.155394,0.038480,1
48,32,0.720891,0.154205,0.034040,1
48,33,0.255189,0.154796,0.035520,1
48,34,0.963000,0.305373,0.037000,1
48,35,0.961520,0.227071,0.038480,1
48,36,0.109492,0.165085,0.034040,1
48,37,0.652539,0.166033,0.035520,1
48,38,0.895781,0.181841,0.037000,1
48,39,0.214592,0.216974,0.038480,1
48,40,0.826935,0.164413,0.034040,1
48,41,0.177797,0.153705,0.035520,1
48,42,0.290054,0.217788,0.037000,1
48,43,0.524578,0.211019,0.038480,1
48,44,0.361549,0.213002,0.034040,1
48,45,0.450841,0.213739,0.035520,1
48,46,0.769242,0.205999,0.037000,1
48,47,0.243467,0.287593,0.038480,1
48,48,0.487007,0.273070,0.034040,1
48,49,0.901157,0.268821,0.035520,1
48,50,0.404802,0.269521,0.037000,1
48,51,0.626220,0.234918,0.038480,1
48,52,0.142203,0.224874,0.034040,1
48,53,0.445946,0.329167,0.035520,1
48,54,0.837133,0.234707,0.037000,1
48,55,0.098771,0.283403,0.038480,1
48,56,0.564249,0.271470,0.034040,1
48,57,0.698677,0.219787,0.035520,1
48,58,0.331388,0.278618,0.037000,1
48,59,0.708997,0.292860,0.038480,1
48,60,0.779596,0.276282,0.034040,1
48,61,0.375377,0.336119,0.035520,1
48,62,0.623743,0.310224,0.037000,1
48,63,0.170615,0.310713,0.038480,1
48,64,0.527104,0.328114,0.034040,1
48,65,0.684776,0.362596,0.035520,1
48,66,0.222458,0.365524,0.037000,1
48,67,0.488910,0.389419,0.038480,1
48,68,0.842447,0.306127,0.034040,1
48,69,0.415278,0.394869,0.035520,1
48,70,0.615632,0.383731,0.037000,1
48,71,0.294602,0.344311,0.038480,1
48,72,0.454929,0.453366,0.034040,1
48,73,0.554750,0.423010,0.035520,1
48,74,0.343224,0.401458,0.037000,1
48,75,0.518808,0.487695,0.038480,1
48,76,0.732598,0.413065,0.034040,1
48,77,0.385928,0.459846,0.035520,1
48,78,0.598876,0.494790,0.037000,1
48,79,0.739016,0.485300,0.038480,1
48,80,0.406268,0.526365,0.034040,1
48,81,0.563929,0.564910,0.035520,1
48,82,0.326314,0.568274,0.037000,1
48,83,0.488746,0.648430,0.038480,1
48,84,0.626296,0.656752,0.034040,1
48,85,0.337830,0.735309,0.035520,1
48,86,0.507964,0.816572,0.037000,1
48,87,0.625865,0.799212,0.038480,1
48,88,0.408001,0.845374,0.034040,1
48,89,0.587548,0.900956,0.035520,1
48,90,0.668371,0.914120,0.037000,1
48,91,0.433003,0.957799,0.038480,1
48,92,0.560553,1.026367,0.034040,1
48,93,0.342675,0.949192,0.035520,1
48,94,0.495623,0.998493,0.037000,1
48,95,0.632264,1.037173,0.038480,1
48,96,0.380591,1.007581,0.034040,1
48,97,0.513600,1.015000,0.035520,0
48,98,0.639400,1.040000,0.037000,0
48,99,0.421800,0.990000,0.038480,0
48,100,0.547600,1.015000,0.034040,0
48,101,0.330000,1.040000,0.035520,0
48,102,0.455800,0.990000,0.037000,0
48,103,0.581600,1.015000,0.038480,0
48,104,0.364000,1.040000,0.034040,0
48,105,0.489800,0.990000,0.035520,0
48,106,0.615600,1.015000,0.037000,0
48,107,0.398000,1.040000,0.038480,0
48,108,0.523800,0.990000,0.034040,0
48,109,0.649600,1.015000,0.035520,0
48,110,0.432000,1.040000,0.037000,0
48,111,0.557800,0.990000,0.038480,0
48,112,0.340200,1.015000,0.034040,0
48,113,0.466000,1.040000,0.035520,0
48,114,0.591800,0.990000,0.037000,0
48,115,0.374200,1.015000,0.038480,0
48,116,0.500000,1.040000,0.034040,0
48,117,0.625800,0.990000,0.035520,0
48,118,0.408200,1.015000,0.037000,0
48,119,0.534000,1.040000,0.038480,0
48,120,0.659800,0.990000,0.034040,0
48,121,0.442200,1.015000,0.035520,0
48,122,0.568000,1.040000,0.037000,0
48,123,0.350400,0.990000,0.038480,0
48,124,0.476200,1.015000,0.034040,0
48,125,0.602000,1.040000,0.035520,0
48,126,0.384400,0.990000,0.037000,0
48,127,0.510200,1.015000,0.038480,0
48,128,0.636000,1.040000,0.034040,0
48,129,0.418400,0.990000,0.035520,0
48,130,0.544200,1.015000,0.037000,0
48,131,0.670000,1.040000,0.038480,0
48,132,0.452400,0.990000,0.034040,0
48,133,0.578200,1.015000,0.035520,0
48,134,0.360600,1.040000,0.037000,0
48,135,0.486400,0.990000,0.038480,0
48,136,0.612200,1.015000,0.034040,0
48,137,0.394600,1.040000,0.035520,0
48,138,0.520400,0.990000,0.037000,0
48,139,0.646200,1.015000,0.038480,0
48,140,0.428600,1.040000,0.034040,0
48,141,0.554400,0.990000,0.035520,0
48,142,0.336800,1.015000,0.037000,0
48,143,0.462600,1.040000,0.038480,0
48,144,0.588400,0.990000,0.034040,0
49,0,0.105581,0.034040,0.034040,1
49,1,0.324980,0.035520,0.035520,1
49,2,0.741374,0.037000,0.037000,1
49,3,0.177471,0.038480,0.038480,1
49,4,0.487789,0.034040,0.034040,1
49,5,0.659336,0.035520,0.035520,1
49,6,0.253003,0.037000,0.037000,1
49,7,0.578560,0.038480,0.038480,1
49,8,0.888448,0.034040,0.034040,1
49,9,0.395846,0.035520,0.035520,1
49,10,0.623565,0.096370,0.037000,1
49,11,0.038480,0.173791,0.038480,1
49,12,0.290899,0.095872,0.034040,1
49,13,0.696967,0.093667,0.035520,1
49,14,0.037000,0.037000,0.037000,1
49,15,0.527894,0.094186,0.038480,1
49,16,0.815422,0.034040,0.034040,1
49,17,0.061368,0.104019,0.035520,1
49,18,0.851377,0.095033,0.037000,1
49,19,0.961520,0.038480,0.038480,1
49,20,0.217418,0.096952,0.034040,1
49,21,0.360888,0.096499,0.035520,1
49,22,0.133340,0.097921,0.037000,1
49,23,0.575656,0.154459,0.038480,1
49,24,0.922072,0.098159,0.034040,1
49,25,0.035520,0.247608,0.035520,1
49,26,0.443268,0.089085,0.037000,1
49,27,0.776992,0.101802,0.038480,1
49,28,0.323911,0.155257,0.034040,1
49,29,0.480703,0.150735,0.035520,1
49,30,0.963000,0.155511,0.037000,1
49,31,0.406094,0.155034,0.038480,1
49,32,0.728747,0.155351,0.034040,1
49,33,0.254215,0.155240,0.035520,1
49,34,0.963000,0.307516,0.037000,1
49,35,0.961520,0.230884,0.038480,1
49,36,0.109621,0.165477,0.034040,1
49,37,0.659612,0.158617,0.035520,1
49,38,0.891089,0.169309,0.037000,1
49,39,0.214403,0.217903,0.038480,1
49,40,0.820665,0.159496,0.034040,1
49,41,0.178015,0.154252,0.035520,1
49,42,0.289857,0.217800,0.037000,1
49,43,0.523689,0.210740,0.038480,1
49,44,0.361188,0.212001,0.034040,1
49,45,0.449896,0.214448,0.035520,1
49,46,0.771476,0.211638,0.037000,1
49,47,0.244793,0.287981,0.038480,1
49,48,0.487070,0.273095,0.034040,1
49,49,0.900437,0.271925,0.035520,1
49,50,0.402946,0.269310,0.037000,1
49,51,0.622203,0.222198,0.038480,1
49,52,0.142186,0.225325,0.034040,1
49,53,0.444952,0.328250,0.035520,1
49,54,0.843824,0.226568,0.037000,1
49,55,0.099142,0.283858,0.038480,1
49,56,0.566845,0.268985,0.034040,1
49,57,0.698220,0.218036,0.035520,1
49,58,0.329463,0.279746,0.037000,1
49,59,0.715369,0.289905,0.038480,1
49,60,0.787221,0.280833,0.034040,1
49,61,0.374613,0.336042,0.035520,1
49,62,0.639405,0.295569,0.037000,1
49,63,0.171474,0.309949,0.038480,1
49,64,0.529841,0.326101,0.034040,1
49,65,0.691361,0.359815,0.035520,1
49,66,0.221600,0.366357,0.037000,1
49,67,0.490084,0.386755,0.038480,1
49,68,0.846009,0.315168,0.034040,1
49,69,0.416261,0.393366,0.035520,1
49,70,0.619397,0.366690,0.037000,1
49,71,0.294130,0.346381,0.038480,1
49,72,0.455629,0.450597,0.034040,1
49,73,0.560585,0.408918,0.035520,1
49,74,0.344420,0.401995,0.037000,1
49,75,0.524366,0.473383,0.038480,1
49,76,0.759593,0.373335,0.034040,1
49,77,0.387033,0.460351,0.035520,1
49,78,0.635666,0.438891,0.037000,1
49,79,0.761248,0.445836,0.038480,1
49,80,0.426147,0.517763,0.034040,1
49,81,0.584184,0.516903,0.035520,1
49,82,0.302776,0.463360,0.037000,1
49,83,0.493752,0.544008,0.038480,1
49,84,0.642867,0.554250,0.034040,1
49,85,0.331348,0.631561,0.035520,1
49,86,0.509575,0.721823,0.037000,1
49,87,0.625865,0.711698,0.038480,1
49,88,0.406399,0.765365,0.034040,1
49,89,0.593198,0.829351,0.035520,1
49,90,0.662681,0.850927,0.037000,1
49,91,0.429375,0.904225,0.038480,1
49,92,0.566463,0.982044,0.034040,1
49,93,0.339956,0.908898,0.035520,1
49,94,0.493618,0.948092,0.037000,1
49,95,0.638403,0.990760,0.038480,1
49,96,0.377320,0.992730,0.034040,1
49,97,0.507444,1.032125,0.035520,1
49,98,0.641868,1.066161,0.037000,1
49,99,0.421800,0.990000,0.038480,0
49,100,0.547600,1.015000,0.034040,0
49,101,0.330000,1.040000,0.035520,0
49,102,0.455800,0.990000,0.037000,0
49,103,0.581600,1.015000,0.038480,0
49,104,0.364000,1.040000,0.034040,0
49,105,0.489800,0.990000,0.035520,0
49,106,0.615600,1.015000,0.037000,0
49,107,0.398000,1.040000,0.038480,0
49,108,0.523800,0.990000,0.034040,0
49,109,0.649600,1.015000,0.035520,0
49,110,0.432000,1.040000,0.037000,0
49,111,0.557800,0.990000,0.038480,0
49,112,0.340200,1.015000,0.034040,0
49,113,0.466000,1.040000,0.035520,0
49,114,0.591800,0.990000,0.037000,0
49,115,0.374200,1.015000,0.038480,0
49,116,0.500000,1.040000,0.034040,0
49,117,0.625800,0.990000,0.035520,0
49,118,0.408200,1.015000,0.037000,0
49,119,0.534000,1.040000,0.038480,0
49,120,0.659800,0.990000,0.034040,0
49,121,0.442200,1.015000,0.035520,0
49,122,0.568000,1.040000,0.037000,0
49,123,0.350400,0.990000,0.038480,0
49,124,0.476200,1.015000,0.034040,0
49,125,0.602000,1.040000,0.035520,0
49,126,0.384400,0.990000,0.037000,0
49,127,0.510200,1.015000,0.038480,0
49,128,0.636000,1.040000,0.034040,0
49,129,0.418400,0.990000,0.035520,0
49,130,0.544200,1.015000,0.037000,0
49,131,0.670000,1.040000,0.038480,0
49,132,0.452400,0.990000,0.034040,0
49,133,0.578200,1.015000,0.035520,0
49,134,0.360600,1.040000,0.037000,0
49,135,0.486400,0.990000,0.038480,0
49,136,0.612200,1.015000,0.034040,0
49,137,0.394600,1.040000,0.035520,0
49,138,0.520400,0.990000,0.037000,0
49,139,0.646200,1.015000,0.038480,0
49,140,0.428600,1.040000,0.034040,0
49,141,0.554400,0.990000,0.035520,0
49,142,0.336800,1.015000,0.037000,0
49,143,0.462600,1.040000,0.038480,0
49,144,0.588400,0.990000,0.034040,0
50,0,0.105476,0.034040,0.034040,1
50,1,0.324615,0.035520,0.035520,1
50,2,0.736162,0.037000,0.037000,1
50,3,0.177319,0.038480,0.038480,1
50,4,0.482657,0.034040,0.034040,1
50,5,0.662757,0.035520,0.035520,1
50,6,0.252801,0.037000,0.037000,1
50,7,0.578157,0.038480,0.038480,1
50,8,0.889299,0.034040,0.034040,1
50,9,0.395447,0.035520,0.035520,1
50,10,0.624713,0.096108,0.037000,1
50,11,0.038480,0.173443,0.038480,1
50,12,0.290373,0.095938,0.034040,1
50,13,0.697530,0.096012,0.035520,1
50,14,0.037000,0.037000,0.037000,1
50,15,0.524418,0.091900,0.038480,1
50,16,0.813447,0.034040,0.034040,1
50,17,0.061539,0.103775,0.035520,1
50,18,0.851409,0.094000,0.037000,1
50,19,0.961520,0.038480,0.038480,1
50,20,0.217410,0.097092,0.034040,1
50,21,0.360189,0.096754,0.035520,1
50,22,0.133568,0.098088,0.037000,1
50,23,0.573225,0.151203,0.038480,1
50,24,0.922268,0.096728,0.034040,1
50,25,0.035520,0.247295,0.035520,1
50,26,0.441278,0.090489,0.037000,1
50,27,0.776220,0.098310,0.038480,1
50,28,0.323050,0.155482,0.034040,1
50,29,0.480383,0.151128,0.035520,1
50,30,0.963000,0.154667,0.037000,1
50,31,0.404135,0.156185,0.038480,1
50,32,0.732488,0.156048,0.034040,1
50,33,0.253367,0.156064,0.035520,1
50,34,0.963000,0.307045,0.037000,1
50,35,0.961520,0.230110,0.038480,1
50,36,0.109732,0.165504,0.034040,1
50,37,0.662809,0.157413,0.035520,1
50,38,0.889926,0.159548,0.037000,1
50,39,0.213000,0.219218,0.038480,1
50,40,0.818540,0.156791,0.034040,1
50,41,0.178219,0.154550,0.035520,1
50,42,0.288399,0.219113,0.037000,1
50,43,0.524286,0.210481,0.038480,1
50,44,0.359229,0.212978,0.034040,1
50,45,0.449059,0.214727,0.035520,1
50,46,0.774878,0.213055,0.037000,1
50,47,0.250057,0.286159,0.038480,1
50,48,0.487167,0.272719,0.034040,1
50,49,0.900367,0.271618,0.035520,1
50,50,0.401850,0.269594,0.037000,1
50,51,0.616469,0.214804,0.038480,1
50,52,0.140877,0.226076,0.034040,1
50,53,0.444746,0.327785,0.035520,1
50,54,0.848761,0.220569,0.037000,1
50,55,0.097585,0.286700,0.038480,1
50,56,0.567968,0.268314,0.034040,1
50,57,0.700039,0.217420,0.035520,1
50,58,0.328766,0.280788,0.037000,1
50,59,0.734336,0.282693,0.038480,1
50,60,0.806706,0.277325,0.034040,1
50,61,0.374487,0.336987,0.035520,1
50,62,0.658918,0.277197,0.037000,1
50,63,0.173980,0.295808,0.038480,1
50,64,0.530711,0.324963,0.034040,1
50,65,0.707348,0.351341,0.035520,1
50,66,0.219971,0.355623,0.037000,1
50,67,0.490984,0.385412,0.038480,1
50,68,0.855510,0.324791,0.034040,1
50,69,0.417497,0.393535,0.035520,1
50,70,0.630240,0.345328,0.037000,1
50,71,0.294975,0.348217,0.038480,1
50,72,0.458074,0.450074,0.034040,1
50,73,0.568521,0.383312,0.035520,1
50,74,0.345775,0.403673,0.037000,1
50,75,0.534387,0.448888,0.038480,1
50,76,0.779364,0.339605,0.034040,1
50,77,0.389499,0.461354,0.035520,1
50,78,0.665329,0.410425,0.037000,1
50,79,0.781801,0.412084,0.038480,1
50,80,0.431556,0.516711,0.034040,1
50,81,0.606029,0.467420,0.035520,1
50,82,0.249529,0.423464,0.037000,1
50,83,0.504020,0.519569,0.038480,1
50,84,0.688041,0.477736,0.034040,1
50,85,0.324866,0.511613,0.035520,1
50,86,0.511187,0.610873,0.037000,1
50,87,0.625865,0.607985,0.038480,1
50,88,0.404797,0.669155,0.034040,1
50,89,0.593933,0.740334,0.035520,1
50,90,0.661907,0.773125,0.037000,1
50,91,0.431869,0.838129,0.038480,1
50,92,0.568013,0.925982,0.034040,1
50,93,0.337237,0.852404,0.035520,1
50,94,0.491406,0.899241,0.037000,1
50,95,0.639159,0.953090,0.038480,1
50,96,0.361868,0.958949,0.034040,1
50,97,0.496428,1.009343,0.035520,1
50,98,0.645148,1.051290,0.037000,1
50,99,0.430350,0.984567,0.038480,1
50,100,0.565542,1.017208,0.034040,1
50,101,0.330000,1.040000,0.035520,0
50,102,0.455800,0.990000,0.037000,0
50,103,0.581600,1.015000,0.038480,0
50,104,0.364000,1.040000,0.034040,0
50,105,0.489800,0.990000,0.035520,0
50,106,0.615600,1.015000,0.037000,0
50,107,0.398000,1.040000,0.038480,0
50,108,0.523800,0.990000,0.034040,0
50,109,0.649600,1.015000,0.035520,0
50,110,0.432000,1.040000,0.037000,0
50,111,0.557800,0.990000,0.038480,0
50,112,0.340200,1.015000,0.034040,0
50,113,0.466000,1.040000,0.035520,0
50,114,0.591800,0.990000,0.037000,0
50,115,0.374200,1.015000,0.038480,0
50,116,0.500000,1.040000,0.034040,0
50,117,0.625800,0.990000,0.035520,0
50,118,0.408200,1.015000,0.037000,0
50,119,0.534000,1.040000,0.038480,0
50,120,0.659800,0.990000,0.034040,0
50,121,0.442200,1.015000,0.035520,0
50,122,0.568000,1.040000,0.037000,0
50,123,0.350400,0.990000,0.038480,0
50,124,0.476200,1.015000,0.034040,0
50,125,0.602000,1.040000,0.035520,0
50,126,0.384400,0.990000,0.037000,0
50,127,0.510200,1.015000,0.038480,0
50,128,0.636000,1.040000,0.034040,0
50,129,0.418400,0.990000,0.035520,0
50,130,0.544200,1.015000,0.037000,0
50,131,0.670000,1.040000,0.038480,0
50,132,0.452400,0.990000,0.034040,0
50,133,0.578200,1.015000,0.035520,0
50,134,0.360600,1.040000,0.037000,0
50,135,0.486400,0.990000,0.038480,0
50,136,0.612200,1.015000,0.034040,0
50,137,0.394600,1.040000,0.035520,0
50,138,0.520400,0.990000,0.037000,0
50,139,0.646200,1.015000,0.038480,0
50,140,0.428600,1.040000,0.034040,0
50,141,0.554400,0.990000,0.035520,0
50,142,0.336800,1.015000,0.037000,0
50,143,0.462600,1.040000,0.038480,0
50,144,0.588400,0.990000,0.034040,0
51,0,0.104945,0.034040,0.034040,1
51,1,0.323844,0.035520,0.035520,1
51,2,0.736685,0.037000,0.037000,1
51,3,0.176708,0.038480,0.038480,1
51,4,0.482069,0.034040,0.034040,1
51,5,0.662217,0.035520,0.035520,1
51,6,0.252171,0.037000,0.037000,1
51,7,0.580000,0.038480,0.038480,1
51,8,0.889974,0.034040,0.034040,1
51,9,0.394641,0.035520,0.035520,1
51,10,0.625582,0.097076,0.037000,1
51,11,0.038480,0.174685,0.038480,1
51,12,0.289639,0.095737,0.034040,1
51,13,0.698054,0.095277,0.035520,1
51,14,0.037000,0.037000,0.037000,1
51,15,0.525071,0.090809,0.038480,1
51,16,0.815407,0.034040,0.034040,1
51,17,0.060902,0.104581,0.035520,1
51,18,0.853417,0.093620,0.037000,1
51,19,0.961520,0.038480,0.038480,1
51,20,0.216340,0.096640,0.034040,1
51,21,0.359359,0.096325,0.035520,1
51,22,0.132904,0.097109,0.037000,1
51,23,0.573080,0.150697,0.038480,1
51,24,0.924145,0.096462,0.034040,1
51,25,0.035520,0.248529,0.035520,1
51,26,0.440543,0.090066,0.037000,1
51,27,0.778370,0.096591,0.038480,1
51,28,0.322346,0.155113,0.034040,1
51,29,0.480852,0.149875,0.035520,1
51,30,0.963000,0.155214,0.037000,1
51,31,0.403307,0.155452,0.038480,1
51,32,0.734531,0.154056,0.034040,1
51,33,0.252628,0.155141,0.035520,1
51,34,0.963000,0.307423,0.037000,1
51,35,0.961520,0.230607,0.038480,1
51,36,0.108329,0.163881,0.034040,1
51,37,0.664998,0.157861,0.035520,1
51,38,0.890952,0.158670,0.037000,1
51,39,0.212617,0.218133,0.038480,1
51,40,0.819931,0.155530,0.034040,1
51,41,0.176937,0.153995,0.035520,1
51,42,0.288018,0.217709,0.037000,1
51,43,0.524017,0.209691,0.038480,1
51,44,0.358710,0.212287,0.034040,1
51,45,0.448822,0.213130,0.035520,1
51,46,0.776473,0.211002,0.037000,1
51,47,0.252211,0.283570,0.038480,1
51,48,0.486000,0.271251,0.034040,1
51,49,0.900371,0.271851,0.035520,1
51,50,0.401698,0.268219,0.037000,1
51,51,0.616995,0.213796,0.038480,1
51,52,0.138741,0.224474,0.034040,1
51,53,0.443966,0.326552,0.035520,1
51,54,0.849945,0.219569,0.037000,1
51,55,0.099039,0.285687,0.038480,1
51,56,0.568239,0.267129,0.034040,1
51,57,0.704228,0.216699,0.035520,1
51,58,0.328148,0.279538,0.037000,1
51,59,0.744173,0.278458,0.038480,1
51,60,0.816681,0.281994,0.034040,1
51,61,0.373985,0.335577,0.035520,1
51,62,0.661196,0.274936,0.037000,1
51,63,0.175863,0.286588,0.038480,1
51,64,0.529755,0.322919,0.034040,1
51,65,0.716140,0.346348,0.035520,1
51,66,0.215804,0.350447,0.037000,1
51,67,0.490395,0.383641,0.038480,1
51,68,0.863862,0.331073,0.034040,1
51,69,0.416597,0.392418,0.035520,1
51,70,0.640797,0.346006,0.037000,1
51,71,0.290792,0.349472,0.038480,1
51,72,0.457885,0.448573,0.034040,1
51,73,0.574608,0.375736,0.035520,1
51,74,0.344419,0.401748,0.037000,1
51,75,0.540372,0.441758,0.038480,1
51,76,0.785568,0.342434,0.034040,1
51,77,0.389146,0.458367,0.035520,1
51,78,0.681309,0.409477,0.037000,1
51,79,0.804307,0.412478,0.038480,1
51,80,0.430440,0.514125,0.034040,1
51,81,0.613575,0.435028,0.035520,1
51,82,0.219309,0.424366,0.037000,1
51,83,0.502709,0.508387,0.038480,1
51,84,0.741029,0.447905,0.034040,1
51,85,0.288073,0.447403,0.035520,1
51,86,0.523516,0.580942,0.037000,1
51,87,0.628979,0.507407,0.038480,1
51,88,0.396965,0.573261,0.034040,1
51,89,0.594668,0.635117,0.035520,1
51,90,0.661133,0.679124,0.037000,1
51,91,0.434363,0.755833,0.038480,1
51,92,0.569565,0.853731,0.034040,1
51,93,0.334517,0.779710,0.035520,1
51,94,0.489194,0.834190,0.037000,1
51,95,0.639913,0.899225,0.038480,1
51,96,0.355968,0.910861,0.034040,1
51,97,0.509879,0.968247,0.035520,1
51,98,0.648428,1.020219,0.037000,1
51,99,0.420457,0.942563,0.038480,1
51,100,0.568971,1.004946,0.034040,1
51,101,0.328240,1.034352,0.035520,1
51,102,0.451415,1.011402,0.037000,1
51,103,0.581600,1.015000,0.038480,0
51,104,0.364000,1.040000,0.034040,0
51,105,0.489800,0.990000,0.035520,0
51,106,0.615600,1.015000,0.037000,0
51,107,0.398000,1.040000,0.038480,0
51,108,0.523800,0.990000,0.034040,0
51,109,0.649600,1.015000,0.035520,0
51,110,0.432000,1.040000,0.037000,0
51,111,0.557800,0.990000,0.038480,0
51,112,0.340200,1.015000,0.034040,0
51,113,0.466000,1.040000,0.035520,0
51,114,0.591800,0.990000,0.037000,0
51,115,0.374200,1.015000,0.038480,0
51,116,0.500000,1.040000,0.034040,0
51,117,0.625800,0.990000,0.035520,0
51,118,0.408200,1.015000,0.037000,0
51,119,0.534000,1.040000,0.038480,0
51,120,0.659800,0.990000,0.034040,0
51,121,0.442200,1.015000,0.035520,0
51,122,0.568000,1.040000,0.037000,0
51,123,0.350400,0.990000,0.038480,0
51,124,0.476200,1.015000,0.034040,0
51,125,0.602000,1.040000,0.035520,0
51,126,0.384400,0.990000,0.037000,0
51,127,0.510200,1.015000,0.038480,0
51,128,0.636000,1.040000,0.034040,0
51,129,0.418400,0.990000,0.035520,0
51,130,0.544200,1.015000,0.037000,0
51,131,0.670000,1.040000,0.038480,0
51,132,0.452400,0.990000,0.034040,0
51,133,0.578200,1.015000,0.035520,0
51,134,0.360600,1.040000,0.037000,0
51,135,0.486400,0.990000,0.038480,0
51,136,0.612200,1.015000,0.034040,0
51,137,0.394600,1.040000,0.035520,0
51,138,0.520400,0.990000,0.037000,0
51,139,0.646200,1.015000,0.038480,0
51,140,0.428600,1.040000,0.034040,0
51,141,0.554400,0.990000,0.035520,0
51,142,0.336800,1.015000,0.037000,0
51,143,0.462600,1.040000,0.038480,0
51,144,0.588400,0.990000,0.034040,0
52,0,0.104497,0.034040,0.034040,1
52,1,0.322521,0.035520,0.035520,1
52,2,0.736516,0.037000,0.037000,1
52,3,0.175999,0.038480,0.038480,1
52,4,0.482048,0.034040,0.034040,1
52,5,0.662862,0.035520,0.035520,1
52,6,0.251519,0.037000,0.037000,1
52,7,0.581130,0.038480,0.038480,1
52,8,0.889460,0.034040,0.034040,1
52,9,0.393360,0.035520,0.035520,1
52,10,0.626151,0.097806,0.037000,1
52,11,0.038480,0.174821,0.038480,1
52,12,0.287137,0.097098,0.034040,1
52,13,0.698760,0.096181,0.035520,1
52,14,0.037000,0.037000,0.037000,1
52,15,0.525690,0.090614,0.038480,1
52,16,0.814147,0.034040,0.034040,1
52,17,0.060679,0.104579,0.035520,1
52,18,0.852117,0.094107,0.037000,1
52,19,0.961520,0.038480,0.038480,1
52,20,0.216261,0.097057,0.034040,1
52,21,0.356171,0.095334,0.035520,1
52,22,0.132853,0.098095,0.037000,1
52,23,0.572903,0.151110,0.038480,1
52,24,0.922826,0.096416,0.034040,1
52,25,0.035520,0.248694,0.035520,1
52,26,0.440071,0.090144,0.037000,1
52,27,0.777435,0.097357,0.038480,1
52,28,0.321164,0.156002,0.034040,1
52,29,0.481173,0.149613,0.035520,1
52,30,0.963000,0.154382,0.037000,1
52,31,0.400118,0.153704,0.038480,1
52,32,0.734783,0.155547,0.034040,1
52,33,0.251093,0.156611,0.035520,1
52,34,0.963000,0.308317,0.037000,1
52,35,0.961520,0.229730,0.038480,1
52,36,0.108851,0.165041,0.034040,1
52,37,0.665507,0.158537,0.035520,1
52,38,0.890275,0.159141,0.037000,1
52,39,0.211967,0.219948,0.038480,1
52,40,0.818995,0.156590,0.034040,1
52,41,0.177525,0.154843,0.035520,1
52,42,0.287430,0.218795,0.037000,1
52,43,0.523541,0.210146,0.038480,1
52,44,0.358293,0.213053,0.034040,1
52,45,0.445496,0.210978,0.035520,1
52,46,0.776042,0.213153,0.037000,1
52,47,0.252207,0.285243,0.038480,1
52,48,0.481712,0.269391,0.034040,1
52,49,0.901114,0.271489,0.035520,1
52,50,0.401710,0.269139,0.037000,1
52,51,0.617076,0.213943,0.038480,1
52,52,0.139549,0.225685,0.034040,1
52,53,0.443993,0.327906,0.035520,1
52,54,0.849583,0.220393,0.037000,1
52,55,0.098802,0.286463,0.038480,1
52,56,0.568306,0.267174,0.034040,1
52,57,0.704063,0.217840,0.035520,1
52,58,0.328480,0.280103,0.037000,1
52,59,0.742766,0.280700,0.038480,1
52,60,0.815272,0.282355,0.034040,1
52,61,0.373557,0.336793,0.035520,1
52,62,0.660482,0.275547,0.037000,1
52,63,0.175695,0.288539,0.038480,1
52,64,0.526183,0.320135,0.034040,1
52,65,0.722452,0.351650,0.035520,1
52,66,0.215361,0.352756,0.037000,1
52,67,0.492262,0.383995,0.038480,1
52,68,0.863769,0.330066,0.034040,1
52,69,0.416427,0.393356,0.035520,1
52,70,0.650383,0.348697,0.037000,1
52,71,0.293040,0.350067,0.038480,1
52,72,0.458961,0.448212,0.034040,1
52,73,0.579502,0.364179,0.035520,1
52,74,0.344946,0.404638,0.037000,1
52,75,0.551829,0.432781,0.038480,1
52,76,0.791800,0.346225,0.034040,1
52,77,0.390671,0.460926,0.035520,1
52,78,0.699825,0.420430,0.037000,1
52,79,0.841651,0.399110,0.038480,1
52,80,0.437705,0.512948,0.034040,1
52,81,0.626610,0.417230,0.035520,1
52,82,0.181578,0.418856,0.037000,1
52,83,0.511429,0.498201,0.038480,1
52,84,0.773488,0.423867,0.034040,1
52,85,0.259092,0.415940,0.035520,1
52,86,0.522125,0.572919,0.037000,1
52,87,0.658813,0.483855,0.038480,1
52,88,0.366123,0.526452,0.034040,1
52,89,0.603542,0.533635,0.035520,1
52,90,0.664927,0.573289,0.037000,1
52,91,0.436857,0.657338,0.038480,1
52,92,0.571116,0.765279,0.034040,1
52,93,0.331798,0.690816,0.035520,1
52,94,0.486981,0.752939,0.037000,1
52,95,0.640667,0.829161,0.038480,1
52,96,0.352622,0.848114,0.034040,1
52,97,0.504722,0.913102,0.035520,1
52,98,0.654518,0.972321,0.037000,1
52,99,0.418727,0.901586,0.038480,1
52,100,0.565503,0.954927,0.034040,1
52,101,0.316409,1.005165,0.035520,1
52,102,0.451415,0.996570,0.037000,1
52,103,0.590937,1.034238,0.038480,1
52,104,0.372751,1.045959,0.034040,1
52,105,0.489800,0.990000,0.035520,0
52,106,0.615600,1.015000,0.037000,0
52,107,0.398000,1.040000,0.038480,0
52,108,0.523800,0.990000,0.034040,0
52,109,0.649600,1.015000,0.035520,0
52,110,0.432000,1.040000,0.037000,0
52,111,0.557800,0.990000,0.038480,0
52,112,0.340200,1.015000,0.034040,0
52,113,0.466000,1.040000,0.035520,0
52,114,0.591800,0.990000,0.037000,0
52,115,0.374200,1.015000,0.038480,0
52,116,0.500000,1.040000,0.034040,0
52,117,0.625800,0.990000,0.035520,0
52,118,0.408200,1.015000,0.037000,0
52,119,0.534000,1.040000,0.038480,0
52,120,0.659800,0.990000,0.034040,0
52,121,0.442200,1.015000,0.035520,0
52,122,0.568000,1.040000,0.037000,0
52,123,0.350400,0.990000,0.038480,0
52,124,0.476200,1.015000,0.034040,0
52,125,0.602000,1.040000,0.035520,0
52,126,0.384400,0.990000,0.037000,0
52,127,0.510200,1.015000,0.038480,0
52,128,0.636000,1.040000,0.034040,0
52,129,0.418400,0.990000,0.035520,0
52,130,0.544200,1.015000,0.037000,0
52,131,0.670000,1.040000,0.038480,0
52,132,0.452400,0.990000,0.034040,0
52,133,0.578200,1.015000,0.035520,0
52,134,0.360600,1.040000,0.037000,0
52,135,0.486400,0.990000,0.038480,0
52,136,0.612200,1.015000,0.034040,0
52,137,0.394600,1.040000,0.035520,0
52,138,0.520400,0.990000,0.037000,0
52,139,0.646200,1.015000,0.038480,0
52,140,0.428600,1.040000,0.034040,0
52,141,0.554400,0.990000,0.035520,0
52,142,0.336800,1.015000,0.037000,0
52,143,0.462600,1.040000,0.038480,0
52,144,0.588400,0.990000,0.034040,0
53,0,0.104390,0.034040,0.034040,1
53,1,0.322756,0.035520,0.035520,1
53,2,0.735441,0.037000,0.037000,1
53,3,0.175915,0.038480,0.038480,1
53,4,0.478349,0.034040,0.034040,1
53,5,0.662265,0.035520,0.035520,1
53,6,0.251341,0.037000,0.037000,1
53,7,0.579666,0.038480,0.038480,1
53,8,0.889289,0.034040,0.034040,1
53,9,0.393610,0.035520,0.035520,1
53,10,0.625308,0.097305,0.037000,1
53,11,0.038480,0.174564,0.038480,1
53,12,0.287837,0.095815,0.034040,1
53,13,0.698254,0.095678,0.035520,1
53,14,0.037000,0.037000,0.037000,1
53,15,0.522823,0.089121,0.038480,1
53,16,0.811224,0.034040,0.034040,1
53,17,0.060661,0.104396,0.035520,1
53,18,0.850083,0.093007,0.037000,1
53,19,0.961520,0.038480,0.038480,1
53,20,0.215962,0.096458,0.034040,1
53,21,0.357236,0.095811,0.035520,1
53,22,0.132761,0.097724,0.037000,1
53,23,0.570487,0.149089,0.038480,1
53,24,0.920510,0.094382,0.034040,1
53,25,0.035520,0.248405,0.035520,1
53,26,0.438915,0.091140,0.037000,1
53,27,0.775864,0.096702,0.038480,1
53,28,0.320703,0.155056,0.034040,1
53,29,0.480858,0.150023,0.035520,1
53,30,0.963000,0.150335,0.037000,1
53,31,0.400163,0.155386,0.038480,1
53,32,0.734031,0.155246,0.034040,1
53,33,0.250981,0.155698,0.035520,1
53,34,0.963000,0.306760,0.037000,1
53,35,0.961520,0.225594,0.038480,1
53,36,0.108733,0.164697,0.034040,1
53,37,0.664963,0.157697,0.035520,1
53,38,0.890486,0.158536,0.037000,1
53,39,0.210396,0.220089,0.038480,1
53,40,0.817645,0.155661,0.034040,1
53,41,0.177357,0.154381,0.035520,1
53,42,0.285670,0.218628,0.037000,1
53,43,0.523677,0.210247,0.038480,1
53,44,0.356271,0.212744,0.034040,1
53,45,0.446631,0.212216,0.035520,1
53,46,0.775087,0.212944,0.037000,1
53,47,0.251034,0.285067,0.038480,1
53,48,0.483487,0.270629,0.034040,1
53,49,0.902174,0.268094,0.035520,1
53,50,0.400149,0.267911,0.037000,1
53,51,0.615113,0.211420,0.038480,1
53,52,0.138081,0.225964,0.034040,1
53,53,0.442032,0.326498,0.035520,1
53,54,0.848690,0.219130,0.037000,1
53,55,0.097751,0.287608,0.038480,1
53,56,0.569069,0.266786,0.034040,1
53,57,0.702933,0.217317,0.035520,1
53,58,0.327226,0.279586,0.037000,1
53,59,0.741297,0.280280,0.038480,1
53,60,0.813845,0.280752,0.034040,1
53,61,0.371941,0.336542,0.035520,1
53,62,0.657476,0.273613,0.037000,1
53,63,0.174638,0.288558,0.038480,1
53,64,0.528781,0.321023,0.034040,1
53,65,0.734374,0.353798,0.035520,1
53,66,0.215447,0.351959,0.037000,1
53,67,0.490493,0.381986,0.038480,1
53,68,0.868769,0.328783,0.034040,1
53,69,0.415510,0.392554,0.035520,1
53,70,0.662817,0.347160,0.037000,1
53,71,0.294283,0.348160,0.038480,1
53,72,0.458702,0.446797,0.034040,1
53,73,0.590422,0.352768,0.035520,1
53,74,0.344129,0.404434,0.037000,1
53,75,0.557613,0.419127,0.038480,1
53,76,0.803460,0.347941,0.034040,1
53,77,0.390413,0.460098,0.035520,1
53,78,0.726570,0.425745,0.037000,1
53,79,0.873241,0.401165,0.038480,1
53,80,0.437259,0.511310,0.034040,1
53,81,0.631241,0.412271,0.035520,1
53,82,0.146520,0.393940,0.037000,1
53,83,0.517631,0.489036,0.038480,1
53,84,0.796895,0.415692,0.034040,1
53,85,0.251670,0.414785,0.035520,1
53,86,0.516951,0.564513,0.037000,1
53,87,0.669828,0.475343,0.038480,1
53,88,0.327067,0.494447,0.034040,1
53,89,0.596165,0.482353,0.035520,1
53,90,0.680431,0.550075,0.037000,1
53,91,0.439907,0.583782,0.038480,1
53,92,0.572667,0.660628,0.034040,1
53,93,0.329078,0.585722,0.035520,1
53,94,0.484769,0.655488,0.037000,1
53,95,0.641420,0.742897,0.038480,1
53,96,0.349411,0.769241,0.034040,1
53,97,0.506786,0.845773,0.035520,1
53,98,0.657778,0.909132,0.037000,1
53,99,0.416864,0.844346,0.038480,1
53,100,0.565225,0.909111,0.034040,1
53,101,0.313119,0.966048,0.035520,1
53,102,0.434126,0.962548,0.037000,1
53,103,0.569245,1.007725,0.038480,1
53,104,0.379331,1.031068,0.034040,1
53,105,0.500204,0.986367,0.035520,1
53,106,0.643818,1.019394,0.037000,1
53,107,0.398000,1.040000,0.038480,0
53,108,0.523800,0.990000,0.034040,0
53,109,0.649600,1.015000,0.035520,0
53,110,0.432000,1.040000,0.037000,0
53,111,0.557800,0.990000,0.038480,0
53,112,0.340200,1.015000,0.034040,0
53,113,0.466000,1.040000,0.035520,0
53,114,0.591800,0.990000,0.037000,0
53,115,0.374200,1.015000,0.038480,0
53,116,0.500000,1.040000,0.034040,0
53,117,0.625800,0.990000,0.035520,0
53,118,0.408200,1.015000,0.037000,0
53,119,0.534000,1.040000,0.038480,0
53,120,0.659800,0.990000,0.034040,0
53,121,0.442200,1.015000,0.035520,0
53,122,0.568000,1.040000,0.037000,0
53,123,0.350400,0.990000,0.038480,0
53,124,0.476200,1.015000,0.034040,0
53,125,0.602000,1.040000,0.035520,0
53,126,0.384400,0.990000,0.037000,0
53,127,0.510200,1.015000,0.038480,0
53,128,0.636000,1.040000,0.034040,0
53,129,0.418400,0.990000,0.035520,0
53,130,0.544200,1.015000,0.037000,0
53,131,0.670000,1.040000,0.038480,0
53,132,0.452400,0.990000,0.034040,0
53,133,0.578200,1.015000,0.035520,0
53,134,0.360600,1.040000,0.037000,0
53,135,0.486400,0.990000,0.038480,0
53,136,0.612200,1.015000,0.034040,0
53,137,0.394600,1.040000,0.035520,0
53,138,0.520400,0.990000,0.037000,0
53,139,0.646200,1.015000,0.038480,0
53,140,0.428600,1.040000,0.034040,0
53,141,0.554400,0.990000,0.035520,0
53,142,0.336800,1.015000,0.037000,0
53,143,0.462600,1.040000,0.038480,0
53,144,0.588400,0.990000,0.034040,0
54,0,0.104785,0.034040,0.034040,1
54,1,0.323799,0.035520,0.035520,1
54,2,0.735092,0.037000,0.037000,1
54,3,0.176648,0.038480,0.038480,1
54,4,0.471809,0.034040,0.034040,1
54,5,0.662962,0.035520,0.035520,1
54,6,0.252127,0.037000,0.037000,1
54,7,0.579732,0.038480,0.038480,1
54,8,0.888773,0.034040,0.034040,1
54,9,0.394657,0.035520,0.035520,1
54,10,0.625906,0.097022,0.037000,1
54,11,0.038480,0.173295,0.038480,1
54,12,0.289222,0.095889,0.034040,1
54,13,0.698657,0.096701,0.035520,1
54,14,0.037000,0.037000,0.037000,1
54,15,0.519736,0.085610,0.038480,1
54,16,0.808960,0.034040,0.034040,1
54,17,0.061243,0.103738,0.035520,1
54,18,0.848767,0.092539,0.037000,1
54,19,0.961520,0.038480,0.038480,1
54,20,0.216138,0.096423,0.034040,1
54,21,0.359044,0.096866,0.035520,1
54,22,0.133282,0.096753,0.037000,1
54,23,0.567889,0.145003,0.038480,1
54,24,0.919267,0.094823,0.034040,1
54,25,0.035520,0.247006,0.035520,1
54,26,0.436963,0.093438,0.037000,1
54,27,0.774320,0.097618,0.038480,1
54,28,0.321747,0.155484,0.034040,1
54,29,0.482507,0.149608,0.035520,1
54,30,0.963000,0.149876,0.037000,1
54,31,0.399722,0.158606,0.038480,1
54,32,0.733518,0.157145,0.034040,1
54,33,0.252014,0.155285,0.035520,1
54,34,0.963000,0.305322,0.037000,1
54,35,0.961520,0.225185,0.038480,1
54,36,0.108237,0.163318,0.034040,1
54,37,0.664190,0.158299,0.035520,1
54,38,0.890567,0.159767,0.037000,1
54,39,0.208920,0.219836,0.038480,1
54,40,0.817129,0.155678,0.034040,1
54,41,0.176912,0.153852,0.035520,1
54,42,0.284014,0.219771,0.037000,1
54,43,0.525792,0.209472,0.038480,1
54,44,0.354722,0.214901,0.034040,1
54,45,0.450017,0.212725,0.035520,1
54,46,0.773508,0.215787,0.037000,1
54,47,0.248283,0.285664,0.038480,1
54,48,0.487696,0.271080,0.034040,1
54,49,0.901679,0.267417,0.035520,1
54,50,0.402223,0.267133,0.037000,1
54,51,0.610537,0.208548,0.038480,1
54,52,0.132328,0.226672,0.034040,1
54,53,0.444576,0.325562,0.035520,1
54,54,0.847269,0.219544,0.037000,1
54,55,0.095114,0.289207,0.038480,1
54,56,0.569070,0.267674,0.034040,1
54,57,0.701172,0.218586,0.035520,1
54,58,0.326373,0.280168,0.037000,1
54,59,0.738115,0.282482,0.038480,1
54,60,0.810599,0.280146,0.034040,1
54,61,0.374374,0.334375,0.035520,1
54,62,0.651693,0.271449,0.037000,1
54,63,0.171840,0.287185,0.038480,1
54,64,0.530961,0.323674,0.034040,1
54,65,0.743355,0.356250,0.035520,1
54,66,0.210823,0.351470,0.037000,1
54,67,0.490391,0.383370,0.038480,1
54,68,0.878584,0.332840,0.034040,1
54,69,0.416976,0.391213,0.035520,1
54,70,0.672529,0.342139,0.037000,1
54,71,0.289745,0.350083,0.038480,1
54,72,0.457511,0.447607,0.034040,1
54,73,0.600119,0.331882,0.035520,1
54,74,0.345312,0.400860,0.037000,1
54,75,0.565682,0.398095,0.038480,1
54,76,0.812272,0.348131,0.034040,1
54,77,0.388818,0.458803,0.035520,1
54,78,0.746257,0.428669,0.037000,1
54,79,0.902831,0.401187,0.038480,1
54,80,0.434167,0.511443,0.034040,1
54,81,0.639131,0.406259,0.035520,1
54,82,0.114482,0.362235,0.037000,1
54,83,0.527904,0.465035,0.038480,1
54,84,0.816175,0.416095,0.034040,1
54,85,0.240565,0.417451,0.035520,1
54,86,0.507458,0.537694,0.037000,1
54,87,0.681295,0.466967,0.038480,1
54,88,0.299126,0.454836,0.034040,1
54,89,0.602887,0.467446,0.035520,1
54,90,0.696240,0.540953,0.037000,1
54,91,0.416395,0.581752,0.038480,1
54,92,0.586021,0.548702,0.034040,1
54,93,0.339978,0.511136,0.035520,1
54,94,0.502311,0.612018,0.037000,1
54,95,0.642174,0.640432,0.038480,1
54,96,0.346199,0.674167,0.034040,1
54,97,0.508850,0.762244,0.035520,1
54,98,0.661039,0.829743,0.037000,1
54,99,0.415001,0.770905,0.038480,1
54,100,0.564947,0.847095,0.034040,1
54,101,0.309829,0.910730,0.035520,1
54,102,0.427590,0.912788,0.037000,1
54,103,0.581060,0.964668,0.038480,1
54,104,0.372964,0.981320,0.034040,1
54,105,0.487674,0.950553,0.035520,1
54,106,0.644360,1.005782,0.037000,1
54,107,0.410938,1.053066,0.038480,1
54,108,0.524125,1.009797,0.034040,1
54,109,0.649600,1.015000,0.035520,0
54,110,0.432000,1.040000,0.037000,0
54,111,0.557800,0.990000,0.038480,0
54,112,0.340200,1.015000,0.034040,0
54,113,0.466000,1.040000,0.035520,0
54,114,0.591800,0.990000,0.037000,0
54,115,0.374200,1.015000,0.038480,0
54,116,0.500000,1.040000,0.034040,0
54,117,0.625800,0.990000,0.035520,0
54,118,0.408200,1.015000,0.037000,0
54,119,0.534000,1.040000,0.038480,0
54,120,0.659800,0.990000,0.034040,0
54,121,0.442200,1.015000,0.035520,0
54,122,0.568000,1.040000,0.037000,0
54,123,0.350400,0.990000,0.038480,0
54,124,0.476200,1.015000,0.034040,0
54,125,0.602000,1.040000,0.035520,0
54,126,0.384400,0.990000,0.037000,0
54,127,0.510200,1.015000,0.038480,0
54,128,0.636000,1.040000,0.034040,0
54,129,0.418400,0.990000,0.035520,0
54,130,0.544200,1.015000,0.037000,0
54,131,0.670000,1.040000,0.038480,0
54,132,0.452400,0.990000,0.034040,0
54,133,0.578200,1.015000,0.035520,0
54,134,0.360600,1.040000,0.037000,0
54,135,0.486400,0.990000,0.038480,0
54,136,0.612200,1.015000,0.034040,0
54,137,0.394600,1.040000,0.035520,0
54,138,0.520400,0.990000,0.037000,0
54,139,0.646200,1.015000,0.038480,0
54,140,0.428600,1.040000,0.034040,0
54,141,0.554400,0.990000,0.035520,0
54,142,0.336800,1.015000,0.037000,0
54,143,0.462600,1.040000,0.038480,0
54,144,0.588400,0.990000,0.034040,0
55,0,0.105312,0.034040,0.034040,1
55,1,0.323785,0.035520,0.035520,1
55,2,0.735111,0.037000,0.037000,1
55,3,0.177116,0.038480,0.038480,1
55,4,0.462635,0.034040,0.034040,1
55,5,0.662653,0.035520,0.035520,1
55,6,0.252739,0.037000,0.037000,1
55,7,0.583261,0.038480,0.038480,1
55,8,0.889450,0.034040,0.034040,1
55,9,0.394075,0.035520,0.035520,1
55,10,0.626474,0.098396,0.037000,1
55,11,0.038480,0.172600,0.038480,1
55,12,0.290480,0.096337,0.034040,1
55,13,0.698815,0.096572,0.035520,1
55,14,0.037000,0.037000,0.037000,1
55,15,0.517432,0.076843,0.038480,1
55,16,0.811225,0.034040,0.034040,1
55,17,0.062105,0.103365,0.035520,1
55,18,0.850402,0.092761,0.037000,1
55,19,0.961520,0.038480,0.038480,1
55,20,0.216711,0.096910,0.034040,1
55,21,0.360037,0.097464,0.035520,1
55,22,0.134205,0.097668,0.037000,1
55,23,0.562996,0.137650,0.038480,1
55,24,0.920945,0.094188,0.034040,1
55,25,0.035520,0.246322,0.035520,1
55,26,0.433479,0.095983,0.037000,1
55,27,0.776249,0.096756,0.038480,1
55,28,0.323392,0.156602,0.034040,1
55,29,0.487092,0.144821,0.035520,1
55,30,0.963000,0.150614,0.037000,1
55,31,0.396835,0.161586,0.038480,1
55,32,0.735157,0.155475,0.034040,1
55,33,0.253605,0.155177,0.035520,1
55,34,0.963000,0.307616,0.037000,1
55,35,0.961520,0.225969,0.038480,1
55,36,0.109330,0.164384,0.034040,1
55,37,0.665749,0.159427,0.035520,1
55,38,0.890688,0.157894,0.037000,1
55,39,0.206604,0.222465,0.038480,1
55,40,0.818521,0.155665,0.034040,1
55,41,0.178064,0.154755,0.035520,1
55,42,0.281724,0.221451,0.037000,1
55,43,0.528453,0.206384,0.038480,1
55,44,0.352623,0.218695,0.034040,1
55,45,0.454460,0.207839,0.035520,1
55,46,0.776598,0.212803,0.037000,1
55,47,0.246810,0.287903,0.038480,1
55,48,0.490055,0.267479,0.034040,1
55,49,0.902214,0.269407,0.035520,1
55,50,0.407718,0.263129,0.037000,1
55,51,0.605039,0.201298,0.038480,1
55,52,0.133250,0.227995,0.034040,1
55,53,0.448400,0.322852,0.035520,1
55,54,0.850125,0.218962,0.037000,1
55,55,0.093537,0.290678,0.038480,1
55,56,0.570758,0.265339,0.034040,1
55,57,0.705371,0.217844,0.035520,1
55,58,0.322331,0.283039,0.037000,1
55,59,0.744221,0.280500,0.038480,1
55,60,0.816719,0.281358,0.034040,1
55,61,0.378010,0.329440,0.035520,1
55,62,0.648938,0.262084,0.037000,1
55,63,0.170349,0.290175,0.038480,1
55,64,0.531933,0.321187,0.034040,1
55,65,0.752096,0.354018,0.035520,1
55,66,0.207825,0.355462,0.037000,1
55,67,0.492534,0.381985,0.038480,1
55,68,0.888450,0.337517,0.034040,1
55,69,0.418913,0.387556,0.035520,1
55,70,0.684850,0.326627,0.037000,1
55,71,0.282938,0.355517,0.038480,1
55,72,0.457587,0.445327,0.034040,1
55,73,0.610241,0.322672,0.035520,1
55,74,0.346998,0.394878,0.037000,1
55,75,0.569246,0.383677,0.038480,1
55,76,0.821415,0.349174,0.034040,1
55,77,0.388730,0.453941,0.035520,1
55,78,0.760201,0.426083,0.037000,1
55,79,0.932644,0.395015,0.038480,1
55,80,0.431831,0.508349,0.034040,1
55,81,0.646051,0.387679,0.035520,1
55,82,0.098445,0.366019,0.037000,1
55,83,0.529867,0.449520,0.038480,1
55,84,0.830610,0.416631,0.034040,1
55,85,0.221489,0.426700,0.035520,1
55,86,0.501808,0.519206,0.037000,1
55,87,0.688142,0.448527,0.038480,1
55,88,0.290202,0.437519,0.034040,1
55,89,0.607341,0.447123,0.035520,1
55,90,0.720551,0.516695,0.037000,1
55,91,0.403202,0.574941,0.038480,1
55,92,0.581892,0.511861,0.034040,1
55,93,0.331349,0.495808,0.035520,1
55,94,0.518168,0.591175,0.037000,1
55,95,0.647061,0.546088,0.038480,1
55,96,0.324386,0.576665,0.034040,1
55,97,0.510833,0.663323,0.035520,1
55,98,0.664300,0.734153,0.037000,1
55,99,0.413138,0.681265,0.038480,1
55,100,0.564668,0.768880,0.034040,1
55,101,0.306539,0.839213,0.035520,1
55,102,0.425785,0.849687,0.037000,1
55,103,0.576301,0.907487,0.038480,1
55,104,0.379525,0.934122,0.034040,1
55,105,0.483123,0.912686,0.035520,1
55,106,0.641824,0.952884,0.037000,1
55,107,0.387146,1.018997,0.038480,1
55,108,0.527386,0.994965,0.034040,1
55,109,0.660326,1.035298,0.035520,1
55,110,0.455571,1.050861,0.037000,1
55,111,0.557800,0.990000,0.038480,0
55,112,0.340200,1.015000,0.034040,0
55,113,0.466000,1.040000,0.035520,0
55,114,0.591800,0.990000,0.037000,0
55,115,0.374200,1.015000,0.038480,0
55,116,0.500000,1.040000,0.034040,0
55,117,0.625800,0.990000,0.035520,0
55,118,0.408200,1.015000,0.037000,0
55,119,0.534000,1.040000,0.038480,0
55,120,0.659800,0.990000,0.034040,0
55,121,0.442200,1.015000,0.035520,0
55,122,0.568000,1.040000,0.037000,0
55,123,0.350400,0.990000,0.038480,0
55,124,0.476200,1.015000,0.034040,0
55,125,0.602000,1.040000,0.035520,0
55,126,0.384400,0.990000,0.037000,0
55,127,0.510200,1.015000,0.038480,0
55,128,0.636000,1.040000,0.034040,0
55,129,0.418400,0.990000,0.035520,0
55,130,0.544200,1.015000,0.037000,0
55,131,0.670000,1.040000,0.038480,0
55,132,0.452400,0.990000,0.034040,0
55,133,0.578200,1.015000,0.035520,0
55,134,0.360600,1.040000,0.037000,0
55,135,0.486400,0.990000,0.038480,0
55,136,0.612200,1.015000,0.034040,0
55,137,0.394600,1.040000,0.035520,0
55,138,0.520400,0.990000,0.037000,0
55,139,0.646200,1.015000,0.038480,0
55,140,0.428600,1.040000,0.034040,0
55,141,0.554400,0.990000,0.035520,0
55,142,0.336800,1.015000,0.037000,0
55,143,0.462600,1.040000,0.038480,0
55,144,0.588400,0.990000,0.034040,0
56,0,0.103971,0.034040,0.034040,1
56,1,0.321215,0.035520,0.035520,1
56,2,0.736893,0.037000,0.037000,1
56,3,0.175311,0.038480,0.038480,1
56,4,0.459462,0.034040,0.034040,1
56,5,0.664728,0.035520,0.035520,1
56,6,0.251027,0.037000,0.037000,1
56,7,0.590898,0.038480,0.038480,1
56,8,0.889862,0.034040,0.034040,1
56,9,0.391141,0.035520,0.035520,1
56,10,0.631457,0.100043,0.037000,1
56,11,0.038480,0.172718,0.038480,1
56,12,0.287141,0.096766,0.034040,1
56,13,0.703830,0.098026,0.035520,1
56,14,0.037000,0.037000,0.037000,1
56,15,0.520615,0.068456,0.038480,1
56,16,0.814532,0.034040,0.034040,1
56,17,0.061181,0.103254,0.035520,1
56,18,0.852649,0.093547,0.037000,1
56,19,0.961520,0.038480,0.038480,1
56,20,0.215550,0.096252,0.034040,1
56,21,0.356580,0.097180,0.035520,1
56,22,0.133312,0.098154,0.037000,1
56,23,0.563635,0.131050,0.038480,1
56,24,0.923390,0.094666,0.034040,1
56,25,0.035520,0.246401,0.035520,1
56,26,0.429535,0.096711,0.037000,1
56,27,0.778221,0.096117,0.038480,1
56,28,0.319883,0.156436,0.034040,1
56,29,0.490009,0.136738,0.035520,1
56,30,0.963000,0.152996,0.037000,1
56,31,0.391970,0.161866,0.038480,1
56,32,0.740234,0.156961,0.034040,1
56,33,0.250171,0.155622,0.035520,1
56,34,0.963000,0.310981,0.037000,1
56,35,0.961490,0.228432,0.038480,1
56,36,0.109281,0.165261,0.034040,1
56,37,0.670912,0.160776,0.035520,1
56,38,0.890788,0.156778,0.037000,1
56,39,0.201673,0.224135,0.038480,1
56,40,0.819372,0.155675,0.034040,1
56,41,0.177911,0.154682,0.035520,1
56,42,0.276995,0.222229,0.037000,1
56,43,0.529110,0.199771,0.038480,1
56,44,0.348056,0.219318,0.034040,1
56,45,0.455301,0.199430,0.035520,1
56,46,0.780773,0.214868,0.037000,1
56,47,0.242477,0.288929,0.038480,1
56,48,0.489457,0.259806,0.034040,1
56,49,0.903004,0.273561,0.035520,1
56,50,0.409134,0.255330,0.037000,1
56,51,0.605518,0.194739,0.038480,1
56,52,0.129397,0.230252,0.034040,1
56,53,0.448755,0.315841,0.035520,1
56,54,0.854189,0.219885,0.037000,1
56,55,0.089556,0.295596,0.038480,1
56,56,0.571076,0.258940,0.034040,1
56,57,0.710141,0.219317,0.035520,1
56,58,0.317399,0.283789,0.037000,1
56,59,0.748398,0.282251,0.038480,1
56,60,0.820904,0.282325,0.034040,1
56,61,0.378572,0.322499,0.035520,1
56,62,0.648624,0.255768,0.037000,1
56,63,0.166374,0.292639,0.038480,1
56,64,0.530854,0.313867,0.034040,1
56,65,0.754390,0.355869,0.035520,1
56,66,0.204258,0.357767,0.037000,1
56,67,0.492070,0.375491,0.038480,1
56,68,0.892589,0.342337,0.034040,1
56,69,0.419130,0.380771,0.035520,1
56,70,0.683872,0.320642,0.037000,1
56,71,0.279247,0.355983,0.038480,1
56,72,0.458034,0.439055,0.034040,1
56,73,0.610473,0.316407,0.035520,1
56,74,0.347313,0.388031,0.037000,1
56,75,0.568374,0.376670,0.038480,1
56,76,0.824935,0.350191,0.034040,1
56,77,0.389308,0.447063,0.035520,1
56,78,0.778933,0.424054,0.037000,1
56,79,0.955671,0.385970,0.038480,1
56,80,0.431998,0.501917,0.034040,1
56,81,0.642378,0.379763,0.035520,1
56,82,0.084670,0.370877,0.037000,1
56,83,0.530215,0.443400,0.038480,1
56,84,0.849229,0.413794,0.034040,1
56,85,0.201365,0.430225,0.035520,1
56,86,0.502054,0.513491,0.037000,1
56,87,0.702896,0.422349,0.038480,1
56,88,0.270818,0.428124,0.034040,1
56,89,0.605848,0.440363,0.035520,1
56,90,0.749752,0.492044,0.037000,1
56,91,0.380681,0.553106,0.038480,1
56,92,0.573342,0.501694,0.034040,1
56,93,0.323480,0.473570,0.035520,1
56,94,0.553706,0.569888,0.037000,1
56,95,0.659611,0.491211,0.038480,1
56,96,0.276702,0.525145,0.034040,1
56,97,0.503909,0.622608,0.035520,1
56,98,0.667560,0.622364,0.037000,1
56,99,0.417988,0.620939,0.038480,1
56,100,0.564390,0.674464,0.034040,1
56,101,0.303248,0.751495,0.035520,1
56,102,0.424492,0.770722,0.037000,1
56,103,0.577995,0.837778,0.038480,1
56,104,0.386085,0.870724,0.034040,1
56,105,0.478060,0.858292,0.035520,1
56,106,0.640067,0.906526,0.037000,1
56,107,0.392806,0.975798,0.038480,1
56,108,0.510146,0.958089,0.034040,1
56,109,0.666886,1.012328,0.035520,1
56,110,0.449011,1.035990,0.037000,1
56,111,0.576541,0.990308,0.038480,1
56,112,0.334541,1.018976,0.034040,1
56,113,0.466000,1.040000,0.035520,0
56,114,0.591800,0.990000,0.037000,0
56,115,0.374200,1.015000,0.038480,0
56,116,0.500000,1.040000,0.034040,0
56,117,0.625800,0.990000,0.035520,0
56,118,0.408200,1.015000,0.037000,0
56,119,0.534000,1.040000,0.038480,0
56,120,0.659800,0.990000,0.034040,0
56,121,0.442200,1.015000,0.035520,0
56,122,0.568000,1.040000,0.037000,0
56,123,0.350400,0.990000,0.038480,0
56,124,0.476200,1.015000,0.034040,0
56,125,0.602000,1.040000,0.035520,0
56,126,0.384400,0.990000,0.037000,0
56,127,0.510200,1.015000,0.038480,0
56,128,0.636000,1.040000,0.034040,0
56,129,0.418400,0.990000,0.035520,0
56,130,0.544200,1.015000,0.037000,0
56,131,0.670000,1.040000,0.038480,0
56,132,0.452400,0.990000,0.034040,0
56,133,0.578200,1.015000,0.035520,0
56,134,0.360600,1.040000,0.037000,0
56,135,0.486400,0.990000,0.038480,0
56,136,0.612200,1.015000,0.034040,0
56,137,0.394600,1.040000,0.035520,0
56,138,0.520400,0.990000,0.037000,0
56,139,0.646200,1.015000,0.038480,0
56,140,0.428600,1.040000,0.034040,0
56,141,0.554400,0.990000,0.035520,0
56,142,0.336800,1.015000,0.037000,0
56,143,0.462600,1.040000,0.038480,0
56,144,0.588400,0.990000,0.034040,0
57,0,0.102418,0.034040,0.034040,1
57,1,0.317884,0.035520,0.035520,1
57,2,0.740097,0.037000,0.037000,1
57,3,0.173235,0.038480,0.038480,1
57,4,0.455338,0.034040,0.034040,1
57,5,0.668634,0.035520,0.035520,1
57,6,0.248959,0.037000,0.037000,1
57,7,0.595245,0.038480,0.038480,1
57,8,0.890295,0.034040,0.034040,1
57,9,0.387236,0.035520,0.035520,1
57,10,0.635210,0.100431,0.037000,1
57,11,0.038480,0.173461,0.038480,1
57,12,0.283149,0.097221,0.034040,1
57,13,0.707083,0.098406,0.035520,1
57,14,0.037000,0.037000,0.037000,1
57,15,0.521245,0.058602,0.038480,1
57,16,0.816070,0.034040,0.034040,1
57,17,0.059715,0.103528,0.035520,1
57,18,0.854238,0.093478,0.037000,1
57,19,0.961520,0.038480,0.038480,1
57,20,0.214695,0.096305,0.034040,1
57,21,0.352572,0.097523,0.035520,1
57,22,0.131866,0.098519,0.037000,1
57,23,0.564007,0.121571,0.038480,1
57,24,0.924879,0.095230,0.034040,1
57,25,0.035520,0.247153,0.035520,1
57,26,0.424888,0.096872,0.037000,1
57,27,0.780065,0.096120,0.038480,1
57,28,0.316105,0.156733,0.034040,1
57,29,0.490724,0.127051,0.035520,1
57,30,0.963000,0.154035,0.037000,1
57,31,0.387844,0.162358,0.038480,1
57,32,0.743421,0.157858,0.034040,1
57,33,0.247267,0.156968,0.035520,1
57,34,0.963000,0.312207,0.037000,1
57,35,0.960873,0.229391,0.038480,1
57,36,0.108363,0.166127,0.034040,1
57,37,0.674631,0.161140,0.035520,1
57,38,0.892191,0.157166,0.037000,1
57,39,0.194805,0.225779,0.038480,1
57,40,0.820822,0.155672,0.034040,1
57,41,0.176903,0.154583,0.035520,1
57,42,0.272495,0.224248,0.037000,1
57,43,0.528871,0.190171,0.038480,1
57,44,0.343413,0.219344,0.034040,1
57,45,0.455497,0.190737,0.035520,1
57,46,0.783748,0.215538,0.037000,1
57,47,0.236286,0.289986,0.038480,1
57,48,0.490245,0.250808,0.034040,1
57,49,0.902693,0.277108,0.035520,1
57,50,0.408984,0.246373,0.037000,1
57,51,0.605304,0.185547,0.038480,1
57,52,0.122732,0.232676,0.034040,1
57,53,0.449159,0.306625,0.035520,1
57,54,0.857079,0.220974,0.037000,1
57,55,0.083678,0.302521,0.038480,1
57,56,0.570385,0.249532,0.034040,1
57,57,0.713038,0.220410,0.035520,1
57,58,0.311272,0.286913,0.037000,1
57,59,0.751937,0.282677,0.038480,1
57,60,0.824420,0.283839,0.034040,1
57,61,0.378848,0.312748,0.035520,1
57,62,0.646589,0.247662,0.037000,1
57,63,0.160250,0.294869,0.038480,1
57,64,0.531165,0.305227,0.034040,1
57,65,0.766697,0.354728,0.035520,1
57,66,0.202226,0.357560,0.037000,1
57,67,0.490971,0.367474,0.038480,1
57,68,0.903636,0.346332,0.034040,1
57,69,0.418085,0.371660,0.035520,1
57,70,0.682922,0.311856,0.037000,1
57,71,0.277695,0.354188,0.038480,1
57,72,0.455340,0.430253,0.034040,1
57,73,0.607715,0.308163,0.035520,1
57,74,0.346961,0.383400,0.037000,1
57,75,0.567166,0.369864,0.038480,1
57,76,0.835792,0.350980,0.034040,1
57,77,0.387105,0.443449,0.035520,1
57,78,0.804681,0.416404,0.037000,1
57,79,0.961520,0.389533,0.038480,1
57,80,0.433700,0.494800,0.034040,1
57,81,0.641122,0.370543,0.035520,1
57,82,0.071028,0.376852,0.037000,1
57,83,0.527540,0.435736,0.038480,1
57,84,0.875245,0.408193,0.034040,1
57,85,0.182728,0.427424,0.035520,1
57,86,0.503451,0.507374,0.037000,1
57,87,0.709120,0.399813,0.038480,1
57,88,0.252108,0.421907,0.034040,1
57,89,0.606912,0.432262,0.035520,1
57,90,0.765125,0.478859,0.037000,1
57,91,0.357386,0.511336,0.038480,1
57,92,0.572709,0.492553,0.034040,1
57,93,0.315810,0.449849,0.035520,1
57,94,0.563312,0.562834,0.037000,1
57,95,0.672106,0.467098,0.038480,1
57,96,0.228336,0.485703,0.034040,1
57,97,0.492798,0.579854,0.035520,1
57,98,0.670082,0.542551,0.037000,1
57,99,0.420100,0.566031,0.038480,1
57,100,0.567374,0.633758,0.034040,1
57,101,0.299958,0.647578,0.035520,1
57,102,0.423200,0.675556,0.037000,1
57,103,0.579688,0.751870,0.038480,1
57,104,0.392646,0.791126,0.034040,1
57,105,0.472998,0.787698,0.035520,1
57,106,0.638309,0.843969,0.037000,1
57,107,0.390383,0.917031,0.038480,1
57,108,0.508365,0.906743,0.034040,1
57,109,0.673447,0.973157,0.035520,1
57,110,0.425996,0.993060,0.037000,1
57,111,0.561411,0.951371,0.038480,1
57,112,0.334541,1.004085,0.034040,1
57,113,0.486675,1.050394,0.035520,1
57,114,0.608891,1.010047,0.037000,1
57,115,0.374200,1.015000,0.038480,0
57,116,0.500000,1.040000,0.034040,0
57,117,0.625800,0.990000,0.035520,0
57,118,0.408200,1.015000,0.037000,0
57,119,0.534000,1.040000,0.038480,0
57,120,0.659800,0.990000,0.034040,0
57,121,0.442200,1.015000,0.035520,0
57,122,0.568000,1.040000,0.037000,0
57,123,0.350400,0.990000,0.038480,0
57,124,0.476200,1.015000,0.034040,0
57,125,0.602000,1.040000,0.035520,0
57,126,0.384400,0.990000,0.037000,0
57,127,0.510200,1.015000,0.038480,0
57,128,0.636000,1.040000,0.034040,0
57,129,0.418400,0.990000,0.035520,0
57,130,0.544200,1.015000,0.037000,0
57,131,0.670000,1.040000,0.038480,0
57,132,0.452400,0.990000,0.034040,0
57,133,0.578200,1.015000,0.035520,0
57,134,0.360600,1.040000,0.037000,0
57,135,0.486400,0.990000,0.038480,0
57,136,0.612200,1.015000,0.034040,0
57,137,0.394600,1.040000,0.035520,0
57,138,0.520400,0.990000,0.037000,0
57,139,0.646200,1.015000,0.038480,0
57,140,0.428600,1.040000,0.034040,0
57,141,0.554400,0.990000,0.035520,0
57,142,0.336800,1.015000,0.037000,0
57,143,0.462600,1.040000,0.038480,0
57,144,0.588400,0.990000,0.034040,0
58,0,0.100879,0.034040,0.034040,1
58,1,0.315168,0.035520,0.035520,1
58,2,0.745175,0.037000,0.037000,1
58,3,0.171180,0.038480,0.038480,1
58,4,0.453229,0.034040,0.034040,1
58,5,0.674094,0.035520,0.035520,1
58,6,0.246841,0.037000,0.037000,1
58,7,0.601026,0.038480,0.038480,1
58,8,0.890495,0.034040,0.034040,1
58,9,0.384725,0.035520,0.035520,1
58,10,0.638206,0.101469,0.037000,1
58,11,0.038480,0.175275,0.038480,1
58,12,0.280096,0.097923,0.034040,1
58,13,0.709548,0.099117,0.035520,1
58,14,0.037000,0.037000,0.037000,1
58,15,0.524232,0.038480,0.038480,1
58,16,0.816859,0.034040,0.034040,1
58,17,0.057682,0.104644,0.035520,1
58,18,0.855428,0.093451,0.037000,1
58,19,0.961520,0.038480,0.038480,1
58,20,0.212851,0.096828,0.034040,1
58,21,0.349031,0.096407,0.035520,1
58,22,0.129828,0.098763,0.037000,1
58,23,0.564126,0.104142,0.038480,1
58,24,0.925781,0.095368,0.034040,1
58,25,0.035520,0.249015,0.035520,1
58,26,0.420809,0.096540,0.037000,1
58,27,0.781908,0.098710,0.038480,1
58,28,0.312652,0.157550,0.034040,1
58,29,0.491500,0.111793,0.035520,1
58,30,0.963000,0.154006,0.037000,1
58,31,0.383979,0.161439,0.038480,1
58,32,0.747102,0.161734,0.034040,1
58,33,0.244960,0.158261,0.035520,1
58,34,0.963000,0.303989,0.037000,1
58,35,0.957623,0.228839,0.038480,1
58,36,0.106608,0.166877,0.034040,1
58,37,0.678371,0.162409,0.035520,1
58,38,0.892899,0.157374,0.037000,1
58,39,0.189178,0.226599,0.038480,1
58,40,0.821421,0.159254,0.034040,1
58,41,0.175059,0.154591,0.035520,1
58,42,0.269550,0.226243,0.037000,1
58,43,0.529137,0.175219,0.038480,1
58,44,0.340294,0.219771,0.034040,1
58,45,0.456217,0.174925,0.035520,1
58,46,0.786245,0.220497,0.037000,1
58,47,0.230834,0.290832,0.038480,1
58,48,0.490344,0.235400,0.034040,1
58,49,0.894450,0.286054,0.035520,1
58,50,0.411050,0.231274,0.037000,1
58,51,0.605346,0.168210,0.038480,1
58,52,0.114925,0.234333,0.034040,1
58,53,0.449891,0.291886,0.035520,1
58,54,0.860132,0.222362,0.037000,1
58,55,0.078680,0.308757,0.038480,1
58,56,0.572100,0.233643,0.034040,1
58,57,0.714766,0.223445,0.035520,1
58,58,0.306722,0.290087,0.037000,1
58,59,0.752244,0.286893,0.038480,1
58,60,0.824749,0.283526,0.034040,1
58,61,0.378913,0.296495,0.035520,1
58,62,0.642888,0.232476,0.037000,1
58,63,0.154349,0.295076,0.038480,1
58,64,0.532264,0.289044,0.034040,1
58,65,0.776806,0.356338,0.035520,1
58,66,0.195624,0.358132,0.037000,1
58,67,0.492109,0.352189,0.038480,1
58,68,0.913408,0.352887,0.034040,1
58,69,0.418153,0.355635,0.035520,1
58,70,0.678618,0.296895,0.037000,1
58,71,0.270775,0.356060,0.038480,1
58,72,0.455308,0.414254,0.034040,1
58,73,0.605981,0.294852,0.035520,1
58,74,0.346009,0.361625,0.037000,1
58,75,0.568388,0.358427,0.038480,1
58,76,0.845644,0.348216,0.034040,1
58,77,0.386297,0.421910,0.035520,1
58,78,0.819879,0.414437,0.037000,1
58,79,0.961520,0.406336,0.038480,1
58,80,0.432785,0.478380,0.034040,1
58,81,0.642348,0.359004,0.035520,1
58,82,0.056248,0.380751,0.037000,1
58,83,0.527123,0.422973,0.038480,1
58,84,0.890783,0.417148,0.034040,1
58,85,0.151571,0.415683,0.035520,1
58,86,0.502080,0.494002,0.037000,1
58,87,0.710558,0.387742,0.038480,1
58,88,0.233111,0.418472,0.034040,1
58,89,0.608376,0.420969,0.035520,1
58,90,0.767862,0.466771,0.037000,1
58,91,0.344663,0.483140,0.038480,1
58,92,0.571947,0.479919,0.034040,1
58,93,0.302719,0.422453,0.035520,1
58,94,0.555308,0.548829,0.037000,1
58,95,0.673882,0.455311,0.038480,1
58,96,0.191865,0.472636,0.034040,1
58,97,0.482758,0.563836,0.035520,1
58,98,0.670931,0.530734,0.037000,1
58,99,0.395627,0.540654,0.038480,1
58,100,0.569687,0.618315,0.034040,1
58,101,0.291261,0.534379,0.035520,1
58,102,0.426431,0.609562,0.037000,1
58,103,0.587186,0.688692,0.038480,1
58,104,0.398875,0.695313,0.034040,1
58,105,0.468266,0.700939,0.035520,1
58,106,0.636552,0.765211,0.037000,1
58,107,0.390383,0.846261,0.038480,1
58,108,0.510395,0.842963,0.034040,1
58,109,0.680007,0.917786,0.035520,1
58,110,0.423844,0.942441,0.037000,1
58,111,0.559161,0.913576,0.038480,1
58,112,0.323695,0.964604,0.034040,1
58,113,0.473132,1.006495,0.035520,1
58,114,0.615633,0.995492,0.037000,1
58,115,0.377263,1.021768,0.038480,1
58,116,0.516713,1.060710,0.034040,1
58,117,0.625800,0.990000,0.035520,0
58,118,0.408200,1.015000,0.037000,0
58,119,0.534000,1.040000,0.038480,0
58,120,0.659800,0.990000,0.034040,0
58,121,0.442200,1.015000,0.035520,0
58,122,0.568000,1.040000,0.037000,0
58,123,0.350400,0.990000,0.038480,0
58,124,0.476200,1.015000,0.034040,0
58,125,0.602000,1.040000,0.035520,0
58,126,0.384400,0.990000,0.037000,0
58,127,0.510200,1.015000,0.038480,0
58,128,0.636000,1.040000,0.034040,0
58,129,0.418400,0.990000,0.035520,0
58,130,0.544200,1.015000,0.037000,0
58,131,0.670000,1.040000,0.038480,0
58,132,0.452400,0.990000,0.034040,0
58,133,0.578200,1.015000,0.035520,0
58,134,0.360600,1.040000,0.037000,0
58,135,0.486400,0.990000,0.038480,0
58,136,0.612200,1.015000,0.034040,0
58,137,0.394600,1.040000,0.035520,0
58,138,0.520400,0.990000,0.037000,0
58,139,0.646200,1.015000,0.038480,0
58,140,0.428600,1.040000,0.034040,0
58,141,0.554400,0.990000,0.035520,0
58,142,0.336800,1.015000,0.037000,0
58,143,0.462600,1.040000,0.038480,0
58,144,0.588400,0.990000,0.034040,0
59,0,0.100497,0.034040,0.034040,1
59,1,0.315482,0.035520,0.035520,1
59,2,0.747659,0.037000,0.037000,1
59,3,0.170854,0.038480,0.038480,1
59,4,0.453880,0.034040,0.034040,1
59,5,0.676322,0.035520,0.035520,1
59,6,0.246735,0.037000,0.037000,1
59,7,0.602799,0.038480,0.038480,1
59,8,0.890267,0.034040,0.034040,1
59,9,0.385214,0.035520,0.035520,1
59,10,0.639886,0.098577,0.037000,1
59,11,0.038480,0.177548,0.038480,1
59,12,0.280169,0.097989,0.034040,1
59,13,0.711354,0.098535,0.035520,1
59,14,0.037000,0.037000,0.037000,1
59,15,0.525288,0.038480,0.038480,1
59,16,0.819498,0.034040,0.034040,1
59,17,0.054890,0.105873,0.035520,1
59,18,0.858069,0.095175,0.037000,1
59,19,0.961520,0.038480,0.038480,1
59,20,0.213009,0.095598,0.034040,1
59,21,0.348587,0.094773,0.035520,1
59,22,0.126779,0.098225,0.037000,1
59,23,0.565076,0.100102,0.038480,1
59,24,0.928525,0.099059,0.034040,1
59,25,0.035520,0.251342,0.035520,1
59,26,0.420494,0.097501,0.037000,1
59,27,0.783740,0.099035,0.038480,1
59,28,0.310216,0.159006,0.034040,1
59,29,0.492753,0.103912,0.035520,1
59,30,0.963000,0.159336,0.037000,1
59,31,0.381066,0.160162,0.038480,1
59,32,0.748360,0.162308,0.034040,1
59,33,0.242956,0.157628,0.035520,1
59,34,0.963000,0.301783,0.037000,1
59,35,0.941330,0.230411,0.038480,1
59,36,0.105589,0.167136,0.034040,1
59,37,0.678630,0.161042,0.035520,1
59,38,0.893409,0.160201,0.037000,1
59,39,0.173040,0.225707,0.038480,1
59,40,0.822312,0.159818,0.034040,1
59,41,0.173737,0.152220,0.035520,1
59,42,0.269752,0.224273,0.037000,1
59,43,0.528485,0.168547,0.038480,1
59,44,0.341009,0.220958,0.034040,1
59,45,0.455179,0.164085,0.035520,1
59,46,0.788505,0.221815,0.037000,1
59,47,0.222991,0.283504,0.038480,1
59,48,0.488476,0.228292,0.034040,1
59,49,0.894557,0.291823,0.035520,1
59,50,0.416949,0.224752,0.037000,1
59,51,0.604243,0.163772,0.038480,1
59,52,0.101330,0.234685,0.034040,1
59,53,0.451359,0.287151,0.035520,1
59,54,0.862509,0.226571,0.037000,1
59,55,0.067765,0.317242,0.038480,1
59,56,0.569373,0.228443,0.034040,1
59,57,0.716982,0.223964,0.035520,1
59,58,0.308505,0.286759,0.037000,1
59,59,0.753286,0.288078,0.038480,1
59,60,0.825899,0.286546,0.034040,1
59,61,0.381057,0.288344,0.035520,1
59,62,0.644303,0.225028,0.037000,1
59,63,0.141294,0.294922,0.038480,1
59,64,0.528859,0.283128,0.034040,1
59,65,0.784275,0.354886,0.035520,1
59,66,0.189502,0.352707,0.037000,1
59,67,0.494085,0.346336,0.038480,1
59,68,0.920747,0.356339,0.034040,1
59,69,0.416753,0.349587,0.035520,1
59,70,0.680595,0.288739,0.037000,1
59,71,0.264581,0.347715,0.038480,1
59,72,0.455464,0.407178,0.034040,1
59,73,0.606643,0.287186,0.035520,1
59,74,0.344189,0.351409,0.037000,1
59,75,0.570144,0.351401,0.038480,1
59,76,0.853167,0.348846,0.034040,1
59,77,0.383353,0.412341,0.035520,1
59,78,0.818842,0.418674,0.037000,1
59,79,0.961520,0.415870,0.038480,1
59,80,0.424996,0.467893,0.034040,1
59,81,0.644193,0.350118,0.035520,1
59,82,0.037165,0.386080,0.037000,1
59,83,0.528660,0.415261,0.038480,1
59,84,0.889754,0.416939,0.034040,1
59,85,0.123697,0.389166,0.035520,1
59,86,0.494448,0.482337,0.037000,1
59,87,0.713947,0.374878,0.038480,1
59,88,0.221732,0.415957,0.034040,1
59,89,0.612323,0.412733,0.035520,1
59,90,0.754801,0.455244,0.037000,1
59,91,0.341173,0.473263,0.038480,1
59,92,0.575183,0.470838,0.034040,1
59,93,0.299010,0.412760,0.035520,1
59,94,0.546544,0.535439,0.037000,1
59,95,0.679537,0.443626,0.038480,1
59,96,0.161755,0.448819,0.034040,1
59,97,0.476343,0.552448,0.035520,1
59,98,0.670867,0.518606,0.037000,1
59,99,0.390841,0.531836,0.038480,1
59,100,0.571792,0.601681,0.034040,1
59,101,0.256409,0.476257,0.035520,1
59,102,0.422148,0.600456,0.037000,1
59,103,0.589465,0.672014,0.038480,1
59,104,0.370869,0.649620,0.034040,1
59,105,0.489692,0.628083,0.035520,1
59,106,0.657980,0.703892,0.037000,1
59,107,0.390383,0.759291,0.038480,1
59,108,0.513607,0.764011,0.034040,1
59,109,0.686568,0.846215,0.035520,1
59,110,0.417420,0.879711,0.037000,1
59,111,0.555949,0.858853,0.038480,1
59,112,0.323695,0.917406,0.034040,1
59,113,0.476402,0.967416,0.035520,1
59,114,0.601523,0.941285,0.037000,1
59,115,0.354780,0.992045,0.038480,1
59,116,0.513423,1.045820,0.034040,1
59,117,0.646421,1.007587,0.035520,1
59,118,0.424253,1.021554,0.037000,1
59,119,0.534000,1.040000,0.038480,0
59,120,0.659800,0.990000,0.034040,0
59,121,0.442200,1.015000,0.035520,0
59,122,0.568000,1.040000,0.037000,0
59,123,0.350400,0.990000,0.038480,0
59,124,0.476200,1.015000,0.034040,0
59,125,0.602000,1.040000,0.035520,0
59,126,0.384400,0.990000,0.037000,0
59,127,0.510200,1.015000,0.038480,0
59,128,0.636000,1.040000,0.034040,0
59,129,0.418400,0.990000,0.035520,0
59,130,0.544200,1.015000,0.037000,0
59,131,0.670000,1.040000,0.038480,0
59,132,0.452400,0.990000,0.034040,0
59,133,0.578200,1.015000,0.035520,0
59,134,0.360600,1.040000,0.037000,0
59,135,0.486400,0.990000,0.038480,0
59,136,0.612200,1.015000,0.034040,0
59,137,0.394600,1.040000,0.035520,0
59,138,0.520400,0.990000,0.037000,0
59,139,0.646200,1.015000,0.038480,0
59,140,0.428600,1.040000,0.034040,0
59,141,0.554400,0.990000,0.035520,0
59,142,0.336800,1.015000,0.037000,0
59,143,0.462600,1.040000,0.038480,0
59,144,0.588400,0.990000,0.034040,0
60,0,0.101203,0.034040,0.034040,1
60,1,0.316165,0.035520,0.035520,1
60,2,0.747742,0.037000,0.037000,1
60,3,0.171795,0.038480,0.038480,1
60,4,0.454404,0.034040,0.034040,1
60,5,0.676596,0.035520,0.035520,1
60,6,0.247466,0.037000,0.037000,1
60,7,0.603213,0.038480,0.038480,1
60,8,0.889953,0.034040,0.034040,1
60,9,0.385865,0.035520,0.035520,1
60,10,0.640344,0.099545,0.037000,1
60,11,0.038480,0.175586,0.038480,1
60,12,0.280079,0.097988,0.034040,1
60,13,0.712022,0.099527,0.035520,1
60,14,0.037000,0.037000,0.037000,1
60,15,0.525738,0.038480,0.038480,1
60,16,0.820059,0.034040,0.034040,1
60,17,0.058545,0.104776,0.035520,1
60,18,0.858979,0.096311,0.037000,1
60,19,0.961520,0.038480,0.038480,1
60,20,0.212116,0.095693,0.034040,1
60,21,0.348746,0.096017,0.035520,1
60,22,0.130702,0.097108,0.037000,1
60,23,0.565272,0.100787,0.038480,1
60,24,0.929372,0.100556,0.034040,1
60,25,0.035520,0.249219,0.035520,1
60,26,0.420683,0.098147,0.037000,1
60,27,0.784592,0.098747,0.038480,1
60,28,0.310859,0.158601,0.034040,1
60,29,0.493000,0.104226,0.035520,1
60,30,0.963000,0.160908,0.037000,1
60,31,0.381784,0.161527,0.038480,1
60,32,0.748111,0.161415,0.034040,1
60,33,0.243498,0.156609,0.035520,1
60,34,0.963000,0.297456,0.037000,1
60,35,0.935528,0.229057,0.038480,1
60,36,0.105267,0.163674,0.034040,1
60,37,0.678530,0.161701,0.035520,1
60,38,0.893448,0.162047,0.037000,1
60,39,0.172506,0.227793,0.038480,1
60,40,0.822539,0.159932,0.034040,1
60,41,0.174254,0.154197,0.035520,1
60,42,0.274542,0.220895,0.037000,1
60,43,0.528545,0.169348,0.038480,1
60,44,0.345974,0.224647,0.034040,1
60,45,0.455493,0.164424,0.035520,1
60,46,0.787130,0.220898,0.037000,1
60,47,0.227952,0.280432,0.038480,1
60,48,0.489872,0.230053,0.034040,1
60,49,0.894666,0.291753,0.035520,1
60,50,0.418582,0.226201,0.037000,1
60,51,0.604121,0.164708,0.038480,1
60,52,0.100254,0.231027,0.034040,1
60,53,0.453000,0.289158,0.035520,1
60,54,0.860710,0.227623,0.037000,1
60,55,0.053648,0.320298,0.038480,1
60,56,0.569053,0.229491,0.034040,1
60,57,0.716629,0.223182,0.035520,1
60,58,0.308121,0.285861,0.037000,1
60,59,0.752927,0.287403,0.038480,1
60,60,0.825624,0.288967,0.034040,1
60,61,0.380939,0.288586,0.035520,1
60,62,0.644299,0.225649,0.037000,1
60,63,0.134625,0.294444,0.038480,1
60,64,0.529836,0.285169,0.034040,1
60,65,0.787535,0.352506,0.035520,1
60,66,0.189577,0.345819,0.037000,1
60,67,0.489891,0.352633,0.038480,1
60,68,0.924711,0.354524,0.034040,1
60,69,0.416116,0.350316,0.035520,1
60,70,0.679561,0.289834,0.037000,1
60,71,0.264732,0.347550,0.038480,1
60,72,0.449354,0.412431,0.034040,1
60,73,0.607280,0.287604,0.035520,1
60,74,0.343307,0.350250,0.037000,1
60,75,0.566291,0.348373,0.038480,1
60,76,0.856785,0.349968,0.034040,1
60,77,0.379892,0.412378,0.035520,1
60,78,0.818876,0.417982,0.037000,1
60,79,0.961520,0.416771,0.038480,1
60,80,0.415565,0.471746,0.034040,1
60,81,0.640611,0.350166,0.035520,1
60,82,0.037000,0.393960,0.037000,1
60,83,0.532727,0.416724,0.038480,1
60,84,0.889623,0.412769,0.034040,1
60,85,0.112472,0.365110,0.035520,1
60,86,0.486117,0.475047,0.037000,1
60,87,0.714418,0.356639,0.038480,1
60,88,0.214213,0.412428,0.034040,1
60,89,0.606534,0.411784,0.035520,1
60,90,0.751311,0.447182,0.037000,1
60,91,0.339320,0.474593,0.038480,1
60,92,0.578224,0.474927,0.034040,1
60,93,0.302829,0.410512,0.035520,1
60,94,0.535373,0.531390,0.037000,1
60,95,0.679177,0.424896,0.038480,1
60,96,0.144000,0.427115,0.034040,1
60,97,0.463284,0.543529,0.035520,1
60,98,0.670019,0.499819,0.037000,1
60,99,0.384120,0.536969,0.038480,1
60,100,0.587804,0.581366,0.034040,1
60,101,0.246468,0.474058,0.035520,1
60,102,0.421335,0.602507,0.037000,1
60,103,0.591106,0.654429,0.038480,1
60,104,0.341258,0.606466,0.034040,1
60,105,0.511092,0.599652,0.035520,1
60,106,0.683294,0.637873,0.037000,1
60,107,0.384899,0.668611,0.038480,1
60,108,0.516829,0.668975,0.034040,1
60,109,0.693128,0.758444,0.035520,1
60,110,0.410996,0.800782,0.037000,1
60,111,0.552737,0.787930,0.038480,1
60,112,0.323695,0.854008,0.034040,1
60,113,0.479673,0.912138,0.035520,1
60,114,0.608025,0.894148,0.037000,1
60,115,0.348259,0.952986,0.038480,1
60,116,0.492222,1.007603,0.034040,1
60,117,0.620642,0.974438,0.035520,1
60,118,0.420195,1.005774,0.037000,1
60,119,0.562739,1.042841,0.038480,1
60,120,0.685359,0.999940,0.034040,1
60,121,0.442200,1.015000,0.035520,0
60,122,0.568000,1.040000,0.037000,0
60,123,0.350400,0.990000,0.038480,0
60,124,0.476200,1.015000,0.034040,0
60,125,0.602000,1.040000,0.035520,0
60,126,0.384400,0.990000,0.037000,0
60,127,0.510200,1.015000,0.038480,0
60,128,0.636000,1.040000,0.034040,0
60,129,0.418400,0.990000,0.035520,0
60,130,0.544200,1.015000,0.037000,0
60,131,0.670000,1.040000,0.038480,0
60,132,0.452400,0.990000,0.034040,0
60,133,0.578200,1.015000,0.035520,0
60,134,0.360600,1.040000,0.037000,0
60,135,0.486400,0.990000,0.038480,0
60,136,0.612200,1.015000,0.034040,0
60,137,0.394600,1.040000,0.035520,0
60,138,0.520400,0.990000,0.037000,0
60,139,0.646200,1.015000,0.038480,0
60,140,0.428600,1.040000,0.034040,0
60,141,0.554400,0.990000,0.035520,0
60,142,0.336800,1.015000,0.037000,0
60,143,0.462600,1.040000,0.038480,0
60,144,0.588400,0.990000,0.034040,0
61,0,0.101114,0.034040,0.034040,1
61,1,0.315760,0.035520,0.035520,1
61,2,0.747449,0.037000,0.037000,1
61,3,0.171593,0.038480,0.038480,1
61,4,0.454019,0.034040,0.034040,1
61,5,0.676358,0.035520,0.035520,1
61,6,0.246966,0.037000,0.037000,1
61,7,0.602956,0.038480,0.038480,1
61,8,0.889835,0.034040,0.034040,1
61,9,0.385474,0.035520,0.035520,1
61,10,0.640531,0.098792,0.037000,1
61,11,0.038480,0.175957,0.038480,1
61,12,0.279814,0.097486,0.034040,1
61,13,0.712211,0.099360,0.035520,1
61,14,0.037000,0.037133,0.037000,1
61,15,0.525355,0.038480,0.038480,1
61,16,0.820064,0.034040,0.034040,1
61,17,0.059222,0.104830,0.035520,1
61,18,0.858986,0.096597,0.037000,1
61,19,0.961520,0.038480,0.038480,1
61,20,0.211033,0.095864,0.034040,1
61,21,0.348551,0.096307,0.035520,1
61,22,0.131793,0.097057,0.037000,1
61,23,0.564948,0.100101,0.038480,1
61,24,0.929346,0.100348,0.034040,1
61,25,0.035520,0.249549,0.035520,1
61,26,0.420442,0.097985,0.037000,1
61,27,0.784774,0.097954,0.038480,1
61,28,0.311099,0.157694,0.034040,1
61,29,0.492721,0.104089,0.035520,1
61,30,0.963000,0.160408,0.037000,1
61,31,0.382064,0.161742,0.038480,1
61,32,0.747399,0.159949,0.034040,1
61,33,0.243457,0.156131,0.035520,1
61,34,0.963000,0.295580,0.037000,1
61,35,0.934422,0.227771,0.038480,1
61,36,0.105031,0.162786,0.034040,1
61,37,0.678218,0.161473,0.035520,1
61,38,0.893706,0.162358,0.037000,1
61,39,0.172947,0.229209,0.038480,1
61,40,0.822851,0.159080,0.034040,1
61,41,0.174213,0.155382,0.035520,1
61,42,0.276542,0.219170,0.037000,1
61,43,0.528459,0.168678,0.038480,1
61,44,0.347228,0.224952,0.034040,1
61,45,0.455466,0.164487,0.035520,1
61,46,0.786286,0.219244,0.037000,1
61,47,0.230884,0.279551,0.038480,1
61,48,0.490309,0.229228,0.034040,1
61,49,0.894429,0.290937,0.035520,1
61,50,0.418971,0.226687,0.037000,1
61,51,0.603993,0.163725,0.038480,1
61,52,0.100393,0.230016,0.034040,1
61,53,0.454913,0.288889,0.035520,1
61,54,0.859697,0.227257,0.037000,1
61,55,0.039747,0.323062,0.038480,1
61,56,0.569099,0.228693,0.034040,1
61,57,0.715719,0.221844,0.035520,1
61,58,0.305726,0.286276,0.037000,1
61,59,0.752562,0.285763,0.038480,1
61,60,0.825254,0.289041,0.034040,1
61,61,0.378484,0.286944,0.035520,1
61,62,0.643169,0.225187,0.037000,1
61,63,0.130094,0.295642,0.038480,1
61,64,0.530065,0.284497,0.034040,1
61,65,0.789713,0.349407,0.035520,1
61,66,0.188831,0.342425,0.037000,1
61,67,0.488397,0.354335,0.038480,1
61,68,0.926896,0.354182,0.034040,1
61,69,0.414827,0.347682,0.035520,1
61,70,0.679203,0.288717,0.037000,1
61,71,0.263778,0.348976,0.038480,1
61,72,0.443349,0.410770,0.034040,1
61,73,0.606200,0.287547,0.035520,1
61,74,0.342301,0.349892,0.037000,1
61,75,0.564740,0.348352,0.038480,1
61,76,0.858902,0.350584,0.034040,1
61,77,0.374300,0.414684,0.035520,1
61,78,0.819058,0.415869,0.037000,1
61,79,0.961520,0.417659,0.038480,1
61,80,0.409516,0.474575,0.034040,1
61,81,0.640514,0.349151,0.035520,1
61,82,0.037000,0.398534,0.037000,1
61,83,0.532062,0.417718,0.038480,1
61,84,0.889846,0.411273,0.034040,1
61,85,0.101384,0.363933,0.035520,1
61,86,0.480056,0.471266,0.037000,1
61,87,0.716797,0.353987,0.038480,1
61,88,0.211287,0.409835,0.034040,1
61,89,0.605601,0.410037,0.035520,1
61,90,0.750715,0.443364,0.037000,1
61,91,0.335190,0.477705,0.038480,1
61,92,0.598511,0.478742,0.034040,1
61,93,0.303290,0.411188,0.035520,1
61,94,0.538572,0.516298,0.037000,1
61,95,0.678734,0.420488,0.038480,1
61,96,0.143292,0.419452,0.034040,1
61,97,0.450185,0.537047,0.035520,1
61,98,0.667533,0.494969,0.037000,1
61,99,0.376466,0.542528,0.038480,1
61,100,0.610808,0.545820,0.034040,1
61,101,0.245157,0.470592,0.035520,1
61,102,0.420977,0.603487,0.037000,1
61,103,0.594553,0.618711,0.038480,1
61,104,0.305697,0.558334,0.034040,1
61,105,0.505863,0.580884,0.035520,1
61,106,0.709013,0.556250,0.037000,1
61,107,0.350860,0.632694,0.038480,1
61,108,0.524400,0.647818,0.034040,1
61,109,0.699688,0.654474,0.035520,1
61,110,0.404572,0.705652,0.037000,1
61,111,0.554480,0.713806,0.038480,1
61,112,0.323695,0.774411,0.034040,1
61,113,0.482943,0.840660,0.035520,1
61,114,0.614526,0.830812,0.037000,1
61,115,0.341738,0.897727,0.038480,1
61,116,0.498857,0.959035,0.034040,1
61,117,0.620642,0.935433,0.035520,1
61,118,0.406697,0.957290,0.037000,1
61,119,0.571018,0.992183,0.038480,1
61,120,0.678798,0.985069,0.034040,1
61,121,0.447315,1.029131,0.035520,1
61,122,0.566242,1.067511,0.037000,1
61,123,0.350400,0.990000,0.038480,0
61,124,0.476200,1.015000,0.034040,0
61,125,0.602000,1.040000,0.035520,0
61,126,0.384400,0.990000,0.037000,0
61,127,0.510200,1.015000,0.038480,0
61,128,0.636000,1.040000,0.034040,0
61,129,0.418400,0.990000,0.035520,0
61,130,0.544200,1.015000,0.037000,0
61,131,0.670000,1.040000,0.038480,0
61,132,0.452400,0.990000,0.034040,0
61,133,0.578200,1.015000,0.035520,0
61,134,0.360600,1.040000,0.037000,0
61,135,0.486400,0.990000,0.038480,0
61,136,0.612200,1.015000,0.034040,0
61,137,0.394600,1.040000,0.035520,0
61,138,0.520400,0.990000,0.037000,0
61,139,0.646200,1.015000,0.038480,0
61,140,0.428600,1.040000,0.034040,0
61,141,0.554400,0.990000,0.035520,0
61,142,0.336800,1.015000,0.037000,0
61,143,0.462600,1.040000,0.038480,0
61,144,0.588400,0.990000,0.034040,0
62,0,0.100851,0.034040,0.034040,1
62,1,0.315251,0.035520,0.035520,1
62,2,0.746926,0.037000,0.037000,1
62,3,0.171375,0.038480,0.038480,1
62,4,0.453594,0.034040,0.034040,1
62,5,0.675881,0.035520,0.035520,1
62,6,0.246804,0.037000,0.037000,1
62,7,0.602495,0.038480,0.038480,1
62,8,0.889834,0.034040,0.034040,1
62,9,0.385078,0.035520,0.035520,1
62,10,0.640051,0.098743,0.037000,1
62,11,0.038480,0.177037,0.038480,1
62,12,0.279738,0.097218,0.034040,1
62,13,0.711731,0.098988,0.035520,1
62,14,0.037000,0.037215,0.037000,1
62,15,0.524903,0.038480,0.038480,1
62,16,0.820064,0.034040,0.034040,1
62,17,0.059379,0.104795,0.035520,1
62,18,0.858596,0.096458,0.037000,1
62,19,0.961520,0.038480,0.038480,1
62,20,0.210213,0.095133,0.034040,1
62,21,0.348413,0.094959,0.035520,1
62,22,0.132095,0.095758,0.037000,1
62,23,0.564668,0.100144,0.038480,1
62,24,0.928938,0.100001,0.034040,1
62,25,0.035520,0.250491,0.035520,1
62,26,0.420299,0.097353,0.037000,1
62,27,0.784286,0.097487,0.038480,1
62,28,0.310359,0.157741,0.034040,1
62,29,0.492379,0.104305,0.035520,1
62,30,0.963000,0.159879,0.037000,1
62,31,0.381348,0.160377,0.038480,1
62,32,0.746903,0.159382,0.034040,1
62,33,0.242646,0.155193,0.035520,1
62,34,0.963000,0.295161,0.037000,1
62,35,0.934638,0.227397,0.038480,1
62,36,0.104066,0.160772,0.034040,1
62,37,0.677864,0.161365,0.035520,1
62,38,0.893889,0.161837,0.037000,1
62,39,0.170618,0.228201,0.038480,1
62,40,0.823069,0.158056,0.034040,1
62,41,0.173401,0.154638,0.035520,1
62,42,0.274754,0.218514,0.037000,1
62,43,0.528135,0.168705,0.038480,1
62,44,0.345537,0.223511,0.034040,1
62,45,0.455061,0.164800,0.035520,1
62,46,0.786489,0.218043,0.037000,1
62,47,0.228222,0.278374,0.038480,1
62,48,0.487081,0.227174,0.034040,1
62,49,0.895040,0.290142,0.035520,1
62,50,0.415865,0.226079,0.037000,1
62,51,0.603738,0.163807,0.038480,1
62,52,0.098322,0.227875,0.034040,1
62,53,0.452551,0.287603,0.035520,1
62,54,0.859894,0.226602,0.037000,1
62,55,0.038480,0.323909,0.038480,1
62,56,0.568822,0.228681,0.034040,1
62,57,0.715621,0.221490,0.035520,1
62,58,0.302563,0.285926,0.037000,1
62,59,0.753336,0.284671,0.038480,1
62,60,0.825963,0.288446,0.034040,1
62,61,0.375415,0.286254,0.035520,1
62,62,0.643056,0.225333,0.037000,1
62,63,0.125334,0.294609,0.038480,1
62,64,0.526872,0.282265,0.034040,1
62,65,0.790937,0.348279,0.035520,1
62,66,0.185080,0.340185,0.037000,1
62,67,0.484887,0.353299,0.038480,1
62,68,0.928111,0.354429,0.034040,1
62,69,0.412129,0.346706,0.035520,1
62,70,0.679544,0.288575,0.037000,1
62,71,0.260015,0.348226,0.038480,1
62,72,0.440186,0.410180,0.034040,1
62,73,0.605768,0.287629,0.035520,1
62,74,0.339454,0.348973,0.037000,1
62,75,0.560986,0.346257,0.038480,1
62,76,0.860091,0.350068,0.034040,1
62,77,0.370955,0.413653,0.035520,1
62,78,0.819865,0.414899,0.037000,1
62,79,0.961520,0.418432,0.038480,1
62,80,0.407688,0.472328,0.034040,1
62,81,0.640436,0.349219,0.035520,1
62,82,0.037000,0.399478,0.037000,1
62,83,0.528816,0.415985,0.038480,1
62,84,0.890497,0.411040,0.034040,1
62,85,0.100182,0.364213,0.035520,1
62,86,0.478282,0.470041,0.037000,1
62,87,0.718534,0.352751,0.038480,1
62,88,0.214584,0.404654,0.034040,1
62,89,0.601460,0.407935,0.035520,1
62,90,0.748541,0.430893,0.037000,1
62,91,0.331898,0.476817,0.038480,1
62,92,0.609753,0.476949,0.034040,1
62,93,0.300071,0.410215,0.035520,1
62,94,0.544042,0.503813,0.037000,1
62,95,0.674610,0.414993,0.038480,1
62,96,0.147428,0.415181,0.034040,1
62,97,0.442693,0.532526,0.035520,1
62,98,0.680334,0.489873,0.037000,1
62,99,0.369511,0.543864,0.038480,1
62,100,0.631560,0.541417,0.034040,1
62,101,0.250998,0.463768,0.035520,1
62,102,0.419821,0.601101,0.037000,1
62,103,0.589708,0.600558,0.038480,1
62,104,0.276878,0.528335,0.034040,1
62,105,0.505676,0.565288,0.035520,1
62,106,0.766003,0.502803,0.037000,1
62,107,0.315152,0.598342,0.038480,1
62,108,0.524469,0.632258,0.034040,1
62,109,0.705138,0.558019,0.035520,1
62,110,0.385325,0.666521,0.037000,1
62,111,0.577229,0.682013,0.038480,1
62,112,0.316147,0.682681,0.034040,1
62,113,0.486214,0.752981,0.035520,1
62,114,0.621028,0.751276,0.037000,1
62,115,0.335216,0.826268,0.038480,1
62,116,0.500514,0.897079,0.034040,1
62,117,0.620642,0.880227,0.035520,1
62,118,0.405039,0.909707,0.037000,1
62,119,0.577500,0.953238,0.038480,1
62,120,0.672238,0.953999,0.034040,1
62,121,0.426618,1.001550,0.035520,1
62,122,0.566242,1.052641,0.037000,1
62,123,0.352160,0.984352,0.038480,1
62,124,0.493846,1.019412,0.034040,1
62,125,0.602000,1.040000,0.035520,0
62,126,0.384400,0.990000,0.037000,0
62,127,0.510200,1.015000,0.038480,0
62,128,0.636000,1.040000,0.034040,0
62,129,0.418400,0.990000,0.035520,0
62,130,0.544200,1.015000,0.037000,0
62,131,0.670000,1.040000,0.038480,0
62,132,0.452400,0.990000,0.034040,0
62,133,0.578200,1.015000,0.035520,0
62,134,0.360600,1.040000,0.037000,0
62,135,0.486400,0.990000,0.038480,0
62,136,0.612200,1.015000,0.034040,0
62,137,0.394600,1.040000,0.035520,0
62,138,0.520400,0.990000,0.037000,0
62,139,0.646200,1.015000,0.038480,0
62,140,0.428600,1.040000,0.034040,0
62,141,0.554400,0.990000,0.035520,0
62,142,0.336800,1.015000,0.037000,0
62,143,0.462600,1.040000,0.038480,0
62,144,0.588400,0.990000,0.034040,0
63,0,0.100770,0.034040,0.034040,1
63,1,0.314900,0.035520,0.035520,1
63,2,0.746546,0.037000,0.037000,1
63,3,0.171167,0.038480,0.038480,1
63,4,0.453382,0.034040,0.034040,1
63,5,0.675541,0.035520,0.035520,1
63,6,0.246261,0.037000,0.037000,1
63,7,0.602146,0.038480,0.038480,1
63,8,0.889906,0.034040,0.034040,1
63,9,0.384726,0.035520,0.035520,1
63,10,0.639017,0.099280,0.037000,1
63,11,0.038480,0.181860,0.038480,1
63,12,0.279124,0.097363,0.034040,1
63,13,0.710821,0.098881,0.035520,1
63,14,0.037000,0.037114,0.037000,1
63,15,0.524687,0.038480,0.038480,1
63,16,0.820064,0.034040,0.034040,1
63,17,0.060277,0.104306,0.035520,1
63,18,0.857486,0.095789,0.037000,1
63,19,0.961520,0.038480,0.038480,1
63,20,0.208789,0.095451,0.034040,1
63,21,0.347803,0.094556,0.035520,1
63,22,0.133181,0.095195,0.037000,1
63,23,0.564339,0.100403,0.038480,1
63,24,0.927763,0.098745,0.034040,1
63,25,0.035520,0.255111,0.035520,1
63,26,0.419705,0.097343,0.037000,1
63,27,0.783481,0.097796,0.038480,1
63,28,0.309442,0.157776,0.034040,1
63,29,0.491861,0.103647,0.035520,1
63,30,0.963000,0.158029,0.037000,1
63,31,0.380221,0.159937,0.038480,1
63,32,0.745955,0.159374,0.034040,1
63,33,0.241597,0.155414,0.035520,1
63,34,0.963000,0.293209,0.037000,1
63,35,0.933727,0.225273,0.038480,1
63,36,0.102530,0.158959,0.034040,1
63,37,0.676776,0.161340,0.035520,1
63,38,0.893548,0.160677,0.037000,1
63,39,0.168322,0.229365,0.038480,1
63,40,0.822499,0.158466,0.034040,1
63,41,0.172048,0.155790,0.035520,1
63,42,0.274283,0.218419,0.037000,1
63,43,0.527055,0.168445,0.038480,1
63,44,0.344951,0.223511,0.034040,1
63,45,0.454026,0.163752,0.035520,1
63,46,0.785259,0.218330,0.037000,1
63,47,0.227550,0.277712,0.038480,1
63,48,0.486765,0.227606,0.034040,1
63,49,0.893530,0.288820,0.035520,1
63,50,0.415138,0.225245,0.037000,1
63,51,0.602862,0.164768,0.038480,1
63,52,0.096156,0.226114,0.034040,1
63,53,0.450736,0.286987,0.035520,1
63,54,0.858880,0.225024,0.037000,1
63,55,0.038480,0.328415,0.038480,1
63,56,0.566998,0.228948,0.034040,1
63,57,0.714440,0.221176,0.035520,1
63,58,0.302166,0.285929,0.037000,1
63,59,0.751210,0.284770,0.038480,1
63,60,0.824048,0.286553,0.034040,1
63,61,0.375104,0.286218,0.035520,1
63,62,0.642353,0.226591,0.037000,1
63,63,0.114117,0.295919,0.038480,1
63,64,0.525951,0.283279,0.034040,1
63,65,0.790427,0.347117,0.035520,1
63,66,0.178431,0.334993,0.037000,1
63,67,0.484001,0.351916,0.038480,1
63,68,0.927697,0.353031,0.034040,1
63,69,0.411676,0.346956,0.035520,1
63,70,0.677135,0.290977,0.037000,1
63,71,0.258717,0.347685,0.038480,1
63,72,0.440704,0.410111,0.034040,1
63,73,0.603941,0.287947,0.035520,1
63,74,0.339253,0.348947,0.037000,1
63,75,0.560330,0.347450,0.038480,1
63,76,0.859619,0.349322,0.034040,1
63,77,0.371346,0.413645,0.035520,1
63,78,0.820003,0.413248,0.037000,1
63,79,0.961520,0.416908,0.038480,1
63,80,0.405781,0.473932,0.034040,1
63,81,0.636548,0.350788,0.035520,1
63,82,0.037000,0.403974,0.037000,1
63,83,0.525759,0.415794,0.038480,1
63,84,0.890613,0.410009,0.034040,1
63,85,0.100241,0.368595,0.035520,1
63,86,0.476514,0.471506,0.037000,1
63,87,0.717894,0.354136,0.038480,1
63,88,0.207989,0.399393,0.034040,1
63,89,0.598870,0.410514,0.035520,1
63,90,0.747626,0.423664,0.037000,1
63,91,0.330975,0.475910,0.038480,1
63,92,0.626028,0.474358,0.034040,1
63,93,0.299285,0.409255,0.035520,1
63,94,0.556034,0.484795,0.037000,1
63,95,0.672433,0.415813,0.038480,1
63,96,0.144045,0.422575,0.034040,1
63,97,0.440920,0.534183,0.035520,1
63,98,0.695886,0.487373,0.037000,1
63,99,0.367724,0.543394,0.038480,1
63,100,0.647095,0.539149,0.034040,1
63,101,0.246804,0.456911,0.035520,1
63,102,0.420639,0.603648,0.037000,1
63,103,0.580680,0.568220,0.038480,1
63,104,0.250148,0.526277,0.034040,1
63,105,0.511492,0.541842,0.035520,1
63,106,0.808538,0.486226,0.037000,1
63,107,0.299694,0.579147,0.038480,1
63,108,0.521720,0.610602,0.034040,1
63,109,0.734755,0.548596,0.035520,1
63,110,0.369998,0.657607,0.037000,1
63,111,0.585447,0.645214,0.038480,1
63,112,0.285761,0.650316,0.034040,1
63,113,0.481039,0.667021,0.035520,1
63,114,0.647439,0.688333,0.037000,1
63,115,0.328695,0.738610,0.038480,1
63,116,0.502172,0.818923,0.034040,1
63,117,0.620642,0.808821,0.035520,1
63,118,0.403382,0.845923,0.037000,1
63,119,0.583982,0.898094,0.038480,1
63,120,0.665678,0.906728,0.034040,1
63,121,0.434596,0.956045,0.035520,1
63,122,0.553328,1.028965,0.037000,1
63,123,0.342005,0.946926,0.038480,1
63,124,0.488789,0.999421,0.034040,1
63,125,0.625628,1.034610,0.035520,1
63,126,0.383911,1.009704,0.037000,1
63,127,0.510200,1.015000,0.038480,0
63,128,0.636000,1.040000,0.034040,0
63,129,0.418400,0.990000,0.035520,0
63,130,0.544200,1.015000,0.037000,0
63,131,0.670000,1.040000,0.038480,0
63,132,0.452400,0.990000,0.034040,0
63,133,0.578200,1.015000,0.035520,0
63,134,0.360600,1.040000,0.037000,0
63,135,0.486400,0.990000,0.038480,0
63,136,0.612200,1.015000,0.034040,0
63,137,0.394600,1.040000,0.035520,0
63,138,0.520400,0.990000,0.037000,0
63,139,0.646200,1.015000,0.038480,0
63,140,0.428600,1.040000,0.034040,0
63,141,0.554400,0.990000,0.035520,0
63,142,0.336800,1.015000,0.037000,0
63,143,0.462600,1.040000,0.038480,0
63,144,0.588400,0.990000,0.034040,0
64,0,0.100075,0.034040,0.034040,1
64,1,0.314105,0.035520,0.035520,1
64,2,0.746275,0.037000,0.037000,1
64,3,0.170278,0.038480,0.038480,1
64,4,0.453088,0.034040,0.034040,1
64,5,0.675282,0.035520,0.035520,1
64,6,0.245373,0.037000,0.037000,1
64,7,0.601926,0.038480,0.038480,1
64,8,0.889967,0.034040,0.034040,1
64,9,0.384445,0.035520,0.035520,1
64,10,0.638688,0.099497,0.037000,1
64,11,0.038480,0.186450,0.038480,1
64,12,0.278775,0.097629,0.034040,1
64,13,0.710458,0.099084,0.035520,1
64,14,0.037000,0.037230,0.037000,1
64,15,0.524419,0.038480,0.038480,1
64,16,0.820064,0.034040,0.034040,1
64,17,0.059158,0.104709,0.035520,1
64,18,0.856994,0.095485,0.037000,1
64,19,0.961520,0.038480,0.038480,1
64,20,0.207601,0.095594,0.034040,1
64,21,0.347422,0.093901,0.035520,1
64,22,0.131860,0.095873,0.037000,1
64,23,0.564113,0.100439,0.038480,1
64,24,0.927234,0.098313,0.034040,1
64,25,0.035520,0.260046,0.035520,1
64,26,0.419368,0.096993,0.037000,1
64,27,0.783086,0.098025,0.038480,1
64,28,0.308682,0.158332,0.034040,1
64,29,0.491490,0.103556,0.035520,1
64,30,0.963000,0.157362,0.037000,1
64,31,0.379558,0.159270,0.038480,1
64,32,0.745682,0.159602,0.034040,1
64,33,0.240656,0.155264,0.035520,1
64,34,0.963000,0.292388,0.037000,1
64,35,0.933412,0.224602,0.038480,1
64,36,0.101500,0.159869,0.034040,1
64,37,0.676428,0.161586,0.035520,1
64,38,0.893168,0.160404,0.037000,1
64,39,0.167636,0.230033,0.038480,1
64,40,0.822151,0.158674,0.034040,1
64,41,0.170999,0.156363,0.035520,1
64,42,0.272717,0.218574,0.037000,1
64,43,0.526713,0.168233,0.038480,1
64,44,0.343590,0.222573,0.034040,1
64,45,0.453541,0.163625,0.035520,1
64,46,0.784960,0.218578,0.037000,1
64,47,0.226810,0.278673,0.038480,1
64,48,0.486655,0.227307,0.034040,1
64,49,0.893180,0.288602,0.035520,1
64,50,0.414836,0.224178,0.037000,1
64,51,0.602504,0.164955,0.038480,1
64,52,0.095406,0.227015,0.034040,1
64,53,0.449886,0.285929,0.035520,1
64,54,0.858522,0.224927,0.037000,1
64,55,0.038480,0.333667,0.038480,1
64,56,0.566363,0.228965,0.034040,1
64,57,0.714175,0.221304,0.035520,1
64,58,0.301389,0.285647,0.037000,1
64,59,0.750715,0.284895,0.038480,1
64,60,0.823506,0.286606,0.034040,1
64,61,0.374370,0.284944,0.035520,1
64,62,0.642190,0.226668,0.037000,1
64,63,0.105959,0.298301,0.038480,1
64,64,0.525353,0.283319,0.034040,1
64,65,0.789748,0.347312,0.035520,1
64,66,0.173393,0.331707,0.037000,1
64,67,0.483625,0.350446,0.038480,1
64,68,0.927085,0.351858,0.034040,1
64,69,0.410846,0.345659,0.035520,1
64,70,0.676174,0.291390,0.037000,1
64,71,0.259049,0.348341,0.038480,1
64,72,0.439922,0.408528,0.034040,1
64,73,0.603590,0.287805,0.035520,1
64,74,0.338472,0.348597,0.037000,1
64,75,0.560277,0.347208,0.038480,1
64,76,0.858950,0.348926,0.034040,1
64,77,0.370790,0.413115,0.035520,1
64,78,0.820197,0.413099,0.037000,1
64,79,0.961520,0.415397,0.038480,1
64,80,0.404199,0.473955,0.034040,1
64,81,0.635193,0.351278,0.035520,1
64,82,0.037000,0.409102,0.037000,1
64,83,0.524790,0.414504,0.038480,1
64,84,0.890718,0.409239,0.034040,1
64,85,0.100880,0.372182,0.035520,1
64,86,0.474734,0.470222,0.037000,1
64,87,0.717057,0.354068,0.038480,1
64,88,0.204119,0.395574,0.034040,1
64,89,0.598915,0.412246,0.035520,1
64,90,0.748144,0.422639,0.037000,1
64,91,0.332016,0.476441,0.038480,1
64,92,0.636524,0.479886,0.034040,1
64,93,0.299813,0.409938,0.035520,1
64,94,0.565858,0.477067,0.037000,1
64,95,0.672750,0.416930,0.038480,1
64,96,0.143731,0.426956,0.034040,1
64,97,0.440127,0.533733,0.035520,1
64,98,0.707450,0.484037,0.037000,1
64,99,0.366869,0.545028,0.038480,1
64,100,0.665951,0.541608,0.034040,1
64,101,0.243373,0.452900,0.035520,1
64,102,0.417307,0.602487,0.037000,1
64,103,0.593633,0.547023,0.038480,1
64,104,0.226611,0.520406,0.034040,1
64,105,0.515923,0.529739,0.035520,1
64,106,0.836751,0.485352,0.037000,1
64,107,0.290461,0.554791,0.038480,1
64,108,0.532260,0.597315,0.034040,1
64,109,0.763735,0.529766,0.035520,1
64,110,0.346808,0.624767,0.037000,1
64,111,0.599791,0.623748,0.038480,1
64,112,0.258770,0.620174,0.034040,1
64,113,0.478478,0.641409,0.035520,1
64,114,0.679058,0.619007,0.037000,1
64,115,0.297334,0.681771,0.038480,1
64,116,0.503829,0.724567,0.034040,1
64,117,0.620642,0.721215,0.035520,1
64,118,0.401724,0.765939,0.037000,1
64,119,0.589375,0.826555,0.038480,1
64,120,0.660206,0.843524,0.034040,1
64,121,0.431426,0.899873,0.035520,1
64,122,0.563291,0.983409,0.037000,1
64,123,0.340054,0.907322,0.038480,1
64,124,0.486796,0.947518,0.034040,1
64,125,0.635258,0.992182,0.035520,1
64,126,0.380640,0.994853,0.037000,1
64,127,0.496598,1.032971,0.038480,1
64,128,0.637270,1.061712,0.034040,1
64,129,0.418400,0.990000,0.035520,0
64,130,0.544200,1.015000,0.037000,0
64,131,0.670000,1.040000,0.038480,0
64,132,0.452400,0.990000,0.034040,0
64,133,0.578200,1.015000,0.035520,0
64,134,0.360600,1.040000,0.037000,0
64,135,0.486400,0.990000,0.038480,0
64,136,0.612200,1.015000,0.034040,0
64,137,0.394600,1.040000,0.035520,0
64,138,0.520400,0.990000,0.037000,0
64,139,0.646200,1.015000,0.038480,0
64,140,0.428600,1.040000,0.034040,0
64,141,0.554400,0.990000,0.035520,0
64,142,0.336800,1.015000,0.037000,0
64,143,0.462600,1.040000,0.038480,0
64,144,0.588400,0.990000,0.034040,0
65,0,0.099431,0.034040,0.034040,1
65,1,0.313250,0.035520,0.035520,1
65,2,0.745723,0.037000,0.037000,1
65,3,0.169454,0.038480,0.038480,1
65,4,0.452201,0.034040,0.034040,1
65,5,0.674643,0.035520,0.035520,1
65,6,0.244702,0.037000,0.037000,1
65,7,0.601185,0.038480,0.038480,1
65,8,0.889842,0.034040,0.034040,1
65,9,0.383518,0.035520,0.035520,1
65,10,0.638650,0.098709,0.037000,1
65,11,0.038480,0.187800,0.038480,1
65,12,0.277833,0.097102,0.034040,1
65,13,0.710371,0.099001,0.035520,1
65,14,0.037000,0.037218,0.037000,1
65,15,0.523580,0.038480,0.038480,1
65,16,0.820064,0.034040,0.034040,1
65,17,0.057556,0.105166,0.035520,1
65,18,0.856974,0.095786,0.037000,1
65,19,0.961520,0.038480,0.038480,1
65,20,0.208089,0.095475,0.034040,1
65,21,0.346653,0.093771,0.035520,1
65,22,0.129878,0.096069,0.037000,1
65,23,0.563195,0.099892,0.038480,1
65,24,0.927193,0.098555,0.034040,1
65,25,0.035520,0.261591,0.035520,1
65,26,0.418702,0.096397,0.037000,1
65,27,0.782990,0.097712,0.038480,1
65,28,0.308479,0.157316,0.034040,1
65,29,0.490824,0.103775,0.035520,1
65,30,0.963000,0.157543,0.037000,1
65,31,0.379265,0.158801,0.038480,1
65,32,0.745654,0.159335,0.034040,1
65,33,0.240481,0.155447,0.035520,1
65,34,0.963000,0.292442,0.037000,1
65,35,0.933514,0.224790,0.038480,1
65,36,0.101527,0.161131,0.034040,1
65,37,0.676339,0.161050,0.035520,1
65,38,0.893086,0.160827,0.037000,1
65,39,0.166750,0.228478,0.038480,1
65,40,0.822189,0.158217,0.034040,1
65,41,0.170881,0.155038,0.035520,1
65,42,0.273544,0.218092,0.037000,1
65,43,0.526523,0.168286,0.038480,1
65,44,0.343993,0.222716,0.034040,1
65,45,0.453318,0.164030,0.035520,1
65,46,0.785124,0.218128,0.037000,1
65,47,0.226051,0.276257,0.038480,1
65,48,0.485803,0.226972,0.034040,1
65,49,0.893136,0.289431,0.035520,1
65,50,0.413800,0.223923,0.037000,1
65,51,0.602054,0.163701,0.038480,1
65,52,0.094762,0.228308,0.034040,1
65,53,0.448558,0.285443,0.035520,1
65,54,0.858656,0.225640,0.037000,1
65,55,0.038480,0.335165,0.038480,1
65,56,0.566980,0.228538,0.034040,1
65,57,0.714149,0.221001,0.035520,1
65,58,0.300622,0.286045,0.037000,1
65,59,0.751038,0.284509,0.038480,1
65,60,0.823731,0.287313,0.034040,1
65,61,0.374172,0.285553,0.035520,1
65,62,0.641786,0.224914,0.037000,1
65,63,0.105947,0.299550,0.038480,1
65,64,0.525338,0.282398,0.034040,1
65,65,0.788327,0.348139,0.035520,1
65,66,0.174242,0.331228,0.037000,1
65,67,0.484052,0.348625,0.038480,1
65,68,0.925888,0.350744,0.034040,1
65,69,0.411351,0.346615,0.035520,1
65,70,0.676537,0.288876,0.037000,1
65,71,0.255400,0.346525,0.038480,1
65,72,0.443254,0.408207,0.034040,1
65,73,0.604675,0.287195,0.035520,1
65,74,0.338866,0.348259,0.037000,1
65,75,0.560394,0.346076,0.038480,1
65,76,0.857603,0.349047,0.034040,1
65,77,0.374307,0.411173,0.035520,1
65,78,0.820111,0.413426,0.037000,1
65,79,0.961520,0.413701,0.038480,1
65,80,0.404788,0.473668,0.034040,1
65,81,0.637416,0.350052,0.035520,1
65,82,0.037000,0.410595,0.037000,1
65,83,0.524276,0.413540,0.038480,1
65,84,0.890614,0.408660,0.034040,1
65,85,0.101153,0.373442,0.035520,1
65,86,0.475611,0.471265,0.037000,1
65,87,0.715450,0.352534,0.038480,1
65,88,0.202577,0.396236,0.034040,1
65,89,0.598646,0.409204,0.035520,1
65,90,0.747847,0.420413,0.037000,1
65,91,0.331410,0.471474,0.038480,1
65,92,0.638981,0.480629,0.034040,1
65,93,0.296825,0.406944,0.035520,1
65,94,0.568003,0.474169,0.037000,1
65,95,0.672380,0.416221,0.038480,1
65,96,0.142941,0.429036,0.034040,1
65,97,0.444230,0.536706,0.035520,1
65,98,0.710099,0.483677,0.037000,1
65,99,0.369958,0.537391,0.038480,1
65,100,0.672806,0.543976,0.034040,1
65,101,0.242853,0.452905,0.035520,1
65,102,0.407729,0.602344,0.037000,1
65,103,0.600446,0.541524,0.038480,1
65,104,0.204706,0.511034,0.034040,1
65,105,0.519793,0.528757,0.035520,1
65,106,0.862914,0.474077,0.037000,1
65,107,0.277697,0.526881,0.038480,1
65,108,0.548453,0.592202,0.034040,1
65,109,0.787183,0.495024,0.035520,1
65,110,0.328022,0.600448,0.037000,1
65,111,0.619499,0.615800,0.038480,1
65,112,0.224446,0.576189,0.034040,1
65,113,0.479965,0.604460,0.035520,1
65,114,0.722645,0.594600,0.037000,1
65,115,0.263717,0.640068,0.038480,1
65,116,0.521719,0.660094,0.034040,1
65,117,0.638400,0.687306,0.035520,1
65,118,0.399466,0.675857,0.037000,1
65,119,0.587367,0.740894,0.038480,1
65,120,0.659942,0.765406,0.034040,1
65,121,0.433368,0.831215,0.035520,1
65,122,0.564161,0.926878,0.037000,1
65,123,0.338104,0.851518,0.038480,1
65,124,0.484138,0.897124,0.034040,1
65,125,0.637073,0.953525,0.035520,1
65,126,0.360468,0.960390,0.037000,1
65,127,0.488782,1.015763,0.038480,1
65,128,0.640550,1.046842,0.034040,1
65,129,0.426329,0.981761,0.035520,1
65,130,0.564261,1.015465,0.037000,1
65,131,0.670000,1.040000,0.038480,0
65,132,0.452400,0.990000,0.034040,0
65,133,0.578200,1.015000,0.035520,0
65,134,0.360600,1.040000,0.037000,0
65,135,0.486400,0.990000,0.038480,0
65,136,0.612200,1.015000,0.034040,0
65,137,0.394600,1.040000,0.035520,0
65,138,0.520400,0.990000,0.037000,0
65,139,0.646200,1.015000,0.038480,0
65,140,0.428600,1.040000,0.034040,0
65,141,0.554400,0.990000,0.035520,0
65,142,0.336800,1.015000,0.037000,0
65,143,0.462600,1.040000,0.038480,0
65,144,0.588400,0.990000,0.034040,0
66,0,0.099498,0.034040,0.034040,1
66,1,0.313446,0.035520,0.035520,1
66,2,0.745428,0.037000,0.037000,1
66,3,0.169642,0.038480,0.038480,1
66,4,0.452370,0.034040,0.034040,1
66,5,0.674521,0.035520,0.035520,1
66,6,0.244978,0.037000,0.037000,1
66,7,0.601134,0.038480,0.038480,1
66,8,0.890140,0.034040,0.034040,1
66,9,0.383613,0.035520,0.035520,1
66,10,0.638174,0.098579,0.037000,1
66,11,0.038480,0.185229,0.038480,1
66,12,0.277588,0.096607,0.034040,1
66,13,0.709978,0.098167,0.035520,1
66,14,0.037000,0.037183,0.037000,1
66,15,0.523647,0.038480,0.038480,1
66,16,0.820064,0.034040,0.034040,1
66,17,0.057111,0.105331,0.035520,1
66,18,0.856513,0.094985,0.037000,1
66,19,0.961520,0.038480,0.038480,1
66,20,0.209382,0.095166,0.034040,1
66,21,0.346611,0.094186,0.035520,1
66,22,0.129513,0.095717,0.037000,1
66,23,0.563412,0.099818,0.038480,1
66,24,0.926774,0.097391,0.034040,1
66,25,0.035520,0.262897,0.035520,1
66,26,0.418727,0.096703,0.037000,1
66,27,0.782632,0.096701,0.038480,1
66,28,0.308753,0.156364,0.034040,1
66,29,0.491070,0.103116,0.035520,1
66,30,0.963000,0.156159,0.037000,1
66,31,0.379415,0.159281,0.038480,1
66,32,0.745482,0.158210,0.034040,1
66,33,0.240919,0.155758,0.035520,1
66,34,0.963000,0.291085,0.037000,1
66,35,0.933688,0.223579,0.038480,1
66,36,0.102063,0.160880,0.034040,1
66,37,0.676116,0.160486,0.035520,1
66,38,0.893239,0.159567,0.037000,1
66,39,0.164768,0.227134,0.038480,1
66,40,0.822269,0.156852,0.034040,1
66,41,0.171377,0.153940,0.035520,1
66,42,0.275237,0.217814,0.037000,1
66,43,0.526357,0.167965,0.038480,1
66,44,0.345563,0.223704,0.034040,1
66,45,0.453393,0.162979,0.035520,1
66,46,0.785257,0.216694,0.037000,1
66,47,0.225009,0.273604,0.038480,1
66,48,0.487206,0.227876,0.034040,1
66,49,0.893680,0.287721,0.035520,1
66,50,0.415478,0.223774,0.037000,1
66,51,0.601918,0.163917,0.038480,1
66,52,0.092918,0.227537,0.034040,1
66,53,0.449300,0.286068,0.035520,1
66,54,0.858780,0.224080,0.037000,1
66,55,0.038480,0.336284,0.038480,1
66,56,0.566392,0.228441,0.034040,1
66,57,0.714331,0.219910,0.035520,1
66,58,0.298812,0.287226,0.037000,1
66,59,0.751346,0.282993,0.038480,1
66,60,0.824126,0.285793,0.034040,1
66,61,0.376942,0.285911,0.035520,1
66,62,0.642302,0.224730,0.037000,1
66,63,0.104835,0.298359,0.038480,1
66,64,0.526377,0.283541,0.034040,1
66,65,0.789656,0.345937,0.035520,1
66,66,0.173672,0.328938,0.037000,1
66,67,0.486009,0.348769,0.038480,1
66,68,0.927107,0.350043,0.034040,1
66,69,0.412500,0.347372,0.035520,1
66,70,0.676729,0.288945,0.037000,1
66,71,0.248638,0.346238,0.038480,1
66,72,0.445149,0.408577,0.034040,1
66,73,0.604781,0.286523,0.035520,1
66,74,0.339925,0.347580,0.037000,1
66,75,0.562487,0.346573,0.038480,1
66,76,0.858826,0.347611,0.034040,1
66,77,0.375988,0.409917,0.035520,1
66,78,0.820850,0.411382,0.037000,1
66,79,0.961520,0.413705,0.038480,1
66,80,0.407701,0.471496,0.034040,1
66,81,0.636915,0.349723,0.035520,1
66,82,0.037000,0.411909,0.037000,1
66,83,0.526218,0.413675,0.038480,1
66,84,0.891238,0.407554,0.034040,1
66,85,0.101795,0.371849,0.035520,1
66,86,0.478488,0.471127,0.037000,1
66,87,0.717236,0.351532,0.038480,1
66,88,0.196108,0.396229,0.034040,1
66,89,0.600068,0.410200,0.035520,1
66,90,0.749082,0.419752,0.037000,1
66,91,0.330080,0.468197,0.038480,1
66,92,0.639941,0.478778,0.034040,1
66,93,0.294405,0.403809,0.035520,1
66,94,0.569135,0.475181,0.037000,1
66,95,0.673871,0.414623,0.038480,1
66,96,0.137493,0.430955,0.034040,1
66,97,0.440967,0.532556,0.035520,1
66,98,0.710952,0.482892,0.037000,1
66,99,0.367228,0.535265,0.038480,1
66,100,0.677162,0.545350,0.034040,1
66,101,0.240489,0.449725,0.035520,1
66,102,0.409251,0.597840,0.037000,1
66,103,0.604752,0.541236,0.038480,1
66,104,0.179909,0.483753,0.034040,1
66,105,0.521229,0.529662,0.035520,1
66,106,0.876371,0.477021,0.037000,1
66,107,0.270669,0.517275,0.038480,1
66,108,0.552646,0.591777,0.034040,1
66,109,0.792651,0.477725,0.035520,1
66,110,0.308559,0.582579,0.037000,1
66,111,0.634443,0.612071,0.038480,1
66,112,0.197684,0.549294,0.034040,1
66,113,0.483028,0.589539,0.035520,1
66,114,0.759735,0.556665,0.037000,1
66,115,0.238092,0.609513,0.038480,1
66,116,0.515640,0.650939,0.034040,1
66,117,0.685412,0.665684,0.035520,1
66,118,0.385955,0.668077,0.037000,1
66,119,0.584458,0.673814,0.038480,1
66,120,0.670555,0.733639,0.034040,1
66,121,0.435310,0.746357,0.035520,1
66,122,0.565030,0.854146,0.037000,1
66,123,0.336153,0.779514,0.038480,1
66,124,0.481481,0.830530,0.034040,1
66,125,0.638888,0.898668,0.035520,1
66,126,0.351510,0.911767,0.037000,1
66,127,0.496599,0.979464,0.038480,1
66,128,0.633762,1.015952,0.034040,1
66,129,0.417958,0.939748,0.035520,1
66,130,0.566655,0.997781,0.037000,1
66,131,0.701208,1.042601,0.038480,1
66,132,0.433274,1.007601,0.034040,1
66,133,0.578200,1.015000,0.035520,0
66,134,0.360600,1.040000,0.037000,0
66,135,0.486400,0.990000,0.038480,0
66,136,0.612200,1.015000,0.034040,0
66,137,0.394600,1.040000,0.035520,0
66,138,0.520400,0.990000,0.037000,0
66,139,0.646200,1.015000,0.038480,0
66,140,0.428600,1.040000,0.034040,0
66,141,0.554400,0.990000,0.035520,0
66,142,0.336800,1.015000,0.037000,0
66,143,0.462600,1.040000,0.038480,0
66,144,0.588400,0.990000,0.034040,0
67,0,0.100175,0.034040,0.034040,1
67,1,0.314014,0.035520,0.035520,1
67,2,0.745613,0.037000,0.037000,1
67,3,0.170481,0.038480,0.038480,1
67,4,0.452828,0.034040,0.034040,1
67,5,0.674788,0.035520,0.035520,1
67,6,0.245524,0.037000,0.037000,1
67,7,0.601461,0.038480,0.038480,1
67,8,0.890059,0.034040,0.034040,1
67,9,0.384127,0.035520,0.035520,1
67,10,0.638226,0.098421,0.037000,1
67,11,0.038480,0.183716,0.038480,1
67,12,0.278072,0.096926,0.034040,1
67,13,0.709955,0.098266,0.035520,1
67,14,0.037000,0.037112,0.037000,1
67,15,0.524000,0.038480,0.038480,1
67,16,0.819866,0.034040,0.034040,1
67,17,0.059272,0.104582,0.035520,1
67,18,0.856246,0.094922,0.037000,1
67,19,0.961520,0.038480,0.038480,1
67,20,0.208646,0.095594,0.034040,1
67,21,0.347061,0.094455,0.035520,1
67,22,0.132129,0.095322,0.037000,1
67,23,0.563694,0.099594,0.038480,1
67,24,0.926461,0.097241,0.034040,1
67,25,0.035520,0.260621,0.035520,1
67,26,0.419068,0.097150,0.037000,1
67,27,0.782516,0.096856,0.038480,1
67,28,0.309115,0.156600,0.034040,1
67,29,0.491515,0.102684,0.035520,1
67,30,0.963000,0.155862,0.037000,1
67,31,0.379735,0.159834,0.038480,1
67,32,0.745506,0.158386,0.034040,1
67,33,0.241262,0.155829,0.035520,1
67,34,0.963000,0.290843,0.037000,1
67,35,0.933605,0.223334,0.038480,1
67,36,0.101917,0.158925,0.034040,1
67,37,0.676059,0.160370,0.035520,1
67,38,0.892975,0.159517,0.037000,1
67,39,0.165718,0.228995,0.038480,1
67,40,0.822033,0.157107,0.034040,1
67,41,0.171440,0.155548,0.035520,1
67,42,0.275729,0.217936,0.037000,1
67,43,0.526438,0.167727,0.038480,1
67,44,0.346386,0.224316,0.034040,1
67,45,0.453615,0.162342,0.035520,1
67,46,0.785104,0.217054,0.037000,1
67,47,0.226556,0.275245,0.038480,1
67,48,0.488578,0.228468,0.034040,1
67,49,0.892943,0.288253,0.035520,1
67,50,0.417011,0.223817,0.037000,1
67,51,0.601973,0.163707,0.038480,1
67,52,0.093606,0.225480,0.034040,1
67,53,0.450658,0.286499,0.035520,1
67,54,0.858662,0.224294,0.037000,1
67,55,0.038480,0.334197,0.038480,1
67,56,0.566398,0.228261,0.034040,1
67,57,0.714005,0.219798,0.035520,1
67,58,0.300398,0.286663,0.037000,1
67,59,0.750445,0.283040,0.038480,1
67,60,0.823379,0.285791,0.034040,1
67,61,0.378747,0.285815,0.035520,1
67,62,0.641982,0.224655,0.037000,1
67,63,0.104234,0.296370,0.038480,1
67,64,0.527635,0.284232,0.034040,1
67,65,0.788588,0.345692,0.035520,1
67,66,0.172581,0.327551,0.037000,1
67,67,0.487236,0.349613,0.038480,1
67,68,0.926106,0.349361,0.034040,1
67,69,0.413756,0.347509,0.035520,1
67,70,0.676039,0.288947,0.037000,1
67,71,0.244353,0.349913,0.038480,1
67,72,0.445900,0.408781,0.034040,1
67,73,0.604409,0.286531,0.035520,1
67,74,0.341201,0.346999,0.037000,1
67,75,0.563680,0.347659,0.038480,1
67,76,0.857872,0.348194,0.034040,1
67,77,0.376947,0.409260,0.035520,1
67,78,0.821541,0.409902,0.037000,1
67,79,0.961520,0.412490,0.038480,1
67,80,0.408352,0.470871,0.034040,1
67,81,0.637741,0.350692,0.035520,1
67,82,0.037000,0.409590,0.037000,1
67,83,0.527612,0.414783,0.038480,1
67,84,0.891791,0.407528,0.034040,1
67,85,0.101855,0.370217,0.035520,1
67,86,0.479171,0.471155,0.037000,1
67,87,0.715928,0.351807,0.038480,1
67,88,0.184202,0.397573,0.034040,1
67,89,0.601285,0.411414,0.035520,1
67,90,0.750478,0.418552,0.037000,1
67,91,0.330829,0.467330,0.038480,1
67,92,0.641376,0.481246,0.034040,1
67,93,0.295344,0.402966,0.035520,1
67,94,0.570511,0.476673,0.037000,1
67,95,0.674852,0.416874,0.038480,1
67,96,0.127172,0.434778,0.034040,1
67,97,0.441036,0.532030,0.035520,1
67,98,0.712903,0.481744,0.037000,1
67,99,0.366916,0.534943,0.038480,1
67,100,0.677532,0.542918,0.034040,1
67,101,0.236836,0.442859,0.035520,1
67,102,0.409281,0.597021,0.037000,1
67,103,0.605069,0.543625,0.038480,1
67,104,0.177997,0.479830,0.034040,1
67,105,0.521349,0.530009,0.035520,1
67,106,0.888200,0.478478,0.037000,1
67,107,0.266963,0.510391,0.038480,1
67,108,0.551711,0.592539,0.034040,1
67,109,0.794241,0.476231,0.035520,1
67,110,0.303820,0.576275,0.037000,1
67,111,0.650348,0.610019,0.038480,1
67,112,0.177470,0.547863,0.034040,1
67,113,0.482173,0.589670,0.035520,1
67,114,0.779780,0.547295,0.037000,1
67,115,0.231167,0.596606,0.038480,1
67,116,0.515794,0.650533,0.034040,1
67,117,0.721516,0.634428,0.035520,1
67,118,0.356682,0.648942,0.037000,1
67,119,0.588158,0.655285,0.038480,1
67,120,0.680941,0.692702,0.034040,1
67,121,0.444855,0.660216,0.035520,1
67,122,0.565899,0.765215,0.037000,1
67,123,0.321627,0.715788,0.038480,1
67,124,0.478823,0.747735,0.034040,1
67,125,0.640703,0.827612,0.035520,1
67,126,0.348280,0.849607,0.037000,1
67,127,0.490974,0.931252,0.038480,1
67,128,0.643084,0.972345,0.034040,1
67,129,0.415181,0.898072,0.035520,1
67,130,0.565405,0.948751,0.037000,1
67,131,0.701853,1.021403,0.038480,1
67,132,0.431004,0.993931,0.034040,1
67,133,0.581622,1.030993,0.035520,1
67,134,0.360820,1.039782,0.037000,1
67,135,0.486400,0.990000,0.038480,0
67,136,0.612200,1.015000,0.034040,0
67,137,0.394600,1.040000,0.035520,0
67,138,0.520400,0.990000,0.037000,0
67,139,0.646200,1.015000,0.038480,0
67,140,0.428600,1.040000,0.034040,0
67,141,0.554400,0.990000,0.035520,0
67,142,0.336800,1.015000,0.037000,0
67,143,0.462600,1.040000,0.038480,0
67,144,0.588400,0.990000,0.034040,0
68,0,0.100441,0.034040,0.034040,1
68,1,0.314355,0.035520,0.035520,1
68,2,0.746216,0.037000,0.037000,1
68,3,0.170811,0.038480,0.038480,1
68,4,0.453223,0.034040,0.034040,1
68,5,0.675317,0.035520,0.035520,1
68,6,0.245878,0.037000,0.037000,1
68,7,0.601864,0.038480,0.038480,1
68,8,0.890163,0.034040,0.034040,1
68,9,0.384452,0.035520,0.035520,1
68,10,0.638454,0.097884,0.037000,1
68,11,0.038480,0.179427,0.038480,1
68,12,0.278363,0.096815,0.034040,1
68,13,0.710229,0.097640,0.035520,1
68,14,0.037000,0.037186,0.037000,1
68,15,0.524408,0.038480,0.038480,1
68,16,0.819841,0.034040,0.034040,1
68,17,0.059287,0.104731,0.035520,1
68,18,0.856743,0.095035,0.037000,1
68,19,0.961520,0.038480,0.038480,1
68,20,0.209437,0.095661,0.034040,1
68,21,0.347359,0.094629,0.035520,1
68,22,0.132469,0.095543,0.037000,1
68,23,0.563851,0.099015,0.038480,1
68,24,0.926997,0.097604,0.034040,1
68,25,0.035520,0.264922,0.035520,1
68,26,0.419351,0.097127,0.037000,1
68,27,0.782865,0.096676,0.038480,1
68,28,0.309694,0.156348,0.034040,1
68,29,0.491888,0.102123,0.035520,1
68,30,0.963000,0.156522,0.037000,1
68,31,0.380283,0.159986,0.038480,1
68,32,0.745304,0.157842,0.034040,1
68,33,0.242156,0.156022,0.035520,1
68,34,0.963000,0.291185,0.037000,1
68,35,0.933378,0.223820,0.038480,1
68,36,0.103016,0.159461,0.034040,1
68,37,0.676029,0.159829,0.035520,1
68,38,0.893297,0.159723,0.037000,1
68,39,0.162148,0.228293,0.038480,1
68,40,0.822436,0.156749,0.034040,1
68,41,0.172514,0.155317,0.035520,1
68,42,0.276959,0.218091,0.037000,1
68,43,0.526593,0.167321,0.038480,1
68,44,0.347528,0.224409,0.034040,1
68,45,0.453986,0.161629,0.035520,1
68,46,0.785047,0.216131,0.037000,1
68,47,0.224570,0.272200,0.038480,1
68,48,0.489679,0.228498,0.034040,1
68,49,0.893278,0.287684,0.035520,1
68,50,0.418428,0.223671,0.037000,1
68,51,0.601866,0.162924,0.038480,1
68,52,0.090059,0.225182,0.034040,1
68,53,0.451959,0.286750,0.035520,1
68,54,0.858434,0.224197,0.037000,1
68,55,0.038480,0.338456,0.038480,1
68,56,0.566527,0.227880,0.034040,1
68,57,0.713739,0.219390,0.035520,1
68,58,0.297596,0.288416,0.037000,1
68,59,0.750923,0.281995,0.038480,1
68,60,0.823725,0.286035,0.034040,1
68,61,0.380509,0.285390,0.035520,1
68,62,0.641382,0.223654,0.037000,1
68,63,0.101223,0.295959,0.038480,1
68,64,0.528514,0.284382,0.034040,1
68,65,0.787783,0.345531,0.035520,1
68,66,0.170507,0.324614,0.037000,1
68,67,0.487727,0.350638,0.038480,1
68,68,0.925442,0.349236,0.034040,1
68,69,0.414603,0.347427,0.035520,1
68,70,0.676016,0.286960,0.037000,1
68,71,0.242047,0.346803,0.038480,1
68,72,0.445766,0.409140,0.034040,1
68,73,0.604489,0.286302,0.035520,1
68,74,0.342267,0.346168,0.037000,1
68,75,0.563982,0.347715,0.038480,1
68,76,0.857315,0.347095,0.034040,1
68,77,0.376769,0.409342,0.035520,1
68,78,0.822280,0.408913,0.037000,1
68,79,0.961520,0.412026,0.038480,1
68,80,0.407781,0.471231,0.034040,1
68,81,0.638028,0.349396,0.035520,1
68,82,0.037000,0.413827,0.037000,1
68,83,0.528716,0.415883,0.038480,1
68,84,0.892355,0.407918,0.034040,1
68,85,0.104007,0.369910,0.035520,1
68,86,0.478422,0.471754,0.037000,1
68,87,0.714871,0.349410,0.038480,1
68,88,0.168284,0.395676,0.034040,1
68,89,0.602434,0.410675,0.035520,1
68,90,0.751785,0.414336,0.037000,1
68,91,0.327147,0.464459,0.038480,1
68,92,0.643916,0.481003,0.034040,1
68,93,0.293386,0.399335,0.035520,1
68,94,0.573274,0.476621,0.037000,1
68,95,0.676215,0.416125,0.038480,1
68,96,0.115299,0.438613,0.034040,1
68,97,0.439716,0.533032,0.035520,1
68,98,0.719537,0.480059,0.037000,1
68,99,0.365779,0.530436,0.038480,1
68,100,0.680469,0.538524,0.034040,1
68,101,0.229000,0.429034,0.035520,1
68,102,0.403017,0.595753,0.037000,1
68,103,0.608233,0.543303,0.038480,1
68,104,0.174449,0.472177,0.034040,1
68,105,0.522947,0.528549,0.035520,1
68,106,0.898735,0.478671,0.037000,1
68,107,0.257544,0.497197,0.038480,1
68,108,0.553618,0.590676,0.034040,1
68,109,0.792616,0.474019,0.035520,1
68,110,0.297088,0.561440,0.037000,1
68,111,0.663882,0.608769,0.038480,1
68,112,0.159930,0.538680,0.034040,1
68,113,0.484222,0.588256,0.035520,1
68,114,0.799022,0.546209,0.037000,1
68,115,0.222844,0.574749,0.038480,1
68,116,0.520915,0.650494,0.034040,1
68,117,0.746523,0.596239,0.035520,1
68,118,0.335144,0.624888,0.037000,1
68,119,0.597874,0.648007,0.038480,1
68,120,0.706006,0.667800,0.034040,1
68,121,0.450296,0.650564,0.035520,1
68,122,0.557338,0.711631,0.037000,1
68,123,0.288486,0.684220,0.038480,1
68,124,0.486316,0.710023,0.034040,1
68,125,0.642518,0.740355,0.035520,1
68,126,0.345116,0.771286,0.037000,1
68,127,0.491145,0.869818,0.038480,1
68,128,0.647080,0.913739,0.034040,1
68,129,0.412338,0.840175,0.035520,1
68,130,0.564741,0.903467,0.037000,1
68,131,0.700834,0.983343,0.038480,1
68,132,0.422126,0.961582,0.034040,1
68,133,0.564733,1.003046,0.035520,1
68,134,0.367420,1.024872,0.037000,1
68,135,0.491777,0.985868,0.038480,1
68,136,0.632250,1.019778,0.034040,1
68,137,0.394600,1.040000,0.035520,0
68,138,0.520400,0.990000,0.037000,0
68,139,0.646200,1.015000,0.038480,0
68,140,0.428600,1.040000,0.034040,0
68,141,0.554400,0.990000,0.035520,0
68,142,0.336800,1.015000,0.037000,0
68,143,0.462600,1.040000,0.038480,0
68,144,0.588400,0.990000,0.034040,0
69,0,0.101105,0.034040,0.034040,1
69,1,0.315263,0.035520,0.035520,1
69,2,0.746920,0.037000,0.037000,1
69,3,0.171733,0.038480,0.038480,1
69,4,0.453987,0.034040,0.034040,1
69,5,0.676031,0.035520,0.035520,1
69,6,0.246962,0.037000,0.037000,1
69,7,0.602676,0.038480,0.038480,1
69,8,0.890049,0.034040,0.034040,1
69,9,0.385053,0.035520,0.035520,1
69,10,0.639056,0.097993,0.037000,1
69,11,0.038480,0.175762,0.038480,1
69,12,0.279261,0.097034,0.034040,1
69,13,0.710719,0.097853,0.035520,1
69,14,0.037000,0.037148,0.037000,1
69,15,0.525193,0.038480,0.038480,1
69,16,0.819841,0.034040,0.034040,1
69,17,0.060337,0.104395,0.035520,1
69,18,0.857139,0.095355,0.037000,1
69,19,0.961520,0.038480,0.038480,1
69,20,0.210634,0.095514,0.034040,1
69,21,0.348139,0.094793,0.035520,1
69,22,0.133236,0.095419,0.037000,1
69,23,0.564708,0.098827,0.038480,1
69,24,0.927383,0.098135,0.034040,1
69,25,0.035520,0.264955,0.035520,1
69,26,0.420052,0.096898,0.037000,1
69,27,0.783256,0.097193,0.038480,1
69,28,0.310604,0.156795,0.034040,1
69,29,0.492681,0.101525,0.035520,1
69,30,0.963000,0.157220,0.037000,1
69,31,0.381346,0.160114,0.038480,1
69,32,0.745503,0.158384,0.034040,1
69,33,0.243164,0.155963,0.035520,1
69,34,0.963000,0.291805,0.037000,1
69,35,0.933339,0.224395,0.038480,1
69,36,0.104190,0.159443,0.034040,1
69,37,0.676388,0.160231,0.035520,1
69,38,0.893407,0.160157,0.037000,1
69,39,0.160051,0.227238,0.038480,1
69,40,0.822506,0.157533,0.034040,1
69,41,0.173691,0.154832,0.035520,1
69,42,0.277255,0.218454,0.037000,1
69,43,0.527187,0.166711,0.038480,1
69,44,0.347806,0.223692,0.034040,1
69,45,0.454865,0.160778,0.035520,1
69,46,0.784991,0.216945,0.037000,1
69,47,0.222874,0.270436,0.038480,1
69,48,0.491641,0.228377,0.034040,1
69,49,0.893044,0.288162,0.035520,1
69,50,0.420689,0.223334,0.037000,1
69,51,0.602589,0.162997,0.038480,1
69,52,0.088146,0.224844,0.034040,1
69,53,0.454159,0.286619,0.035520,1
69,54,0.858447,0.224568,0.037000,1
69,55,0.038480,0.337694,0.038480,1
69,56,0.566635,0.227563,0.034040,1
69,57,0.713755,0.219956,0.035520,1
69,58,0.294969,0.289659,0.037000,1
69,59,0.750662,0.282823,0.038480,1
69,60,0.823510,0.286288,0.034040,1
69,61,0.381924,0.283808,0.035520,1
69,62,0.641405,0.224415,0.037000,1
69,63,0.101059,0.295606,0.038480,1
69,64,0.529675,0.284747,0.034040,1
69,65,0.787663,0.346231,0.035520,1
69,66,0.170673,0.324194,0.037000,1
69,67,0.487768,0.351877,0.038480,1
69,68,0.925187,0.349822,0.034040,1
69,69,0.415194,0.345995,0.035520,1
69,70,0.675891,0.287976,0.037000,1
69,71,0.243177,0.344611,0.038480,1
69,72,0.443467,0.408845,0.034040,1
69,73,0.603586,0.286549,0.035520,1
69,74,0.343436,0.344146,0.037000,1
69,75,0.564003,0.348676,0.038480,1
69,76,0.857066,0.347646,0.034040,1
69,77,0.374392,0.409169,0.035520,1
69,78,0.822235,0.409579,0.037000,1
69,79,0.961520,0.412238,0.038480,1
69,80,0.406169,0.470662,0.034040,1
69,81,0.638046,0.350399,0.035520,1
69,82,0.037000,0.413587,0.037000,1
69,83,0.528837,0.416932,0.038480,1
69,84,0.892291,0.408618,0.034040,1
69,85,0.100984,0.369187,0.035520,1
69,86,0.476821,0.470920,0.037000,1
69,87,0.714979,0.350668,0.038480,1
69,88,0.164181,0.394752,0.034040,1
69,89,0.602446,0.411664,0.035520,1
69,90,0.751705,0.415993,0.037000,1
69,91,0.324739,0.464397,0.038480,1
69,92,0.644081,0.482074,0.034040,1
69,93,0.295176,0.397159,0.035520,1
69,94,0.573398,0.477651,0.037000,1
69,95,0.676131,0.417087,0.038480,1
69,96,0.105032,0.439173,0.034040,1
69,97,0.438352,0.532194,0.035520,1
69,98,0.721414,0.482686,0.037000,1
69,99,0.364228,0.530063,0.038480,1
69,100,0.680341,0.539747,0.034040,1
69,101,0.227855,0.419843,0.035520,1
69,102,0.402149,0.594989,0.037000,1
69,103,0.608304,0.544306,0.038480,1
69,104,0.171797,0.462315,0.034040,1
69,105,0.521173,0.527784,0.035520,1
69,106,0.910202,0.477363,0.037000,1
69,107,0.251607,0.489296,0.038480,1
69,108,0.552173,0.589659,0.034040,1
69,109,0.793492,0.475154,0.035520,1
69,110,0.292171,0.552481,0.037000,1
69,111,0.676603,0.611835,0.038480,1
69,112,0.145307,0.525030,0.034040,1
69,113,0.482557,0.587715,0.035520,1
69,114,0.827349,0.539286,0.037000,1
69,115,0.211287,0.555125,0.038480,1
69,116,0.517302,0.647876,0.034040,1
69,117,0.757081,0.561399,0.035520,1
69,118,0.331221,0.615128,0.037000,1
69,119,0.604793,0.639462,0.038480,1
69,120,0.739166,0.648509,0.034040,1
69,121,0.447774,0.651091,0.035520,1
69,122,0.562982,0.702303,0.037000,1
69,123,0.258560,0.644458,0.038480,1
69,124,0.486659,0.708768,0.034040,1
69,125,0.667362,0.685305,0.035520,1
69,126,0.343650,0.688077,0.037000,1
69,127,0.491316,0.792184,0.038480,1
69,128,0.651075,0.838933,0.034040,1
69,129,0.409496,0.766078,0.035520,1
69,130,0.564076,0.841984,0.037000,1
69,131,0.699815,0.929084,0.038480,1
69,132,0.417586,0.912376,0.034040,1
69,133,0.576317,0.959018,0.035520,1
69,134,0.362624,0.980305,0.037000,1
69,135,0.477515,0.950222,0.038480,1
69,136,0.629267,1.004964,0.034040,1
69,137,0.405977,1.047921,0.035520,1
69,138,0.524121,1.009594,0.037000,1
69,139,0.646200,1.015000,0.038480,0
69,140,0.428600,1.040000,0.034040,0
69,141,0.554400,0.990000,0.035520,0
69,142,0.336800,1.015000,0.037000,0
69,143,0.462600,1.040000,0.038480,0
69,144,0.588400,0.990000,0.034040,0
70,0,0.101302,0.034040,0.034040,1
70,1,0.315699,0.035520,0.035520,1
70,2,0.747802,0.037000,0.037000,1
70,3,0.171938,0.038480,0.038480,1
70,4,0.454597,0.034040,0.034040,1
70,5,0.676853,0.035520,0.035520,1
70,6,0.246938,0.037000,0.037000,1
70,7,0.603397,0.038480,0.038480,1
70,8,0.890026,0.034040,0.034040,1
70,9,0.385486,0.035520,0.035520,1
70,10,0.639792,0.097638,0.037000,1
70,11,0.038480,0.175081,0.038480,1
70,12,0.280243,0.095307,0.034040,1
70,13,0.711424,0.097582,0.035520,1
70,14,0.037000,0.037123,0.037000,1
70,15,0.525969,0.038480,0.038480,1
70,16,0.820025,0.034040,0.034040,1
70,17,0.061416,0.103970,0.035520,1
70,18,0.857843,0.095701,0.037000,1
70,19,0.961520,0.038480,0.038480,1
70,20,0.210149,0.094655,0.034040,1
70,21,0.349101,0.095137,0.035520,1
70,22,0.134582,0.094866,0.037000,1
70,23,0.565544,0.098569,0.038480,1
70,24,0.928074,0.098743,0.034040,1
70,25,0.035520,0.260899,0.035520,1
70,26,0.420906,0.096707,0.037000,1
70,27,0.783935,0.097167,0.038480,1
70,28,0.312067,0.154463,0.034040,1
70,29,0.493588,0.101242,0.035520,1
70,30,0.963000,0.158102,0.037000,1
70,31,0.382589,0.160275,0.038480,1
70,32,0.745981,0.158264,0.034040,1
70,33,0.243973,0.154131,0.035520,1
70,34,0.963000,0.292534,0.037000,1
70,35,0.933400,0.225127,0.038480,1
70,36,0.104818,0.158332,0.034040,1
70,37,0.677095,0.159878,0.035520,1
70,38,0.893803,0.160639,0.037000,1
70,39,0.160984,0.227143,0.038480,1
70,40,0.822900,0.157685,0.034040,1
70,41,0.174381,0.154762,0.035520,1
70,42,0.278619,0.215859,0.037000,1
70,43,0.528056,0.166417,0.038480,1
70,44,0.348838,0.223414,0.034040,1
70,45,0.455924,0.160454,0.035520,1
70,46,0.785186,0.216909,0.037000,1
70,47,0.224941,0.268235,0.038480,1
70,48,0.492946,0.228229,0.034040,1
70,49,0.893483,0.288210,0.035520,1
70,50,0.422414,0.223345,0.037000,1
70,51,0.603477,0.162645,0.038480,1
70,52,0.089340,0.224154,0.034040,1
70,53,0.455884,0.287007,0.035520,1
70,54,0.858556,0.224807,0.037000,1
70,55,0.038480,0.333312,0.038480,1
70,56,0.567546,0.227243,0.034040,1
70,57,0.713994,0.219911,0.035520,1
70,58,0.297648,0.286624,0.037000,1
70,59,0.751047,0.282753,0.038480,1
70,60,0.823903,0.286666,0.034040,1
70,61,0.383329,0.283128,0.035520,1
70,62,0.641535,0.224444,0.037000,1
70,63,0.103578,0.294919,0.038480,1
70,64,0.530874,0.284447,0.034040,1
70,65,0.787786,0.346280,0.035520,1
70,66,0.173429,0.323222,0.037000,1
70,67,0.488023,0.353276,0.038480,1
70,68,0.925032,0.350380,0.034040,1
70,69,0.415704,0.345666,0.035520,1
70,70,0.676572,0.287637,0.037000,1
70,71,0.246381,0.341654,0.038480,1
70,72,0.442251,0.409414,0.034040,1
70,73,0.603729,0.286678,0.035520,1
70,74,0.344081,0.342913,0.037000,1
70,75,0.564165,0.348705,0.038480,1
70,76,0.857068,0.347320,0.034040,1
70,77,0.372972,0.408842,0.035520,1
70,78,0.822766,0.409478,0.037000,1
70,79,0.961520,0.412243,0.038480,1
70,80,0.406928,0.469103,0.034040,1
70,81,0.638327,0.349548,0.035520,1
70,82,0.037038,0.409377,0.037000,1
70,83,0.530201,0.417608,0.038480,1
70,84,0.892770,0.409698,0.034040,1
70,85,0.098475,0.368347,0.035520,1
70,86,0.477447,0.470696,0.037000,1
70,87,0.715299,0.350661,0.038480,1
70,88,0.161869,0.393171,0.034040,1
70,89,0.603527,0.410962,0.035520,1
70,90,0.752429,0.415955,0.037000,1
70,91,0.319636,0.465609,0.038480,1
70,92,0.646616,0.483115,0.034040,1
70,93,0.296250,0.396135,0.035520,1
70,94,0.576201,0.477407,0.037000,1
70,95,0.676925,0.417220,0.038480,1
70,96,0.102329,0.438394,0.034040,1
70,97,0.438067,0.531403,0.035520,1
70,98,0.717962,0.480738,0.037000,1
70,99,0.364288,0.527625,0.038480,1
70,100,0.682011,0.541446,0.034040,1
70,101,0.227321,0.413070,0.035520,1
70,102,0.400373,0.593487,0.037000,1
70,103,0.610098,0.544564,0.038480,1
70,104,0.172690,0.460224,0.034040,1
70,105,0.523234,0.526470,0.035520,1
70,106,0.921693,0.474584,0.037000,1
70,107,0.240116,0.485287,0.038480,1
70,108,0.553309,0.588883,0.034040,1
70,109,0.794142,0.475080,0.035520,1
70,110,0.290393,0.540964,0.037000,1
70,111,0.691440,0.613158,0.038480,1
70,112,0.124036,0.507742,0.034040,1
70,113,0.483821,0.585556,0.035520,1
70,114,0.852244,0.518476,0.037000,1
70,115,0.187958,0.541961,0.038480,1
70,116,0.518402,0.646962,0.034040,1
70,117,0.763799,0.539333,0.035520,1
70,118,0.327626,0.604642,0.037000,1
70,119,0.615542,0.626059,0.038480,1
70,120,0.764626,0.613239,0.034040,1
70,121,0.448769,0.647086,0.035520,1
70,122,0.575087,0.689782,0.037000,1
70,123,0.238160,0.600293,0.038480,1
70,124,0.485017,0.706246,0.034040,1
70,125,0.691353,0.687158,0.035520,1
70,126,0.344284,0.676687,0.037000,1
70,127,0.489502,0.778627,0.038480,1
70,128,0.655071,0.747927,0.034040,1
70,129,0.410225,0.706869,0.035520,1
70,130,0.571215,0.767615,0.037000,1
70,131,0.698796,0.858624,0.038480,1
70,132,0.415627,0.848947,0.034040,1
70,133,0.573344,0.897538,0.035520,1
70,134,0.369184,0.933180,0.037000,1
70,135,0.472982,0.912008,0.038480,1
70,136,0.616379,0.961100,0.034040,1
70,137,0.388178,1.013166,0.035520,1
70,138,0.527382,0.994763,0.037000,1
70,139,0.665513,1.029215,0.038480,1
70,140,0.446179,1.051566,0.034040,1
70,141,0.554400,0.990000,0.035520,0
70,142,0.336800,1.015000,0.037000,0
70,143,0.462600,1.040000,0.038480,0
70,144,0.588400,0.990000,0.034040,0
71,0,0.101436,0.034040,0.034040,1
71,1,0.315813,0.035520,0.035520,1
71,2,0.748005,0.037000,0.037000,1
71,3,0.172150,0.038480,0.038480,1
71,4,0.454663,0.034040,0.034040,1
71,5,0.676999,0.035520,0.035520,1
71,6,0.247087,0.037000,0.037000,1
71,7,0.603472,0.038480,0.038480,1
71,8,0.890097,0.034040,0.034040,1
71,9,0.385575,0.035520,0.035520,1
71,10,0.639905,0.097511,0.037000,1
71,11,0.038480,0.175248,0.038480,1
71,12,0.280204,0.095186,0.034040,1
71,13,0.711570,0.097440,0.035520,1
71,14,0.037000,0.037034,0.037000,1
71,15,0.526014,0.038480,0.038480,1
71,16,0.820527,0.034040,0.034040,1
71,17,0.060849,0.104088,0.035520,1
71,18,0.858048,0.095626,0.037000,1
71,19,0.961520,0.038480,0.038480,1
71,20,0.210345,0.094715,0.034040,1
71,21,0.349137,0.094810,0.035520,1
71,22,0.135105,0.094410,0.037000,1
71,23,0.565467,0.098444,0.038480,1
71,24,0.928328,0.098739,0.034040,1
71,25,0.035520,0.257818,0.035520,1
71,26,0.421001,0.096613,0.037000,1
71,27,0.784118,0.097150,0.038480,1
71,28,0.312141,0.154105,0.034040,1
71,29,0.493681,0.101272,0.035520,1
71,30,0.963000,0.158284,0.037000,1
71,31,0.382472,0.159873,0.038480,1
71,32,0.746002,0.158125,0.034040,1
71,33,0.244157,0.154429,0.035520,1
71,34,0.963000,0.293044,0.037000,1
71,35,0.933317,0.225207,0.038480,1
71,36,0.104726,0.157304,0.034040,1
71,37,0.677068,0.159818,0.035520,1
71,38,0.894014,0.160457,0.037000,1
71,39,0.161832,0.227111,0.038480,1
71,40,0.823025,0.157720,0.034040,1
71,41,0.174328,0.154639,0.035520,1
71,42,0.279698,0.215891,0.037000,1
71,43,0.528051,0.166594,0.038480,1
71,44,0.349903,0.223886,0.034040,1
71,45,0.455939,0.160463,0.035520,1
71,46,0.785087,0.216825,0.037000,1
71,47,0.225747,0.267969,0.038480,1
71,48,0.492302,0.228098,0.034040,1
71,49,0.893227,0.287462,0.035520,1
71,50,0.421841,0.222946,0.037000,1
71,51,0.603314,0.162326,0.038480,1
71,52,0.090292,0.223122,0.034040,1
71,53,0.454845,0.286805,0.035520,1
71,54,0.858482,0.224334,0.037000,1
71,55,0.038480,0.330201,0.038480,1
71,56,0.567801,0.227279,0.034040,1
71,57,0.714094,0.219790,0.035520,1
71,58,0.298079,0.286976,0.037000,1
71,59,0.751037,0.282655,0.038480,1
71,60,0.823882,0.286184,0.034040,1
71,61,0.384285,0.283728,0.035520,1
71,62,0.641571,0.223748,0.037000,1
71,63,0.104132,0.293613,0.038480,1
71,64,0.530527,0.284076,0.034040,1
71,65,0.786962,0.346743,0.035520,1
71,66,0.173666,0.322089,0.037000,1
71,67,0.488287,0.352315,0.038480,1
71,68,0.923994,0.350164,0.034040,1
71,69,0.416121,0.346616,0.035520,1
71,70,0.676500,0.286852,0.037000,1
71,71,0.245951,0.341751,0.038480,1
71,72,0.444247,0.409768,0.034040,1
71,73,0.604527,0.286453,0.035520,1
71,74,0.344575,0.343137,0.037000,1
71,75,0.564298,0.348062,0.038480,1
71,76,0.856030,0.346187,0.034040,1
71,77,0.370845,0.410163,0.035520,1
71,78,0.822905,0.409369,0.037000,1
71,79,0.961520,0.410202,0.038480,1
71,80,0.408127,0.468436,0.034040,1
71,81,0.638423,0.349053,0.035520,1
71,82,0.037000,0.406045,0.037000,1
71,83,0.529998,0.416869,0.038480,1
71,84,0.893093,0.410972,0.034040,1
71,85,0.098567,0.366955,0.035520,1
71,86,0.478687,0.471569,0.037000,1
71,87,0.714620,0.350134,0.038480,1
71,88,0.162323,0.391973,0.034040,1
71,89,0.603384,0.410350,0.035520,1
71,90,0.752147,0.415085,0.037000,1
71,91,0.318158,0.464974,0.038480,1
71,92,0.646184,0.482625,0.034040,1
71,93,0.295955,0.395521,0.035520,1
71,94,0.575852,0.476580,0.037000,1
71,95,0.676794,0.416785,0.038480,1
71,96,0.100456,0.436657,0.034040,1
71,97,0.437862,0.531339,0.035520,1
71,98,0.717328,0.479989,0.037000,1
71,99,0.363899,0.526026,0.038480,1
71,100,0.681355,0.541056,0.034040,1
71,101,0.227467,0.414110,0.035520,1
71,102,0.398697,0.592516,0.037000,1
71,103,0.609349,0.543773,0.038480,1
71,104,0.164116,0.459822,0.034040,1
71,105,0.524543,0.527379,0.035520,1
71,106,0.931755,0.477806,0.037000,1
71,107,0.230672,0.487910,0.038480,1
71,108,0.553997,0.590134,0.034040,1
71,109,0.793127,0.474647,0.035520,1
71,110,0.289278,0.534919,0.037000,1
71,111,0.717133,0.603997,0.038480,1
71,112,0.098808,0.504792,0.034040,1
71,113,0.483767,0.585437,0.035520,1
71,114,0.861199,0.499654,0.037000,1
71,115,0.165835,0.532279,0.038480,1
71,116,0.516532,0.646649,0.034040,1
71,117,0.760930,0.537842,0.035520,1
71,118,0.325476,0.599248,0.037000,1
71,119,0.640929,0.613917,0.038480,1
71,120,0.789657,0.601193,0.034040,1
71,121,0.447001,0.646117,0.035520,1
71,122,0.585116,0.664727,0.037000,1
71,123,0.227504,0.578319,0.038480,1
71,124,0.482696,0.705605,0.034040,1
71,125,0.733145,0.676249,0.035520,1
71,126,0.333751,0.672747,0.037000,1
71,127,0.486914,0.778002,0.038480,1
71,128,0.652702,0.686609,0.034040,1
71,129,0.400871,0.700208,0.035520,1
71,130,0.581459,0.738651,0.037000,1
71,131,0.697778,0.771964,0.038480,1
71,132,0.410434,0.770768,0.034040,1
71,133,0.576254,0.826779,0.035520,1
71,134,0.375744,0.869855,0.037000,1
71,135,0.467903,0.857243,0.038480,1
71,136,0.613557,0.914461,0.034040,1
71,137,0.390938,0.971999,0.035520,1
71,138,0.508886,0.956501,0.037000,1
71,139,0.672034,1.006286,0.038480,1
71,140,0.439618,1.036695,0.034040,1
71,141,0.574307,0.991843,0.035520,1
71,142,0.334040,1.016963,0.037000,1
71,143,0.462600,1.040000,0.038480,0
71,144,0.588400,0.990000,0.034040,0
72,0,0.101324,0.034040,0.034040,1
72,1,0.315694,0.035520,0.035520,1
72,2,0.748207,0.037000,0.037000,1
72,3,0.172023,0.038480,0.038480,1
72,4,0.454652,0.034040,0.034040,1
72,5,0.677169,0.035520,0.035520,1
72,6,0.246993,0.037000,0.037000,1
72,7,0.603552,0.038480,0.038480,1
72,8,0.890174,0.034040,0.034040,1
72,9,0.385475,0.035520,0.035520,1
72,10,0.639980,0.097136,0.037000,1
72,11,0.038480,0.175797,0.038480,1
72,12,0.280050,0.095206,0.034040,1
72,13,0.711670,0.097146,0.035520,1
72,14,0.037000,0.037167,0.037000,1
72,15,0.526047,0.038480,0.038480,1
72,16,0.820535,0.034040,0.034040,1
72,17,0.059972,0.104627,0.035520,1
72,18,0.858165,0.095542,0.037000,1
72,19,0.961520,0.038480,0.038480,1
72,20,0.210306,0.094643,0.034040,1
72,21,0.349020,0.094697,0.035520,1
72,22,0.134724,0.094347,0.037000,1
72,23,0.565445,0.098037,0.038480,1
72,24,0.928470,0.098559,0.034040,1
72,25,0.035520,0.257890,0.035520,1
72,26,0.420936,0.096381,0.037000,1
72,27,0.784241,0.096947,0.038480,1
72,28,0.312091,0.154059,0.034040,1
72,29,0.493579,0.100940,0.035520,1
72,30,0.963000,0.158150,0.037000,1
72,31,0.382551,0.159611,0.038480,1
72,32,0.746015,0.157771,0.034040,1
72,33,0.243918,0.154362,0.035520,1
72,34,0.963000,0.293019,0.037000,1
72,35,0.933593,0.225041,0.038480,1
72,36,0.104495,0.157372,0.034040,1
72,37,0.677030,0.159420,0.035520,1
72,38,0.894341,0.160281,0.037000,1
72,39,0.161853,0.226897,0.038480,1
72,40,0.823311,0.157390,0.034040,1
72,41,0.174093,0.154417,0.035520,1
72,42,0.279368,0.215684,0.037000,1
72,43,0.528060,0.166085,0.038480,1
72,44,0.349516,0.223041,0.034040,1
72,45,0.455898,0.160240,0.035520,1
72,46,0.785214,0.216269,0.037000,1
72,47,0.225717,0.267671,0.038480,1
72,48,0.492457,0.227480,0.034040,1
72,49,0.893752,0.287124,0.035520,1
72,50,0.421880,0.222887,0.037000,1
72,51,0.603253,0.161841,0.038480,1
72,52,0.090371,0.223270,0.034040,1
72,53,0.455704,0.286379,0.035520,1
72,54,0.858593,0.223905,0.037000,1
72,55,0.038480,0.330243,0.038480,1
72,56,0.567643,0.226849,0.034040,1
72,57,0.714014,0.219348,0.035520,1
72,58,0.298012,0.286727,0.037000,1
72,59,0.751123,0.281911,0.038480,1
72,60,0.823933,0.285616,0.034040,1
72,61,0.383358,0.282907,0.035520,1
72,62,0.641424,0.223152,0.037000,1
72,63,0.103706,0.293975,0.038480,1
72,64,0.530388,0.283754,0.034040,1
72,65,0.786832,0.345986,0.035520,1
72,66,0.173632,0.321609,0.037000,1
72,67,0.488226,0.352575,0.038480,1
72,68,0.923882,0.350061,0.034040,1
72,69,0.415852,0.345096,0.035520,1
72,70,0.676572,0.285962,0.037000,1
72,71,0.245935,0.341408,0.038480,1
72,72,0.442228,0.408586,0.034040,1
72,73,0.604375,0.285985,0.035520,1
72,74,0.344354,0.342903,0.037000,1
72,75,0.564298,0.347752,0.038480,1
72,76,0.856157,0.345241,0.034040,1
72,77,0.369024,0.410402,0.035520,1
72,78,0.823553,0.407962,0.037000,1
72,79,0.961520,0.410939,0.038480,1
72,80,0.406762,0.468220,0.034040,1
72,81,0.638439,0.348221,0.035520,1
72,82,0.037000,0.406101,0.037000,1
72,83,0.530545,0.416988,0.038480,1
72,84,0.893416,0.411377,0.034040,1
72,85,0.097887,0.367385,0.035520,1
72,86,0.477080,0.469702,0.037000,1
72,87,0.714433,0.349055,0.038480,1
72,88,0.161975,0.391375,0.034040,1
72,89,0.603880,0.409816,0.035520,1
72,90,0.753099,0.413261,0.037000,1
72,91,0.318483,0.464823,0.038480,1
72,92,0.647418,0.482201,0.034040,1
72,93,0.295759,0.395462,0.035520,1
72,94,0.577005,0.476568,0.037000,1
72,95,0.677483,0.416182,0.038480,1
72,96,0.100211,0.437109,0.034040,1
72,97,0.437553,0.530572,0.035520,1
72,98,0.719421,0.478274,0.037000,1
72,99,0.363514,0.526409,0.038480,1
72,100,0.684391,0.539365,0.034040,1
72,101,0.227118,0.413385,0.035520,1
72,102,0.399298,0.592321,0.037000,1
72,103,0.611182,0.543689,0.038480,1
72,104,0.164236,0.459206,0.034040,1
72,105,0.523199,0.524710,0.035520,1
72,106,0.940725,0.482466,0.037000,1
72,107,0.230732,0.487000,0.038480,1
72,108,0.553211,0.586734,0.034040,1
72,109,0.794084,0.472813,0.035520,1
72,110,0.288866,0.534583,0.037000,1
72,111,0.732667,0.603787,0.038480,1
72,112,0.079840,0.502078,0.034040,1
72,113,0.483878,0.584272,0.035520,1
72,114,0.866871,0.477810,0.037000,1
72,115,0.147741,0.529882,0.038480,1
72,116,0.517856,0.644935,0.034040,1
72,117,0.762894,0.536266,0.035520,1
72,118,0.326122,0.598386,0.037000,1
72,119,0.656282,0.605725,0.038480,1
72,120,0.812573,0.584954,0.034040,1
72,121,0.448022,0.645473,0.035520,1
72,122,0.592302,0.645607,0.037000,1
72,123,0.217944,0.563107,0.038480,1
72,124,0.484594,0.704322,0.034040,1
72,125,0.776015,0.663762,0.035520,1
72,126,0.307388,0.669975,0.037000,1
72,127,0.505586,0.773645,0.038480,1
72,128,0.655378,0.678212,0.034040,1
72,129,0.380511,0.667798,0.035520,1
72,130,0.592763,0.719401,0.037000,1
72,131,0.719496,0.712093,0.038480,1
72,132,0.408524,0.731980,0.034040,1
72,133,0.577682,0.790336,0.035520,1
72,134,0.379732,0.797051,0.037000,1
72,135,0.451209,0.828037,0.038480,1
72,136,0.610644,0.851832,0.034040,1
72,137,0.390938,0.917093,0.035520,1
72,138,0.508559,0.906045,0.037000,1
72,139,0.678556,0.967158,0.038480,1
72,140,0.415575,0.994701,0.034040,1
72,141,0.559436,0.954248,0.035520,1
72,142,0.334040,1.002092,0.037000,1
72,143,0.481852,1.045387,0.038480,1
72,144,0.603788,1.007834,0.034040,1
73,0,0.101261,0.034040,0.034040,1
73,1,0.315876,0.035520,0.035520,1
73,2,0.748433,0.037000,0.037000,1
73,3,0.171926,0.038480,0.038480,1
73,4,0.454878,0.034040,0.034040,1
73,5,0.677424,0.035520,0.035520,1
73,6,0.246966,0.037000,0.037000,1
73,7,0.603818,0.038480,0.038480,1
73,8,0.890262,0.034040,0.034040,1
73,9,0.385696,0.035520,0.035520,1
73,10,0.640018,0.096977,0.037000,1
73,11,0.038480,0.176080,0.038480,1
73,12,0.280854,0.094912,0.034040,1
73,13,0.711542,0.097183,0.035520,1
73,14,0.037000,0.037112,0.037000,1
73,15,0.526275,0.038480,0.038480,1
73,16,0.820772,0.034040,0.034040,1
73,17,0.060795,0.104235,0.035520,1
73,18,0.857767,0.095085,0.037000,1
73,19,0.961520,0.038480,0.038480,1
73,20,0.209719,0.094041,0.034040,1
73,21,0.349517,0.095141,0.035520,1
73,22,0.134702,0.094367,0.037000,1
73,23,0.565718,0.097723,0.038480,1
73,24,0.928084,0.097849,0.034040,1
73,25,0.035520,0.257300,0.035520,1
73,26,0.421209,0.096491,0.037000,1
73,27,0.783959,0.097346,0.038480,1
73,28,0.312474,0.154330,0.034040,1
73,29,0.493701,0.100689,0.035520,1
73,30,0.963000,0.157264,0.037000,1
73,31,0.383292,0.160263,0.038480,1
73,32,0.745632,0.158096,0.034040,1
73,33,0.243877,0.153052,0.035520,1
73,34,0.963000,0.291925,0.037000,1
73,35,0.933512,0.224286,0.038480,1
73,36,0.104636,0.157587,0.034040,1
73,37,0.676975,0.159482,0.035520,1
73,38,0.894276,0.159538,0.037000,1
73,39,0.161943,0.226707,0.038480,1
73,40,0.823180,0.157657,0.034040,1
73,41,0.174236,0.154300,0.035520,1
73,42,0.277506,0.215133,0.037000,1
73,43,0.528214,0.165511,0.038480,1
73,44,0.347646,0.221581,0.034040,1
73,45,0.456158,0.160314,0.035520,1
73,46,0.784962,0.216413,0.037000,1
73,47,0.225174,0.268226,0.038480,1
73,48,0.493627,0.227047,0.034040,1
73,49,0.893517,0.286177,0.035520,1
73,50,0.423082,0.223850,0.037000,1
73,51,0.603474,0.161537,0.038480,1
73,52,0.090575,0.223693,0.034040,1
73,53,0.458608,0.286702,0.035520,1
73,54,0.858481,0.223097,0.037000,1
73,55,0.038480,0.329628,0.038480,1
73,56,0.567545,0.226359,0.034040,1
73,57,0.713490,0.219733,0.035520,1
73,58,0.298058,0.285719,0.037000,1
73,59,0.751072,0.282033,0.038480,1
73,60,0.823924,0.284784,0.034040,1
73,61,0.381224,0.281396,0.035520,1
73,62,0.640671,0.223392,0.037000,1
73,63,0.104969,0.294232,0.038480,1
73,64,0.530960,0.283657,0.034040,1
73,65,0.786531,0.346131,0.035520,1
73,66,0.174257,0.323668,0.037000,1
73,67,0.487505,0.354837,0.038480,1
73,68,0.923719,0.349002,0.034040,1
73,69,0.415387,0.342534,0.035520,1
73,70,0.676818,0.285518,0.037000,1
73,71,0.247087,0.341214,0.038480,1
73,72,0.437081,0.407627,0.034040,1
73,73,0.603122,0.286121,0.035520,1
73,74,0.343780,0.342461,0.037000,1
73,75,0.563599,0.348258,0.038480,1
73,76,0.855920,0.344593,0.034040,1
73,77,0.364278,0.411291,0.035520,1
73,78,0.823887,0.407600,0.037000,1
73,79,0.961520,0.409449,0.038480,1
73,80,0.403810,0.467534,0.034040,1
73,81,0.638395,0.347489,0.035520,1
73,82,0.037000,0.405531,0.037000,1
73,83,0.531350,0.418365,0.038480,1
73,84,0.893682,0.409564,0.034040,1
73,85,0.097820,0.367471,0.035520,1
73,86,0.474119,0.467362,0.037000,1
73,87,0.713969,0.348925,0.038480,1
73,88,0.161169,0.393280,0.034040,1
73,89,0.604609,0.409332,0.035520,1
73,90,0.753603,0.412488,0.037000,1
73,91,0.314418,0.466829,0.038480,1
73,92,0.650740,0.483229,0.034040,1
73,93,0.295953,0.396020,0.035520,1
73,94,0.580800,0.477190,0.037000,1
73,95,0.678169,0.416806,0.038480,1
73,96,0.099974,0.437252,0.034040,1
73,97,0.435794,0.528930,0.035520,1
73,98,0.721810,0.478391,0.037000,1
73,99,0.361831,0.526791,0.038480,1
73,100,0.688543,0.540632,0.034040,1
73,101,0.227025,0.412765,0.035520,1
73,102,0.399258,0.591686,0.037000,1
73,103,0.616580,0.546318,0.038480,1
73,104,0.163360,0.461147,0.034040,1
73,105,0.522833,0.519999,0.035520,1
73,106,0.941098,0.481052,0.037000,1
73,107,0.230843,0.486278,0.038480,1
73,108,0.554047,0.581491,0.034040,1
73,109,0.794286,0.472194,0.035520,1
73,110,0.286055,0.536994,0.037000,1
73,111,0.738751,0.605419,0.038480,1
73,112,0.059886,0.492193,0.034040,1
73,113,0.484735,0.579939,0.035520,1
73,114,0.866724,0.475639,0.037000,1
73,115,0.129825,0.525398,0.038480,1
73,116,0.520923,0.640738,0.034040,1
73,117,0.765213,0.536518,0.035520,1
73,118,0.326279,0.598818,0.037000,1
73,119,0.662241,0.607954,0.038480,1
73,120,0.832258,0.555053,0.034040,1
73,121,0.450925,0.641773,0.035520,1
73,122,0.593871,0.639933,0.037000,1
73,123,0.205298,0.559104,0.038480,1
73,124,0.487808,0.700033,0.034040,1
73,125,0.817799,0.630101,0.035520,1
73,126,0.281055,0.657475,0.037000,1
73,127,0.503364,0.770510,0.038480,1
73,128,0.667417,0.680261,0.034040,1
73,129,0.366170,0.659313,0.035520,1
73,130,0.604541,0.713024,0.037000,1
73,131,0.741587,0.682327,0.038480,1
73,132,0.419435,0.704083,0.034040,1
73,133,0.576644,0.779945,0.035520,1
73,134,0.364049,0.748570,0.037000,1
73,135,0.429313,0.791771,0.038480,1
73,136,0.632931,0.820815,0.034040,1
73,137,0.386749,0.852305,0.035520,1
73,138,0.511318,0.845598,0.037000,1
73,139,0.685077,0.911829,0.038480,1
73,140,0.409054,0.947615,0.034040,1
73,141,0.556923,0.916380,0.035520,1
73,142,0.334040,0.971021,0.037000,1
73,143,0.485132,1.022416,0.038480,1
73,144,0.610383,0.993093,0.034040,1
74,0,0.101247,0.034040,0.034040,1
74,1,0.315975,0.035520,0.035520,1
74,2,0.748109,0.037000,0.037000,1
74,3,0.171935,0.038480,0.038480,1
74,4,0.454928,0.034040,0.034040,1
74,5,0.677239,0.035520,0.035520,1
74,6,0.247036,0.037000,0.037000,1
74,7,0.603761,0.038480,0.038480,1
74,8,0.890482,0.034040,0.034040,1
74,9,0.385780,0.035520,0.035520,1
74,10,0.639804,0.096933,0.037000,1
74,11,0.038480,0.175957,0.038480,1
74,12,0.281242,0.094811,0.034040,1
74,13,0.711132,0.097310,0.035520,1
74,14,0.037000,0.037082,0.037000,1
74,15,0.526276,0.038480,0.038480,1
74,16,0.820124,0.034040,0.034040,1
74,17,0.059630,0.104629,0.035520,1
74,18,0.856824,0.094048,0.037000,1
74,19,0.961520,0.038480,0.038480,1
74,20,0.209282,0.093525,0.034040,1
74,21,0.349739,0.095297,0.035520,1
74,22,0.134791,0.094010,0.037000,1
74,23,0.565909,0.097777,0.038480,1
74,24,0.927096,0.096473,0.034040,1
74,25,0.035520,0.255754,0.035520,1
74,26,0.421304,0.096547,0.037000,1
74,27,0.783312,0.097373,0.038480,1
74,28,0.312499,0.154599,0.034040,1
74,29,0.493758,0.100645,0.035520,1
74,30,0.963000,0.155348,0.037000,1
74,31,0.383564,0.160494,0.038480,1
74,32,0.745371,0.158280,0.034040,1
74,33,0.243586,0.152116,0.035520,1
74,34,0.963000,0.288895,0.037000,1
74,35,0.933352,0.222505,0.038480,1
74,36,0.104447,0.157102,0.034040,1
74,37,0.677038,0.159388,0.035520,1
74,38,0.893686,0.158166,0.037000,1
74,39,0.161755,0.226259,0.038480,1
74,40,0.822677,0.157487,0.034040,1
74,41,0.174079,0.153973,0.035520,1
74,42,0.275808,0.214606,0.037000,1
74,43,0.528352,0.165242,0.038480,1
74,44,0.345964,0.220315,0.034040,1
74,45,0.456282,0.160361,0.035520,1
74,46,0.784818,0.216302,0.037000,1
74,47,0.224244,0.268452,0.038480,1
74,48,0.494111,0.226713,0.034040,1
74,49,0.893671,0.284673,0.035520,1
74,50,0.423553,0.224168,0.037000,1
74,51,0.603792,0.161730,0.038480,1
74,52,0.090584,0.223301,0.034040,1
74,53,0.460256,0.286859,0.035520,1
74,54,0.858338,0.222095,0.037000,1
74,55,0.038480,0.327963,0.038480,1
74,56,0.567474,0.226210,0.034040,1
74,57,0.713060,0.219991,0.035520,1
74,58,0.297544,0.284661,0.037000,1
74,59,0.751352,0.281819,0.038480,1
74,60,0.824344,0.284278,0.034040,1
74,61,0.379533,0.280029,0.035520,1
74,62,0.640198,0.224308,0.037000,1
74,63,0.106008,0.293594,0.038480,1
74,64,0.531020,0.283566,0.034040,1
74,65,0.787636,0.345397,0.035520,1
74,66,0.174312,0.325248,0.037000,1
74,67,0.486271,0.356214,0.038480,1
74,68,0.925555,0.346039,0.034040,1
74,69,0.414664,0.340560,0.035520,1
74,70,0.677012,0.286134,0.037000,1
74,71,0.247482,0.340693,0.038480,1
74,72,0.432541,0.406753,0.034040,1
74,73,0.601907,0.286620,0.035520,1
74,74,0.342889,0.341494,0.037000,1
74,75,0.562319,0.348765,0.038480,1
74,76,0.857137,0.344181,0.034040,1
74,77,0.363886,0.410014,0.035520,1
74,78,0.823445,0.407684,0.037000,1
74,79,0.961520,0.407845,0.038480,1
74,80,0.400812,0.467686,0.034040,1
74,81,0.637896,0.347574,0.035520,1
74,82,0.037000,0.403707,0.037000,1
74,83,0.530800,0.419271,0.038480,1
74,84,0.893450,0.404769,0.034040,1
74,85,0.097820,0.366717,0.035520,1
74,86,0.470928,0.465404,0.037000,1
74,87,0.714930,0.349002,0.038480,1
74,88,0.160179,0.394795,0.034040,1
74,89,0.603987,0.409361,0.035520,1
74,90,0.753350,0.413130,0.037000,1
74,91,0.305170,0.468530,0.038480,1
74,92,0.655077,0.484567,0.034040,1
74,93,0.295655,0.395838,0.035520,1
74,94,0.585491,0.478898,0.037000,1
74,95,0.677669,0.416228,0.038480,1
74,96,0.098706,0.436636,0.034040,1
74,97,0.433488,0.528516,0.035520,1
74,98,0.725938,0.480671,0.037000,1
74,99,0.356553,0.525180,0.038480,1
74,100,0.693646,0.543433,0.034040,1
74,101,0.226605,0.411917,0.035520,1
74,102,0.394654,0.589847,0.037000,1
74,103,0.621766,0.547900,0.038480,1
74,104,0.161195,0.462738,0.034040,1
74,105,0.522809,0.514567,0.035520,1
74,106,0.944541,0.480534,0.037000,1
74,107,0.229445,0.485307,0.038480,1
74,108,0.555520,0.575366,0.034040,1
74,109,0.798298,0.474360,0.035520,1
74,110,0.280347,0.539973,0.037000,1
74,111,0.742699,0.607607,0.038480,1
74,112,0.040863,0.474648,0.034040,1
74,113,0.486157,0.575474,0.035520,1
74,114,0.871187,0.471852,0.037000,1
74,115,0.108819,0.512613,0.038480,1
74,116,0.522320,0.634667,0.034040,1
74,117,0.769264,0.538856,0.035520,1
74,118,0.321736,0.600636,0.037000,1
74,119,0.666178,0.610447,0.038480,1
74,120,0.838660,0.534694,0.034040,1
74,121,0.449983,0.636267,0.035520,1
74,122,0.594566,0.634336,0.037000,1
74,123,0.189251,0.551175,0.038480,1
74,124,0.488756,0.693605,0.034040,1
74,125,0.858812,0.601271,0.035520,1
74,126,0.255002,0.632305,0.037000,1
74,127,0.507427,0.763417,0.038480,1
74,128,0.682400,0.681123,0.034040,1
74,129,0.366739,0.656931,0.035520,1
74,130,0.615660,0.705169,0.037000,1
74,131,0.760975,0.682365,0.038480,1
74,132,0.421308,0.699802,0.034040,1
74,133,0.581164,0.768959,0.035520,1
74,134,0.339412,0.724220,0.037000,1
74,135,0.430731,0.771707,0.038480,1
74,136,0.651150,0.777388,0.034040,1
74,137,0.363478,0.803403,0.035520,1
74,138,0.509223,0.838840,0.037000,1
74,139,0.691598,0.840300,0.038480,1
74,140,0.402533,0.884328,0.034040,1
74,141,0.567590,0.881880,0.035520,1
74,142,0.334040,0.923751,0.037000,1
74,143,0.488413,0.983245,0.038480,1
74,144,0.616904,0.962064,0.034040,1
75,0,0.101141,0.034040,0.034040,1
75,1,0.316062,0.035520,0.035520,1
75,2,0.748012,0.037000,0.037000,1
75,3,0.171918,0.038480,0.038480,1
75,4,0.454823,0.034040,0.034040,1
75,5,0.677100,0.035520,0.035520,1
75,6,0.247177,0.037000,0.037000,1
75,7,0.603618,0.038480,0.038480,1
75,8,0.890501,0.034040,0.034040,1
75,9,0.385834,0.035520,0.035520,1
75,10,0.639691,0.096961,0.037000,1
75,11,0.038480,0.177176,0.038480,1
75,12,0.281712,0.095435,0.034040,1
75,13,0.711069,0.097413,0.035520,1
75,14,0.037000,0.037000,0.037000,1
75,15,0.526094,0.038480,0.038480,1
75,16,0.820008,0.034040,0.034040,1
75,17,0.056807,0.105339,0.035520,1
75,18,0.856841,0.094014,0.037000,1
75,19,0.961520,0.038480,0.038480,1
75,20,0.208376,0.092991,0.034040,1
75,21,0.349821,0.095141,0.035520,1
75,22,0.134724,0.093264,0.037000,1
75,23,0.565870,0.097928,0.038480,1
75,24,0.927129,0.096643,0.034040,1
75,25,0.035520,0.251967,0.035520,1
75,26,0.421259,0.096980,0.037000,1
75,27,0.783305,0.097550,0.038480,1
75,28,0.311627,0.156398,0.034040,1
75,29,0.493499,0.100990,0.035520,1
75,30,0.963000,0.155632,0.037000,1
75,31,0.383104,0.160629,0.038480,1
75,32,0.745288,0.158463,0.034040,1
75,33,0.242673,0.151296,0.035520,1
75,34,0.963000,0.289240,0.037000,1
75,35,0.933046,0.222657,0.038480,1
75,36,0.103499,0.155948,0.034040,1
75,37,0.676996,0.159289,0.035520,1
75,38,0.893497,0.158228,0.037000,1
75,39,0.162554,0.225694,0.038480,1
75,40,0.822438,0.157899,0.034040,1
75,41,0.173175,0.153433,0.035520,1
75,42,0.272044,0.215165,0.037000,1
75,43,0.528322,0.165223,0.038480,1
75,44,0.342464,0.218512,0.034040,1
75,45,0.455904,0.161093,0.035520,1
75,46,0.784435,0.216716,0.037000,1
75,47,0.222365,0.270993,0.038480,1
75,48,0.493369,0.225965,0.034040,1
75,49,0.893199,0.284702,0.035520,1
75,50,0.422319,0.224812,0.037000,1
75,51,0.603825,0.161959,0.038480,1
75,52,0.091590,0.222336,0.034040,1
75,53,0.460192,0.285986,0.035520,1
75,54,0.857991,0.222090,0.037000,1
75,55,0.038480,0.324345,0.038480,1
75,56,0.567306,0.226299,0.034040,1
75,57,0.712655,0.220127,0.035520,1
75,58,0.296378,0.284259,0.037000,1
75,59,0.750704,0.282235,0.038480,1
75,60,0.823656,0.284153,0.034040,1
75,61,0.375305,0.278792,0.035520,1
75,62,0.639780,0.224915,0.037000,1
75,63,0.108528,0.291998,0.038480,1
75,64,0.529969,0.283145,0.034040,1
75,65,0.787028,0.345895,0.035520,1
75,66,0.173708,0.329587,0.037000,1
75,67,0.484445,0.355649,0.038480,1
75,68,0.924825,0.346285,0.034040,1
75,69,0.412884,0.338054,0.035520,1
75,70,0.676076,0.286949,0.037000,1
75,71,0.247033,0.342261,0.038480,1
75,72,0.431186,0.403964,0.034040,1
75,73,0.601112,0.287079,0.035520,1
75,74,0.340853,0.341630,0.037000,1
75,75,0.560605,0.348760,0.038480,1
75,76,0.856469,0.344090,0.034040,1
75,77,0.363177,0.409632,0.035520,1
75,78,0.822572,0.408494,0.037000,1
75,79,0.961520,0.407520,0.038480,1
75,80,0.396415,0.469227,0.034040,1
75,81,0.636646,0.348372,0.035520,1
75,82,0.037000,0.399756,0.037000,1
75,83,0.528493,0.419001,0.038480,1
75,84,0.892715,0.405194,0.034040,1
75,85,0.098653,0.364807,0.035520,1
75,86,0.466231,0.464422,0.037000,1
75,87,0.714276,0.349521,0.038480,1
75,88,0.158247,0.399005,0.034040,1
75,89,0.601796,0.409790,0.035520,1
75,90,0.751985,0.413759,0.037000,1
75,91,0.300132,0.470337,0.038480,1
75,92,0.659932,0.486561,0.034040,1
75,93,0.294536,0.397299,0.035520,1
75,94,0.590359,0.481011,0.037000,1
75,95,0.675601,0.416184,0.038480,1
75,96,0.096889,0.434553,0.034040,1
75,97,0.432022,0.528187,0.035520,1
75,98,0.730750,0.483362,0.037000,1
75,99,0.351954,0.526559,0.038480,1
75,100,0.699194,0.546534,0.034040,1
75,101,0.225529,0.413626,0.035520,1
75,102,0.393055,0.589355,0.037000,1
75,103,0.627201,0.550394,0.038480,1
75,104,0.156216,0.466988,0.034040,1
75,105,0.522920,0.507531,0.035520,1
75,106,0.949316,0.481472,0.037000,1
75,107,0.225386,0.487247,0.038480,1
75,108,0.557509,0.567235,0.034040,1
75,109,0.803318,0.477501,0.035520,1
75,110,0.276339,0.542047,0.037000,1
75,111,0.747613,0.610694,0.038480,1
75,112,0.034040,0.470799,0.034040,1
75,113,0.488531,0.569984,0.035520,1
75,114,0.875882,0.473946,0.037000,1
75,115,0.096416,0.507427,0.038480,1
75,116,0.526343,0.628191,0.034040,1
75,117,0.773457,0.541610,0.035520,1
75,118,0.320375,0.601063,0.037000,1
75,119,0.671237,0.613218,0.038480,1
75,120,0.842744,0.536598,0.034040,1
75,121,0.452268,0.630614,0.035520,1
75,122,0.596763,0.625667,0.037000,1
75,123,0.168072,0.538589,0.038480,1
75,124,0.492424,0.687080,0.034040,1
75,125,0.898306,0.578448,0.035520,1
75,126,0.229673,0.599676,0.037000,1
75,127,0.514683,0.755959,0.038480,1
75,128,0.699187,0.680071,0.034040,1
75,129,0.366208,0.656880,0.035520,1
75,130,0.620729,0.695272,0.037000,1
75,131,0.782441,0.679323,0.038480,1
75,132,0.424533,0.694339,0.034040,1
75,133,0.588475,0.760309,0.035520,1
75,134,0.306776,0.698224,0.037000,1
75,135,0.438681,0.765319,0.038480,1
75,136,0.673134,0.743005,0.034040,1
75,137,0.345826,0.759333,0.035520,1
75,138,0.504956,0.830795,0.037000,1
75,139,0.723951,0.794743,0.038480,1
75,140,0.388942,0.817928,0.034040,1
75,141,0.579125,0.840110,0.035520,1
75,142,0.332703,0.861332,0.037000,1
75,143,0.491693,0.927874,0.038480,1
75,144,0.623426,0.914836,0.034040,1
76,0,0.101040,0.034040,0.034040,1
76,1,0.315776,0.035520,0.035520,1
76,2,0.747910,0.037000,0.037000,1
76,3,0.171725,0.038480,0.038480,1
76,4,0.454488,0.034040,0.034040,1
76,5,0.676841,0.035520,0.035520,1
76,6,0.246730,0.037000,0.037000,1
76,7,0.603256,0.038480,0.038480,1
76,8,0.890524,0.034040,0.034040,1
76,9,0.385665,0.035520,0.035520,1
76,10,0.639490,0.097118,0.037000,1
76,11,0.038480,0.177273,0.038480,1
76,12,0.281456,0.095362,0.034040,1
76,13,0.711021,0.097585,0.035520,1
76,14,0.037000,0.037000,0.037000,1
76,15,0.525761,0.038480,0.038480,1
76,16,0.819974,0.034040,0.034040,1
76,17,0.055794,0.105395,0.035520,1
76,18,0.856962,0.094007,0.037000,1
76,19,0.961520,0.038480,0.038480,1
76,20,0.207137,0.093118,0.034040,1
76,21,0.349526,0.094807,0.035520,1
76,22,0.135429,0.093165,0.037000,1
76,23,0.565510,0.098336,0.038480,1
76,24,0.927282,0.096932,0.034040,1
76,25,0.035520,0.250489,0.035520,1
76,26,0.421000,0.097263,0.037000,1
76,27,0.783428,0.097772,0.038480,1
76,28,0.311004,0.156364,0.034040,1
76,29,0.493177,0.101504,0.035520,1
76,30,0.963000,0.156066,0.037000,1
76,31,0.382253,0.160367,0.038480,1
76,32,0.745323,0.158584,0.034040,1
76,33,0.242187,0.150944,0.035520,1
76,34,0.963000,0.290450,0.037000,1
76,35,0.932629,0.222984,0.038480,1
76,36,0.103099,0.155327,0.034040,1
76,37,0.676774,0.159199,0.035520,1
76,38,0.893331,0.158319,0.037000,1
76,39,0.163901,0.226884,0.038480,1
76,40,0.822148,0.158541,0.034040,1
76,41,0.172746,0.154262,0.035520,1
76,42,0.271370,0.214803,0.037000,1
76,43,0.527995,0.165865,0.038480,1
76,44,0.341877,0.219001,0.034040,1
76,45,0.455354,0.161684,0.035520,1
76,46,0.783897,0.217385,0.037000,1
76,47,0.223861,0.272562,0.038480,1
76,48,0.491778,0.226185,0.034040,1
76,49,0.892087,0.284643,0.035520,1
76,50,0.420422,0.224714,0.037000,1
76,51,0.603536,0.162388,0.038480,1
76,52,0.092694,0.221838,0.034040,1
76,53,0.457724,0.285923,0.035520,1
76,54,0.857407,0.221921,0.037000,1
76,55,0.038480,0.322891,0.038480,1
76,56,0.567231,0.226794,0.034040,1
76,57,0.712328,0.219936,0.035520,1
76,58,0.298294,0.282773,0.037000,1
76,59,0.749170,0.282668,0.038480,1
76,60,0.822217,0.283585,0.034040,1
76,61,0.374159,0.279924,0.035520,1
76,62,0.639788,0.225317,0.037000,1
76,63,0.110315,0.291293,0.038480,1
76,64,0.528957,0.283050,0.034040,1
76,65,0.785863,0.345971,0.035520,1
76,66,0.174644,0.330403,0.037000,1
76,67,0.483855,0.354585,0.038480,1
76,68,0.923016,0.346663,0.034040,1
76,69,0.411685,0.339636,0.035520,1
76,70,0.674463,0.288422,0.037000,1
76,71,0.247986,0.344242,0.038480,1
76,72,0.432968,0.405028,0.034040,1
76,73,0.601335,0.287429,0.035520,1
76,74,0.339386,0.342667,0.037000,1
76,75,0.559973,0.348537,0.038480,1
76,76,0.855003,0.343423,0.034040,1
76,77,0.364609,0.409772,0.035520,1
76,78,0.821956,0.408145,0.037000,1
76,79,0.961520,0.406193,0.038480,1
76,80,0.390176,0.473419,0.034040,1
76,81,0.634968,0.349832,0.035520,1
76,82,0.037000,0.397866,0.037000,1
76,83,0.525976,0.419225,0.038480,1
76,84,0.892333,0.406764,0.034040,1
76,85,0.099086,0.364088,0.035520,1
76,86,0.461197,0.469459,0.037000,1
76,87,0.713508,0.350853,0.038480,1
76,88,0.158310,0.399523,0.034040,1
76,89,0.599176,0.410758,0.035520,1
76,90,0.750756,0.415415,0.037000,1
76,91,0.297911,0.473469,0.038480,1
76,92,0.670426,0.488338,0.034040,1
76,93,0.295009,0.400100,0.035520,1
76,94,0.600130,0.482939,0.037000,1
76,95,0.672942,0.416283,0.038480,1
76,96,0.095675,0.433534,0.034040,1
76,97,0.426155,0.532126,0.035520,1
76,98,0.741358,0.487838,0.037000,1
76,99,0.347178,0.532260,0.038480,1
76,100,0.705876,0.548858,0.034040,1
76,101,0.225697,0.415162,0.035520,1
76,102,0.389789,0.594140,0.037000,1
76,103,0.633651,0.550146,0.038480,1
76,104,0.154017,0.467397,0.034040,1
76,105,0.528722,0.494500,0.035520,1
76,106,0.961181,0.481509,0.037000,1
76,107,0.222878,0.488786,0.038480,1
76,108,0.562024,0.555878,0.034040,1
76,109,0.813757,0.479642,0.035520,1
76,110,0.272705,0.544706,0.037000,1
76,111,0.751606,0.609889,0.038480,1
76,112,0.034040,0.468993,0.034040,1
76,113,0.492511,0.555605,0.035520,1
76,114,0.886322,0.477380,0.037000,1
76,115,0.094425,0.508133,0.038480,1
76,116,0.527538,0.615623,0.034040,1
76,117,0.786127,0.544626,0.035520,1
76,118,0.316873,0.603790,0.037000,1
76,119,0.675302,0.614332,0.038480,1
76,120,0.855608,0.541307,0.034040,1
76,121,0.458069,0.617612,0.035520,1
76,122,0.598517,0.617020,0.037000,1
76,123,0.164749,0.539135,0.038480,1
76,124,0.495847,0.675779,0.034040,1
76,125,0.925424,0.544600,0.035520,1
76,126,0.217060,0.593548,0.037000,1
76,127,0.531452,0.738798,0.038480,1
76,128,0.717496,0.673254,0.034040,1
76,129,0.361491,0.660703,0.035520,1
76,130,0.637818,0.679424,0.037000,1
76,131,0.804643,0.665656,0.038480,1
76,132,0.428127,0.680452,0.034040,1
76,133,0.605161,0.743976,0.035520,1
76,134,0.275421,0.665152,0.037000,1
76,135,0.450499,0.749387,0.038480,1
76,136,0.684608,0.732878,0.034040,1
76,137,0.323736,0.720834,0.035520,1
76,138,0.499242,0.806955,0.037000,1
76,139,0.757681,0.747979,0.038480,1
76,140,0.375747,0.767023,0.034040,1
76,141,0.580359,0.810534,0.035520,1
76,142,0.312871,0.801242,0.037000,1
76,143,0.491771,0.882065,0.038480,1
76,144,0.633301,0.855653,0.034040,1
77,0,0.100579,0.034040,0.034040,1
77,1,0.314378,0.035520,0.035520,1
77,2,0.746815,0.037000,0.037000,1
77,3,0.170908,0.038480,0.038480,1
77,4,0.453329,0.034040,0.034040,1
77,5,0.675677,0.035520,0.035520,1
77,6,0.245571,0.037000,0.037000,1
77,7,0.602010,0.038480,0.038480,1
77,8,0.890532,0.034040,0.034040,1
77,9,0.384759,0.035520,0.035520,1
77,10,0.638547,0.097243,0.037000,1
77,11,0.038480,0.176025,0.038480,1
77,12,0.279680,0.094653,0.034040,1
77,13,0.710236,0.097658,0.035520,1
77,14,0.037000,0.037000,0.037000,1
77,15,0.524578,0.038480,0.038480,1
77,16,0.818905,0.034040,0.034040,1
77,17,0.056557,0.104792,0.035520,1
77,18,0.856437,0.093807,0.037000,1
77,19,0.961520,0.038480,0.038480,1
77,20,0.206731,0.093597,0.034040,1
77,21,0.348167,0.093453,0.035520,1
77,22,0.135870,0.093576,0.037000,1
77,23,0.563993,0.098644,0.038480,1
77,24,0.926872,0.096575,0.034040,1
77,25,0.035520,0.248817,0.035520,1
77,26,0.419886,0.096327,0.037000,1
77,27,0.782845,0.097712,0.038480,1
77,28,0.310120,0.154506,0.034040,1
77,29,0.491977,0.102335,0.035520,1
77,30,0.963000,0.155740,0.037000,1
77,31,0.380629,0.158510,0.038480,1
77,32,0.744694,0.158422,0.034040,1
77,33,0.241777,0.151760,0.035520,1
77,34,0.963000,0.290717,0.037000,1
77,35,0.932233,0.222841,0.038480,1
77,36,0.102904,0.155482,0.034040,1
77,37,0.675754,0.159327,0.035520,1
77,38,0.893104,0.157918,0.037000,1
77,39,0.165631,0.228473,0.038480,1
77,40,0.821774,0.158448,0.034040,1
77,41,0.172508,0.155425,0.035520,1
77,42,0.273954,0.214139,0.037000,1
77,43,0.526850,0.167026,0.038480,1
77,44,0.344365,0.220847,0.034040,1
77,45,0.454202,0.162603,0.035520,1
77,46,0.783354,0.217334,0.037000,1
77,47,0.227196,0.272633,0.038480,1
77,48,0.487288,0.225766,0.034040,1
77,49,0.891148,0.284217,0.035520,1
77,50,0.416026,0.223302,0.037000,1
77,51,0.602173,0.162265,0.038480,1
77,52,0.094119,0.222159,0.034040,1
77,53,0.451344,0.285218,0.035520,1
77,54,0.856929,0.221263,0.037000,1
77,55,0.038480,0.321015,0.038480,1
77,56,0.566958,0.227425,0.034040,1
77,57,0.711958,0.219628,0.035520,1
77,58,0.301644,0.281586,0.037000,1
77,59,0.748217,0.282659,0.038480,1
77,60,0.821327,0.282602,0.034040,1
77,61,0.374915,0.282814,0.035520,1
77,62,0.639422,0.224288,0.037000,1
77,63,0.115948,0.290460,0.038480,1
77,64,0.525841,0.281537,0.034040,1
77,65,0.784207,0.346103,0.035520,1
77,66,0.179471,0.331000,0.037000,1
77,67,0.482093,0.351340,0.038480,1
77,68,0.921137,0.346702,0.034040,1
77,69,0.410339,0.343893,0.035520,1
77,70,0.673968,0.287424,0.037000,1
77,71,0.253461,0.343989,0.038480,1
77,72,0.436749,0.408043,0.034040,1
77,73,0.602438,0.287307,0.035520,1
77,74,0.338113,0.344350,0.037000,1
77,75,0.558237,0.346233,0.038480,1
77,76,0.853295,0.342630,0.034040,1
77,77,0.367364,0.409893,0.035520,1
77,78,0.822171,0.406755,0.037000,1
77,79,0.961520,0.404657,0.038480,1
77,80,0.395225,0.473009,0.034040,1
77,81,0.636015,0.349661,0.035520,1
77,82,0.037000,0.395552,0.037000,1
77,83,0.524026,0.414784,0.038480,1
77,84,0.892522,0.407970,0.034040,1
77,85,0.099590,0.362429,0.035520,1
77,86,0.467022,0.472271,0.037000,1
77,87,0.711776,0.350841,0.038480,1
77,88,0.158568,0.398591,0.034040,1
77,89,0.597292,0.408531,0.035520,1
77,90,0.750825,0.414389,0.037000,1
77,91,0.296775,0.476515,0.038480,1
77,92,0.678562,0.487719,0.034040,1
77,93,0.296771,0.403320,0.035520,1
77,94,0.609121,0.479676,0.037000,1
77,95,0.670808,0.416058,0.038480,1
77,96,0.094569,0.431524,0.034040,1
77,97,0.428157,0.533921,0.035520,1
77,98,0.748731,0.487567,0.037000,1
77,99,0.350843,0.530457,0.038480,1
77,100,0.712312,0.546957,0.034040,1
77,101,0.226456,0.413048,0.035520,1
77,102,0.389186,0.594876,0.037000,1
77,103,0.639732,0.548201,0.038480,1
77,104,0.151964,0.466129,0.034040,1
77,105,0.537685,0.486571,0.035520,1
77,106,0.963000,0.480129,0.037000,1
77,107,0.221307,0.486645,0.038480,1
77,108,0.567224,0.549541,0.034040,1
77,109,0.820125,0.478668,0.035520,1
77,110,0.266994,0.546026,0.037000,1
77,111,0.758236,0.608581,0.038480,1
77,112,0.034040,0.466679,0.034040,1
77,113,0.498046,0.544647,0.035520,1
77,114,0.892680,0.478923,0.037000,1
77,115,0.089761,0.511361,0.038480,1
77,116,0.529704,0.606453,0.034040,1
77,117,0.794098,0.543981,0.035520,1
77,118,0.316010,0.601065,0.037000,1
77,119,0.681772,0.612222,0.038480,1
77,120,0.863554,0.543657,0.034040,1
77,121,0.460457,0.604636,0.035520,1
77,122,0.600345,0.612377,0.037000,1
77,123,0.161472,0.537654,0.038480,1
77,124,0.494863,0.664827,0.034040,1
77,125,0.933104,0.544856,0.035520,1
77,126,0.210793,0.594123,0.037000,1
77,127,0.541871,0.719865,0.038480,1
77,128,0.723410,0.671535,0.034040,1
77,129,0.357896,0.659828,0.035520,1
77,130,0.639832,0.674545,0.037000,1
77,131,0.830760,0.634885,0.038480,1
77,132,0.427136,0.665631,0.034040,1
77,133,0.612531,0.741456,0.035520,1
77,134,0.257810,0.650841,0.037000,1
77,135,0.447746,0.735035,0.038480,1
77,136,0.686066,0.728481,0.034040,1
77,137,0.304422,0.706200,0.035520,1
77,138,0.503884,0.785340,0.037000,1
77,139,0.789669,0.702238,0.038480,1
77,140,0.371640,0.728086,0.034040,1
77,141,0.574572,0.801534,0.035520,1
77,142,0.291023,0.777472,0.037000,1
77,143,0.487776,0.859082,0.038480,1
77,144,0.653807,0.797446,0.034040,1
78,0,0.099729,0.034040,0.034040,1
78,1,0.313347,0.035520,0.035520,1
78,2,0.745315,0.037000,0.037000,1
78,3,0.169845,0.038480,0.038480,1
78,4,0.452221,0.034040,0.034040,1
78,5,0.674286,0.035520,0.035520,1
78,6,0.244778,0.037000,0.037000,1
78,7,0.600741,0.038480,0.038480,1
78,8,0.890611,0.034040,0.034040,1
78,9,0.383744,0.035520,0.035520,1
78,10,0.637254,0.097594,0.037000,1
78,11,0.038480,0.172310,0.038480,1
78,12,0.278264,0.094438,0.034040,1
78,13,0.709005,0.097773,0.035520,1
78,14,0.037000,0.037000,0.037000,1
78,15,0.523362,0.038480,0.038480,1
78,16,0.817031,0.034040,0.034040,1
78,17,0.060609,0.103076,0.035520,1
78,18,0.854971,0.092853,0.037000,1
78,19,0.961520,0.038480,0.038480,1
78,20,0.207704,0.093739,0.034040,1
78,21,0.346787,0.093145,0.035520,1
78,22,0.133203,0.094913,0.037000,1
78,23,0.562727,0.099012,0.038480,1
78,24,0.925426,0.095024,0.034040,1
78,25,0.035520,0.245257,0.035520,1
78,26,0.418556,0.096486,0.037000,1
78,27,0.781667,0.097650,0.038480,1
78,28,0.308804,0.154273,0.034040,1
78,29,0.490751,0.102394,0.035520,1
78,30,0.963000,0.153499,0.037000,1
78,31,0.378747,0.158276,0.038480,1
78,32,0.743726,0.158339,0.034040,1
78,33,0.241632,0.152492,0.035520,1
78,34,0.963000,0.288039,0.037000,1
78,35,0.932184,0.220817,0.038480,1
78,36,0.103422,0.159308,0.034040,1
78,37,0.674535,0.159536,0.035520,1
78,38,0.892246,0.156431,0.037000,1
78,39,0.169741,0.227786,0.038480,1
78,40,0.820893,0.158273,0.034040,1
78,41,0.172883,0.154539,0.035520,1
78,42,0.274109,0.214672,0.037000,1
78,43,0.525381,0.167367,0.038480,1
78,44,0.344417,0.222808,0.034040,1
78,45,0.452789,0.162336,0.035520,1
78,46,0.782423,0.217274,0.037000,1
78,47,0.228914,0.275264,0.038480,1
78,48,0.485396,0.226280,0.034040,1
78,49,0.890982,0.282038,0.035520,1
78,50,0.414181,0.222336,0.037000,1
78,51,0.600849,0.162823,0.038480,1
78,52,0.097825,0.226519,0.034040,1
78,53,0.447366,0.284966,0.035520,1
78,54,0.855955,0.219731,0.037000,1
78,55,0.040172,0.317716,0.038480,1
78,56,0.565480,0.227656,0.034040,1
78,57,0.711184,0.219410,0.035520,1
78,58,0.303493,0.280836,0.037000,1
78,59,0.747014,0.282542,0.038480,1
78,60,0.820341,0.281168,0.034040,1
78,61,0.376487,0.284624,0.035520,1
78,62,0.639027,0.224560,0.037000,1
78,63,0.128166,0.291742,0.038480,1
78,64,0.524284,0.281718,0.034040,1
78,65,0.784351,0.344701,0.035520,1
78,66,0.187326,0.338302,0.037000,1
78,67,0.481726,0.348808,0.038480,1
78,68,0.922013,0.343555,0.034040,1
78,69,0.409669,0.346983,0.035520,1
78,70,0.673250,0.288381,0.037000,1
78,71,0.262205,0.343817,0.038480,1
78,72,0.440809,0.408856,0.034040,1
78,73,0.601714,0.286940,0.035520,1
78,74,0.337355,0.345030,0.037000,1
78,75,0.557797,0.345784,0.038480,1
78,76,0.853760,0.340729,0.034040,1
78,77,0.371511,0.407950,0.035520,1
78,78,0.820986,0.405718,0.037000,1
78,79,0.961520,0.402853,0.038480,1
78,80,0.402832,0.469166,0.034040,1
78,81,0.634371,0.349760,0.035520,1
78,82,0.037000,0.392296,0.037000,1
78,83,0.521913,0.413291,0.038480,1
78,84,0.891465,0.403136,0.034040,1
78,85,0.100567,0.360454,0.035520,1
78,86,0.473106,0.471917,0.037000,1
78,87,0.711720,0.351924,0.038480,1
78,88,0.156236,0.401962,0.034040,1
78,89,0.595774,0.408579,0.035520,1
78,90,0.749709,0.416267,0.037000,1
78,91,0.294420,0.480497,0.038480,1
78,92,0.683327,0.487509,0.034040,1
78,93,0.300086,0.407173,0.035520,1
78,94,0.615396,0.477691,0.037000,1
78,95,0.669326,0.416676,0.038480,1
78,96,0.093475,0.429302,0.034040,1
78,97,0.430639,0.532966,0.035520,1
78,98,0.752780,0.489684,0.037000,1
78,99,0.356812,0.524494,0.038480,1
78,100,0.715673,0.547766,0.034040,1
78,101,0.225556,0.407799,0.035520,1
78,102,0.388964,0.592066,0.037000,1
78,103,0.643144,0.547630,0.038480,1
78,104,0.147212,0.469490,0.034040,1
78,105,0.543602,0.482785,0.035520,1
78,106,0.963000,0.478370,0.037000,1
78,107,0.218654,0.481225,0.038480,1
78,108,0.570631,0.546406,0.034040,1
78,109,0.822997,0.477291,0.035520,1
78,110,0.256712,0.546058,0.037000,1
78,111,0.760125,0.605083,0.038480,1
78,112,0.034040,0.463667,0.034040,1
78,113,0.501106,0.539178,0.035520,1
78,114,0.895584,0.473550,0.037000,1
78,115,0.085129,0.514549,0.038480,1
78,116,0.530669,0.602063,0.034040,1
78,117,0.801250,0.543698,0.035520,1
78,118,0.315704,0.590665,0.037000,1
78,119,0.683984,0.612636,0.038480,1
78,120,0.870718,0.539773,0.034040,1
78,121,0.461059,0.597650,0.035520,1
78,122,0.600974,0.610243,0.037000,1
78,123,0.157023,0.541108,0.038480,1
78,124,0.493378,0.659114,0.034040,1
78,125,0.940030,0.545644,0.035520,1
78,126,0.205019,0.599052,0.037000,1
78,127,0.551418,0.702593,0.038480,1
78,128,0.728896,0.669467,0.034040,1
78,129,0.351234,0.653706,0.035520,1
78,130,0.639213,0.673100,0.037000,1
78,131,0.851347,0.609535,0.038480,1
78,132,0.421632,0.654905,0.034040,1
78,133,0.614665,0.741222,0.035520,1
78,134,0.263998,0.643538,0.037000,1
78,135,0.444190,0.723692,0.038480,1
78,136,0.688520,0.724095,0.034040,1
78,137,0.302235,0.705086,0.035520,1
78,138,0.507771,0.764160,0.037000,1
78,139,0.806193,0.671857,0.038480,1
78,140,0.371924,0.720100,0.034040,1
78,141,0.571936,0.797954,0.035520,1
78,142,0.267212,0.768589,0.037000,1
78,143,0.482067,0.835144,0.038480,1
78,144,0.672594,0.790286,0.034040,1
79,0,0.099286,0.034040,0.034040,1
79,1,0.312743,0.035520,0.035520,1
79,2,0.743652,0.037000,0.037000,1
79,3,0.169346,0.038480,0.038480,1
79,4,0.451402,0.034040,0.034040,1
79,5,0.673000,0.035520,0.035520,1
79,6,0.244513,0.037000,0.037000,1
79,7,0.599791,0.038480,0.038480,1
79,8,0.890548,0.034040,0.034040,1
79,9,0.382921,0.035520,0.035520,1
79,10,0.636156,0.098039,0.037000,1
79,11,0.038480,0.170341,0.038480,1
79,12,0.277450,0.095187,0.034040,1
79,13,0.707855,0.097636,0.035520,1
79,14,0.037000,0.037000,0.037000,1
79,15,0.522358,0.038480,0.038480,1
79,16,0.815249,0.034040,0.034040,1
79,17,0.059727,0.101754,0.035520,1
79,18,0.853383,0.092528,0.037000,1
79,19,0.961520,0.038480,0.038480,1
79,20,0.208529,0.094238,0.034040,1
79,21,0.345878,0.093502,0.035520,1
79,22,0.131937,0.096152,0.037000,1
79,23,0.562038,0.099219,0.038480,1
79,24,0.924131,0.093082,0.034040,1
79,25,0.035520,0.243243,0.035520,1
79,26,0.417600,0.096864,0.037000,1
79,27,0.780447,0.096858,0.038480,1
79,28,0.307955,0.155335,0.034040,1
79,29,0.489977,0.102091,0.035520,1
79,30,0.963000,0.150879,0.037000,1
79,31,0.377880,0.158842,0.038480,1
79,32,0.743217,0.157769,0.034040,1
79,33,0.241530,0.153628,0.035520,1
79,34,0.963000,0.284563,0.037000,1
79,35,0.932665,0.218585,0.038480,1
79,36,0.103720,0.161832,0.034040,1
79,37,0.673850,0.159881,0.035520,1
79,38,0.891813,0.154738,0.037000,1
79,39,0.172173,0.227926,0.038480,1
79,40,0.820462,0.156944,0.034040,1
79,41,0.172977,0.154558,0.035520,1
79,42,0.273719,0.216181,0.037000,1
79,43,0.524542,0.167118,0.038480,1
79,44,0.344354,0.223750,0.034040,1
79,45,0.451936,0.161740,0.035520,1
79,46,0.782525,0.216303,0.037000,1
79,47,0.229426,0.277977,0.038480,1
79,48,0.485814,0.226947,0.034040,1
79,49,0.892333,0.280313,0.035520,1
79,50,0.414574,0.222298,0.037000,1
79,51,0.600035,0.163430,0.038480,1
79,52,0.100017,0.229174,0.034040,1
79,53,0.447531,0.285069,0.035520,1
79,54,0.856117,0.218365,0.037000,1
79,55,0.045019,0.315187,0.038480,1
79,56,0.564035,0.227837,0.034040,1
79,57,0.711664,0.219114,0.035520,1
79,58,0.304210,0.281611,0.037000,1
79,59,0.747910,0.282025,0.038480,1
79,60,0.821133,0.280147,0.034040,1
79,61,0.377625,0.284922,0.035520,1
79,62,0.639871,0.224327,0.037000,1
79,63,0.132734,0.293275,0.038480,1
79,64,0.524122,0.282935,0.034040,1
79,65,0.786286,0.343765,0.035520,1
79,66,0.189538,0.342505,0.037000,1
79,67,0.483744,0.348006,0.038480,1
79,68,0.924843,0.340864,0.034040,1
79,69,0.411589,0.347097,0.035520,1
79,70,0.673883,0.288644,0.037000,1
79,71,0.264343,0.345723,0.038480,1
79,72,0.443690,0.408727,0.034040,1
79,73,0.602216,0.285960,0.035520,1
79,74,0.339114,0.345102,0.037000,1
79,75,0.559924,0.345875,0.038480,1
79,76,0.855611,0.339459,0.034040,1
79,77,0.373470,0.407087,0.035520,1
79,78,0.819134,0.407453,0.037000,1
79,79,0.961520,0.403156,0.038480,1
79,80,0.406182,0.466692,0.034040,1
79,81,0.634086,0.349175,0.035520,1
79,82,0.037000,0.389692,0.037000,1
79,83,0.523537,0.412899,0.038480,1
79,84,0.889491,0.397543,0.034040,1
79,85,0.103060,0.360771,0.035520,1
79,86,0.475800,0.472163,0.037000,1
79,87,0.713764,0.351622,0.038480,1
79,88,0.156525,0.405151,0.034040,1
79,89,0.597357,0.409204,0.035520,1
79,90,0.747041,0.418708,0.037000,1
79,91,0.290812,0.481511,0.038480,1
79,92,0.686493,0.487148,0.034040,1
79,93,0.303319,0.408792,0.035520,1
79,94,0.618423,0.477941,0.037000,1
79,95,0.671304,0.416135,0.038480,1
79,96,0.092802,0.429082,0.034040,1
79,97,0.433795,0.530522,0.035520,1
79,98,0.755719,0.491782,0.037000,1
79,99,0.357685,0.518976,0.038480,1
79,100,0.716957,0.548279,0.034040,1
79,101,0.226068,0.408188,0.035520,1
79,102,0.389110,0.587094,0.037000,1
79,103,0.644862,0.548455,0.038480,1
79,104,0.143145,0.473525,0.034040,1
79,105,0.546208,0.482403,0.035520,1
79,106,0.963000,0.478811,0.037000,1
79,107,0.215057,0.481003,0.038480,1
79,108,0.572673,0.546304,0.034040,1
79,109,0.825459,0.478848,0.035520,1
79,110,0.249926,0.547668,0.037000,1
79,111,0.761708,0.605141,0.038480,1
79,112,0.034040,0.461212,0.034040,1
79,113,0.503718,0.539564,0.035520,1
79,114,0.897225,0.467391,0.037000,1
79,115,0.083276,0.513568,0.038480,1
79,116,0.531577,0.603200,0.034040,1
79,117,0.805201,0.545427,0.035520,1
79,118,0.315589,0.581518,0.037000,1
79,119,0.685703,0.613520,0.038480,1
79,120,0.873869,0.534255,0.034040,1
79,121,0.461074,0.596325,0.035520,1
79,122,0.601933,0.610569,0.037000,1
79,123,0.153105,0.545375,0.038480,1
79,124,0.492016,0.658606,0.034040,1
79,125,0.942289,0.546794,0.035520,1
79,126,0.201181,0.603363,0.037000,1
79,127,0.562054,0.677415,0.038480,1
79,128,0.731216,0.669928,0.034040,1
79,129,0.347467,0.646390,0.035520,1
79,130,0.640110,0.673442,0.037000,1
79,131,0.865360,0.606230,0.038480,1
79,132,0.418784,0.651487,0.034040,1
79,133,0.613861,0.740991,0.035520,1
79,134,0.266893,0.637260,0.037000,1
79,135,0.443973,0.719462,0.038480,1
79,136,0.689944,0.723881,0.034040,1
79,137,0.301804,0.700804,0.035520,1
79,138,0.516955,0.738707,0.037000,1
79,139,0.812941,0.662577,0.038480,1
79,140,0.371961,0.711482,0.034040,1
79,141,0.565256,0.792801,0.035520,1
79,142,0.244488,0.745235,0.037000,1
79,143,0.475815,0.802202,0.038480,1
79,144,0.682291,0.791530,0.034040,1
80,0,0.099259,0.034040,0.034040,1
80,1,0.312706,0.035520,0.035520,1
80,2,0.743314,0.037000,0.037000,1
80,3,0.169327,0.038480,0.038480,1
80,4,0.451264,0.034040,0.034040,1
80,5,0.672821,0.035520,0.035520,1
80,6,0.244530,0.037000,0.037000,1
80,7,0.599653,0.038480,0.038480,1
80,8,0.890586,0.034040,0.034040,1
80,9,0.382808,0.035520,0.035520,1
80,10,0.636160,0.097905,0.037000,1
80,11,0.038480,0.170102,0.038480,1
80,12,0.277387,0.095538,0.034040,1
80,13,0.707833,0.097542,0.035520,1
80,14,0.037000,0.037000,0.037000,1
80,15,0.522188,0.038480,0.038480,1
80,16,0.814881,0.034040,0.034040,1
80,17,0.059547,0.101599,0.035520,1
80,18,0.853069,0.092005,0.037000,1
80,19,0.961520,0.038480,0.038480,1
80,20,0.208813,0.094465,0.034040,1
80,21,0.345745,0.093580,0.035520,1
80,22,0.131707,0.096461,0.037000,1
80,23,0.561956,0.099107,0.038480,1
80,24,0.923899,0.092162,0.034040,1
80,25,0.035520,0.243034,0.035520,1
80,26,0.417489,0.097001,0.037000,1
80,27,0.780349,0.096496,0.038480,1
80,28,0.307826,0.155816,0.034040,1
80,29,0.489851,0.102184,0.035520,1
80,30,0.963000,0.149712,0.037000,1
80,31,0.377749,0.158914,0.038480,1
80,32,0.743482,0.157635,0.034040,1
80,33,0.241604,0.154041,0.035520,1
80,34,0.963000,0.282901,0.037000,1
80,35,0.933073,0.217466,0.038480,1
80,36,0.103816,0.162379,0.034040,1
80,37,0.674150,0.159588,0.035520,1
80,38,0.891967,0.153645,0.037000,1
80,39,0.172846,0.228039,0.038480,1
80,40,0.820488,0.156529,0.034040,1
80,41,0.173021,0.154616,0.035520,1
80,42,0.273757,0.216764,0.037000,1
80,43,0.524642,0.167046,0.038480,1
80,44,0.344376,0.224046,0.034040,1
80,45,0.451900,0.161936,0.035520,1
80,46,0.782855,0.216172,0.037000,1
80,47,0.229625,0.278758,0.038480,1
80,48,0.485459,0.226471,0.034040,1
80,49,0.893218,0.279321,0.035520,1
80,50,0.414260,0.222361,0.037000,1
80,51,0.600046,0.163166,0.038480,1
80,52,0.100576,0.229730,0.034040,1
80,53,0.447574,0.284922,0.035520,1
80,54,0.856695,0.217231,0.037000,1
80,55,0.046648,0.314794,0.038480,1
80,56,0.564216,0.227724,0.034040,1
80,57,0.712048,0.218994,0.035520,1
80,58,0.304389,0.282170,0.037000,1
80,59,0.748392,0.282090,0.038480,1
80,60,0.821212,0.278346,0.034040,1
80,61,0.377852,0.285294,0.035520,1
80,62,0.640158,0.223608,0.037000,1
80,63,0.133789,0.293515,0.038480,1
80,64,0.523734,0.282323,0.034040,1
80,65,0.785938,0.344651,0.035520,1
80,66,0.189984,0.343402,0.037000,1
80,67,0.484192,0.347485,0.038480,1
80,68,0.926521,0.339484,0.034040,1
80,69,0.412123,0.347400,0.035520,1
80,70,0.674529,0.287619,0.037000,1
80,71,0.264800,0.346479,0.038480,1
80,72,0.445110,0.408596,0.034040,1
80,73,0.602981,0.285449,0.035520,1
80,74,0.339614,0.345565,0.037000,1
80,75,0.560104,0.344781,0.038480,1
80,76,0.854818,0.337038,0.034040,1
80,77,0.374202,0.407495,0.035520,1
80,78,0.819065,0.408558,0.037000,1
80,79,0.961520,0.402907,0.038480,1
80,80,0.408638,0.466171,0.034040,1
80,81,0.635167,0.348458,0.035520,1
80,82,0.037000,0.389234,0.037000,1
80,83,0.524252,0.412315,0.038480,1
80,84,0.888791,0.394457,0.034040,1
80,85,0.104219,0.360918,0.035520,1
80,86,0.477971,0.472054,0.037000,1
80,87,0.713657,0.351037,0.038480,1
80,88,0.157072,0.406070,0.034040,1
80,89,0.597541,0.407691,0.035520,1
80,90,0.746759,0.418346,0.037000,1
80,91,0.287083,0.481190,0.038480,1
80,92,0.688728,0.485599,0.034040,1
80,93,0.304096,0.409348,0.035520,1
80,94,0.620608,0.475455,0.037000,1
80,95,0.671357,0.415319,0.038480,1
80,96,0.093074,0.429013,0.034040,1
80,97,0.436142,0.530465,0.035520,1
80,98,0.757768,0.491136,0.037000,1
80,99,0.356459,0.513821,0.038480,1
80,100,0.720509,0.548792,0.034040,1
80,101,0.226628,0.409097,0.035520,1
80,102,0.385917,0.582792,0.037000,1
80,103,0.648477,0.544964,0.038480,1
80,104,0.139283,0.477775,0.034040,1
80,105,0.548493,0.481558,0.035520,1
80,106,0.963000,0.482098,0.037000,1
80,107,0.211594,0.481183,0.038480,1
80,108,0.575707,0.545069,0.034040,1
80,109,0.827555,0.479768,0.035520,1
80,110,0.242860,0.549698,0.037000,1
80,111,0.764166,0.606496,0.038480,1
80,112,0.034040,0.460711,0.034040,1
80,113,0.506658,0.539062,0.035520,1
80,114,0.898633,0.463773,0.037000,1
80,115,0.078903,0.516947,0.038480,1
80,116,0.536807,0.601794,0.034040,1
80,117,0.807360,0.546478,0.035520,1
80,118,0.312360,0.574908,0.037000,1
80,119,0.685643,0.612207,0.038480,1
80,120,0.875013,0.530476,0.034040,1
80,121,0.464039,0.595623,0.035520,1
80,122,0.607577,0.607858,0.037000,1
80,123,0.148311,0.549678,0.038480,1
80,124,0.491865,0.659325,0.034040,1
80,125,0.941852,0.549741,0.035520,1
80,126,0.196592,0.607496,0.037000,1
80,127,0.563843,0.669257,0.038480,1
80,128,0.730858,0.670016,0.034040,1
80,129,0.342178,0.640806,0.035520,1
80,130,0.641411,0.673196,0.037000,1
80,131,0.878832,0.602865,0.038480,1
80,132,0.416706,0.646510,0.034040,1
80,133,0.611703,0.739315,0.035520,1
80,134,0.266102,0.632665,0.037000,1
80,135,0.441504,0.714461,0.038480,1
80,136,0.690295,0.724540,0.034040,1
80,137,0.298942,0.697323,0.035520,1
80,138,0.515870,0.727373,0.037000,1
80,139,0.823116,0.655955,0.038480,1
80,140,0.369928,0.704536,0.034040,1
80,141,0.558304,0.786182,0.035520,1
80,142,0.226070,0.708052,0.037000,1
80,143,0.468741,0.786440,0.038480,1
80,144,0.690042,0.792620,0.034040,1
81,0,0.099281,0.034040,0.034040,1
81,1,0.312741,0.035520,0.035520,1
81,2,0.743325,0.037000,0.037000,1
81,3,0.169365,0.038480,0.038480,1
81,4,0.451317,0.034040,0.034040,1
81,5,0.672883,0.035520,0.035520,1
81,6,0.244660,0.037000,0.037000,1
81,7,0.599735,0.038480,0.038480,1
81,8,0.890648,0.034040,0.034040,1
81,9,0.382805,0.035520,0.035520,1
81,10,0.636261,0.097893,0.037000,1
81,11,0.038480,0.170064,0.038480,1
81,12,0.277421,0.095829,0.034040,1
81,13,0.707941,0.097666,0.035520,1
81,14,0.037000,0.037000,0.037000,1
81,15,0.522246,0.038480,0.038480,1
81,16,0.814876,0.034040,0.034040,1
81,17,0.059368,0.101580,0.035520,1
81,18,0.853078,0.091843,0.037000,1
81,19,0.961520,0.038480,0.038480,1
81,20,0.209086,0.094458,0.034040,1
81,21,0.345699,0.093538,0.035520,1
81,22,0.131476,0.096476,0.037000,1
81,23,0.562009,0.099012,0.038480,1
81,24,0.923936,0.092091,0.034040,1
81,25,0.035520,0.243001,0.035520,1
81,26,0.417480,0.096931,0.037000,1
81,27,0.780421,0.096530,0.038480,1
81,28,0.307773,0.156234,0.034040,1
81,29,0.489827,0.102035,0.035520,1
81,30,0.963000,0.149662,0.037000,1
81,31,0.377734,0.158819,0.038480,1
81,32,0.743695,0.157819,0.034040,1
81,33,0.241600,0.154183,0.035520,1
81,34,0.963000,0.282585,0.037000,1
81,35,0.932962,0.217347,0.038480,1
81,36,0.103864,0.162586,0.034040,1
81,37,0.674285,0.159568,0.035520,1
81,38,0.891891,0.153452,0.037000,1
81,39,0.173402,0.227819,0.038480,1
81,40,0.820345,0.156680,0.034040,1
81,41,0.173023,0.154358,0.035520,1
81,42,0.273460,0.217092,0.037000,1
81,43,0.524623,0.166832,0.038480,1
81,44,0.344180,0.223826,0.034040,1
81,45,0.451871,0.161821,0.035520,1
81,46,0.782921,0.216596,0.037000,1
81,47,0.229610,0.279288,0.038480,1
81,48,0.485594,0.226447,0.034040,1
81,49,0.893363,0.279321,0.035520,1
81,50,0.414248,0.222244,0.037000,1
81,51,0.600079,0.163102,0.038480,1
81,52,0.101007,0.229946,0.034040,1
81,53,0.447554,0.284684,0.035520,1
81,54,0.856855,0.217124,0.037000,1
81,55,0.048696,0.314436,0.038480,1
81,56,0.564036,0.227526,0.034040,1
81,57,0.712136,0.219060,0.035520,1
81,58,0.304414,0.282383,0.037000,1
81,59,0.748101,0.282527,0.038480,1
81,60,0.820750,0.277732,0.034040,1
81,61,0.377895,0.285340,0.035520,1
81,62,0.640255,0.223480,0.037000,1
81,63,0.134819,0.293339,0.038480,1
81,64,0.523835,0.282394,0.034040,1
81,65,0.785475,0.345348,0.035520,1
81,66,0.190242,0.344127,0.037000,1
81,67,0.484609,0.346858,0.038480,1
81,68,0.926983,0.339335,0.034040,1
81,69,0.412422,0.347360,0.035520,1
81,70,0.674357,0.287669,0.037000,1
81,71,0.265117,0.346894,0.038480,1
81,72,0.445962,0.408242,0.034040,1
81,73,0.602890,0.285108,0.035520,1
81,74,0.339839,0.345721,0.037000,1
81,75,0.560542,0.344708,0.038480,1
81,76,0.854157,0.336405,0.034040,1
81,77,0.374574,0.407503,0.035520,1
81,78,0.818888,0.409264,0.037000,1
81,79,0.961520,0.403019,0.038480,1
81,80,0.409488,0.465820,0.034040,1
81,81,0.634700,0.348338,0.035520,1
81,82,0.037000,0.388612,0.037000,1
81,83,0.524339,0.411876,0.038480,1
81,84,0.888277,0.393590,0.034040,1
81,85,0.105956,0.360906,0.035520,1
81,86,0.478836,0.471804,0.037000,1
81,87,0.713175,0.351333,0.038480,1
81,88,0.157886,0.407124,0.034040,1
81,89,0.597567,0.407947,0.035520,1
81,90,0.746642,0.418543,0.037000,1
81,91,0.279371,0.479425,0.038480,1
81,92,0.690086,0.485735,0.034040,1
81,93,0.304505,0.409836,0.035520,1
81,94,0.621765,0.475395,0.037000,1
81,95,0.671227,0.415840,0.038480,1
81,96,0.093602,0.428839,0.034040,1
81,97,0.436884,0.529883,0.035520,1
81,98,0.759299,0.491070,0.037000,1
81,99,0.351618,0.506418,0.038480,1
81,100,0.721570,0.548660,0.034040,1
81,101,0.227516,0.409750,0.035520,1
81,102,0.380918,0.575987,0.037000,1
81,103,0.649568,0.544980,0.038480,1
81,104,0.131065,0.484891,0.034040,1
81,105,0.549529,0.480852,0.035520,1
81,106,0.963000,0.486462,0.037000,1
81,107,0.203278,0.479254,0.038480,1
81,108,0.576957,0.544340,0.034040,1
81,109,0.829277,0.480385,0.035520,1
81,110,0.236546,0.546807,0.037000,1
81,111,0.765419,0.606181,0.038480,1
81,112,0.034040,0.459791,0.034040,1
81,113,0.507871,0.538526,0.035520,1
81,114,0.899862,0.462555,0.037000,1
81,115,0.069275,0.522444,0.038480,1
81,116,0.537300,0.601596,0.034040,1
81,117,0.810743,0.547682,0.035520,1
81,118,0.307677,0.567236,0.037000,1
81,119,0.686778,0.612163,0.038480,1
81,120,0.878035,0.529984,0.034040,1
81,121,0.464886,0.594627,0.035520,1
81,122,0.608033,0.607606,0.037000,1
81,123,0.137610,0.556891,0.038480,1
81,124,0.494315,0.657226,0.034040,1
81,125,0.945669,0.555234,0.035520,1
81,126,0.193539,0.607014,0.037000,1
81,127,0.565752,0.670130,0.038480,1
81,128,0.731213,0.669390,0.034040,1
81,129,0.336808,0.633510,0.035520,1
81,130,0.642111,0.672863,0.037000,1
81,131,0.888335,0.601777,0.038480,1
81,132,0.411916,0.639936,0.034040,1
81,133,0.607472,0.736526,0.035520,1
81,134,0.264537,0.627280,0.037000,1
81,135,0.441043,0.706384,0.038480,1
81,136,0.690999,0.724205,0.034040,1
81,137,0.296667,0.692294,0.035520,1
81,138,0.514471,0.725314,0.037000,1
81,139,0.828506,0.650185,0.038480,1
81,140,0.369444,0.694887,0.034040,1
81,141,0.555574,0.785062,0.035520,1
81,142,0.207503,0.679826,0.037000,1
81,143,0.462717,0.780293,0.038480,1
81,144,0.697623,0.791962,0.034040,1
82,0,0.099394,0.034040,0.034040,1
82,1,0.312872,0.035520,0.035520,1
82,2,0.743232,0.037000,0.037000,1
82,3,0.169506,0.038480,0.038480,1
82,4,0.451331,0.034040,0.034040,1
82,5,0.672850,0.035520,0.035520,1
82,6,0.244875,0.037000,0.037000,1
82,7,0.599734,0.038480,0.038480,1
82,8,0.890745,0.034040,0.034040,1
82,9,0.382882,0.035520,0.035520,1
82,10,0.636224,0.098045,0.037000,1
82,11,0.038480,0.170673,0.038480,1
82,12,0.277418,0.096338,0.034040,1
82,13,0.707836,0.097936,0.035520,1
82,14,0.037000,0.037000,0.037000,1
82,15,0.522226,0.038480,0.038480,1
82,16,0.814748,0.034040,0.034040,1
82,17,0.059106,0.101923,0.035520,1
82,18,0.853003,0.091667,0.037000,1
82,19,0.961520,0.038480,0.038480,1
82,20,0.209393,0.094685,0.034040,1
82,21,0.345669,0.093635,0.035520,1
82,22,0.131197,0.096565,0.037000,1
82,23,0.561869,0.099064,0.038480,1
82,24,0.923934,0.092194,0.034040,1
82,25,0.035520,0.243724,0.035520,1
82,26,0.417432,0.097096,0.037000,1
82,27,0.780285,0.096876,0.038480,1
82,28,0.307615,0.156958,0.034040,1
82,29,0.489740,0.102216,0.035520,1
82,30,0.963000,0.149923,0.037000,1
82,31,0.377666,0.158986,0.038480,1
82,32,0.743425,0.158193,0.034040,1
82,33,0.241524,0.154692,0.035520,1
82,34,0.963000,0.282258,0.037000,1
82,35,0.932327,0.217463,0.038480,1
82,36,0.103817,0.162805,0.034040,1
82,37,0.674229,0.159896,0.035520,1
82,38,0.891580,0.153392,0.037000,1
82,39,0.173845,0.227882,0.038480,1
82,40,0.820052,0.156976,0.034040,1
82,41,0.172940,0.154341,0.035520,1
82,42,0.273173,0.217873,0.037000,1
82,43,0.524518,0.167048,0.038480,1
82,44,0.343958,0.223890,0.034040,1
82,45,0.451757,0.162081,0.035520,1
82,46,0.782664,0.216928,0.037000,1
82,47,0.229437,0.280204,0.038480,1
82,48,0.485378,0.226609,0.034040,1
82,49,0.893047,0.279736,0.035520,1
82,50,0.414026,0.222567,0.037000,1
82,51,0.599917,0.163067,0.038480,1
82,52,0.101339,0.230173,0.034040,1
82,53,0.447485,0.284998,0.035520,1
82,54,0.856707,0.217248,0.037000,1
82,55,0.051350,0.314784,0.038480,1
82,56,0.564149,0.227628,0.034040,1
82,57,0.711969,0.219699,0.035520,1
82,58,0.304207,0.283233,0.037000,1
82,59,0.748070,0.283506,0.038480,1
82,60,0.820288,0.277388,0.034040,1
82,61,0.377595,0.285693,0.035520,1
82,62,0.639826,0.223512,0.037000,1
82,63,0.135364,0.293455,0.038480,1
82,64,0.523843,0.282406,0.034040,1
82,65,0.784573,0.347275,0.035520,1
82,66,0.190025,0.345149,0.037000,1
82,67,0.484176,0.347513,0.038480,1
82,68,0.927475,0.339358,0.034040,1
82,69,0.412293,0.347574,0.035520,1
82,70,0.674104,0.287408,0.037000,1
82,71,0.264980,0.347959,0.038480,1
82,72,0.445179,0.408869,0.034040,1
82,73,0.602705,0.285438,0.035520,1
82,74,0.339858,0.346497,0.037000,1
82,75,0.560157,0.344964,0.038480,1
82,76,0.852848,0.336171,0.034040,1
82,77,0.375211,0.408233,0.035520,1
82,78,0.818785,0.411068,0.037000,1
82,79,0.961520,0.403308,0.038480,1
82,80,0.408281,0.468045,0.034040,1
82,81,0.634813,0.348538,0.035520,1
82,82,0.037000,0.388666,0.037000,1
82,83,0.524154,0.412237,0.038480,1
82,84,0.887550,0.392789,0.034040,1
82,85,0.108196,0.361727,0.035520,1
82,86,0.478624,0.471821,0.037000,1
82,87,0.711960,0.351468,0.038480,1
82,88,0.159064,0.409021,0.034040,1
82,89,0.597418,0.408073,0.035520,1
82,90,0.746341,0.418086,0.037000,1
82,91,0.267413,0.474550,0.038480,1
82,92,0.691069,0.486181,0.034040,1
82,93,0.304952,0.410720,0.035520,1
82,94,0.621974,0.475490,0.037000,1
82,95,0.670923,0.416676,0.038480,1
82,96,0.094513,0.429645,0.034040,1
82,97,0.437474,0.530620,0.035520,1
82,98,0.760820,0.490114,0.037000,1
82,99,0.341731,0.494675,0.038480,1
82,100,0.721708,0.547143,0.034040,1
82,101,0.228635,0.411505,0.035520,1
82,102,0.374423,0.564809,0.037000,1
82,103,0.649762,0.545065,0.038480,1
82,104,0.120297,0.492387,0.034040,1
82,105,0.549973,0.480825,0.035520,1
82,106,0.963000,0.491956,0.037000,1
82,107,0.190582,0.474718,0.038480,1
82,108,0.577235,0.544663,0.034040,1
82,109,0.831446,0.482106,0.035520,1
82,110,0.229204,0.539300,0.037000,1
82,111,0.765616,0.604573,0.038480,1
82,112,0.034040,0.459511,0.034040,1
82,113,0.508010,0.538170,0.035520,1
82,114,0.901206,0.461170,0.037000,1
82,115,0.056508,0.528081,0.038480,1
82,116,0.538057,0.600809,0.034040,1
82,117,0.816157,0.550562,0.035520,1
82,118,0.300809,0.558075,0.037000,1
82,119,0.688362,0.611459,0.038480,1
82,120,0.882472,0.529426,0.034040,1
82,121,0.466019,0.595009,0.035520,1
82,122,0.608691,0.607961,0.037000,1
82,123,0.123838,0.564719,0.038480,1
82,124,0.498311,0.656008,0.034040,1
82,125,0.955717,0.563457,0.035520,1
82,126,0.189407,0.601551,0.037000,1
82,127,0.568863,0.672082,0.038480,1
82,128,0.732786,0.668709,0.034040,1
82,129,0.333189,0.624179,0.035520,1
82,130,0.644249,0.672561,0.037000,1
82,131,0.892289,0.601261,0.038480,1
82,132,0.405223,0.628832,0.034040,1
82,133,0.607714,0.735202,0.035520,1
82,134,0.260787,0.620330,0.037000,1
82,135,0.437366,0.694911,0.038480,1
82,136,0.693101,0.723939,0.034040,1
82,137,0.295081,0.684228,0.035520,1
82,138,0.515263,0.724993,0.037000,1
82,139,0.830058,0.646539,0.038480,1
82,140,0.365440,0.685737,0.034040,1
82,141,0.556603,0.784576,0.035520,1
82,142,0.195625,0.675360,0.037000,1
82,143,0.454622,0.769945,0.038480,1
82,144,0.706392,0.790709,0.034040,1
83,0,0.099410,0.034040,0.034040,1
83,1,0.312726,0.035520,0.035520,1
83,2,0.743173,0.037000,0.037000,1
83,3,0.169466,0.038480,0.038480,1
83,4,0.451149,0.034040,0.034040,1
83,5,0.672709,0.035520,0.035520,1
83,6,0.244702,0.037000,0.037000,1
83,7,0.599570,0.038480,0.038480,1
83,8,0.890766,0.034040,0.034040,1
83,9,0.382699,0.035520,0.035520,1
83,10,0.636114,0.098150,0.037000,1
83,11,0.038480,0.170551,0.038480,1
83,12,0.277290,0.096602,0.034040,1
83,13,0.707744,0.098086,0.035520,1
83,14,0.037000,0.037000,0.037000,1
83,15,0.522068,0.038480,0.038480,1
83,16,0.814690,0.034040,0.034040,1
83,17,0.059505,0.101854,0.035520,1
83,18,0.853043,0.091836,0.037000,1
83,19,0.961520,0.038480,0.038480,1
83,20,0.208917,0.095233,0.034040,1
83,21,0.345566,0.093806,0.035520,1
83,22,0.131734,0.096961,0.037000,1
83,23,0.561694,0.099185,0.038480,1
83,24,0.923943,0.092416,0.034040,1
83,25,0.035520,0.243578,0.035520,1
83,26,0.417311,0.097141,0.037000,1
83,27,0.780235,0.097100,0.038480,1
83,28,0.307649,0.157084,0.034040,1
83,29,0.489590,0.102411,0.035520,1
83,30,0.963000,0.150206,0.037000,1
83,31,0.377707,0.159205,0.038480,1
83,32,0.743272,0.158375,0.034040,1
83,33,0.241604,0.155052,0.035520,1
83,34,0.963000,0.283047,0.037000,1
83,35,0.932320,0.217792,0.038480,1
83,36,0.103781,0.162845,0.034040,1
83,37,0.674079,0.160063,0.035520,1
83,38,0.891568,0.153717,0.037000,1
83,39,0.173304,0.228912,0.038480,1
83,40,0.820018,0.157201,0.034040,1
83,41,0.172990,0.155377,0.035520,1
83,42,0.273605,0.218122,0.037000,1
83,43,0.524391,0.167253,0.038480,1
83,44,0.344150,0.224145,0.034040,1
83,45,0.451685,0.162340,0.035520,1
83,46,0.782519,0.217137,0.037000,1
83,47,0.230027,0.279949,0.038480,1
83,48,0.485301,0.226901,0.034040,1
83,49,0.892920,0.280009,0.035520,1
83,50,0.413939,0.223011,0.037000,1
83,51,0.599808,0.163159,0.038480,1
83,52,0.101010,0.230231,0.034040,1
83,53,0.447478,0.285448,0.035520,1
83,54,0.856565,0.217526,0.037000,1
83,55,0.045080,0.315821,0.038480,1
83,56,0.564088,0.227764,0.034040,1
83,57,0.711816,0.219894,0.035520,1
83,58,0.304687,0.283890,0.037000,1
83,59,0.747906,0.283754,0.038480,1
83,60,0.820098,0.277651,0.034040,1
83,61,0.377728,0.286418,0.035520,1
83,62,0.639639,0.223701,0.037000,1
83,63,0.133660,0.294405,0.038480,1
83,64,0.523869,0.282614,0.034040,1
83,65,0.784406,0.347629,0.035520,1
83,66,0.190188,0.343783,0.037000,1
83,67,0.484102,0.347919,0.038480,1
83,68,0.926667,0.340070,0.034040,1
83,69,0.412342,0.348309,0.035520,1
83,70,0.673828,0.287642,0.037000,1
83,71,0.265069,0.348082,0.038480,1
83,72,0.445478,0.409487,0.034040,1
83,73,0.602497,0.285646,0.035520,1
83,74,0.339985,0.347710,0.037000,1
83,75,0.560009,0.345278,0.038480,1
83,76,0.852706,0.336465,0.034040,1
83,77,0.376003,0.409452,0.035520,1
83,78,0.818027,0.411741,0.037000,1
83,79,0.961520,0.403580,0.038480,1
83,80,0.409261,0.469541,0.034040,1
83,81,0.634477,0.348863,0.035520,1
83,82,0.037000,0.390579,0.037000,1
83,83,0.524006,0.412644,0.038480,1
83,84,0.886707,0.393749,0.034040,1
83,85,0.102812,0.361641,0.035520,1
83,86,0.479642,0.472811,0.037000,1
83,87,0.711761,0.351597,0.038480,1
83,88,0.156341,0.405480,0.034040,1
83,89,0.597050,0.408444,0.035520,1
83,90,0.745781,0.418429,0.037000,1
83,91,0.262045,0.474051,0.038480,1
83,92,0.693693,0.485157,0.034040,1
83,93,0.304125,0.411416,0.035520,1
83,94,0.623456,0.475217,0.037000,1
83,95,0.670451,0.416597,0.038480,1
83,96,0.093901,0.430784,0.034040,1
83,97,0.438892,0.532169,0.035520,1
83,98,0.764314,0.489492,0.037000,1
83,99,0.338739,0.480016,0.038480,1
83,100,0.723722,0.546224,0.034040,1
83,101,0.225762,0.409818,0.035520,1
83,102,0.369005,0.549177,0.037000,1
83,103,0.651560,0.544691,0.038480,1
83,104,0.116766,0.494772,0.034040,1
83,105,0.551317,0.480752,0.035520,1
83,106,0.963000,0.503410,0.037000,1
83,107,0.185438,0.471606,0.038480,1
83,108,0.579062,0.544200,0.034040,1
83,109,0.835705,0.481804,0.035520,1
83,110,0.221675,0.537537,0.037000,1
83,111,0.768224,0.603119,0.038480,1
83,112,0.034040,0.461712,0.034040,1
83,113,0.509826,0.538593,0.035520,1
83,114,0.905498,0.461002,0.037000,1
83,115,0.044461,0.533308,0.038480,1
83,116,0.539492,0.601454,0.034040,1
83,117,0.820480,0.550760,0.035520,1
83,118,0.295542,0.541974,0.037000,1
83,119,0.690678,0.610735,0.038480,1
83,120,0.886666,0.529196,0.034040,1
83,121,0.468442,0.596061,0.035520,1
83,122,0.610189,0.607632,0.037000,1
83,123,0.113432,0.567158,0.038480,1
83,124,0.500366,0.657289,0.034040,1
83,125,0.964480,0.575862,0.035520,1
83,126,0.181579,0.599450,0.037000,1
83,127,0.571128,0.672297,0.038480,1
83,128,0.735651,0.667572,0.034040,1
83,129,0.327774,0.608761,0.035520,1
83,130,0.646515,0.671796,0.037000,1
83,131,0.895762,0.601093,0.038480,1
83,132,0.401032,0.612554,0.034040,1
83,133,0.610802,0.734909,0.035520,1
83,134,0.255395,0.604169,0.037000,1
83,135,0.431325,0.678449,0.038480,1
83,136,0.695831,0.722731,0.034040,1
83,137,0.289569,0.668676,0.035520,1
83,138,0.518089,0.726073,0.037000,1
83,139,0.832631,0.645108,0.038480,1
83,140,0.359218,0.670778,0.034040,1
83,141,0.560379,0.784986,0.035520,1
83,142,0.186841,0.673263,0.037000,1
83,143,0.447856,0.753619,0.038480,1
83,144,0.717317,0.787332,0.034040,1
84,0,0.099358,0.034040,0.034040,1
84,1,0.312835,0.035520,0.035520,1
84,2,0.743522,0.037000,0.037000,1
84,3,0.169465,0.038480,0.038480,1
84,4,0.451503,0.034040,0.034040,1
84,5,0.673049,0.035520,0.035520,1
84,6,0.244599,0.037000,0.037000,1
84,7,0.599973,0.038480,0.038480,1
84,8,0.890643,0.034040,0.034040,1
84,9,0.382921,0.035520,0.035520,1
84,10,0.636467,0.098328,0.037000,1
84,11,0.038480,0.172020,0.038480,1
84,12,0.277125,0.095005,0.034040,1
84,13,0.708032,0.098357,0.035520,1
84,14,0.037000,0.037000,0.037000,1
84,15,0.522512,0.038480,0.038480,1
84,16,0.815059,0.034040,0.034040,1
84,17,0.059198,0.102654,0.035520,1
84,18,0.853266,0.092294,0.037000,1
84,19,0.961520,0.038480,0.038480,1
84,20,0.209224,0.094353,0.034040,1
84,21,0.345908,0.093981,0.035520,1
84,22,0.131513,0.095923,0.037000,1
84,23,0.562351,0.099325,0.038480,1
84,24,0.923981,0.092539,0.034040,1
84,25,0.035520,0.244986,0.035520,1
84,26,0.417752,0.096948,0.037000,1
84,27,0.780488,0.097334,0.038480,1
84,28,0.308434,0.154450,0.034040,1
84,29,0.490223,0.102144,0.035520,1
84,30,0.963000,0.150139,0.037000,1
84,31,0.378349,0.159267,0.038480,1
84,32,0.743657,0.158638,0.034040,1
84,33,0.241719,0.154201,0.035520,1
84,34,0.963000,0.284477,0.037000,1
84,35,0.933324,0.217973,0.038480,1
84,36,0.103768,0.161433,0.034040,1
84,37,0.674344,0.160400,0.035520,1
84,38,0.891995,0.154242,0.037000,1
84,39,0.172164,0.227654,0.038480,1
84,40,0.820340,0.157439,0.034040,1
84,41,0.173018,0.154184,0.035520,1
84,42,0.275587,0.215921,0.037000,1
84,43,0.524923,0.167122,0.038480,1
84,44,0.345708,0.224464,0.034040,1
84,45,0.452327,0.161711,0.035520,1
84,46,0.782846,0.217499,0.037000,1
84,47,0.230693,0.276349,0.038480,1
84,48,0.486748,0.227257,0.034040,1
84,49,0.893487,0.279755,0.035520,1
84,50,0.415395,0.222761,0.037000,1
84,51,0.600477,0.163566,0.038480,1
84,52,0.099841,0.228591,0.034040,1
84,53,0.448399,0.285372,0.035520,1
84,54,0.856694,0.217853,0.037000,1
84,55,0.038480,0.317989,0.038480,1
84,56,0.564455,0.227858,0.034040,1
84,57,0.712098,0.219967,0.035520,1
84,58,0.305921,0.282076,0.037000,1
84,59,0.748041,0.283545,0.038480,1
84,60,0.820599,0.278570,0.034040,1
84,61,0.378778,0.285898,0.035520,1
84,62,0.640179,0.224691,0.037000,1
84,63,0.132186,0.292515,0.038480,1
84,64,0.524979,0.283167,0.034040,1
84,65,0.785906,0.346417,0.035520,1
84,66,0.190005,0.340205,0.037000,1
84,67,0.484357,0.348052,0.038480,1
84,68,0.924996,0.341001,0.034040,1
84,69,0.412491,0.348231,0.035520,1
84,70,0.673795,0.289302,0.037000,1
84,71,0.264862,0.344412,0.038480,1
84,72,0.445403,0.409525,0.034040,1
84,73,0.602319,0.286168,0.035520,1
84,74,0.340169,0.346747,0.037000,1
84,75,0.560306,0.346248,0.038480,1
84,76,0.854602,0.337049,0.034040,1
84,77,0.375911,0.409220,0.035520,1
84,78,0.817229,0.411532,0.037000,1
84,79,0.961520,0.403366,0.038480,1
84,80,0.407856,0.470543,0.034040,1
84,81,0.634286,0.350329,0.035520,1
84,82,0.037000,0.393224,0.037000,1
84,83,0.523504,0.413039,0.038480,1
84,84,0.886359,0.396131,0.034040,1
84,85,0.099063,0.358604,0.035520,1
84,86,0.478375,0.472589,0.037000,1
84,87,0.713751,0.352351,0.038480,1
84,88,0.153615,0.400788,0.034040,1
84,89,0.596603,0.410013,0.035520,1
84,90,0.745258,0.420756,0.037000,1
84,91,0.259343,0.468779,0.038480,1
84,92,0.697631,0.482489,0.034040,1
84,93,0.301814,0.407792,0.035520,1
84,94,0.625731,0.475852,0.037000,1
84,95,0.670194,0.415347,0.038480,1
84,96,0.094122,0.432754,0.034040,1
84,97,0.438764,0.532876,0.035520,1
84,98,0.771264,0.489762,0.037000,1
84,99,0.336343,0.472456,0.038480,1
84,100,0.726479,0.544132,0.034040,1
84,101,0.222912,0.404944,0.035520,1
84,102,0.367247,0.540831,0.037000,1
84,103,0.654262,0.545096,0.038480,1
84,104,0.116774,0.496872,0.034040,1
84,105,0.553645,0.479776,0.035520,1
84,106,0.963000,0.514214,0.037000,1
84,107,0.182775,0.466874,0.038480,1
84,108,0.581777,0.542895,0.034040,1
84,109,0.842706,0.479175,0.035520,1
84,110,0.219560,0.532439,0.037000,1
84,111,0.772335,0.600065,0.038480,1
84,112,0.034040,0.464132,0.034040,1
84,113,0.511340,0.536999,0.035520,1
84,114,0.913184,0.460944,0.037000,1
84,115,0.038480,0.536451,0.038480,1
84,116,0.540773,0.599956,0.034040,1
84,117,0.824681,0.547737,0.035520,1
84,118,0.293495,0.535876,0.037000,1
84,119,0.695516,0.609912,0.038480,1
84,120,0.891777,0.528417,0.034040,1
84,121,0.471325,0.595508,0.035520,1
84,122,0.611304,0.606957,0.037000,1
84,123,0.107814,0.568801,0.038480,1
84,124,0.503365,0.656843,0.034040,1
84,125,0.964480,0.586715,0.035520,1
84,126,0.178860,0.594149,0.037000,1
84,127,0.574040,0.672704,0.038480,1
84,128,0.741822,0.665697,0.034040,1
84,129,0.325910,0.600549,0.035520,1
84,130,0.649616,0.669916,0.037000,1
84,131,0.892323,0.600867,0.038480,1
84,132,0.402201,0.602333,0.034040,1
84,133,0.615576,0.733987,0.035520,1
84,134,0.253418,0.598183,0.037000,1
84,135,0.432091,0.668289,0.038480,1
84,136,0.700236,0.719561,0.034040,1
84,137,0.289007,0.661370,0.035520,1
84,138,0.519620,0.725988,0.037000,1
84,139,0.831988,0.648643,0.038480,1
84,140,0.359957,0.661180,0.034040,1
84,141,0.564266,0.783136,0.035520,1
84,142,0.180035,0.668140,0.037000,1
84,143,0.446351,0.743918,0.038480,1
84,144,0.731247,0.780167,0.034040,1
85,0,0.099495,0.034040,0.034040,1
85,1,0.313176,0.035520,0.035520,1
85,2,0.744079,0.037000,0.037000,1
85,3,0.169647,0.038480,0.038480,1
85,4,0.451991,0.034040,0.034040,1
85,5,0.673560,0.035520,0.035520,1
85,6,0.244749,0.037000,0.037000,1
85,7,0.600463,0.038480,0.038480,1
85,8,0.890571,0.034040,0.034040,1
85,9,0.383395,0.035520,0.035520,1
85,10,0.636872,0.098427,0.037000,1
85,11,0.038480,0.171784,0.038480,1
85,12,0.277707,0.094552,0.034040,1
85,13,0.708390,0.098211,0.035520,1
85,14,0.037000,0.037000,0.037000,1
85,15,0.523051,0.038480,0.038480,1
85,16,0.815643,0.034040,0.034040,1
85,17,0.059616,0.102517,0.035520,1
85,18,0.853620,0.092666,0.037000,1
85,19,0.961520,0.038480,0.038480,1
85,20,0.209134,0.094043,0.034040,1
85,21,0.346475,0.093697,0.035520,1
85,22,0.131952,0.095709,0.037000,1
85,23,0.562904,0.099470,0.038480,1
85,24,0.924258,0.092883,0.034040,1
85,25,0.035520,0.244726,0.035520,1
85,26,0.418323,0.096663,0.037000,1
85,27,0.780811,0.097312,0.038480,1
85,28,0.308966,0.153976,0.034040,1
85,29,0.490823,0.102191,0.035520,1
85,30,0.963000,0.150617,0.037000,1
85,31,0.378854,0.158855,0.038480,1
85,32,0.743870,0.158470,0.034040,1
85,33,0.242055,0.153591,0.035520,1
85,34,0.963000,0.285697,0.037000,1
85,35,0.933466,0.218478,0.038480,1
85,36,0.103991,0.161040,0.034040,1
85,37,0.674746,0.160496,0.035520,1
85,38,0.892271,0.154687,0.037000,1
85,39,0.171827,0.227493,0.038480,1
85,40,0.820702,0.157407,0.034040,1
85,41,0.173278,0.154072,0.035520,1
85,42,0.275865,0.215284,0.037000,1
85,43,0.525448,0.167281,0.038480,1
85,44,0.345979,0.223939,0.034040,1
85,45,0.452895,0.161647,0.035520,1
85,46,0.783034,0.217141,0.037000,1
85,47,0.230795,0.275528,0.038480,1
85,48,0.487060,0.227231,0.034040,1
85,49,0.892565,0.280060,0.035520,1
85,50,0.415663,0.222403,0.037000,1
85,51,0.601042,0.163786,0.038480,1
85,52,0.099539,0.228166,0.034040,1
85,53,0.448357,0.285074,0.035520,1
85,54,0.856594,0.218147,0.037000,1
85,55,0.038480,0.317709,0.038480,1
85,56,0.565048,0.228055,0.034040,1
85,57,0.712446,0.219995,0.035520,1
85,58,0.306040,0.281515,0.037000,1
85,59,0.748812,0.283110,0.038480,1
85,60,0.821721,0.279898,0.034040,1
85,61,0.378836,0.285435,0.035520,1
85,62,0.640656,0.225100,0.037000,1
85,63,0.131711,0.292126,0.038480,1
85,64,0.525314,0.283168,0.034040,1
85,65,0.786952,0.345482,0.035520,1
85,66,0.189935,0.339327,0.037000,1
85,67,0.484447,0.347568,0.038480,1
85,68,0.923639,0.341289,0.034040,1
85,69,0.412451,0.347794,0.035520,1
85,70,0.674406,0.289743,0.037000,1
85,71,0.264824,0.343565,0.038480,1
85,72,0.445395,0.408992,0.034040,1
85,73,0.602843,0.286528,0.035520,1
85,74,0.340176,0.346322,0.037000,1
85,75,0.560451,0.346384,0.038480,1
85,76,0.855796,0.338878,0.034040,1
85,77,0.375968,0.408936,0.035520,1
85,78,0.817458,0.410697,0.037000,1
85,79,0.961520,0.401603,0.038480,1
85,80,0.407333,0.470731,0.034040,1
85,81,0.634328,0.350281,0.035520,1
85,82,0.037000,0.393039,0.037000,1
85,83,0.523346,0.412655,0.038480,1
85,84,0.887545,0.398723,0.034040,1
85,85,0.098760,0.358209,0.035520,1
85,86,0.477785,0.472272,0.037000,1
85,87,0.715012,0.352485,0.038480,1
85,88,0.153456,0.399979,0.034040,1
85,89,0.596877,0.410370,0.035520,1
85,90,0.745521,0.421333,0.037000,1
85,91,0.258859,0.467978,0.038480,1
85,92,0.704045,0.479302,0.034040,1
85,93,0.301432,0.406997,0.035520,1
85,94,0.626999,0.475976,0.037000,1
85,95,0.670608,0.414798,0.038480,1
85,96,0.094181,0.432384,0.034040,1
85,97,0.438568,0.533090,0.035520,1
85,98,0.776601,0.488210,0.037000,1
85,99,0.335874,0.471625,0.038480,1
85,100,0.731002,0.541898,0.034040,1
85,101,0.222732,0.404067,0.035520,1
85,102,0.366793,0.539905,0.037000,1
85,103,0.658735,0.543838,0.038480,1
85,104,0.116598,0.496583,0.034040,1
85,105,0.554998,0.478443,0.035520,1
85,106,0.963000,0.520135,0.037000,1
85,107,0.182374,0.466096,0.038480,1
85,108,0.586489,0.539913,0.034040,1
85,109,0.847645,0.476034,0.035520,1
85,110,0.219147,0.531628,0.037000,1
85,111,0.776674,0.598152,0.038480,1
85,112,0.034040,0.463900,0.034040,1
85,113,0.512767,0.535487,0.035520,1
85,114,0.919060,0.461861,0.037000,1
85,115,0.038480,0.536232,0.038480,1
85,116,0.543824,0.597560,0.034040,1
85,117,0.825998,0.543138,0.035520,1
85,118,0.293076,0.535035,0.037000,1
85,119,0.700789,0.608063,0.038480,1
85,120,0.893953,0.527971,0.034040,1
85,121,0.473617,0.594628,0.035520,1
85,122,0.614295,0.604755,0.037000,1
85,123,0.107890,0.568537,0.038480,1
85,124,0.507502,0.655031,0.034040,1
85,125,0.964480,0.592649,0.035520,1
85,126,0.179004,0.593722,0.037000,1
85,127,0.578146,0.671171,0.038480,1
85,128,0.747135,0.663811,0.034040,1
85,129,0.325477,0.599697,0.035520,1
85,130,0.653681,0.666993,0.037000,1
85,131,0.891193,0.600364,0.038480,1
85,132,0.404301,0.599800,0.034040,1
85,133,0.620875,0.731672,0.035520,1
85,134,0.252997,0.597357,0.037000,1
85,135,0.435984,0.664904,0.038480,1
85,136,0.704248,0.716686,0.034040,1
85,137,0.288594,0.660539,0.035520,1
85,138,0.520183,0.724905,0.037000,1
85,139,0.832932,0.650648,0.038480,1
85,140,0.363861,0.657668,0.034040,1
85,141,0.568156,0.779290,0.035520,1
85,142,0.174138,0.667562,0.037000,1
85,143,0.446525,0.741141,0.038480,1
85,144,0.749022,0.767971,0.034040,1
86,0,0.099580,0.034040,0.034040,1
86,1,0.313292,0.035520,0.035520,1
86,2,0.744318,0.037000,0.037000,1
86,3,0.169748,0.038480,0.038480,1
86,4,0.452124,0.034040,0.034040,1
86,5,0.673731,0.035520,0.035520,1
86,6,0.244828,0.037000,0.037000,1
86,7,0.600573,0.038480,0.038480,1
86,8,0.890612,0.034040,0.034040,1
86,9,0.383511,0.035520,0.035520,1
86,10,0.636964,0.098139,0.037000,1
86,11,0.038480,0.171566,0.038480,1
86,12,0.277849,0.094457,0.034040,1
86,13,0.708557,0.097808,0.035520,1
86,14,0.037000,0.037000,0.037000,1
86,15,0.523179,0.038480,0.038480,1
86,16,0.815912,0.034040,0.034040,1
86,17,0.059811,0.102393,0.035520,1
86,18,0.854001,0.092329,0.037000,1
86,19,0.961520,0.038480,0.038480,1
86,20,0.209212,0.094054,0.034040,1
86,21,0.346623,0.093723,0.035520,1
86,22,0.132152,0.095738,0.037000,1
86,23,0.562973,0.099266,0.038480,1
86,24,0.924410,0.093347,0.034040,1
86,25,0.035520,0.244517,0.035520,1
86,26,0.418458,0.096630,0.037000,1
86,27,0.781042,0.097057,0.038480,1
86,28,0.309199,0.153800,0.034040,1
86,29,0.490963,0.102054,0.035520,1
86,30,0.963000,0.151206,0.037000,1
86,31,0.379072,0.158877,0.038480,1
86,32,0.743883,0.158031,0.034040,1
86,33,0.242260,0.153553,0.035520,1
86,34,0.963000,0.286520,0.037000,1
86,35,0.933379,0.219195,0.038480,1
86,36,0.104146,0.161039,0.034040,1
86,37,0.674735,0.160120,0.035520,1
86,38,0.892530,0.155136,0.037000,1
86,39,0.171952,0.227555,0.038480,1
86,40,0.820999,0.157247,0.034040,1
86,41,0.173440,0.154126,0.035520,1
86,42,0.276228,0.215175,0.037000,1
86,43,0.525531,0.167153,0.038480,1
86,44,0.346328,0.223923,0.034040,1
86,45,0.453052,0.161511,0.035520,1
86,46,0.783015,0.216606,0.037000,1
86,47,0.231115,0.275351,0.038480,1
86,48,0.487408,0.227258,0.034040,1
86,49,0.892035,0.280452,0.035520,1
86,50,0.416020,0.222411,0.037000,1
86,51,0.601026,0.163490,0.038480,1
86,52,0.099650,0.228167,0.034040,1
86,53,0.448727,0.285115,0.035520,1
86,54,0.856537,0.218279,0.037000,1
86,55,0.038480,0.317512,0.038480,1
86,56,0.565111,0.227902,0.034040,1
86,57,0.712392,0.219540,0.035520,1
86,58,0.306396,0.281448,0.037000,1
86,59,0.748801,0.282458,0.038480,1
86,60,0.821792,0.280122,0.034040,1
86,61,0.379182,0.285427,0.035520,1
86,62,0.640553,0.224640,0.037000,1
86,63,0.131805,0.292117,0.038480,1
86,64,0.525634,0.283230,0.034040,1
86,65,0.786492,0.345026,0.035520,1
86,66,0.190199,0.339113,0.037000,1
86,67,0.484878,0.347615,0.038480,1
86,68,0.922853,0.341824,0.034040,1
86,69,0.412806,0.347790,0.035520,1
86,70,0.674280,0.289036,0.037000,1
86,71,0.265108,0.343408,0.038480,1
86,72,0.445761,0.409007,0.034040,1
86,73,0.602916,0.286292,0.035520,1
86,74,0.340481,0.346296,0.037000,1
86,75,0.560938,0.346384,0.038480,1
86,76,0.855196,0.339383,0.034040,1
86,77,0.376328,0.408910,0.035520,1
86,78,0.818217,0.409629,0.037000,1
86,79,0.961520,0.401238,0.038480,1
86,80,0.407554,0.470810,0.034040,1
86,81,0.634860,0.350269,0.035520,1
86,82,0.037000,0.392819,0.037000,1
86,83,0.523779,0.412718,0.038480,1
86,84,0.888827,0.400753,0.034040,1
86,85,0.098744,0.358133,0.035520,1
86,86,0.478062,0.472361,0.037000,1
86,87,0.714555,0.351541,0.038480,1
86,88,0.153598,0.399712,0.034040,1
86,89,0.597375,0.410289,0.035520,1
86,90,0.746004,0.419549,0.037000,1
86,91,0.259019,0.467844,0.038480,1
86,92,0.705973,0.478745,0.034040,1
86,93,0.301584,0.406806,0.035520,1
86,94,0.627430,0.475921,0.037000,1
86,95,0.671219,0.414846,0.038480,1
86,96,0.094184,0.431998,0.034040,1
86,97,0.438795,0.533165,0.035520,1
86,98,0.778832,0.485122,0.037000,1
86,99,0.336036,0.471333,0.038480,1
86,100,0.736009,0.540998,0.034040,1
86,101,0.222878,0.403908,0.035520,1
86,102,0.366933,0.539516,0.037000,1
86,103,0.663547,0.541511,0.038480,1
86,104,0.116676,0.496167,0.034040,1
86,105,0.555572,0.478420,0.035520,1
86,106,0.963000,0.523426,0.037000,1
86,107,0.182523,0.465834,0.038480,1
86,108,0.591450,0.537555,0.034040,1
86,109,0.849985,0.474259,0.035520,1
86,110,0.219240,0.531402,0.037000,1
86,111,0.780324,0.598479,0.038480,1
86,112,0.034040,0.463658,0.034040,1
86,113,0.513499,0.535397,0.035520,1
86,114,0.921997,0.463121,0.037000,1
86,115,0.038480,0.535996,0.038480,1
86,116,0.548591,0.595368,0.034040,1
86,117,0.825830,0.540497,0.035520,1
86,118,0.293320,0.534894,0.037000,1
86,119,0.704392,0.606355,0.038480,1
86,120,0.894331,0.528023,0.034040,1
86,121,0.474424,0.594419,0.035520,1
86,122,0.619140,0.602614,0.037000,1
86,123,0.108000,0.568124,0.038480,1
86,124,0.511810,0.652664,0.034040,1
86,125,0.964480,0.595943,0.035520,1
86,126,0.179068,0.593473,0.037000,1
86,127,0.582363,0.668660,0.038480,1
86,128,0.749243,0.663314,0.034040,1
86,129,0.325871,0.599560,0.035520,1
86,130,0.657772,0.665447,0.037000,1
86,131,0.890904,0.600373,0.038480,1
86,132,0.405167,0.598799,0.034040,1
86,133,0.624292,0.729743,0.035520,1
86,134,0.253157,0.597108,0.037000,1
86,135,0.440294,0.662095,0.038480,1
86,136,0.706882,0.716670,0.034040,1
86,137,0.288812,0.660257,0.035520,1
86,138,0.519367,0.723312,0.037000,1
86,139,0.834694,0.652940,0.038480,1
86,140,0.367257,0.655520,0.034040,1
86,141,0.569854,0.775373,0.035520,1
86,142,0.167549,0.666571,0.037000,1
86,143,0.445563,0.738879,0.038480,1
86,144,0.768659,0.745277,0.034040,1
87,0,0.099585,0.034040,0.034040,1
87,1,0.313241,0.035520,0.035520,1
87,2,0.744456,0.037000,0.037000,1
87,3,0.169751,0.038480,0.038480,1
87,4,0.452031,0.034040,0.034040,1
87,5,0.673741,0.035520,0.035520,1
87,6,0.244821,0.037000,0.037000,1
87,7,0.600484,0.038480,0.038480,1
87,8,0.890562,0.034040,0.034040,1
87,9,0.383400,0.035520,0.035520,1
87,10,0.636884,0.097846,0.037000,1
87,11,0.038480,0.171434,0.038480,1
87,12,0.277745,0.094492,0.034040,1
87,13,0.708547,0.097468,0.035520,1
87,14,0.037000,0.037000,0.037000,1
87,15,0.523078,0.038480,0.038480,1
87,16,0.816111,0.034040,0.034040,1
87,17,0.059857,0.102317,0.035520,1
87,18,0.854224,0.092585,0.037000,1
87,19,0.961520,0.038480,0.038480,1
87,20,0.209264,0.094125,0.034040,1
87,21,0.346526,0.093877,0.035520,1
87,22,0.132196,0.095773,0.037000,1
87,23,0.562772,0.099057,0.038480,1
87,24,0.924683,0.093686,0.034040,1
87,25,0.035520,0.244389,0.035520,1
87,26,0.418350,0.096702,0.037000,1
87,27,0.781108,0.096838,0.038480,1
87,28,0.309205,0.153768,0.034040,1
87,29,0.490847,0.101972,0.035520,1
87,30,0.963000,0.151743,0.037000,1
87,31,0.379091,0.159079,0.038480,1
87,32,0.743737,0.157656,0.034040,1
87,33,0.242288,0.153671,0.035520,1
87,34,0.963000,0.287282,0.037000,1
87,35,0.933294,0.219700,0.038480,1
87,36,0.104167,0.161078,0.034040,1
87,37,0.674551,0.159767,0.035520,1
87,38,0.892729,0.155465,0.037000,1
87,39,0.172131,0.227627,0.038480,1
87,40,0.821200,0.156889,0.034040,1
87,41,0.173459,0.154176,0.035520,1
87,42,0.276393,0.215246,0.037000,1
87,43,0.525395,0.167094,0.038480,1
87,44,0.346491,0.224074,0.034040,1
87,45,0.452962,0.161473,0.035520,1
87,46,0.783037,0.216055,0.037000,1
87,47,0.231323,0.275450,0.038480,1
87,48,0.487517,0.227376,0.034040,1
87,49,0.891829,0.280922,0.035520,1
87,50,0.416220,0.222636,0.037000,1
87,51,0.600777,0.163103,0.038480,1
87,52,0.099797,0.228215,0.034040,1
87,53,0.449054,0.285431,0.035520,1
87,54,0.856597,0.218501,0.037000,1
87,55,0.038480,0.317398,0.038480,1
87,56,0.565087,0.227754,0.034040,1
87,57,0.712213,0.219148,0.035520,1
87,58,0.306572,0.281541,0.037000,1
87,59,0.748809,0.281836,0.038480,1
87,60,0.821744,0.280180,0.034040,1
87,61,0.379382,0.285580,0.035520,1
87,62,0.640230,0.224034,0.037000,1
87,63,0.131957,0.292157,0.038480,1
87,64,0.525844,0.283240,0.034040,1
87,65,0.785912,0.344884,0.035520,1
87,66,0.190366,0.339154,0.037000,1
87,67,0.485118,0.348164,0.038480,1
87,68,0.922165,0.342632,0.034040,1
87,69,0.412951,0.347994,0.035520,1
87,70,0.674141,0.288001,0.037000,1
87,71,0.265273,0.343589,0.038480,1
87,72,0.445746,0.409296,0.034040,1
87,73,0.602929,0.286094,0.035520,1
87,74,0.340621,0.346373,0.037000,1
87,75,0.561174,0.346336,0.038480,1
87,76,0.854608,0.339702,0.034040,1
87,77,0.376309,0.409028,0.035520,1
87,78,0.819124,0.408772,0.037000,1
87,79,0.961520,0.401521,0.038480,1
87,80,0.407843,0.470713,0.034040,1
87,81,0.635146,0.349725,0.035520,1
87,82,0.037000,0.392683,0.037000,1
87,83,0.524495,0.413140,0.038480,1
87,84,0.890072,0.402720,0.034040,1
87,85,0.098768,0.358115,0.035520,1
87,86,0.478405,0.472457,0.037000,1
87,87,0.714006,0.350268,0.038480,1
87,88,0.153676,0.399659,0.034040,1
87,89,0.598022,0.409887,0.035520,1
87,90,0.746693,0.417345,0.037000,1
87,91,0.259222,0.467947,0.038480,1
87,92,0.708159,0.477698,0.034040,1
87,93,0.301842,0.407024,0.035520,1
87,94,0.628208,0.475366,0.037000,1
87,95,0.672095,0.414422,0.038480,1
87,96,0.094155,0.431794,0.034040,1
87,97,0.438930,0.533053,0.035520,1
87,98,0.780403,0.482159,0.037000,1
87,99,0.336231,0.471689,0.038480,1
87,100,0.739894,0.539941,0.034040,1
87,101,0.222983,0.404001,0.035520,1
87,102,0.367166,0.539971,0.037000,1
87,103,0.667133,0.539085,0.038480,1
87,104,0.116727,0.495933,0.034040,1
87,105,0.556834,0.478710,0.035520,1
87,106,0.963000,0.525865,0.037000,1
87,107,0.182651,0.465771,0.038480,1
87,108,0.593876,0.537274,0.034040,1
87,109,0.851797,0.473142,0.035520,1
87,110,0.219220,0.531421,0.037000,1
87,111,0.782892,0.598485,0.038480,1
87,112,0.034040,0.463532,0.034040,1
87,113,0.514493,0.535173,0.035520,1
87,114,0.924025,0.464621,0.037000,1
87,115,0.038480,0.535876,0.038480,1
87,116,0.553685,0.592601,0.034040,1
87,117,0.825667,0.538607,0.035520,1
87,118,0.293508,0.534984,0.037000,1
87,119,0.706745,0.604451,0.038480,1
87,120,0.894565,0.528650,0.034040,1
87,121,0.475269,0.593811,0.035520,1
87,122,0.624142,0.601331,0.037000,1
87,123,0.108109,0.567896,0.038480,1
87,124,0.516036,0.649710,0.034040,1
87,125,0.964480,0.598381,0.035520,1
87,126,0.179092,0.593533,0.037000,1
87,127,0.586336,0.666741,0.038480,1
87,128,0.750129,0.662323,0.034040,1
87,129,0.325838,0.599763,0.035520,1
87,130,0.661847,0.664827,0.037000,1
87,131,0.890785,0.600989,0.038480,1
87,132,0.406069,0.598964,0.034040,1
87,133,0.627283,0.728507,0.035520,1
87,134,0.253192,0.597094,0.037000,1
87,135,0.443560,0.660878,0.038480,1
87,136,0.709783,0.717256,0.034040,1
87,137,0.288630,0.660366,0.035520,1
87,138,0.516279,0.720749,0.037000,1
87,139,0.835567,0.654597,0.038480,1
87,140,0.367756,0.655329,0.034040,1
87,141,0.569584,0.769919,0.035520,1
87,142,0.158987,0.664750,0.037000,1
87,143,0.442810,0.737841,0.038480,1
87,144,0.787206,0.719421,0.034040,1
88,0,0.099552,0.034040,0.034040,1
88,1,0.313139,0.035520,0.035520,1
88,2,0.744434,0.037000,0.037000,1
88,3,0.169701,0.038480,0.038480,1
88,4,0.451875,0.034040,0.034040,1
88,5,0.673668,0.035520,0.035520,1
88,6,0.244771,0.037000,0.037000,1
88,7,0.600301,0.038480,0.038480,1
88,8,0.890484,0.034040,0.034040,1
88,9,0.383231,0.035520,0.035520,1
88,10,0.636693,0.097487,0.037000,1
88,11,0.038480,0.171543,0.038480,1
88,12,0.277583,0.094605,0.034040,1
88,13,0.708419,0.096898,0.035520,1
88,14,0.037000,0.037000,0.037000,1
88,15,0.522905,0.038480,0.038480,1
88,16,0.816328,0.034040,0.034040,1
88,17,0.059744,0.102377,0.035520,1
88,18,0.854314,0.092826,0.037000,1
88,19,0.961520,0.038480,0.038480,1
88,20,0.209311,0.094245,0.034040,1
88,21,0.346368,0.094021,0.035520,1
88,22,0.132085,0.095876,0.037000,1
88,23,0.562520,0.098857,0.038480,1
88,24,0.924812,0.093924,0.034040,1
88,25,0.035520,0.244518,0.035520,1
88,26,0.418180,0.096765,0.037000,1
88,27,0.781051,0.096344,0.038480,1
88,28,0.309135,0.153843,0.034040,1
88,29,0.490680,0.101899,0.035520,1
88,30,0.963000,0.152057,0.037000,1
88,31,0.379043,0.159265,0.038480,1
88,32,0.743498,0.157005,0.034040,1
88,33,0.242255,0.153879,0.035520,1
88,34,0.963000,0.287610,0.037000,1
88,35,0.933244,0.219995,0.038480,1
88,36,0.104150,0.161239,0.034040,1
88,37,0.674292,0.159281,0.035520,1
88,38,0.892848,0.155712,0.037000,1
88,39,0.172254,0.227729,0.038480,1
88,40,0.821361,0.156172,0.034040,1
88,41,0.173430,0.154253,0.035520,1
88,42,0.276492,0.215430,0.037000,1
88,43,0.525228,0.167042,0.038480,1
88,44,0.346613,0.224260,0.034040,1
88,45,0.452837,0.161427,0.035520,1
88,46,0.783035,0.215153,0.037000,1
88,47,0.231418,0.275658,0.038480,1
88,48,0.487643,0.227507,0.034040,1
88,49,0.891692,0.281095,0.035520,1
88,50,0.416379,0.222805,0.037000,1
88,51,0.600502,0.162743,0.038480,1
88,52,0.099905,0.228391,0.034040,1
88,53,0.449300,0.285642,0.035520,1
88,54,0.856570,0.218677,0.037000,1
88,55,0.038480,0.317544,0.038480,1
88,56,0.565046,0.227622,0.034040,1
88,57,0.712018,0.218521,0.035520,1
88,58,0.306751,0.281709,0.037000,1
88,59,0.748871,0.280889,0.038480,1
88,60,0.821800,0.280350,0.034040,1
88,61,0.379589,0.285753,0.035520,1
88,62,0.639961,0.223449,0.037000,1
88,63,0.132113,0.292342,0.038480,1
88,64,0.526072,0.283305,0.034040,1
88,65,0.785649,0.344169,0.035520,1
88,66,0.190518,0.339364,0.037000,1
88,67,0.485437,0.348425,0.038480,1
88,68,0.921865,0.342953,0.034040,1
88,69,0.413222,0.348180,0.035520,1
88,70,0.674047,0.287040,0.037000,1
88,71,0.265481,0.343799,0.038480,1
88,72,0.446035,0.409534,0.034040,1
88,73,0.602991,0.285883,0.035520,1
88,74,0.340847,0.346521,0.037000,1
88,75,0.561524,0.346333,0.038480,1
88,76,0.854360,0.340022,0.034040,1
88,77,0.376567,0.409165,0.035520,1
88,78,0.819620,0.407712,0.037000,1
88,79,0.961520,0.401289,0.038480,1
88,80,0.408271,0.470776,0.034040,1
88,81,0.635477,0.349285,0.035520,1
88,82,0.037000,0.392795,0.037000,1
88,83,0.525092,0.413280,0.038480,1
88,84,0.890677,0.403438,0.034040,1
88,85,0.098883,0.358312,0.035520,1
88,86,0.478893,0.472652,0.037000,1
88,87,0.713836,0.348911,0.038480,1
88,88,0.153843,0.399896,0.034040,1
88,89,0.598665,0.409750,0.035520,1
88,90,0.747304,0.415351,0.037000,1
88,91,0.259551,0.468100,0.038480,1
88,92,0.709802,0.476427,0.034040,1
88,93,0.302138,0.407210,0.035520,1
88,94,0.629543,0.475011,0.037000,1
88,95,0.672853,0.413578,0.038480,1
88,96,0.094210,0.431863,0.034040,1
88,97,0.439281,0.533163,0.035520,1
88,98,0.781343,0.479797,0.037000,1
88,99,0.336557,0.471912,0.038480,1
88,100,0.743360,0.539435,0.034040,1
88,101,0.223166,0.404184,0.035520,1
88,102,0.367487,0.540234,0.037000,1
88,103,0.670575,0.537511,0.038480,1
88,104,0.116895,0.495958,0.034040,1
88,105,0.558134,0.478483,0.035520,1
88,106,0.963000,0.527147,0.037000,1
88,107,0.182916,0.466011,0.038480,1
88,108,0.595680,0.536568,0.034040,1
88,109,0.852897,0.471861,0.035520,1
88,110,0.219585,0.531613,0.037000,1
88,111,0.785528,0.598618,0.038480,1
88,112,0.034040,0.463673,0.034040,1
88,113,0.515777,0.534988,0.035520,1
88,114,0.925353,0.464899,0.037000,1
88,115,0.038480,0.536022,0.038480,1
88,116,0.555806,0.591823,0.034040,1
88,117,0.825517,0.536905,0.035520,1
88,118,0.293818,0.535121,0.037000,1
88,119,0.709315,0.603433,0.038480,1
88,120,0.894591,0.528146,0.034040,1
88,121,0.476385,0.593529,0.035520,1
88,122,0.627575,0.599799,0.037000,1
88,123,0.108234,0.567915,0.038480,1
88,124,0.518289,0.648648,0.034040,1
88,125,0.964480,0.599664,0.035520,1
88,126,0.179229,0.593585,0.037000,1
88,127,0.588870,0.664702,0.038480,1
88,128,0.751854,0.661989,0.034040,1
88,129,0.326067,0.599940,0.035520,1
88,130,0.664405,0.663776,0.037000,1
88,131,0.891016,0.600399,0.038480,1
88,132,0.407151,0.598763,0.034040,1
88,133,0.629067,0.727012,0.035520,1
88,134,0.253559,0.597279,0.037000,1
88,135,0.444807,0.660597,0.038480,1
88,136,0.711550,0.716917,0.034040,1
88,137,0.288931,0.660588,0.035520,1
88,138,0.510006,0.719161,0.037000,1
88,139,0.837410,0.655445,0.038480,1
88,140,0.368652,0.654989,0.034040,1
88,141,0.567823,0.762938,0.035520,1
88,142,0.147272,0.660329,0.037000,1
88,143,0.436763,0.737150,0.038480,1
88,144,0.795275,0.714468,0.034040,1
89,0,0.099569,0.034040,0.034040,1
89,1,0.313119,0.035520,0.035520,1
89,2,0.744455,0.037000,0.037000,1
89,3,0.169718,0.038480,0.038480,1
89,4,0.451822,0.034040,0.034040,1
89,5,0.673660,0.035520,0.035520,1
89,6,0.244791,0.037000,0.037000,1
89,7,0.600255,0.038480,0.038480,1
89,8,0.890504,0.034040,0.034040,1
89,9,0.383138,0.035520,0.035520,1
89,10,0.636650,0.097344,0.037000,1
89,11,0.038480,0.171689,0.038480,1
89,12,0.277460,0.094770,0.034040,1
89,13,0.708396,0.096807,0.035520,1
89,14,0.037000,0.037000,0.037000,1
89,15,0.522854,0.038480,0.038480,1
89,16,0.816357,0.034040,0.034040,1
89,17,0.059622,0.102460,0.035520,1
89,18,0.854374,0.092854,0.037000,1
89,19,0.961520,0.038480,0.038480,1
89,20,0.209487,0.094431,0.034040,1
89,21,0.346287,0.094223,0.035520,1
89,22,0.131969,0.096020,0.037000,1
89,23,0.562393,0.098728,0.038480,1
89,24,0.924892,0.094018,0.034040,1
89,25,0.035520,0.244685,0.035520,1
89,26,0.418098,0.096842,0.037000,1
89,27,0.781060,0.096347,0.038480,1
89,28,0.309165,0.153928,0.034040,1
89,29,0.490613,0.101826,0.035520,1
89,30,0.963000,0.152221,0.037000,1
89,31,0.379103,0.159519,0.038480,1
89,32,0.743374,0.156924,0.034040,1
89,33,0.242307,0.154209,0.035520,1
89,34,0.963000,0.287827,0.037000,1
89,35,0.933139,0.220132,0.038480,1
89,36,0.104196,0.161454,0.034040,1
89,37,0.674182,0.159129,0.035520,1
89,38,0.892867,0.155777,0.037000,1
89,39,0.172420,0.227855,0.038480,1
89,40,0.821394,0.156135,0.034040,1
89,41,0.173459,0.154343,0.035520,1
89,42,0.276811,0.215689,0.037000,1
89,43,0.525128,0.167010,0.038480,1
89,44,0.346941,0.224532,0.034040,1
89,45,0.452800,0.161350,0.035520,1
89,46,0.782962,0.214989,0.037000,1
89,47,0.231627,0.275823,0.038480,1
89,48,0.488076,0.227862,0.034040,1
89,49,0.891500,0.281172,0.035520,1
89,50,0.416753,0.223028,0.037000,1
89,51,0.600347,0.162520,0.038480,1
89,52,0.100044,0.228615,0.034040,1
89,53,0.449666,0.285899,0.035520,1
89,54,0.856519,0.218699,0.037000,1
89,55,0.038480,0.317738,0.038480,1
89,56,0.565012,0.227531,0.034040,1
89,57,0.711818,0.218415,0.035520,1
89,58,0.307147,0.281991,0.037000,1
89,59,0.748787,0.280652,0.038480,1
89,60,0.821687,0.280308,0.034040,1
89,61,0.379941,0.286039,0.035520,1
89,62,0.639665,0.223169,0.037000,1
89,63,0.132307,0.292567,0.038480,1
89,64,0.526614,0.283669,0.034040,1
89,65,0.785219,0.344173,0.035520,1
89,66,0.190784,0.339503,0.037000,1
89,67,0.485916,0.348630,0.038480,1
89,68,0.921481,0.343240,0.034040,1
89,69,0.413582,0.348489,0.035520,1
89,70,0.673855,0.286504,0.037000,1
89,71,0.265803,0.343984,0.038480,1
89,72,0.446515,0.409764,0.034040,1
89,73,0.602881,0.285829,0.035520,1
89,74,0.341198,0.346891,0.037000,1
89,75,0.562113,0.346755,0.038480,1
89,76,0.853970,0.340117,0.034040,1
89,77,0.377062,0.409583,0.035520,1
89,78,0.820171,0.407163,0.037000,1
89,79,0.961520,0.401148,0.038480,1
89,80,0.408559,0.471425,0.034040,1
89,81,0.636066,0.349384,0.035520,1
89,82,0.037000,0.392985,0.037000,1
89,83,0.525516,0.413497,0.038480,1
89,84,0.891265,0.404076,0.034040,1
89,85,0.098955,0.358501,0.035520,1
89,86,0.479211,0.472939,0.037000,1
89,87,0.713324,0.348269,0.038480,1
89,88,0.154044,0.399980,0.034040,1
89,89,0.599299,0.410294,0.035520,1
89,90,0.748035,0.413915,0.037000,1
89,91,0.259730,0.468322,0.038480,1
89,92,0.711858,0.475689,0.034040,1
89,93,0.302321,0.407456,0.035520,1
89,94,0.630699,0.475458,0.037000,1
89,95,0.673573,0.413686,0.038480,1
89,96,0.094357,0.431901,0.034040,1
89,97,0.439916,0.533734,0.035520,1
89,98,0.782115,0.478301,0.037000,1
89,99,0.336729,0.472186,0.038480,1
89,100,0.745939,0.539294,0.034040,1
89,101,0.223380,0.404346,0.035520,1
89,102,0.368011,0.540362,0.037000,1
89,103,0.673189,0.536965,0.038480,1
89,104,0.117011,0.496003,0.034040,1
89,105,0.559339,0.478204,0.035520,1
89,106,0.963000,0.528227,0.037000,1
89,107,0.183066,0.466131,0.038480,1
89,108,0.596424,0.536557,0.034040,1
89,109,0.853810,0.471168,0.035520,1
89,110,0.219617,0.531816,0.037000,1
89,111,0.787841,0.599044,0.038480,1
89,112,0.034040,0.463893,0.034040,1
89,113,0.517062,0.534693,0.035520,1
89,114,0.926367,0.465303,0.037000,1
89,115,0.038480,0.536251,0.038480,1
89,116,0.556635,0.591830,0.034040,1
89,117,0.825481,0.535885,0.035520,1
89,118,0.294357,0.535149,0.037000,1
89,119,0.711517,0.603138,0.038480,1
89,120,0.894661,0.528057,0.034040,1
89,121,0.478141,0.593535,0.035520,1
89,122,0.629831,0.598970,0.037000,1
89,123,0.108409,0.567965,0.038480,1
89,124,0.519693,0.649006,0.034040,1
89,125,0.964480,0.600746,0.035520,1
89,126,0.179342,0.593872,0.037000,1
89,127,0.590635,0.663571,0.038480,1
89,128,0.753535,0.662057,0.034040,1
89,129,0.326524,0.600015,0.035520,1
89,130,0.666167,0.663227,0.037000,1
89,131,0.890961,0.600305,0.038480,1
89,132,0.408825,0.598101,0.034040,1
89,133,0.630344,0.726215,0.035520,1
89,134,0.254021,0.597255,0.037000,1
89,135,0.445971,0.660264,0.038480,1
89,136,0.712893,0.716737,0.034040,1
89,137,0.289308,0.660611,0.035520,1
89,138,0.500379,0.717317,0.037000,1
89,139,0.838791,0.656720,0.038480,1
89,140,0.370183,0.654216,0.034040,1
89,141,0.564146,0.751856,0.035520,1
89,142,0.131726,0.650517,0.037000,1
89,143,0.427027,0.734876,0.038480,1
89,144,0.796026,0.715289,0.034040,1
90,0,0.099625,0.034040,0.034040,1
90,1,0.313180,0.035520,0.035520,1
90,2,0.744653,0.037000,0.037000,1
90,3,0.169791,0.038480,0.038480,1
90,4,0.451911,0.034040,0.034040,1
90,5,0.673813,0.035520,0.035520,1
90,6,0.244851,0.037000,0.037000,1
90,7,0.600373,0.038480,0.038480,1
90,8,0.890441,0.034040,0.034040,1
90,9,0.383169,0.035520,0.035520,1
90,10,0.636746,0.097223,0.037000,1
90,11,0.038480,0.171460,0.038480,1
90,12,0.277476,0.094746,0.034040,1
90,13,0.708490,0.096800,0.035520,1
90,14,0.037000,0.037000,0.037000,1
90,15,0.522967,0.038480,0.038480,1
90,16,0.816596,0.034040,0.034040,1
90,17,0.059700,0.102333,0.035520,1
90,18,0.854509,0.093050,0.037000,1
90,19,0.961520,0.038480,0.038480,1
90,20,0.209672,0.094523,0.034040,1
90,21,0.346354,0.094352,0.035520,1
90,22,0.132049,0.096110,0.037000,1
90,23,0.562430,0.098564,0.038480,1
90,24,0.925024,0.094219,0.034040,1
90,25,0.035520,0.244433,0.035520,1
90,26,0.418177,0.096784,0.037000,1
90,27,0.781169,0.096476,0.038480,1
90,28,0.309416,0.153732,0.034040,1
90,29,0.490735,0.101660,0.035520,1
90,30,0.963000,0.152475,0.037000,1
90,31,0.379360,0.159615,0.038480,1
90,32,0.743362,0.156988,0.034040,1
90,33,0.242518,0.154356,0.035520,1
90,34,0.963000,0.288386,0.037000,1
90,35,0.933255,0.220406,0.038480,1
90,36,0.104360,0.161574,0.034040,1
90,37,0.674207,0.159055,0.035520,1
90,38,0.892990,0.156030,0.037000,1
90,39,0.172509,0.227898,0.038480,1
90,40,0.821493,0.156299,0.034040,1
90,41,0.173615,0.154382,0.035520,1
90,42,0.277412,0.215657,0.037000,1
90,43,0.525170,0.166928,0.038480,1
90,44,0.347529,0.224595,0.034040,1
90,45,0.452955,0.161107,0.035520,1
90,46,0.782892,0.215075,0.037000,1
90,47,0.232000,0.275506,0.038480,1
90,48,0.488835,0.228254,0.034040,1
90,49,0.891400,0.281317,0.035520,1
90,50,0.417372,0.223053,0.037000,1
90,51,0.600331,0.162273,0.038480,1
90,52,0.100144,0.228741,0.034040,1
90,53,0.450090,0.285942,0.035520,1
90,54,0.856463,0.218834,0.037000,1
90,55,0.038480,0.317451,0.038480,1
90,56,0.565063,0.227440,0.034040,1
90,57,0.711714,0.218471,0.035520,1
90,58,0.307792,0.282017,0.037000,1
90,59,0.748700,0.280762,0.038480,1
90,60,0.821585,0.280403,0.034040,1
90,61,0.380460,0.286133,0.035520,1
90,62,0.639424,0.222914,0.037000,1
90,63,0.132502,0.292628,0.038480,1
90,64,0.527420,0.284158,0.034040,1
90,65,0.784573,0.344611,0.035520,1
90,66,0.191267,0.339191,0.037000,1
90,67,0.486622,0.348373,0.038480,1
90,68,0.920836,0.343721,0.034040,1
90,69,0.414161,0.348532,0.035520,1
90,70,0.673776,0.285995,0.037000,1
90,71,0.266306,0.343600,0.038480,1
90,72,0.447334,0.409667,0.034040,1
90,73,0.602822,0.285805,0.035520,1
90,74,0.341680,0.347149,0.037000,1
90,75,0.562926,0.347360,0.038480,1
90,76,0.853343,0.340481,0.034040,1
90,77,0.377892,0.409765,0.035520,1
90,78,0.820429,0.407058,0.037000,1
90,79,0.961520,0.401090,0.038480,1
90,80,0.408740,0.472063,0.034040,1
90,81,0.636894,0.349540,0.035520,1
90,82,0.037000,0.392558,0.037000,1
90,83,0.525506,0.413548,0.038480,1
90,84,0.891588,0.405045,0.034040,1
90,85,0.098943,0.358519,0.035520,1
90,86,0.479413,0.473147,0.037000,1
90,87,0.712539,0.348062,0.038480,1
90,88,0.154505,0.399448,0.034040,1
90,89,0.599419,0.411420,0.035520,1
90,90,0.748266,0.413062,0.037000,1
90,91,0.259827,0.468396,0.038480,1
90,92,0.712952,0.475274,0.034040,1
90,93,0.302111,0.407224,0.035520,1
90,94,0.631435,0.476381,0.037000,1
90,95,0.673657,0.414112,0.038480,1
90,96,0.094414,0.430588,0.034040,1
90,97,0.440550,0.534247,0.035520,1
90,98,0.783131,0.477007,0.037000,1
90,99,0.336854,0.471570,0.038480,1
90,100,0.747954,0.538754,0.034040,1
90,101,0.223862,0.404137,0.035520,1
90,102,0.368416,0.539405,0.037000,1
90,103,0.675282,0.536975,0.038480,1
90,104,0.116816,0.494633,0.034040,1
90,105,0.559848,0.477908,0.035520,1
90,106,0.963000,0.529443,0.037000,1
90,107,0.183281,0.465687,0.038480,1
90,108,0.595803,0.536885,0.034040,1
90,109,0.854886,0.470610,0.035520,1
90,110,0.219206,0.531792,0.037000,1
90,111,0.790529,0.599844,0.038480,1
90,112,0.034040,0.463537,0.034040,1
90,113,0.517681,0.534660,0.035520,1
90,114,0.927511,0.465886,0.037000,1
90,115,0.038480,0.535885,0.038480,1
90,116,0.556282,0.592498,0.034040,1
90,117,0.825582,0.535209,0.035520,1
90,118,0.294846,0.535019,0.037000,1
90,119,0.714066,0.602957,0.038480,1
90,120,0.894838,0.528130,0.034040,1
90,121,0.479167,0.593940,0.035520,1
90,122,0.630955,0.598197,0.037000,1
90,123,0.108715,0.566498,0.038480,1
90,124,0.519981,0.650199,0.034040,1
90,125,0.964480,0.601961,0.035520,1
90,126,0.179003,0.594009,0.037000,1
90,127,0.591428,0.662628,0.038480,1
90,128,0.755391,0.662364,0.034040,1
90,129,0.327580,0.599595,0.035520,1
90,130,0.667526,0.662255,0.037000,1
90,131,0.890938,0.600369,0.038480,1
90,132,0.409517,0.596646,0.034040,1
90,133,0.633974,0.726488,0.035520,1
90,134,0.254210,0.596924,0.037000,1
90,135,0.444850,0.659541,0.038480,1
90,136,0.713697,0.716245,0.034040,1
90,137,0.290029,0.659981,0.035520,1
90,138,0.493674,0.716896,0.037000,1
90,139,0.840525,0.658363,0.038480,1
90,140,0.371649,0.653450,0.034040,1
90,141,0.563713,0.735703,0.035520,1
90,142,0.118880,0.641322,0.037000,1
90,143,0.415801,0.730949,0.038480,1
90,144,0.796947,0.716330,0.034040,1
91,0,0.099773,0.034040,0.034040,1
91,1,0.313426,0.035520,0.035520,1
91,2,0.745225,0.037000,0.037000,1
91,3,0.169980,0.038480,0.038480,1
91,4,0.452249,0.034040,0.034040,1
91,5,0.674306,0.035520,0.035520,1
91,6,0.245060,0.037000,0.037000,1
91,7,0.600776,0.038480,0.038480,1
91,8,0.890365,0.034040,0.034040,1
91,9,0.383425,0.035520,0.035520,1
91,10,0.637075,0.097039,0.037000,1
91,11,0.038480,0.171136,0.038480,1
91,12,0.277816,0.094773,0.034040,1
91,13,0.708822,0.096849,0.035520,1
91,14,0.037000,0.037000,0.037000,1
91,15,0.523351,0.038480,0.038480,1
91,16,0.817199,0.034040,0.034040,1
91,17,0.059940,0.102150,0.035520,1
91,18,0.854835,0.093406,0.037000,1
91,19,0.961520,0.038480,0.038480,1
91,20,0.209820,0.094519,0.034040,1
91,21,0.346658,0.094324,0.035520,1
91,22,0.132278,0.096145,0.037000,1
91,23,0.562640,0.098268,0.038480,1
91,24,0.925311,0.094584,0.034040,1
91,25,0.035520,0.244123,0.035520,1
91,26,0.418475,0.096620,0.037000,1
91,27,0.781516,0.096834,0.038480,1
91,28,0.309756,0.153824,0.034040,1
91,29,0.491054,0.101386,0.035520,1
91,30,0.963000,0.152889,0.037000,1
91,31,0.379785,0.159521,0.038480,1
91,32,0.743460,0.157190,0.034040,1
91,33,0.242767,0.154289,0.035520,1
91,34,0.963000,0.289438,0.037000,1
91,35,0.933596,0.220891,0.038480,1
91,36,0.104562,0.161609,0.034040,1
91,37,0.674373,0.158963,0.035520,1
91,38,0.893264,0.156526,0.037000,1
91,39,0.172640,0.227922,0.038480,1
91,40,0.821730,0.156789,0.034040,1
91,41,0.173820,0.154410,0.035520,1
91,42,0.277534,0.215666,0.037000,1
91,43,0.525354,0.166733,0.038480,1
91,44,0.348229,0.224397,0.034040,1
91,45,0.453268,0.160762,0.035520,1
91,46,0.782781,0.215366,0.037000,1
91,47,0.232304,0.275289,0.038480,1
91,48,0.489577,0.228388,0.034040,1
91,49,0.891354,0.281444,0.035520,1
91,50,0.418047,0.222956,0.037000,1
91,51,0.600420,0.161845,0.038480,1
91,52,0.100277,0.228786,0.034040,1
91,53,0.450613,0.285887,0.035520,1
91,54,0.856336,0.219083,0.037000,1
91,55,0.038480,0.317152,0.038480,1
91,56,0.565265,0.227220,0.034040,1
91,57,0.711594,0.218633,0.035520,1
91,58,0.308311,0.281726,0.037000,1
91,59,0.748540,0.281013,0.038480,1
91,60,0.821461,0.280681,0.034040,1
91,61,0.380958,0.285991,0.035520,1
91,62,0.639096,0.222486,0.037000,1
91,63,0.132705,0.292620,0.038480,1
91,64,0.528169,0.284321,0.034040,1
91,65,0.783304,0.345397,0.035520,1
91,66,0.191684,0.338891,0.037000,1
91,67,0.487139,0.348272,0.038480,1
91,68,0.919605,0.344518,0.034040,1
91,69,0.414591,0.348439,0.035520,1
91,70,0.673692,0.285183,0.037000,1
91,71,0.266727,0.343318,0.038480,1
91,72,0.447735,0.409592,0.034040,1
91,73,0.602800,0.285713,0.035520,1
91,74,0.342122,0.346967,0.037000,1
91,75,0.563528,0.347632,0.038480,1
91,76,0.852108,0.341320,0.034040,1
91,77,0.378270,0.409643,0.035520,1
91,78,0.820964,0.406565,0.037000,1
91,79,0.961520,0.400778,0.038480,1
91,80,0.409028,0.471992,0.034040,1
91,81,0.637472,0.349308,0.035520,1
91,82,0.037000,0.392193,0.037000,1
91,83,0.525823,0.413480,0.038480,1
91,84,0.892307,0.406952,0.034040,1
91,85,0.098972,0.358443,0.035520,1
91,86,0.479692,0.473145,0.037000,1
91,87,0.711168,0.347870,0.038480,1
91,88,0.154829,0.399052,0.034040,1
91,89,0.599914,0.411864,0.035520,1
91,90,0.748901,0.411601,0.037000,1
91,91,0.260119,0.468093,0.038480,1
91,92,0.715489,0.474630,0.034040,1
91,93,0.302477,0.406998,0.035520,1
91,94,0.631485,0.477116,0.037000,1
91,95,0.674153,0.415101,0.038480,1
91,96,0.094477,0.429769,0.034040,1
91,97,0.440791,0.534229,0.035520,1
91,98,0.785654,0.474561,0.037000,1
91,99,0.337145,0.471433,0.038480,1
91,100,0.750216,0.536251,0.034040,1
91,101,0.224198,0.403802,0.035520,1
91,102,0.368717,0.539322,0.037000,1
91,103,0.677680,0.535893,0.038480,1
91,104,0.116906,0.493780,0.034040,1
91,105,0.559873,0.477896,0.035520,1
91,106,0.963000,0.531796,0.037000,1
91,107,0.183567,0.465296,0.038480,1
91,108,0.595048,0.537354,0.034040,1
91,109,0.857369,0.468894,0.035520,1
91,110,0.219390,0.531449,0.037000,1
91,111,0.793733,0.600774,0.038480,1
91,112,0.034040,0.463196,0.034040,1
91,113,0.517841,0.534729,0.035520,1
91,114,0.930050,0.466899,0.037000,1
91,115,0.038480,0.535547,0.038480,1
91,116,0.555652,0.593115,0.034040,1
91,117,0.825681,0.534483,0.035520,1
91,118,0.295127,0.534708,0.037000,1
91,119,0.717096,0.601527,0.038480,1
91,120,0.894979,0.527892,0.034040,1
91,121,0.479329,0.593942,0.035520,1
91,122,0.633206,0.596757,0.037000,1
91,123,0.108967,0.565640,0.038480,1
91,124,0.519187,0.650839,0.034040,1
91,125,0.964480,0.604316,0.035520,1
91,126,0.179077,0.593601,0.037000,1
91,127,0.591236,0.659401,0.038480,1
91,128,0.756589,0.662159,0.034040,1
91,129,0.327702,0.599365,0.035520,1
91,130,0.670181,0.660613,0.037000,1
91,131,0.890950,0.600138,0.038480,1
91,132,0.409757,0.596695,0.034040,1
91,133,0.635861,0.724497,0.035520,1
91,134,0.254420,0.596563,0.037000,1
91,135,0.445172,0.659643,0.038480,1
91,136,0.714747,0.715935,0.034040,1
91,137,0.290081,0.659709,0.035520,1
91,138,0.493419,0.717545,0.037000,1
91,139,0.842828,0.660065,0.038480,1
91,140,0.371673,0.653301,0.034040,1
91,141,0.565087,0.728634,0.035520,1
91,142,0.112465,0.641067,0.037000,1
91,143,0.401347,0.722982,0.038480,1
91,144,0.797457,0.716639,0.034040,1
92,0,0.099857,0.034040,0.034040,1
92,1,0.313594,0.035520,0.035520,1
92,2,0.745516,0.037000,0.037000,1
92,3,0.170080,0.038480,0.038480,1
92,4,0.452458,0.034040,0.034040,1
92,5,0.674576,0.035520,0.035520,1
92,6,0.245140,0.037000,0.037000,1
92,7,0.601009,0.038480,0.038480,1
92,8,0.890385,0.034040,0.034040,1
92,9,0.383613,0.035520,0.035520,1
92,10,0.637288,0.096946,0.037000,1
92,11,0.038480,0.170968,0.038480,1
92,12,0.278100,0.094583,0.034040,1
92,13,0.709026,0.096845,0.035520,1
92,14,0.037000,0.037000,0.037000,1
92,15,0.523575,0.038480,0.038480,1
92,16,0.817509,0.034040,0.034040,1
92,17,0.060174,0.102053,0.035520,1
92,18,0.855060,0.093465,0.037000,1
92,19,0.961520,0.038480,0.038480,1
92,20,0.209788,0.094428,0.034040,1
92,21,0.346916,0.094243,0.035520,1
92,22,0.132527,0.096098,0.037000,1
92,23,0.562800,0.098145,0.038480,1
92,24,0.925536,0.094822,0.034040,1
92,25,0.035520,0.243955,0.035520,1
92,26,0.418704,0.096521,0.037000,1
92,27,0.781708,0.096902,0.038480,1
92,28,0.310044,0.153590,0.034040,1
92,29,0.491274,0.101293,0.035520,1
92,30,0.963000,0.153213,0.037000,1
92,31,0.380060,0.159439,0.038480,1
92,32,0.743574,0.157250,0.034040,1
92,33,0.242962,0.154045,0.035520,1
92,34,0.963000,0.289526,0.037000,1
92,35,0.933470,0.221097,0.038480,1
92,36,0.104698,0.161471,0.034040,1
92,37,0.674507,0.158914,0.035520,1
92,38,0.893289,0.156678,0.037000,1
92,39,0.172594,0.227940,0.038480,1
92,40,0.821792,0.156914,0.034040,1
92,41,0.173974,0.154437,0.035520,1
92,42,0.277770,0.215364,0.037000,1
92,43,0.525516,0.166670,0.038480,1
92,44,0.348482,0.224213,0.034040,1
92,45,0.453482,0.160672,0.035520,1
92,46,0.782845,0.215457,0.037000,1
92,47,0.232522,0.274938,0.038480,1
92,48,0.489761,0.228318,0.034040,1
92,49,0.891288,0.281610,0.035520,1
92,50,0.418327,0.222921,0.037000,1
92,51,0.600542,0.161656,0.038480,1
92,52,0.100231,0.228633,0.034040,1
92,53,0.450927,0.285952,0.035520,1
92,54,0.856381,0.219270,0.037000,1
92,55,0.038480,0.316987,0.038480,1
92,56,0.565441,0.227146,0.034040,1
92,57,0.711614,0.218678,0.035520,1
92,58,0.308495,0.281433,0.037000,1
92,59,0.748610,0.281061,0.038480,1
92,60,0.821527,0.280887,0.034040,1
92,61,0.381189,0.285819,0.035520,1
92,62,0.639021,0.222310,0.037000,1
92,63,0.132525,0.292499,0.038480,1
92,64,0.528344,0.284232,0.034040,1
92,65,0.783172,0.345587,0.035520,1
92,66,0.191757,0.338426,0.037000,1
92,67,0.487211,0.348627,0.038480,1
92,68,0.919766,0.344520,0.034040,1
92,69,0.414692,0.348353,0.035520,1
92,70,0.673751,0.284820,0.037000,1
92,71,0.266818,0.343003,0.038480,1
92,72,0.447613,0.409628,0.034040,1
92,73,0.602875,0.285707,0.035520,1
92,74,0.342254,0.346641,0.037000,1
92,75,0.563517,0.347630,0.038480,1
92,76,0.852080,0.341581,0.034040,1
92,77,0.378172,0.409446,0.035520,1
92,78,0.821641,0.406345,0.037000,1
92,79,0.961520,0.400897,0.038480,1
92,80,0.408958,0.471781,0.034040,1
92,81,0.637344,0.348889,0.035520,1
92,82,0.037000,0.392050,0.037000,1
92,83,0.526417,0.413756,0.038480,1
92,84,0.892822,0.406901,0.034040,1
92,85,0.098848,0.358330,0.035520,1
92,86,0.479624,0.473141,0.037000,1
92,87,0.710766,0.347584,0.038480,1
92,88,0.154860,0.398637,0.034040,1
92,89,0.600619,0.411599,0.035520,1
92,90,0.749719,0.410271,0.037000,1
92,91,0.260056,0.467472,0.038480,1
92,92,0.717770,0.473979,0.034040,1
92,93,0.302666,0.406636,0.035520,1
92,94,0.631412,0.477286,0.037000,1
92,95,0.674804,0.415713,0.038480,1
92,96,0.094544,0.429296,0.034040,1
92,97,0.440478,0.534199,0.035520,1
92,98,0.787954,0.472198,0.037000,1
92,99,0.337057,0.471200,0.038480,1
92,100,0.751822,0.533120,0.034040,1
92,101,0.224163,0.403306,0.035520,1
92,102,0.368259,0.539196,0.037000,1
92,103,0.679295,0.534824,0.038480,1
92,104,0.116946,0.493304,0.034040,1
92,105,0.559758,0.478576,0.035520,1
92,106,0.963000,0.534296,0.037000,1
92,107,0.183624,0.464858,0.038480,1
92,108,0.595364,0.537808,0.034040,1
92,109,0.859711,0.467693,0.035520,1
92,110,0.219536,0.530960,0.037000,1
92,111,0.797970,0.602037,0.038480,1
92,112,0.034040,0.463056,0.034040,1
92,113,0.517239,0.535043,0.035520,1
92,114,0.932355,0.468209,0.037000,1
92,115,0.038480,0.535410,0.038480,1
92,116,0.555447,0.593169,0.034040,1
92,117,0.825677,0.533757,0.035520,1
92,118,0.294704,0.534109,0.037000,1
92,119,0.721286,0.598823,0.038480,1
92,120,0.895039,0.527943,0.034040,1
92,121,0.478640,0.594271,0.035520,1
92,122,0.635395,0.595988,0.037000,1
92,123,0.109145,0.565162,0.038480,1
92,124,0.518859,0.650875,0.034040,1
92,125,0.964480,0.606818,0.035520,1
92,126,0.179252,0.593130,0.037000,1
92,127,0.591165,0.656987,0.038480,1
92,128,0.757511,0.661443,0.034040,1
92,129,0.326669,0.598931,0.035520,1
92,130,0.674903,0.658315,0.037000,1
92,131,0.891090,0.600191,0.038480,1
92,132,0.409190,0.596546,0.034040,1
92,133,0.635582,0.719235,0.035520,1
92,134,0.254258,0.596234,0.037000,1
92,135,0.444033,0.659914,0.038480,1
92,136,0.716519,0.715889,0.034040,1
92,137,0.289507,0.659611,0.035520,1
92,138,0.493070,0.717161,0.037000,1
92,139,0.845851,0.662334,0.038480,1
92,140,0.370630,0.652716,0.034040,1
92,141,0.565022,0.726224,0.035520,1
92,142,0.106995,0.640635,0.037000,1
92,143,0.396360,0.720518,0.038480,1
92,144,0.797613,0.716483,0.034040,1
93,0,0.099930,0.034040,0.034040,1
93,1,0.313674,0.035520,0.035520,1
93,2,0.745431,0.037000,0.037000,1
93,3,0.170173,0.038480,0.038480,1
93,4,0.452474,0.034040,0.034040,1
93,5,0.674515,0.035520,0.035520,1
93,6,0.245228,0.037000,0.037000,1
93,7,0.600973,0.038480,0.038480,1
93,8,0.890414,0.034040,0.034040,1
93,9,0.383667,0.035520,0.035520,1
93,10,0.637248,0.096993,0.037000,1
93,11,0.038480,0.170786,0.038480,1
93,12,0.278213,0.094559,0.034040,1
93,13,0.708974,0.096867,0.035520,1
93,14,0.037000,0.037000,0.037000,1
93,15,0.523562,0.038480,0.038480,1
93,16,0.817379,0.034040,0.034040,1
93,17,0.060362,0.101953,0.035520,1
93,18,0.854973,0.093347,0.037000,1
93,19,0.961520,0.038480,0.038480,1
93,20,0.209816,0.094408,0.034040,1
93,21,0.347006,0.094312,0.035520,1
93,22,0.132711,0.096048,0.037000,1
93,23,0.562799,0.098238,0.038480,1
93,24,0.925456,0.094683,0.034040,1
93,25,0.035520,0.243776,0.035520,1
93,26,0.418763,0.096565,0.037000,1
93,27,0.781633,0.096883,0.038480,1
93,28,0.310162,0.153562,0.034040,1
93,29,0.491343,0.101390,0.035520,1
93,30,0.963000,0.153054,0.037000,1
93,31,0.380188,0.159554,0.038480,1
93,32,0.743534,0.157264,0.034040,1
93,33,0.243062,0.153992,0.035520,1
93,34,0.963000,0.289193,0.037000,1
93,35,0.933394,0.220937,0.038480,1
93,36,0.104759,0.161368,0.034040,1
93,37,0.674447,0.158986,0.035520,1
93,38,0.893235,0.156501,0.037000,1
93,39,0.172631,0.227942,0.038480,1
93,40,0.821744,0.156859,0.034040,1
93,41,0.174048,0.154441,0.035520,1
93,42,0.277863,0.215321,0.037000,1
93,43,0.525528,0.166848,0.038480,1
93,44,0.348603,0.224239,0.034040,1
93,45,0.453548,0.160746,0.035520,1
93,46,0.782860,0.215428,0.037000,1
93,47,0.232586,0.274901,0.038480,1
93,48,0.489956,0.228665,0.034040,1
93,49,0.891288,0.281509,0.035520,1
93,50,0.418525,0.223086,0.037000,1
93,51,0.600556,0.161737,0.038480,1
93,52,0.100259,0.228531,0.034040,1
93,53,0.451030,0.286236,0.035520,1
93,54,0.856409,0.219144,0.037000,1
93,55,0.038480,0.316818,0.038480,1
93,56,0.565540,0.227272,0.034040,1
93,57,0.711569,0.218685,0.035520,1
93,58,0.308518,0.281410,0.037000,1
93,59,0.748582,0.280993,0.038480,1
93,60,0.821515,0.280738,0.034040,1
93,61,0.381218,0.285862,0.035520,1
93,62,0.638965,0.222475,0.037000,1
93,63,0.132503,0.292407,0.038480,1
93,64,0.528682,0.284552,0.034040,1
93,65,0.783376,0.345354,0.035520,1
93,66,0.191741,0.338348,0.037000,1
93,67,0.487298,0.349007,0.038480,1
93,68,0.920117,0.344246,0.034040,1
93,69,0.414646,0.348426,0.035520,1
93,70,0.673715,0.284963,0.037000,1
93,71,0.266798,0.343005,0.038480,1
93,72,0.447366,0.409769,0.034040,1
93,73,0.602806,0.285946,0.035520,1
93,74,0.342198,0.346629,0.037000,1
93,75,0.563698,0.348104,0.038480,1
93,76,0.852339,0.341299,0.034040,1
93,77,0.377962,0.409504,0.035520,1
93,78,0.821874,0.406051,0.037000,1
93,79,0.961520,0.400943,0.038480,1
93,80,0.408801,0.471810,0.034040,1
93,81,0.637523,0.349153,0.035520,1
93,82,0.037000,0.391893,0.037000,1
93,83,0.526544,0.414162,0.038480,1
93,84,0.892945,0.406374,0.034040,1
93,85,0.098799,0.358204,0.035520,1
93,86,0.479458,0.473198,0.037000,1
93,87,0.710890,0.347579,0.038480,1
93,88,0.154781,0.398528,0.034040,1
93,89,0.600789,0.412229,0.035520,1
93,90,0.749963,0.410097,0.037000,1
93,91,0.259911,0.467463,0.038480,1
93,92,0.718176,0.473937,0.034040,1
93,93,0.302603,0.406673,0.035520,1
93,94,0.632114,0.477787,0.037000,1
93,95,0.674962,0.415797,0.038480,1
93,96,0.094470,0.429183,0.034040,1
93,97,0.440248,0.534187,0.035520,1
93,98,0.788434,0.471733,0.037000,1
93,99,0.336902,0.471287,0.038480,1
93,100,0.752804,0.532688,0.034040,1
93,101,0.224080,0.403263,0.035520,1
93,102,0.368083,0.539307,0.037000,1
93,103,0.680274,0.535263,0.038480,1
93,104,0.116794,0.493218,0.034040,1
93,105,0.560374,0.478813,0.035520,1
93,106,0.963000,0.534998,0.037000,1
93,107,0.183473,0.464774,0.038480,1
93,108,0.595868,0.538163,0.034040,1
93,109,0.860248,0.467321,0.035520,1
93,110,0.219315,0.530917,0.037000,1
93,111,0.799887,0.602854,0.038480,1
93,112,0.034040,0.462893,0.034040,1
93,113,0.517360,0.534902,0.035520,1
93,114,0.932871,0.468540,0.037000,1
93,115,0.038480,0.535250,0.038480,1
93,116,0.555426,0.593122,0.034040,1
93,117,0.825536,0.533727,0.035520,1
93,118,0.294541,0.534136,0.037000,1
93,119,0.723240,0.598640,0.038480,1
93,120,0.894895,0.527891,0.034040,1
93,121,0.478653,0.594054,0.035520,1
93,122,0.636145,0.596228,0.037000,1
93,123,0.109144,0.565092,0.038480,1
93,124,0.518604,0.650881,0.034040,1
93,125,0.964480,0.607523,0.035520,1
93,126,0.179197,0.593194,0.037000,1
93,127,0.590947,0.656515,0.038480,1
93,128,0.758619,0.661742,0.034040,1
93,129,0.326467,0.599006,0.035520,1
93,130,0.676665,0.657906,0.037000,1
93,131,0.891150,0.600147,0.038480,1
93,132,0.409128,0.596590,0.034040,1
93,133,0.634423,0.716791,0.035520,1
93,134,0.254033,0.596200,0.037000,1
93,135,0.444265,0.659720,0.038480,1
93,136,0.717464,0.716063,0.034040,1
93,137,0.289210,0.659617,0.035520,1
93,138,0.491945,0.718076,0.037000,1
93,139,0.847467,0.663396,0.038480,1
93,140,0.370506,0.652767,0.034040,1
93,141,0.564086,0.725486,0.035520,1
93,142,0.101237,0.640176,0.037000,1
93,143,0.396727,0.720381,0.038480,1
93,144,0.798533,0.716918,0.034040,1
94,0,0.099926,0.034040,0.034040,1
94,1,0.313648,0.035520,0.035520,1
94,2,0.745305,0.037000,0.037000,1
94,3,0.170168,0.038480,0.038480,1
94,4,0.452414,0.034040,0.034040,1
94,5,0.674402,0.035520,0.035520,1
94,6,0.245226,0.037000,0.037000,1
94,7,0.600889,0.038480,0.038480,1
94,8,0.890413,0.034040,0.034040,1
94,9,0.383620,0.035520,0.035520,1
94,10,0.637162,0.097048,0.037000,1
94,11,0.038480,0.170811,0.038480,1
94,12,0.278159,0.094617,0.034040,1
94,13,0.708883,0.096876,0.035520,1
94,14,0.037000,0.037000,0.037000,1
94,15,0.523484,0.038480,0.038480,1
94,16,0.817230,0.034040,0.034040,1
94,17,0.060327,0.101966,0.035520,1
94,18,0.854867,0.093294,0.037000,1
94,19,0.961520,0.038480,0.038480,1
94,20,0.209845,0.094455,0.034040,1
94,21,0.346959,0.094391,0.035520,1
94,22,0.132675,0.096081,0.037000,1
94,23,0.562751,0.098298,0.038480,1
94,24,0.925350,0.094568,0.034040,1
94,25,0.035520,0.243808,0.035520,1
94,26,0.418711,0.096603,0.037000,1
94,27,0.781540,0.096874,0.038480,1
94,28,0.310143,0.153608,0.034040,1
94,29,0.491304,0.101433,0.035520,1
94,30,0.963000,0.152890,0.037000,1
94,31,0.380182,0.159646,0.038480,1
94,32,0.743461,0.157261,0.034040,1
94,33,0.243050,0.154074,0.035520,1
94,34,0.963000,0.289035,0.037000,1
94,35,0.933419,0.220807,0.038480,1
94,36,0.104753,0.161423,0.034040,1
94,37,0.674381,0.159036,0.035520,1
94,38,0.893198,0.156406,0.037000,1
94,39,0.172696,0.227976,0.038480,1
94,40,0.821702,0.156820,0.034040,1
94,41,0.174038,0.154466,0.035520,1
94,42,0.277888,0.215400,0.037000,1
94,43,0.525474,0.166918,0.038480,1
94,44,0.348645,0.224311,0.034040,1
94,45,0.453509,0.160766,0.035520,1
94,46,0.782823,0.215397,0.037000,1
94,47,0.232616,0.275007,0.038480,1
94,48,0.490039,0.228829,0.034040,1
94,49,0.891311,0.281395,0.035520,1
94,50,0.418603,0.223181,0.037000,1
94,51,0.600510,0.161819,0.038480,1
94,52,0.100315,0.228592,0.034040,1
94,53,0.451084,0.286369,0.035520,1
94,54,0.856378,0.219050,0.037000,1
94,55,0.038480,0.316857,0.038480,1
94,56,0.565478,0.227353,0.034040,1
94,57,0.711541,0.218707,0.035520,1
94,58,0.308551,0.281488,0.037000,1
94,59,0.748589,0.280987,0.038480,1
94,60,0.821515,0.280665,0.034040,1
94,61,0.381256,0.285923,0.035520,1
94,62,0.638951,0.222562,0.037000,1
94,63,0.132580,0.292470,0.038480,1
94,64,0.528767,0.284731,0.034040,1
94,65,0.783442,0.345335,0.035520,1
94,66,0.191785,0.338454,0.037000,1
94,67,0.487400,0.349140,0.038480,1
94,68,0.920217,0.344103,0.034040,1
94,69,0.414700,0.348479,0.035520,1
94,70,0.673681,0.285068,0.037000,1
94,71,0.266851,0.343120,0.038480,1
94,72,0.447376,0.409836,0.034040,1
94,73,0.602773,0.286013,0.035520,1
94,74,0.342249,0.346693,0.037000,1
94,75,0.563821,0.348266,0.038480,1
94,76,0.852411,0.341194,0.034040,1
94,77,0.377968,0.409589,0.035520,1
94,78,0.821928,0.406016,0.037000,1
94,79,0.961520,0.400899,0.038480,1
94,80,0.408857,0.471859,0.034040,1
94,81,0.637625,0.349338,0.035520,1
94,82,0.037000,0.391918,0.037000,1
94,83,0.526678,0.414296,0.038480,1
94,84,0.892977,0.406162,0.034040,1
94,85,0.098847,0.358264,0.035520,1
94,86,0.479499,0.473243,0.037000,1
94,87,0.710999,0.347606,0.038480,1
94,88,0.154824,0.398638,0.034040,1
94,89,0.600944,0.412396,0.035520,1
94,90,0.750075,0.410152,0.037000,1
94,91,0.259988,0.467566,0.038480,1
94,92,0.718371,0.474013,0.034040,1
94,93,0.302697,0.406787,0.035520,1
94,94,0.632414,0.477930,0.037000,1
94,95,0.675141,0.415856,0.038480,1
94,96,0.094468,0.429226,0.034040,1
94,97,0.440300,0.534235,0.035520,1
94,98,0.788649,0.471746,0.037000,1
94,99,0.336979,0.471443,0.038480,1
94,100,0.753092,0.532719,0.034040,1
94,101,0.224126,0.403366,0.035520,1
94,102,0.368157,0.539495,0.037000,1
94,103,0.680578,0.535406,0.038480,1
94,104,0.116821,0.493248,0.034040,1
94,105,0.560689,0.478869,0.035520,1
94,106,0.963000,0.535171,0.037000,1
94,107,0.183537,0.464891,0.038480,1
94,108,0.596145,0.538256,0.034040,1
94,109,0.860456,0.467180,0.035520,1
94,110,0.219405,0.531022,0.037000,1
94,111,0.800301,0.603178,0.038480,1
94,112,0.034040,0.462931,0.034040,1
94,113,0.517553,0.534844,0.035520,1
94,114,0.933067,0.468607,0.037000,1
94,115,0.038480,0.535292,0.038480,1
94,116,0.555558,0.593104,0.034040,1
94,117,0.825545,0.533886,0.035520,1
94,118,0.294599,0.534268,0.037000,1
94,119,0.723652,0.598721,0.038480,1
94,120,0.894887,0.527839,0.034040,1
94,121,0.478855,0.593990,0.035520,1
94,122,0.636419,0.596332,0.037000,1
94,123,0.109195,0.565121,0.038480,1
94,124,0.518723,0.650874,0.034040,1
94,125,0.964480,0.607696,0.035520,1
94,126,0.179233,0.593262,0.037000,1
94,127,0.591068,0.656493,0.038480,1
94,128,0.758821,0.661944,0.034040,1
94,129,0.326514,0.599152,0.035520,1
94,130,0.677032,0.657957,0.037000,1
94,131,0.891175,0.600092,0.038480,1
94,132,0.409339,0.596717,0.034040,1
94,133,0.634462,0.716608,0.035520,1
94,134,0.254083,0.596325,0.037000,1
94,135,0.444671,0.659747,0.038480,1
94,136,0.717642,0.716246,0.034040,1
94,137,0.289245,0.659751,0.035520,1
94,138,0.491951,0.718437,0.037000,1
94,139,0.847962,0.663661,0.038480,1
94,140,0.370649,0.652838,0.034040,1
94,141,0.564133,0.725433,0.035520,1
94,142,0.094040,0.639077,0.037000,1
94,143,0.397086,0.720367,0.038480,1
94,144,0.798859,0.717029,0.034040,1
95,0,0.099904,0.034040,0.034040,1
95,1,0.313601,0.035520,0.035520,1
95,2,0.745206,0.037000,0.037000,1
95,3,0.170136,0.038480,0.038480,1
95,4,0.452348,0.034040,0.034040,1
95,5,0.674318,0.035520,0.035520,1
95,6,0.245195,0.037000,0.037000,1
95,7,0.600812,0.038480,0.038480,1
95,8,0.890409,0.034040,0.034040,1
95,9,0.383561,0.035520,0.035520,1
95,10,0.637089,0.097043,0.037000,1
95,11,0.038480,0.170921,0.038480,1
95,12,0.278081,0.094667,0.034040,1
95,13,0.708810,0.096859,0.035520,1
95,14,0.037000,0.037000,0.037000,1
95,15,0.523410,0.038480,0.038480,1
95,16,0.817119,0.034040,0.034040,1
95,17,0.060239,0.102027,0.035520,1
95,18,0.854776,0.093256,0.037000,1
95,19,0.961520,0.038480,0.038480,1
95,20,0.209854,0.094499,0.034040,1
95,21,0.346890,0.094442,0.035520,1
95,22,0.132590,0.096127,0.037000,1
95,23,0.562687,0.098311,0.038480,1
95,24,0.925257,0.094463,0.034040,1
95,25,0.035520,0.243924,0.035520,1
95,26,0.418642,0.096632,0.037000,1
95,27,0.781466,0.096824,0.038480,1
95,28,0.310092,0.153649,0.034040,1
95,29,0.491240,0.101448,0.035520,1
95,30,0.963000,0.152741,0.037000,1
95,31,0.380137,0.159705,0.038480,1
95,32,0.743420,0.157214,0.034040,1
95,33,0.243012,0.154154,0.035520,1
95,34,0.963000,0.288888,0.037000,1
95,35,0.933460,0.220685,0.038480,1
95,36,0.104731,0.161498,0.034040,1
95,37,0.674339,0.159010,0.035520,1
95,38,0.893175,0.156325,0.037000,1
95,39,0.172718,0.228009,0.038480,1
95,40,0.821678,0.156735,0.034040,1
95,41,0.174008,0.154490,0.035520,1
95,42,0.277882,0.215472,0.037000,1
95,43,0.525428,0.166927,0.038480,1
95,44,0.348640,0.224382,0.034040,1
95,45,0.453458,0.160783,0.035520,1
95,46,0.782809,0.215316,0.037000,1
95,47,0.232611,0.275092,0.038480,1
95,48,0.490031,0.228862,0.034040,1
95,49,0.891342,0.281303,0.035520,1
95,50,0.418601,0.223234,0.037000,1
95,51,0.600462,0.161828,0.038480,1
95,52,0.100336,0.228670,0.034040,1
95,53,0.451109,0.286421,0.035520,1
95,54,0.856366,0.218978,0.037000,1
95,55,0.038480,0.316982,0.038480,1
95,56,0.565434,0.227364,0.034040,1
95,57,0.711523,0.218661,0.035520,1
95,58,0.308567,0.281556,0.037000,1
95,59,0.748601,0.280910,0.038480,1
95,60,0.821529,0.280609,0.034040,1
95,61,0.381281,0.285992,0.035520,1
95,62,0.638944,0.222547,0.037000,1
95,63,0.132616,0.292554,0.038480,1
95,64,0.528760,0.284764,0.034040,1
95,65,0.783520,0.345215,0.035520,1
95,66,0.191807,0.338553,0.037000,1
95,67,0.487437,0.349198,0.038480,1
95,68,0.920334,0.343972,0.034040,1
95,69,0.414739,0.348553,0.035520,1
95,70,0.673683,0.285046,0.037000,1
95,71,0.266875,0.343200,0.038480,1
95,72,0.447432,0.409916,0.034040,1
95,73,0.602777,0.285999,0.035520,1
95,74,0.342282,0.346754,0.037000,1
95,75,0.563865,0.348274,0.038480,1
95,76,0.852503,0.341098,0.034040,1
95,77,0.378018,0.409633,0.035520,1
95,78,0.821994,0.405896,0.037000,1
95,79,0.961520,0.400864,0.038480,1
95,80,0.408949,0.471878,0.034040,1
95,81,0.637681,0.349345,0.035520,1
95,82,0.037000,0.392048,0.037000,1
95,83,0.526749,0.414331,0.038480,1
95,84,0.893013,0.405959,0.034040,1
95,85,0.098879,0.358358,0.035520,1
95,86,0.479602,0.473313,0.037000,1
95,87,0.711048,0.347538,0.038480,1
95,88,0.154861,0.398746,0.034040,1
95,89,0.601011,0.412383,0.035520,1
95,90,0.750176,0.410049,0.037000,1
95,91,0.260061,0.467649,0.038480,1
95,92,0.718497,0.473904,0.034040,1
95,93,0.302744,0.406857,0.035520,1
95,94,0.632513,0.477900,0.037000,1
95,95,0.675208,0.415802,0.038480,1
95,96,0.094511,0.429359,0.034040,1
95,97,0.440358,0.534266,0.035520,1
95,98,0.788790,0.471615,0.037000,1
95,99,0.337051,0.471496,0.038480,1
95,100,0.753266,0.532570,0.034040,1
95,101,0.224167,0.403457,0.035520,1
95,102,0.368215,0.539548,0.037000,1
95,103,0.680744,0.535324,0.038480,1
95,104,0.116890,0.493374,0.034040,1
95,105,0.560780,0.478895,0.035520,1
95,106,0.963000,0.535304,0.037000,1
95,107,0.183598,0.464997,0.038480,1
95,108,0.596287,0.538247,0.034040,1
95,109,0.860609,0.467027,0.035520,1
95,110,0.219493,0.531117,0.037000,1
95,111,0.800529,0.603261,0.038480,1
95,112,0.034040,0.463079,0.034040,1
95,113,0.517681,0.534910,0.035520,1
95,114,0.933212,0.468645,0.037000,1
95,115,0.038480,0.535445,0.038480,1
95,116,0.555749,0.593129,0.034040,1
95,117,0.825518,0.533869,0.035520,1
95,118,0.294661,0.534354,0.037000,1
95,119,0.723891,0.598577,0.038480,1
95,120,0.894856,0.527773,0.034040,1
95,121,0.478921,0.594016,0.035520,1
95,122,0.636624,0.596277,0.037000,1
95,123,0.109273,0.565249,0.038480,1
95,124,0.519005,0.650745,0.034040,1
95,125,0.964480,0.607829,0.035520,1
95,126,0.179324,0.593357,0.037000,1
95,127,0.591340,0.656490,0.038480,1
95,128,0.758853,0.661911,0.034040,1
95,129,0.326601,0.599228,0.035520,1
95,130,0.677317,0.657844,0.037000,1
95,131,0.891192,0.600030,0.038480,1
95,132,0.409406,0.596754,0.034040,1
95,133,0.634822,0.716547,0.035520,1
95,134,0.254169,0.596422,0.037000,1
95,135,0.444740,0.659780,0.038480,1
95,136,0.717738,0.716264,0.034040,1
95,137,0.289351,0.659837,0.035520,1
95,138,0.492356,0.718193,0.037000,1
95,139,0.848190,0.663744,0.038480,1
95,140,0.370751,0.652902,0.034040,1
95,141,0.564510,0.725473,0.035520,1
95,142,0.084121,0.636418,0.037000,1
95,143,0.397194,0.720429,0.038480,1
95,144,0.798930,0.716966,0.034040,1
96,0,0.099867,0.034040,0.034040,1
96,1,0.313535,0.035520,0.035520,1
96,2,0.745082,0.037000,0.037000,1
96,3,0.170085,0.038480,0.038480,1
96,4,0.452258,0.034040,0.034040,1
96,5,0.674205,0.035520,0.035520,1
96,6,0.245145,0.037000,0.037000,1
96,7,0.600709,0.038480,0.038480,1
96,8,0.890398,0.034040,0.034040,1
96,9,0.383484,0.035520,0.035520,1
96,10,0.636991,0.097038,0.037000,1
96,11,0.038480,0.171053,0.038480,1
96,12,0.277999,0.094705,0.034040,1
96,13,0.708712,0.096828,0.035520,1
96,14,0.037000,0.037000,0.037000,1
96,15,0.523310,0.038480,0.038480,1
96,16,0.816986,0.034040,0.034040,1
96,17,0.060148,0.102099,0.035520,1
96,18,0.854661,0.093220,0.037000,1
96,19,0.961520,0.038480,0.038480,1
96,20,0.209832,0.094529,0.034040,1
96,21,0.346808,0.094477,0.035520,1
96,22,0.132502,0.096162,0.037000,1
96,23,0.562601,0.098325,0.038480,1
96,24,0.925138,0.094336,0.034040,1
96,25,0.035520,0.244064,0.035520,1
96,26,0.418558,0.096656,0.037000,1
96,27,0.781370,0.096768,0.038480,1
96,28,0.310020,0.153691,0.034040,1
96,29,0.491161,0.101475,0.035520,1
96,30,0.963000,0.152552,0.037000,1
96,31,0.380069,0.159746,0.038480,1
96,32,0.743347,0.157150,0.034040,1
96,33,0.242956,0.154207,0.035520,1
96,34,0.963000,0.288742,0.037000,1
96,35,0.933531,0.220539,0.038480,1
96,36,0.104695,0.161556,0.034040,1
96,37,0.674270,0.158981,0.035520,1
96,38,0.893154,0.156236,0.037000,1
96,39,0.172707,0.228033,0.038480,1
96,40,0.821652,0.156636,0.034040,1
96,41,0.173966,0.154510,0.035520,1
96,42,0.277824,0.215534,0.037000,1
96,43,0.525359,0.166956,0.038480,1
96,44,0.348586,0.224424,0.034040,1
96,45,0.453387,0.160807,0.035520,1
96,46,0.782769,0.215210,0.037000,1
96,47,0.232563,0.275175,0.038480,1
96,48,0.489984,0.228897,0.034040,1
96,49,0.891377,0.281165,0.035520,1
96,50,0.418556,0.223276,0.037000,1
96,51,0.600388,0.161838,0.038480,1
96,52,0.100327,0.228729,0.034040,1
96,53,0.451076,0.286471,0.035520,1
96,54,0.856326,0.218875,0.037000,1
96,55,0.038480,0.317132,0.038480,1
96,56,0.565379,0.227390,0.034040,1
96,57,0.711483,0.218614,0.035520,1
96,58,0.308523,0.281613,0.037000,1
96,59,0.748609,0.280821,0.038480,1
96,60,0.821541,0.280537,0.034040,1
96,61,0.381239,0.286024,0.035520,1
96,62,0.638911,0.222525,0.037000,1
96,63,0.132612,0.292624,0.038480,1
96,64,0.528720,0.284795,0.034040,1
96,65,0.783561,0.345102,0.035520,1
96,66,0.191778,0.338654,0.037000,1
96,67,0.487447,0.349238,0.038480,1
96,68,0.920402,0.343820,0.034040,1
96,69,0.414723,0.348569,0.035520,1
96,70,0.673682,0.285001,0.037000,1
96,71,0.266847,0.343281,0.038480,1
96,72,0.447407,0.409934,0.034040,1
96,73,0.602781,0.285995,0.035520,1
96,74,0.342263,0.346799,0.037000,1
96,75,0.563885,0.348272,0.038480,1
96,76,0.852552,0.341009,0.034040,1
96,77,0.377992,0.409675,0.035520,1
96,78,0.822035,0.405775,0.037000,1
96,79,0.961520,0.400774,0.038480,1
96,80,0.408957,0.471897,0.034040,1
96,81,0.637711,0.349320,0.035520,1
96,82,0.037000,0.392224,0.037000,1
96,83,0.526795,0.414359,0.038480,1
96,84,0.893034,0.405762,0.034040,1
96,85,0.098892,0.358438,0.035520,1
96,86,0.479608,0.473314,0.037000,1
96,87,0.711079,0.347463,0.038480,1
96,88,0.154844,0.398863,0.034040,1
96,89,0.601056,0.412359,0.035520,1
96,90,0.750239,0.409956,0.037000,1
96,91,0.260072,0.467726,0.038480,1
96,92,0.718590,0.473815,0.034040,1
96,93,0.302747,0.406928,0.035520,1
96,94,0.632613,0.477866,0.037000,1
96,95,0.675262,0.415736,0.038480,1
96,96,0.094555,0.429609,0.034040,1
96,97,0.440368,0.534276,0.035520,1
96,98,0.788895,0.471496,0.037000,1
96,99,0.337062,0.471569,0.038480,1
96,100,0.753400,0.532453,0.034040,1
96,101,0.224151,0.403550,0.035520,1
96,102,0.368223,0.539624,0.037000,1
96,103,0.680877,0.535264,0.038480,1
96,104,0.116954,0.493633,0.034040,1
96,105,0.560884,0.478902,0.035520,1
96,106,0.963000,0.535343,0.037000,1
96,107,0.183598,0.465106,0.038480,1
96,108,0.596436,0.538230,0.034040,1
96,109,0.860722,0.466870,0.035520,1
96,110,0.219524,0.531207,0.037000,1
96,111,0.800715,0.603283,0.038480,1
96,112,0.034040,0.463266,0.034040,1
96,113,0.517739,0.534878,0.035520,1
96,114,0.933320,0.468614,0.037000,1
96,115,0.038480,0.535638,0.038480,1
96,116,0.555846,0.593071,0.034040,1
96,117,0.825514,0.533818,0.035520,1
96,118,0.294669,0.534440,0.037000,1
96,119,0.724081,0.598475,0.038480,1
96,120,0.894848,0.527671,0.034040,1
96,121,0.478984,0.593989,0.035520,1
96,122,0.636798,0.596246,0.037000,1
96,123,0.109323,0.565523,0.038480,1
96,124,0.519120,0.650683,0.034040,1
96,125,0.964480,0.607868,0.035520,1
96,126,0.179428,0.593496,0.037000,1
96,127,0.591456,0.656414,0.038480,1
96,128,0.758934,0.661867,0.034040,1
96,129,0.326620,0.599311,0.035520,1
96,130,0.677551,0.657774,0.037000,1
96,131,0.891206,0.599928,0.038480,1
96,132,0.409472,0.596792,0.034040,1
96,133,0.635016,0.716446,0.035520,1
96,134,0.254188,0.596516,0.037000,1
96,135,0.444865,0.659785,0.038480,1
96,136,0.717873,0.716261,0.034040,1
96,137,0.289379,0.659926,0.035520,1
96,138,0.492561,0.718132,0.037000,1
96,139,0.848382,0.663762,0.038480,1
96,140,0.370822,0.652943,0.034040,1
96,141,0.564712,0.725431,0.035520,1
96,142,0.070303,0.630120,0.037000,1
96,143,0.397333,0.720444,0.038480,1
96,144,0.799036,0.716905,0.034040,1
97,0,0.099825,0.034040,0.034040,1
97,1,0.313461,0.035520,0.035520,1
97,2,0.744954,0.037000,0.037000,1
97,3,0.170027,0.038480,0.038480,1
97,4,0.452152,0.034040,0.034040,1
97,5,0.674076,0.035520,0.035520,1
97,6,0.245088,0.037000,0.037000,1
97,7,0.600587,0.038480,0.038480,1
97,8,0.890375,0.034040,0.034040,1
97,9,0.383396,0.035520,0.035520,1
97,10,0.636875,0.097037,0.037000,1
97,11,0.038480,0.171220,0.038480,1
97,12,0.277903,0.094748,0.034040,1
97,13,0.708595,0.096791,0.035520,1
97,14,0.037000,0.037000,0.037000,1
97,15,0.523194,0.038480,0.038480,1
97,16,0.816848,0.034040,0.034040,1
97,17,0.060049,0.102192,0.035520,1
97,18,0.854527,0.093205,0.037000,1
97,19,0.961520,0.038480,0.038480,1
97,20,0.209793,0.094556,0.034040,1
97,21,0.346709,0.094519,0.035520,1
97,22,0.132406,0.096197,0.037000,1
97,23,0.562495,0.098340,0.038480,1
97,24,0.924996,0.094203,0.034040,1
97,25,0.035520,0.244245,0.035520,1
97,26,0.418456,0.096697,0.037000,1
97,27,0.781258,0.096736,0.038480,1
97,28,0.309920,0.153754,0.034040,1
97,29,0.491063,0.101530,0.035520,1
97,30,0.963000,0.152338,0.037000,1
97,31,0.379972,0.159799,0.038480,1
97,32,0.743233,0.157091,0.034040,1
97,33,0.242881,0.154254,0.035520,1
97,34,0.963000,0.288620,0.037000,1
97,35,0.933643,0.220385,0.038480,1
97,36,0.104643,0.161614,0.034040,1
97,37,0.674173,0.158962,0.035520,1
97,38,0.893137,0.156163,0.037000,1
97,39,0.172695,0.228059,0.038480,1
97,40,0.821628,0.156552,0.034040,1
97,41,0.173910,0.154532,0.035520,1
97,42,0.277711,0.215612,0.037000,1
97,43,0.525263,0.167023,0.038480,1
97,44,0.348477,0.224486,0.034040,1
97,45,0.453286,0.160862,0.035520,1
97,46,0.782695,0.215096,0.037000,1
97,47,0.232477,0.275303,0.038480,1
97,48,0.489886,0.228951,0.034040,1
97,49,0.891417,0.280999,0.035520,1
97,50,0.418452,0.223335,0.037000,1
97,51,0.600283,0.161848,0.038480,1
97,52,0.100314,0.228786,0.034040,1
97,53,0.450983,0.286532,0.035520,1
97,54,0.856251,0.218769,0.037000,1
97,55,0.038480,0.317328,0.038480,1
97,56,0.565327,0.227439,0.034040,1
97,57,0.711410,0.218579,0.035520,1
97,58,0.308414,0.281693,0.037000,1
97,59,0.748609,0.280735,0.038480,1
97,60,0.821548,0.280481,0.034040,1
97,61,0.381135,0.286079,0.035520,1
97,62,0.638837,0.222508,0.037000,1
97,63,0.132600,0.292698,0.038480,1
97,64,0.528652,0.284829,0.034040,1
97,65,0.783559,0.345002,0.035520,1
97,66,0.191698,0.338811,0.037000,1
97,67,0.487411,0.349280,0.038480,1
97,68,0.920417,0.343668,0.034040,1
97,69,0.414653,0.348607,0.035520,1
97,70,0.673680,0.284934,0.037000,1
97,71,0.266761,0.343408,0.038480,1
97,72,0.447341,0.409969,0.034040,1
97,73,0.602779,0.286020,0.035520,1
97,74,0.342183,0.346862,0.037000,1
97,75,0.563866,0.348278,0.038480,1
97,76,0.852554,0.340957,0.034040,1
97,77,0.377921,0.409721,0.035520,1
97,78,0.822040,0.405660,0.037000,1
97,79,0.961520,0.400647,0.038480,1
97,80,0.408940,0.471904,0.034040,1
97,81,0.637705,0.349254,0.035520,1
97,82,0.037000,0.392469,0.037000,1
97,83,0.526794,0.414380,0.038480,1
97,84,0.893033,0.405593,0.034040,1
97,85,0.098910,0.358513,0.035520,1
97,86,0.479589,0.473328,0.037000,1
97,87,0.711076,0.347388,0.038480,1
97,88,0.154762,0.399054,0.034040,1
97,89,0.601061,0.412345,0.035520,1
97,90,0.750256,0.409871,0.037000,1
97,91,0.260050,0.467841,0.038480,1
97,92,0.718632,0.473735,0.034040,1
97,93,0.302705,0.407031,0.035520,1
97,94,0.632672,0.477825,0.037000,1
97,95,0.675277,0.415667,0.038480,1
97,96,0.094605,0.430088,0.034040,1
97,97,0.440336,0.534283,0.035520,1
97,98,0.788945,0.471390,0.037000,1
97,99,0.337044,0.471667,0.038480,1
97,100,0.753473,0.532356,0.034040,1
97,101,0.224072,0.403698,0.035520,1
97,102,0.368195,0.539730,0.037000,1
97,103,0.680954,0.535204,0.038480,1
97,104,0.117036,0.494146,0.034040,1
97,105,0.560955,0.478888,0.035520,1
97,106,0.963000,0.535275,0.037000,1
97,107,0.183536,0.465283,0.038480,1
97,108,0.596538,0.538203,0.034040,1
97,109,0.860772,0.466725,0.035520,1
97,110,0.219523,0.531346,0.037000,1
97,111,0.800824,0.603247,0.038480,1
97,112,0.034040,0.463492,0.034040,1
97,113,0.517796,0.534844,0.035520,1
97,114,0.933368,0.468519,0.037000,1
97,115,0.038487,0.535868,0.038480,1
97,116,0.555924,0.593024,0.034040,1
97,117,0.825517,0.533741,0.035520,1
97,118,0.294636,0.534564,0.037000,1
97,119,0.724191,0.598391,0.038480,1
97,120,0.894847,0.527546,0.034040,1
97,121,0.479032,0.593942,0.035520,1
97,122,0.636915,0.596211,0.037000,1
97,123,0.109242,0.566071,0.038480,1
97,124,0.519221,0.650596,0.034040,1
97,125,0.964480,0.607800,0.035520,1
97,126,0.179492,0.593680,0.037000,1
97,127,0.591554,0.656360,0.038480,1
97,128,0.759002,0.661806,0.034040,1
97,129,0.326613,0.599426,0.035520,1
97,130,0.677698,0.657721,0.037000,1
97,131,0.891212,0.599804,0.038480,1
97,132,0.409527,0.596843,0.034040,1
97,133,0.635125,0.716365,0.035520,1
97,134,0.254179,0.596654,0.037000,1
97,135,0.445013,0.659786,0.038480,1
97,136,0.717985,0.716233,0.034040,1
97,137,0.289390,0.660052,0.035520,1
97,138,0.492663,0.718172,0.037000,1
97,139,0.848505,0.663716,0.038480,1
97,140,0.370887,0.652999,0.034040,1
97,141,0.564824,0.725383,0.035520,1
97,142,0.052749,0.616077,0.037000,1
97,143,0.397499,0.720459,0.038480,1
97,144,0.799125,0.716827,0.034040,1
98,0,0.099827,0.034040,0.034040,1
98,1,0.313427,0.035520,0.035520,1
98,2,0.744807,0.037000,0.037000,1
98,3,0.170070,0.038480,0.038480,1
98,4,0.452035,0.034040,0.034040,1
98,5,0.673923,0.035520,0.035520,1
98,6,0.245150,0.037000,0.037000,1
98,7,0.600439,0.038480,0.038480,1
98,8,0.890355,0.034040,0.034040,1
98,9,0.383328,0.035520,0.035520,1
98,10,0.636736,0.097049,0.037000,1
98,11,0.038480,0.170646,0.038480,1
98,12,0.277785,0.094808,0.034040,1
98,13,0.708452,0.096761,0.035520,1
98,14,0.037000,0.037000,0.037000,1
98,15,0.523060,0.038480,0.038480,1
98,16,0.816680,0.034040,0.034040,1
98,17,0.060212,0.101881,0.035520,1
98,18,0.854366,0.093178,0.037000,1
98,19,0.961520,0.038480,0.038480,1
98,20,0.209867,0.094509,0.034040,1
98,21,0.346588,0.094608,0.035520,1
98,22,0.132532,0.096020,0.037000,1
98,23,0.562358,0.098369,0.038480,1
98,24,0.924827,0.094040,0.034040,1
98,25,0.035520,0.243617,0.035520,1
98,26,0.418327,0.096810,0.037000,1
98,27,0.781122,0.096745,0.038480,1
98,28,0.309778,0.153854,0.034040,1
98,29,0.490930,0.101649,0.035520,1
98,30,0.963000,0.152081,0.037000,1
98,31,0.379830,0.159921,0.038480,1
98,32,0.743065,0.157055,0.034040,1
98,33,0.242819,0.154312,0.035520,1
98,34,0.963000,0.288489,0.037000,1
98,35,0.933770,0.220201,0.038480,1
98,36,0.104566,0.161395,0.034040,1
98,37,0.674035,0.158970,0.035520,1
98,38,0.893113,0.156074,0.037000,1
98,39,0.172935,0.227867,0.038480,1
98,40,0.821595,0.156501,0.034040,1
98,41,0.173843,0.154356,0.035520,1
98,42,0.277569,0.215747,0.037000,1
98,43,0.525134,0.167151,0.038480,1
98,44,0.348306,0.224624,0.034040,1
98,45,0.453146,0.160996,0.035520,1
98,46,0.782579,0.214994,0.037000,1
98,47,0.232384,0.275493,0.038480,1
98,48,0.489720,0.229060,0.034040,1
98,49,0.891448,0.280786,0.035520,1
98,50,0.418282,0.223473,0.037000,1
98,51,0.600143,0.161868,0.038480,1
98,52,0.100495,0.228555,0.034040,1
98,53,0.450828,0.286668,0.035520,1
98,54,0.856136,0.218627,0.037000,1
98,55,0.038480,0.316628,0.038480,1
98,56,0.565298,0.227513,0.034040,1
98,57,0.711290,0.218579,0.035520,1
98,58,0.308217,0.281877,0.037000,1
98,59,0.748584,0.280667,0.038480,1
98,60,0.821533,0.280404,0.034040,1
98,61,0.380941,0.286213,0.035520,1
98,62,0.638707,0.222515,0.037000,1
98,63,0.132872,0.292326,0.038480,1
98,64,0.528584,0.284869,0.034040,1
98,65,0.783511,0.344923,0.035520,1
98,66,0.191494,0.339000,0.037000,1
98,67,0.487311,0.349400,0.038480,1
98,68,0.920380,0.343494,0.034040,1
98,69,0.414509,0.348710,0.035520,1
98,70,0.673660,0.284868,0.037000,1
98,71,0.266514,0.343637,0.038480,1
98,72,0.447197,0.410064,0.034040,1
98,73,0.602756,0.286101,0.035520,1
98,74,0.342022,0.347021,0.037000,1
98,75,0.563786,0.348322,0.038480,1
98,76,0.852508,0.340898,0.034040,1
98,77,0.377780,0.409848,0.035520,1
98,78,0.822017,0.405547,0.037000,1
98,79,0.961520,0.400468,0.038480,1
98,80,0.408817,0.472001,0.034040,1
98,81,0.637647,0.349169,0.035520,1
98,82,0.037000,0.391621,0.037000,1
98,83,0.526745,0.414472,0.038480,1
98,84,0.893013,0.405427,0.034040,1
98,85,0.099071,0.357993,0.035520,1
98,86,0.479483,0.473390,0.037000,1
98,87,0.711024,0.347337,0.038480,1
98,88,0.154417,0.399271,0.034040,1
98,89,0.601020,0.412354,0.035520,1
98,90,0.750235,0.409804,0.037000,1
98,91,0.259852,0.467987,0.038480,1
98,92,0.718641,0.473677,0.034040,1
98,93,0.302524,0.407198,0.035520,1
98,94,0.632693,0.477808,0.037000,1
98,95,0.675252,0.415620,0.038480,1
98,96,0.094160,0.430247,0.034040,1
98,97,0.440233,0.534340,0.035520,1
98,98,0.788963,0.471301,0.037000,1
98,99,0.336865,0.471828,0.038480,1
98,100,0.753509,0.532282,0.034040,1
98,101,0.223730,0.403901,0.035520,1
98,102,0.368097,0.539857,0.037000,1
98,103,0.680989,0.535169,0.038480,1
98,104,0.116688,0.494391,0.034040,1
98,105,0.560988,0.478939,0.035520,1
98,106,0.963000,0.535123,0.037000,1
98,107,0.183189,0.465534,0.038480,1
98,108,0.596639,0.538214,0.034040,1
98,109,0.860787,0.466576,0.035520,1
98,110,0.219305,0.531518,0.037000,1
98,111,0.800894,0.603177,0.038480,1
98,112,0.034040,0.462317,0.034040,1
98,113,0.517777,0.534855,0.035520,1
98,114,0.933379,0.468366,0.037000,1
98,115,0.038480,0.534512,0.038480,1
98,116,0.555971,0.592992,0.034040,1
98,117,0.825533,0.533651,0.035520,1
98,118,0.294526,0.534666,0.037000,1
98,119,0.724257,0.598333,0.038480,1
98,120,0.894858,0.527394,0.034040,1
98,121,0.479001,0.593940,0.035520,1
98,122,0.637016,0.596224,0.037000,1
98,123,0.108295,0.566381,0.038480,1
98,124,0.519263,0.650542,0.034040,1
98,125,0.964480,0.607648,0.035520,1
98,126,0.178733,0.593503,0.037000,1
98,127,0.591595,0.656327,0.038480,1
98,128,0.759076,0.661743,0.034040,1
98,129,0.326510,0.599530,0.035520,1
98,130,0.677828,0.657716,0.037000,1
98,131,0.891210,0.599651,0.038480,1
98,132,0.409499,0.596937,0.034040,1
98,133,0.635194,0.716317,0.035520,1
98,134,0.254074,0.596757,0.037000,1
98,135,0.445080,0.659829,0.038480,1
98,136,0.718126,0.716220,0.034040,1
98,137,0.289286,0.660155,0.035520,1
98,138,0.492726,0.718220,0.037000,1
98,139,0.848599,0.663628,0.038480,1
98,140,0.370829,0.653068,0.034040,1
98,141,0.564894,0.725360,0.035520,1
98,142,0.041855,0.609948,0.037000,1
98,143,0.397550,0.720486,0.038480,1
98,144,0.799226,0.716745,0.034040,1
99,0,0.099819,0.034040,0.034040,1
99,1,0.313396,0.035520,0.035520,1
99,2,0.744708,0.037000,0.037000,1
99,3,0.170066,0.038480,0.038480,1
99,4,0.451969,0.034040,0.034040,1
99,5,0.673834,0.035520,0.035520,1
99,6,0.245143,0.037000,0.037000,1
99,7,0.600357,0.038480,0.038480,1
99,8,0.890352,0.034040,0.034040,1
99,9,0.383281,0.035520,0.035520,1
99,10,0.636659,0.097058,0.037000,1
99,11,0.038480,0.170564,0.038480,1
99,12,0.277743,0.094813,0.034040,1
99,13,0.708378,0.096756,0.035520,1
99,14,0.037000,0.037000,0.037000,1
99,15,0.522981,0.038480,0.038480,1
99,16,0.816554,0.034040,0.034040,1
99,17,0.060248,0.101836,0.035520,1
99,18,0.854270,0.093142,0.037000,1
99,19,0.961520,0.038480,0.038480,1
99,20,0.209844,0.094504,0.034040,1
99,21,0.346540,0.094646,0.035520,1
99,22,0.132565,0.095992,0.037000,1
99,23,0.562289,0.098384,0.038480,1
99,24,0.924723,0.093925,0.034040,1
99,25,0.035520,0.243528,0.035520,1
99,26,0.418269,0.096845,0.037000,1
99,27,0.781053,0.096749,0.038480,1
99,28,0.309741,0.153858,0.034040,1
99,29,0.490874,0.101695,0.035520,1
99,30,0.963000,0.151900,0.037000,1
99,31,0.379790,0.159973,0.038480,1
99,32,0.742990,0.157042,0.034040,1
99,33,0.242794,0.154310,0.035520,1
99,34,0.963000,0.288403,0.037000,1
99,35,0.933860,0.220069,0.038480,1
99,36,0.104540,0.161349,0.034040,1
99,37,0.673958,0.158978,0.035520,1
99,38,0.893096,0.156000,0.037000,1
99,39,0.172966,0.227858,0.038480,1
99,40,0.821565,0.156495,0.034040,1
99,41,0.173821,0.154349,0.035520,1
99,42,0.277531,0.215751,0.037000,1
99,43,0.525066,0.167213,0.038480,1
99,44,0.348258,0.224659,0.034040,1
99,45,0.453085,0.161042,0.035520,1
99,46,0.782506,0.214968,0.037000,1
99,47,0.232383,0.275518,0.038480,1
99,48,0.489655,0.229142,0.034040,1
99,49,0.891480,0.280614,0.035520,1
99,50,0.418239,0.223546,0.037000,1
99,51,0.600074,0.161881,0.038480,1
99,52,0.100520,0.228508,0.034040,1
99,53,0.450780,0.286770,0.035520,1
99,54,0.856066,0.218512,0.037000,1
99,55,0.038480,0.316539,0.038480,1
99,56,0.565264,0.227553,0.034040,1
99,57,0.711219,0.218574,0.035520,1
99,58,0.308150,0.281896,0.037000,1
99,59,0.748526,0.280646,0.038480,1
99,60,0.821478,0.280295,0.034040,1
99,61,0.380873,0.286267,0.035520,1
99,62,0.638630,0.222537,0.037000,1
99,63,0.132879,0.292275,0.038480,1
99,64,0.528563,0.284916,0.034040,1
99,65,0.783454,0.344889,0.035520,1
99,66,0.191454,0.339002,0.037000,1
99,67,0.487247,0.349539,0.038480,1
99,68,0.920321,0.343364,0.034040,1
99,69,0.414417,0.348781,0.035520,1
99,70,0.673610,0.284867,0.037000,1
99,71,0.266470,0.343679,0.038480,1
99,72,0.447074,0.410147,0.034040,1
99,73,0.602701,0.286156,0.035520,1
99,74,0.341923,0.347053,0.037000,1
99,75,0.563728,0.348385,0.038480,1
99,76,0.852448,0.340792,0.034040,1
99,77,0.377661,0.409887,0.035520,1
99,78,0.821986,0.405480,0.037000,1
99,79,0.961520,0.400309,0.038480,1
99,80,0.408722,0.472024,0.034040,1
99,81,0.637596,0.349169,0.035520,1
99,82,0.037000,0.391534,0.037000,1
99,83,0.526742,0.414595,0.038480,1
99,84,0.892995,0.405319,0.034040,1
99,85,0.099048,0.357915,0.035520,1
99,86,0.479388,0.473453,0.037000,1
99,87,0.710978,0.347332,0.038480,1
99,88,0.154338,0.399252,0.034040,1
99,89,0.601012,0.412384,0.035520,1
99,90,0.750207,0.409794,0.037000,1
99,91,0.259747,0.468016,0.038480,1
99,92,0.718647,0.473684,0.034040,1
99,93,0.302451,0.407256,0.035520,1
99,94,0.632707,0.477829,0.037000,1
99,95,0.675251,0.415629,0.038480,1
99,96,0.094089,0.430246,0.034040,1
99,97,0.440086,0.534383,0.035520,1
99,98,0.788972,0.471273,0.037000,1
99,99,0.336756,0.471905,0.038480,1
99,100,0.753534,0.532266,0.034040,1
99,101,0.223651,0.403919,0.035520,1
99,102,0.367937,0.539951,0.037000,1
99,103,0.681008,0.535197,0.038480,1
99,104,0.116582,0.494404,0.034040,1
99,105,0.561005,0.479070,0.035520,1
99,106,0.963000,0.534957,0.037000,1
99,107,0.183072,0.465524,0.038480,1
99,108,0.596768,0.538285,0.034040,1
99,109,0.860783,0.466471,0.035520,1
99,110,0.219140,0.531525,0.037000,1
99,111,0.800959,0.603145,0.038480,1
99,112,0.034040,0.462221,0.034040,1
99,113,0.517698,0.534906,0.035520,1
99,114,0.933373,0.468218,0.037000,1
99,115,0.038480,0.534409,0.038480,1
99,116,0.555990,0.592978,0.034040,1
99,117,0.825567,0.533608,0.035520,1
99,118,0.294375,0.534713,0.037000,1
99,119,0.724321,0.598330,0.038480,1
99,120,0.894884,0.527265,0.034040,1
99,121,0.478885,0.593973,0.035520,1
99,122,0.637117,0.596323,0.037000,1
99,123,0.108258,0.566404,0.038480,1
99,124,0.519236,0.650513,0.034040,1
99,125,0.964480,0.607483,0.035520,1
99,126,0.178674,0.593584,0.037000,1
99,127,0.591563,0.656331,0.038480,1
99,128,0.759163,0.661727,0.034040,1
99,129,0.326307,0.599601,0.035520,1
99,130,0.677985,0.657780,0.037000,1
99,131,0.891209,0.599518,0.038480,1
99,132,0.409383,0.596992,0.034040,1
99,133,0.635227,0.716288,0.035520,1
99,134,0.253876,0.596776,0.037000,1
99,135,0.444982,0.659872,0.038480,1
99,136,0.718302,0.716271,0.034040,1
99,137,0.289038,0.660201,0.035520,1
99,138,0.492782,0.718135,0.037000,1
99,139,0.848704,0.663564,0.038480,1
99,140,0.370674,0.653097,0.034040,1
99,141,0.564937,0.725395,0.035520,1
99,142,0.037000,0.609912,0.037000,1
99,143,0.397420,0.720504,0.038480,1
99,144,0.799351,0.716701,0.034040,1
100,0,0.099808,0.034040,0.034040,1
100,1,0.313366,0.035520,0.035520,1
100,2,0.744656,0.037000,0.037000,1
100,3,0.170053,0.038480,0.038480,1
100,4,0.451925,0.034040,0.034040,1
100,5,0.673778,0.035520,0.035520,1
100,6,0.245129,0.037000,0.037000,1
100,7,0.600305,0.038480,0.038480,1
100,8,0.890327,0.034040,0.034040,1
100,9,0.383244,0.035520,0.035520,1
100,10,0.636602,0.097057,0.037000,1
100,11,0.038480,0.170559,0.038480,1
100,12,0.277700,0.094824,0.034040,1
100,13,0.708318,0.096747,0.035520,1
100,14,0.037000,0.037000,0.037000,1
100,15,0.522931,0.038480,0.038480,1
100,16,0.816494,0.034040,0.034040,1
100,17,0.060240,0.101833,0.035520,1
100,18,0.854192,0.093150,0.037000,1
100,19,0.961520,0.038480,0.038480,1
100,20,0.209836,0.094507,0.034040,1
100,21,0.346498,0.094668,0.035520,1
100,22,0.132556,0.095982,0.037000,1
100,23,0.562242,0.098389,0.038480,1
100,24,0.924638,0.093850,0.034040,1
100,25,0.035520,0.243520,0.035520,1
100,26,0.418224,0.096863,0.037000,1
100,27,0.780995,0.096765,0.038480,1
100,28,0.309705,0.153867,0.034040,1
100,29,0.490830,0.101707,0.035520,1
100,30,0.963000,0.151768,0.037000,1
100,31,0.379756,0.160000,0.038480,1
100,32,0.742918,0.157033,0.034040,1
100,33,0.242768,0.154328,0.035520,1
100,34,0.963000,0.288367,0.037000,1
100,35,0.933960,0.219983,0.038480,1
100,36,0.104518,0.161335,0.034040,1
100,37,0.673896,0.158981,0.035520,1
100,38,0.893096,0.155971,0.037000,1
100,39,0.172967,0.227851,0.038480,1
100,40,0.821553,0.156494,0.034040,1
100,41,0.173800,0.154342,0.035520,1
100,42,0.277508,0.215770,0.037000,1
100,43,0.525019,0.167229,0.038480,1
100,44,0.348233,0.224681,0.034040,1
100,45,0.453043,0.161056,0.035520,1
100,46,0.782438,0.214945,0.037000,1
100,47,0.232363,0.275537,0.038480,1
100,48,0.489634,0.229167,0.034040,1
100,49,0.891517,0.280488,0.035520,1
100,50,0.418218,0.223577,0.037000,1
100,51,0.600025,0.161885,0.038480,1
100,52,0.100518,0.228493,0.034040,1
100,53,0.450768,0.286806,0.035520,1
100,54,0.856002,0.218438,0.037000,1
100,55,0.038480,0.316529,0.038480,1
100,56,0.565225,0.227564,0.034040,1
100,57,0.711156,0.218571,0.035520,1
100,58,0.308126,0.281920,0.037000,1
100,59,0.748471,0.280633,0.038480,1
100,60,0.821424,0.280225,0.034040,1
100,61,0.380843,0.286286,0.035520,1
100,62,0.638569,0.222548,0.037000,1
100,63,0.132872,0.292260,0.038480,1
100,64,0.528545,0.284942,0.034040,1
100,65,0.783405,0.344864,0.035520,1
100,66,0.191425,0.339015,0.037000,1
100,67,0.487213,0.349605,0.038480,1
100,68,0.920266,0.343280,0.034040,1
100,69,0.414382,0.348794,0.035520,1
100,70,0.673562,0.284870,0.037000,1
100,71,0.266438,0.343702,0.038480,1
100,72,0.446998,0.410179,0.034040,1
100,73,0.602650,0.286177,0.035520,1
100,74,0.341889,0.347081,0.037000,1
100,75,0.563691,0.348423,0.038480,1
100,76,0.852394,0.340721,0.034040,1
100,77,0.377584,0.409937,0.035520,1
100,78,0.821961,0.405434,0.037000,1
100,79,0.961520,0.400195,0.038480,1
100,80,0.408657,0.472064,0.034040,1
100,81,0.637556,0.349179,0.035520,1
100,82,0.037000,0.391529,0.037000,1
100,83,0.526730,0.414662,0.038480,1
100,84,0.892979,0.405257,0.034040,1
100,85,0.099038,0.357896,0.035520,1
100,86,0.479323,0.473478,0.037000,1
100,87,0.710937,0.347334,0.038480,1
100,88,0.154299,0.399261,0.034040,1
100,89,0.600993,0.412413,0.035520,1
100,90,0.750183,0.409784,0.037000,1
100,91,0.259690,0.468036,0.038480,1
100,92,0.718641,0.473684,0.034040,1
100,93,0.302409,0.407283,0.035520,1
100,94,0.632690,0.477849,0.037000,1
100,95,0.675229,0.415644,0.038480,1
100,96,0.094066,0.430283,0.034040,1
100,97,0.440025,0.534417,0.035520,1
100,98,0.788965,0.471253,0.037000,1
100,99,0.336699,0.471935,0.038480,1
100,100,0.753538,0.532253,0.034040,1
100,101,0.223609,0.403936,0.035520,1
100,102,0.367870,0.539980,0.037000,1
100,103,0.681010,0.535207,0.038480,1
100,104,0.116543,0.494447,0.034040,1
100,105,0.560987,0.479153,0.035520,1
100,106,0.963000,0.534825,0.037000,1
100,107,0.183019,0.465534,0.038480,1
100,108,0.596807,0.538341,0.034040,1
100,109,0.860766,0.466405,0.035520,1
100,110,0.219074,0.531542,0.037000,1
100,111,0.800984,0.603107,0.038480,1
100,112,0.034040,0.462214,0.034040,1
100,113,0.517617,0.534942,0.035520,1
100,114,0.933355,0.468107,0.037000,1
100,115,0.038480,0.534402,0.038480,1
100,116,0.555961,0.592980,0.034040,1
100,117,0.825590,0.533568,0.035520,1
100,118,0.294312,0.534738,0.037000,1
100,119,0.724346,0.598323,0.038480,1
100,120,0.894904,0.527177,0.034040,1
100,121,0.478811,0.594016,0.035520,1
100,122,0.637172,0.596375,0.037000,1
100,123,0.108234,0.566449,0.038480,1
100,124,0.519221,0.650513,0.034040,1
100,125,0.964480,0.607350,0.035520,1
100,126,0.178650,0.593629,0.037000,1
100,127,0.591548,0.656330,0.038480,1
100,128,0.759215,0.661705,0.034040,1
100,129,0.326234,0.599631,0.035520,1
100,130,0.678067,0.657816,0.037000,1
100,131,0.891205,0.599428,0.038480,1
100,132,0.409308,0.597020,0.034040,1
100,133,0.635227,0.716261,0.035520,1
100,134,0.253804,0.596796,0.037000,1
100,135,0.444889,0.659909,0.038480,1
100,136,0.718409,0.716290,0.034040,1
100,137,0.288957,0.660227,0.035520,1
100,138,0.492793,0.718084,0.037000,1
100,139,0.848752,0.663508,0.038480,1
100,140,0.370600,0.653127,0.034040,1
100,141,0.564943,0.725402,0.035520,1
100,142,0.037000,0.609905,0.037000,1
100,143,0.397326,0.720542,0.038480,1
100,144,0.799423,0.716666,0.034040,1
101,0,0.099799,0.034040,0.034040,1
101,1,0.313349,0.035520,0.035520,1
101,2,0.744624,0.037000,0.037000,1
101,3,0.170043,0.038480,0.038480,1
101,4,0.451896,0.034040,0.034040,1
101,5,0.673741,0.035520,0.035520,1
101,6,0.245122,0.037000,0.037000,1
101,7,0.600271,0.038480,0.038480,1
101,8,0.890317,0.034040,0.034040,1
101,9,0.383222,0.035520,0.035520,1
101,10,0.636564,0.097058,0.037000,1
101,11,0.038480,0.170560,0.038480,1
101,12,0.277675,0.094835,0.034040,1
101,13,0.708279,0.096741,0.035520,1
101,14,0.037000,0.037000,0.037000,1
101,15,0.522900,0.038480,0.038480,1
101,16,0.816449,0.034040,0.034040,1
101,17,0.060230,0.101834,0.035520,1
101,18,0.854138,0.093147,0.037000,1
101,19,0.961520,0.038480,0.038480,1
101,20,0.209832,0.094509,0.034040,1
101,21,0.346470,0.094677,0.035520,1
101,22,0.132545,0.095975,0.037000,1
101,23,0.562206,0.098389,0.038480,1
101,24,0.924577,0.093791,0.034040,1
101,25,0.035520,0.243519,0.035520,1
101,26,0.418192,0.096872,0.037000,1
101,27,0.780960,0.096788,0.038480,1
101,28,0.309678,0.153881,0.034040,1
101,29,0.490797,0.101713,0.035520,1
101,30,0.963000,0.151664,0.037000,1
101,31,0.379728,0.160017,0.038480,1
101,32,0.742863,0.157031,0.034040,1
101,33,0.242749,0.154339,0.035520,1
101,34,0.963000,0.288336,0.037000,1
101,35,0.934034,0.219914,0.038480,1
101,36,0.104502,0.161327,0.034040,1
101,37,0.673846,0.158986,0.035520,1
101,38,0.893093,0.155946,0.037000,1
101,39,0.172960,0.227843,0.038480,1
101,40,0.821543,0.156511,0.034040,1
101,41,0.173784,0.154335,0.035520,1
101,42,0.277483,0.215785,0.037000,1
101,43,0.524977,0.167240,0.038480,1
101,44,0.348209,0.224696,0.034040,1
101,45,0.453007,0.161062,0.035520,1
101,46,0.782380,0.214938,0.037000,1
101,47,0.232336,0.275550,0.038480,1
101,48,0.489609,0.229187,0.034040,1
101,49,0.891543,0.280382,0.035520,1
101,50,0.418196,0.223596,0.037000,1
101,51,0.599984,0.161887,0.038480,1
101,52,0.100511,0.228484,0.034040,1
101,53,0.450748,0.286830,0.035520,1
101,54,0.855946,0.218377,0.037000,1
101,55,0.038480,0.316527,0.038480,1
101,56,0.565189,0.227571,0.034040,1
101,57,0.711102,0.218571,0.035520,1
101,58,0.308102,0.281935,0.037000,1
101,59,0.748418,0.280626,0.038480,1
101,60,0.821374,0.280166,0.034040,1
101,61,0.380819,0.286303,0.035520,1
101,62,0.638518,0.222558,0.037000,1
101,63,0.132865,0.292251,0.038480,1
101,64,0.528525,0.284959,0.034040,1
101,65,0.783360,0.344846,0.035520,1
101,66,0.191397,0.339030,0.037000,1
101,67,0.487184,0.349639,0.038480,1
101,68,0.920216,0.343210,0.034040,1
101,69,0.414356,0.348815,0.035520,1
101,70,0.673515,0.284879,0.037000,1
101,71,0.266410,0.343714,0.038480,1
101,72,0.446967,0.410203,0.034040,1
101,73,0.602603,0.286189,0.035520,1
101,74,0.341862,0.347097,0.037000,1
101,75,0.563659,0.348447,0.038480,1
101,76,0.852345,0.340662,0.034040,1
101,77,0.377554,0.409957,0.035520,1
101,78,0.821938,0.405395,0.037000,1
101,79,0.961520,0.400097,0.038480,1
101,80,0.408631,0.472085,0.034040,1
101,81,0.637520,0.349193,0.035520,1
101,82,0.037000,0.391529,0.037000,1
101,83,0.526716,0.414697,0.038480,1
101,84,0.892965,0.405207,0.034040,1
101,85,0.099033,0.357886,0.035520,1
101,86,0.479298,0.473500,0.037000,1
101,87,0.710899,0.347339,0.038480,1
101,88,0.154271,0.399276,0.034040,1
101,89,0.600974,0.412431,0.035520,1
101,90,0.750160,0.409777,0.037000,1
101,91,0.259662,0.468049,0.038480,1
101,92,0.718634,0.473686,0.034040,1
101,93,0.302377,0.407294,0.035520,1
101,94,0.632673,0.477867,0.037000,1
101,95,0.675209,0.415659,0.038480,1
101,96,0.094047,0.430314,0.034040,1
101,97,0.439999,0.534440,0.035520,1
101,98,0.788956,0.471236,0.037000,1
101,99,0.336671,0.471943,0.038480,1
101,100,0.753540,0.532244,0.034040,1
101,101,0.223582,0.403950,0.035520,1
101,102,0.367843,0.539985,0.037000,1
101,103,0.681009,0.535217,0.038480,1
101,104,0.116523,0.494479,0.034040,1
101,105,0.560965,0.479199,0.035520,1
101,106,0.963000,0.534708,0.037000,1
101,107,0.182991,0.465547,0.038480,1
101,108,0.596813,0.538371,0.034040,1
101,109,0.860749,0.466352,0.035520,1
101,110,0.219044,0.531556,0.037000,1
101,111,0.801004,0.603069,0.038480,1
101,112,0.034040,0.462214,0.034040,1
101,113,0.517575,0.534973,0.035520,1
101,114,0.933338,0.468011,0.037000,1
101,115,0.038480,0.534401,0.038480,1
101,116,0.555945,0.592993,0.034040,1
101,117,0.825612,0.533532,0.035520,1
101,118,0.294286,0.534748,0.037000,1
101,119,0.724365,0.598320,0.038480,1
101,120,0.894923,0.527102,0.034040,1
101,121,0.478770,0.594050,0.035520,1
101,122,0.637189,0.596401,0.037000,1
101,123,0.108218,0.566482,0.038480,1
101,124,0.519210,0.650527,0.034040,1
101,125,0.964480,0.607233,0.035520,1
101,126,0.178638,0.593655,0.037000,1
101,127,0.591537,0.656336,0.038480,1
101,128,0.759263,0.661686,0.034040,1
101,129,0.326209,0.599639,0.035520,1
101,130,0.678107,0.657827,0.037000,1
101,131,0.891201,0.599352,0.038480,1
101,132,0.409266,0.597034,0.034040,1
101,133,0.635235,0.716247,0.035520,1
101,134,0.253780,0.596807,0.037000,1
101,135,0.444826,0.659934,0.038480,1
101,136,0.718474,0.716283,0.034040,1
101,137,0.288934,0.660237,0.035520,1
101,138,0.492812,0.718042,0.037000,1
101,139,0.848789,0.663458,0.038480,1
101,140,0.370562,0.653145,0.034040,1
101,141,0.564956,0.725418,0.035520,1
101,142,0.037000,0.609904,0.037000,1
101,143,0.397266,0.720569,0.038480,1
101,144,0.799483,0.716638,0.034040,1
102,0,0.099790,0.034040,0.034040,1
102,1,0.313329,0.035520,0.035520,1
102,2,0.744598,0.037000,0.037000,1
102,3,0.170033,0.038480,0.038480,1
102,4,0.451872,0.034040,0.034040,1
102,5,0.673711,0.035520,0.035520,1
102,6,0.245112,0.037000,0.037000,1
102,7,0.600243,0.038480,0.038480,1
102,8,0.890309,0.034040,0.034040,1
102,9,0.383197,0.035520,0.035520,1
102,10,0.636532,0.097056,0.037000,1
102,11,0.038480,0.170564,0.038480,1
102,12,0.277645,0.094844,0.034040,1
102,13,0.708247,0.096733,0.035520,1
102,14,0.037000,0.037000,0.037000,1
102,15,0.522873,0.038480,0.038480,1
102,16,0.816410,0.034040,0.034040,1
102,17,0.060218,0.101837,0.035520,1
102,18,0.854091,0.093144,0.037000,1
102,19,0.961520,0.038480,0.038480,1
102,20,0.209832,0.094515,0.034040,1
102,21,0.346441,0.094690,0.035520,1
102,22,0.132533,0.095972,0.037000,1
102,23,0.562175,0.098386,0.038480,1
102,24,0.924523,0.093738,0.034040,1
102,25,0.035520,0.243521,0.035520,1
102,26,0.418162,0.096877,0.037000,1
102,27,0.780931,0.096806,0.038480,1
102,28,0.309657,0.153885,0.034040,1
102,29,0.490766,0.101709,0.035520,1
102,30,0.963000,0.151569,0.037000,1
102,31,0.379705,0.160030,0.038480,1
102,32,0.742817,0.157027,0.034040,1
102,33,0.242733,0.154354,0.035520,1
102,34,0.963000,0.288308,0.037000,1
102,35,0.934102,0.219851,0.038480,1
102,36,0.104489,0.161325,0.034040,1
102,37,0.673804,0.158986,0.035520,1
102,38,0.893091,0.155924,0.037000,1
102,39,0.172959,0.227839,0.038480,1
102,40,0.821535,0.156525,0.034040,1
102,41,0.173770,0.154332,0.035520,1
102,42,0.277473,0.215797,0.037000,1
102,43,0.524939,0.167239,0.038480,1
102,44,0.348195,0.224709,0.034040,1
102,45,0.452974,0.161059,0.035520,1
102,46,0.782329,0.214931,0.037000,1
102,47,0.232323,0.275560,0.038480,1
102,48,0.489589,0.229200,0.034040,1
102,49,0.891568,0.280286,0.035520,1
102,50,0.418181,0.223609,0.037000,1
102,51,0.599948,0.161886,0.038480,1
102,52,0.100510,0.228482,0.034040,1
102,53,0.450735,0.286846,0.035520,1
102,54,0.855896,0.218323,0.037000,1
102,55,0.038480,0.316528,0.038480,1
102,56,0.565153,0.227566,0.034040,1
102,57,0.711056,0.218567,0.035520,1
102,58,0.308088,0.281946,0.037000,1
102,59,0.748366,0.280618,0.038480,1
102,60,0.821323,0.280111,0.034040,1
102,61,0.380806,0.286318,0.035520,1
102,62,0.638476,0.222563,0.037000,1
102,63,0.132864,0.292248,0.038480,1
102,64,0.528509,0.284966,0.034040,1
102,65,0.783320,0.344826,0.035520,1
102,66,0.191383,0.339041,0.037000,1
102,67,0.487161,0.349663,0.038480,1
102,68,0.920172,0.343146,0.034040,1
102,69,0.414336,0.348836,0.035520,1
102,70,0.673467,0.284889,0.037000,1
102,71,0.266394,0.343724,0.038480,1
102,72,0.446955,0.410221,0.034040,1
102,73,0.602555,0.286190,0.035520,1
102,74,0.341842,0.347109,0.037000,1
102,75,0.563629,0.348463,0.038480,1
102,76,0.852302,0.340604,0.034040,1
102,77,0.377544,0.409969,0.035520,1
102,78,0.821919,0.405357,0.037000,1
102,79,0.961520,0.400008,0.038480,1
102,80,0.408610,0.472104,0.034040,1
102,81,0.637487,0.349210,0.035520,1
102,82,0.037000,0.391531,0.037000,1
102,83,0.526701,0.414726,0.038480,1
102,84,0.892954,0.405160,0.034040,1
102,85,0.099032,0.357883,0.035520,1
102,86,0.479276,0.473520,0.037000,1
102,87,0.710864,0.347344,0.038480,1
102,88,0.154257,0.399287,0.034040,1
102,89,0.600954,0.412443,0.035520,1
102,90,0.750142,0.409767,0.037000,1
102,91,0.259642,0.468062,0.038480,1
102,92,0.718631,0.473684,0.034040,1
102,93,0.302356,0.407304,0.035520,1
102,94,0.632658,0.477888,0.037000,1
102,95,0.675187,0.415674,0.038480,1
102,96,0.094038,0.430334,0.034040,1
102,97,0.439979,0.534462,0.035520,1
102,98,0.788950,0.471217,0.037000,1
102,99,0.336651,0.471952,0.038480,1
102,100,0.753546,0.532234,0.034040,1
102,101,0.223567,0.403962,0.035520,1
102,102,0.367822,0.539994,0.037000,1
102,103,0.681015,0.535223,0.038480,1
102,104,0.116510,0.494500,0.034040,1
102,105,0.560947,0.479235,0.035520,1
102,106,0.963000,0.534603,0.037000,1
102,107,0.182974,0.465558,0.038480,1
102,108,0.596810,0.538399,0.034040,1
102,109,0.860736,0.466301,0.035520,1
102,110,0.219025,0.531569,0.037000,1
102,111,0.801025,0.603037,0.038480,1
102,112,0.034040,0.462215,0.034040,1
102,113,0.517541,0.534997,0.035520,1
102,114,0.933323,0.467924,0.037000,1
102,115,0.038480,0.534403,0.038480,1
102,116,0.555924,0.593007,0.034040,1
102,117,0.825631,0.533499,0.035520,1
102,118,0.294266,0.534760,0.037000,1
102,119,0.724385,0.598316,0.038480,1
102,120,0.894939,0.527034,0.034040,1
102,121,0.478739,0.594082,0.035520,1
102,122,0.637205,0.596418,0.037000,1
102,123,0.108209,0.566504,0.038480,1
102,124,0.519202,0.650545,0.034040,1
102,125,0.964480,0.607128,0.035520,1
102,126,0.178629,0.593675,0.037000,1
102,127,0.591530,0.656337,0.038480,1
102,128,0.759308,0.661668,0.034040,1
102,129,0.326191,0.599651,0.035520,1
102,130,0.678140,0.657833,0.037000,1
102,131,0.891197,0.599282,0.038480,1
102,132,0.409234,0.597049,0.034040,1
102,133,0.635255,0.716242,0.035520,1
102,134,0.253761,0.596819,0.037000,1
102,135,0.444779,0.659957,0.038480,1
102,136,0.718530,0.716274,0.034040,1
102,137,0.288917,0.660249,0.035520,1
102,138,0.492839,0.718002,0.037000,1
102,139,0.848825,0.663414,0.038480,1
102,140,0.370535,0.653164,0.034040,1
102,141,0.564978,0.725431,0.035520,1
102,142,0.037000,0.609906,0.037000,1
102,143,0.397222,0.720595,0.038480,1
102,144,0.799539,0.716612,0.034040,1
103,0,0.099782,0.034040,0.034040,1
103,1,0.313310,0.035520,0.035520,1
103,2,0.744569,0.037000,0.037000,1
103,3,0.170024,0.038480,0.038480,1
103,4,0.451846,0.034040,0.034040,1
103,5,0.673679,0.035520,0.035520,1
103,6,0.245103,0.037000,0.037000,1
103,7,0.600213,0.038480,0.038480,1
103,8,0.890299,0.034040,0.034040,1
103,9,0.383173,0.035520,0.035520,1
103,10,0.636499,0.097054,0.037000,1
103,11,0.038480,0.170569,0.038480,1
103,12,0.277616,0.094852,0.034040,1
103,13,0.708215,0.096727,0.035520,1
103,14,0.037000,0.037000,0.037000,1
103,15,0.522844,0.038480,0.038480,1
103,16,0.816373,0.034040,0.034040,1
103,17,0.060207,0.101839,0.035520,1
103,18,0.854045,0.093142,0.037000,1
103,19,0.961520,0.038480,0.038480,1
103,20,0.209829,0.094518,0.034040,1
103,21,0.346412,0.094701,0.035520,1
103,22,0.132522,0.095969,0.037000,1
103,23,0.562144,0.098386,0.038480,1
103,24,0.924471,0.093689,0.034040,1
103,25,0.035520,0.243524,0.035520,1
103,26,0.418131,0.096886,0.037000,1
103,27,0.780902,0.096820,0.038480,1
103,28,0.309633,0.153892,0.034040,1
103,29,0.490735,0.101711,0.035520,1
103,30,0.963000,0.151483,0.037000,1
103,31,0.379680,0.160044,0.038480,1
103,32,0.742774,0.157022,0.034040,1
103,33,0.242716,0.154367,0.035520,1
103,34,0.963000,0.288281,0.037000,1
103,35,0.934165,0.219793,0.038480,1
103,36,0.104475,0.161322,0.034040,1
103,37,0.673764,0.158986,0.035520,1
103,38,0.893090,0.155902,0.037000,1
103,39,0.172956,0.227835,0.038480,1
103,40,0.821526,0.156534,0.034040,1
103,41,0.173757,0.154328,0.035520,1
103,42,0.277457,0.215810,0.037000,1
103,43,0.524906,0.167240,0.038480,1
103,44,0.348179,0.224723,0.034040,1
103,45,0.452945,0.161062,0.035520,1
103,46,0.782282,0.214921,0.037000,1
103,47,0.232306,0.275572,0.038480,1
103,48,0.489577,0.229213,0.034040,1
103,49,0.891590,0.280197,0.035520,1
103,50,0.418167,0.223621,0.037000,1
103,51,0.599916,0.161886,0.038480,1
103,52,0.100507,0.228479,0.034040,1
103,53,0.450723,0.286859,0.035520,1
103,54,0.855851,0.218270,0.037000,1
103,55,0.038480,0.316530,0.038480,1
103,56,0.565118,0.227568,0.034040,1
103,57,0.711014,0.218562,0.035520,1
103,58,0.308075,0.281960,0.037000,1
103,59,0.748324,0.280608,0.038480,1
103,60,0.821282,0.280059,0.034040,1
103,61,0.380791,0.286331,0.035520,1
103,62,0.638437,0.222568,0.037000,1
103,63,0.132861,0.292244,0.038480,1
103,64,0.528494,0.284983,0.034040,1
103,65,0.783285,0.344807,0.035520,1
103,66,0.191367,0.339054,0.037000,1
103,67,0.487145,0.349681,0.038480,1
103,68,0.920132,0.343085,0.034040,1
103,69,0.414322,0.348848,0.035520,1
103,70,0.673428,0.284895,0.037000,1
103,71,0.266377,0.343735,0.038480,1
103,72,0.446938,0.410233,0.034040,1
103,73,0.602515,0.286195,0.035520,1
103,74,0.341828,0.347125,0.037000,1
103,75,0.563609,0.348483,0.038480,1
103,76,0.852263,0.340550,0.034040,1
103,77,0.377527,0.409988,0.035520,1
103,78,0.821902,0.405322,0.037000,1
103,79,0.961520,0.399925,0.038480,1
103,80,0.408593,0.472125,0.034040,1
103,81,0.637462,0.349224,0.035520,1
103,82,0.037000,0.391534,0.037000,1
103,83,0.526691,0.414748,0.038480,1
103,84,0.892945,0.405115,0.034040,1
103,85,0.099031,0.357880,0.035520,1
103,86,0.479258,0.473531,0.037000,1
103,87,0.710837,0.347345,0.038480,1
103,88,0.154241,0.399301,0.034040,1
103,89,0.600943,0.412461,0.035520,1
103,90,0.750126,0.409759,0.037000,1
103,91,0.259626,0.468074,0.038480,1
103,92,0.718630,0.473685,0.034040,1
103,93,0.302338,0.407315,0.035520,1
103,94,0.632649,0.477902,0.037000,1
103,95,0.675175,0.415685,0.038480,1
103,96,0.094027,0.430356,0.034040,1
103,97,0.439971,0.534481,0.035520,1
103,98,0.788946,0.471202,0.037000,1
103,99,0.336636,0.471961,0.038480,1
103,100,0.753551,0.532227,0.034040,1
103,101,0.223551,0.403976,0.035520,1
103,102,0.367811,0.540000,0.037000,1
103,103,0.681020,0.535230,0.038480,1
103,104,0.116499,0.494523,0.034040,1
103,105,0.560934,0.479263,0.035520,1
103,106,0.963000,0.534504,0.037000,1
103,107,0.182959,0.465572,0.038480,1
103,108,0.596809,0.538421,0.034040,1
103,109,0.860724,0.466253,0.035520,1
103,110,0.219010,0.531583,0.037000,1
103,111,0.801047,0.603007,0.038480,1
103,112,0.034040,0.462218,0.034040,1
103,113,0.517513,0.535015,0.035520,1
103,114,0.933311,0.467841,0.037000,1
103,115,0.038480,0.534405,0.038480,1
103,116,0.555908,0.593017,0.034040,1
103,117,0.825651,0.533469,0.035520,1
103,118,0.294254,0.534769,0.037000,1
103,119,0.724405,0.598316,0.038480,1
103,120,0.894956,0.526969,0.034040,1
103,121,0.478720,0.594108,0.035520,1
103,122,0.637218,0.596432,0.037000,1
103,123,0.108200,0.566527,0.038480,1
103,124,0.519199,0.650559,0.034040,1
103,125,0.964480,0.607029,0.035520,1
103,126,0.178621,0.593693,0.037000,1
103,127,0.591528,0.656340,0.038480,1
103,128,0.759355,0.661654,0.034040,1
103,129,0.326182,0.599659,0.035520,1
103,130,0.678167,0.657838,0.037000,1
103,131,0.891194,0.599214,0.038480,1
103,132,0.409215,0.597060,0.034040,1
103,133,0.635275,0.716241,0.035520,1
103,134,0.253752,0.596831,0.037000,1
103,135,0.444746,0.659977,0.038480,1
103,136,0.718582,0.716262,0.034040,1
103,137,0.288911,0.660258,0.035520,1
103,138,0.492866,0.717972,0.037000,1
103,139,0.848861,0.663372,0.038480,1
103,140,0.370519,0.653177,0.034040,1
103,141,0.565000,0.725443,0.035520,1
103,142,0.037000,0.609909,0.037000,1
103,143,0.397189,0.720614,0.038480,1
103,144,0.799596,0.716590,0.034040,1
104,0,0.099774,0.034040,0.034040,1
104,1,0.313294,0.035520,0.035520,1
104,2,0.744541,0.037000,0.037000,1
104,3,0.170012,0.038480,0.038480,1
104,4,0.451821,0.034040,0.034040,1
104,5,0.673646,0.035520,0.035520,1
104,6,0.245091,0.037000,0.037000,1
104,7,0.600183,0.038480,0.038480,1
104,8,0.890286,0.034040,0.034040,1
104,9,0.383153,0.035520,0.035520,1
104,10,0.636466,0.097054,0.037000,1
104,11,0.038480,0.170574,0.038480,1
104,12,0.277597,0.094860,0.034040,1
104,13,0.708180,0.096720,0.035520,1
104,14,0.037000,0.037000,0.037000,1
104,15,0.522818,0.038480,0.038480,1
104,16,0.816342,0.034040,0.034040,1
104,17,0.060196,0.101842,0.035520,1
104,18,0.854001,0.093145,0.037000,1
104,19,0.961520,0.038480,0.038480,1
104,20,0.209824,0.094523,0.034040,1
104,21,0.346392,0.094708,0.035520,1
104,22,0.132510,0.095968,0.037000,1
104,23,0.562116,0.098388,0.038480,1
104,24,0.924422,0.093643,0.034040,1
104,25,0.035520,0.243528,0.035520,1
104,26,0.418107,0.096893,0.037000,1
104,27,0.780870,0.096830,0.038480,1
104,28,0.309612,0.153902,0.034040,1
104,29,0.490710,0.101717,0.035520,1
104,30,0.963000,0.151401,0.037000,1
104,31,0.379657,0.160058,0.038480,1
104,32,0.742731,0.157014,0.034040,1
104,33,0.242701,0.154380,0.035520,1
104,34,0.963000,0.288259,0.037000,1
104,35,0.934228,0.219739,0.038480,1
104,36,0.104464,0.161323,0.034040,1
104,37,0.673726,0.158986,0.035520,1
104,38,0.893091,0.155885,0.037000,1
104,39,0.172954,0.227834,0.038480,1
104,40,0.821520,0.156537,0.034040,1
104,41,0.173745,0.154327,0.035520,1
104,42,0.277444,0.215823,0.037000,1
104,43,0.524875,0.167249,0.038480,1
104,44,0.348166,0.224737,0.034040,1
104,45,0.452918,0.161065,0.035520,1
104,46,0.782239,0.214907,0.037000,1
104,47,0.232295,0.275583,0.038480,1
104,48,0.489570,0.229227,0.034040,1
104,49,0.891613,0.280116,0.035520,1
104,50,0.418156,0.223635,0.037000,1
104,51,0.599885,0.161890,0.038480,1
104,52,0.100505,0.228479,0.034040,1
104,53,0.450716,0.286873,0.035520,1
104,54,0.855810,0.218223,0.037000,1
104,55,0.038480,0.316533,0.038480,1
104,56,0.565091,0.227573,0.034040,1
104,57,0.710975,0.218557,0.035520,1
104,58,0.308066,0.281975,0.037000,1
104,59,0.748286,0.280597,0.038480,1
104,60,0.821244,0.280012,0.034040,1
104,61,0.380781,0.286343,0.035520,1
104,62,0.638403,0.222574,0.037000,1
104,63,0.132860,0.292244,0.038480,1
104,64,0.528485,0.285000,0.034040,1
104,65,0.783255,0.344788,0.035520,1
104,66,0.191356,0.339066,0.037000,1
104,67,0.487136,0.349700,0.038480,1
104,68,0.920097,0.343031,0.034040,1
104,69,0.414315,0.348856,0.035520,1
104,70,0.673394,0.284902,0.037000,1
104,71,0.266366,0.343746,0.038480,1
104,72,0.446925,0.410246,0.034040,1
104,73,0.602483,0.286201,0.035520,1
104,74,0.341822,0.347140,0.037000,1
104,75,0.563596,0.348501,0.038480,1
104,76,0.852229,0.340501,0.034040,1
104,77,0.377514,0.410008,0.035520,1
104,78,0.821887,0.405291,0.037000,1
104,79,0.961520,0.399849,0.038480,1
104,80,0.408578,0.472148,0.034040,1
104,81,0.637444,0.349241,0.035520,1
104,82,0.037000,0.391537,0.037000,1
104,83,0.526685,0.414771,0.038480,1
104,84,0.892937,0.405075,0.034040,1
104,85,0.099030,0.357880,0.035520,1
104,86,0.479242,0.473545,0.037000,1
104,87,0.710817,0.347344,0.038480,1
104,88,0.154232,0.399313,0.034040,1
104,89,0.600934,0.412479,0.035520,1
104,90,0.750115,0.409751,0.037000,1
104,91,0.259612,0.468087,0.038480,1
104,92,0.718630,0.473682,0.034040,1
104,93,0.302325,0.407326,0.035520,1
104,94,0.632637,0.477910,0.037000,1
104,95,0.675165,0.415693,0.038480,1
104,96,0.094020,0.430373,0.034040,1
104,97,0.439965,0.534502,0.035520,1
104,98,0.788943,0.471190,0.037000,1
104,99,0.336623,0.471969,0.038480,1
104,100,0.753553,0.532221,0.034040,1
104,101,0.223541,0.403987,0.035520,1
104,102,0.367803,0.540006,0.037000,1
104,103,0.681021,0.535231,0.038480,1
104,104,0.116490,0.494540,0.034040,1
104,105,0.560920,0.479295,0.035520,1
104,106,0.963000,0.534414,0.037000,1
104,107,0.182948,0.465584,0.038480,1
104,108,0.596815,0.538441,0.034040,1
104,109,0.860714,0.466209,0.035520,1
104,110,0.218998,0.531596,0.037000,1
104,111,0.801056,0.602979,0.038480,1
104,112,0.034040,0.462222,0.034040,1
104,113,0.517484,0.535037,0.035520,1
104,114,0.933300,0.467766,0.037000,1
104,115,0.038480,0.534409,0.038480,1
104,116,0.555899,0.593026,0.034040,1
104,117,0.825669,0.533444,0.035520,1
104,118,0.294246,0.534780,0.037000,1
104,119,0.724412,0.598313,0.038480,1
104,120,0.894971,0.526909,0.034040,1
104,121,0.478701,0.594138,0.035520,1
104,122,0.637235,0.596446,0.037000,1
104,123,0.108194,0.566543,0.038480,1
104,124,0.519198,0.650577,0.034040,1
104,125,0.964480,0.606939,0.035520,1
104,126,0.178616,0.593710,0.037000,1
104,127,0.591527,0.656343,0.038480,1
104,128,0.759384,0.661639,0.034040,1
104,129,0.326175,0.599667,0.035520,1
104,130,0.678191,0.657849,0.037000,1
104,131,0.891192,0.599153,0.038480,1
104,132,0.409196,0.597073,0.034040,1
104,133,0.635294,0.716248,0.035520,1
104,134,0.253745,0.596842,0.037000,1
104,135,0.444710,0.660000,0.038480,1
104,136,0.718626,0.716258,0.034040,1
104,137,0.288906,0.660268,0.035520,1
104,138,0.492889,0.717946,0.037000,1
104,139,0.848889,0.663330,0.038480,1
104,140,0.370503,0.653192,0.034040,1
104,141,0.565019,0.725454,0.035520,1
104,142,0.037000,0.609912,0.037000,1
104,143,0.397154,0.720638,0.038480,1
104,144,0.799641,0.716563,0.034040,1
105,0,0.099767,0.034040,0.034040,1
105,1,0.313279,0.035520,0.035520,1
105,2,0.744522,0.037000,0.037000,1
105,3,0.170005,0.038480,0.038480,1
105,4,0.451805,0.034040,0.034040,1
105,5,0.673628,0.035520,0.035520,1
105,6,0.245084,0.037000,0.037000,1
105,7,0.600165,0.038480,0.038480,1
105,8,0.890285,0.034040,0.034040,1
105,9,0.383136,0.035520,0.035520,1
105,10,0.636448,0.097055,0.037000,1
105,11,0.038480,0.170577,0.038480,1
105,12,0.277577,0.094867,0.034040,1
105,13,0.708164,0.096718,0.035520,1
105,14,0.037000,0.037000,0.037000,1
105,15,0.522800,0.038480,0.038480,1
105,16,0.816320,0.034040,0.034040,1
105,17,0.060188,0.101844,0.035520,1
105,18,0.853986,0.093142,0.037000,1
105,19,0.961520,0.038480,0.038480,1
105,20,0.209811,0.094527,0.034040,1
105,21,0.346372,0.094719,0.035520,1
105,22,0.132503,0.095969,0.037000,1
105,23,0.562097,0.098388,0.038480,1
105,24,0.924406,0.093635,0.034040,1
105,25,0.035520,0.243531,0.035520,1
105,26,0.418087,0.096898,0.037000,1
105,27,0.780856,0.096829,0.038480,1
105,28,0.309598,0.153905,0.034040,1
105,29,0.490692,0.101718,0.035520,1
105,30,0.963000,0.151384,0.037000,1
105,31,0.379644,0.160069,0.038480,1
105,32,0.742714,0.157011,0.034040,1
105,33,0.242690,0.154386,0.035520,1
105,34,0.963000,0.288251,0.037000,1
105,35,0.934231,0.219728,0.038480,1
105,36,0.104454,0.161324,0.034040,1
105,37,0.673706,0.158987,0.035520,1
105,38,0.893081,0.155881,0.037000,1
105,39,0.172955,0.227836,0.038480,1
105,40,0.821510,0.156535,0.034040,1
105,41,0.173735,0.154330,0.035520,1
105,42,0.277435,0.215829,0.037000,1
105,43,0.524853,0.167255,0.038480,1
105,44,0.348155,0.224747,0.034040,1
105,45,0.452897,0.161067,0.035520,1
105,46,0.782223,0.214903,0.037000,1
105,47,0.232288,0.275594,0.038480,1
105,48,0.489552,0.229249,0.034040,1
105,49,0.891611,0.280097,0.035520,1
105,50,0.418146,0.223648,0.037000,1
105,51,0.599865,0.161892,0.038480,1
105,52,0.100507,0.228481,0.034040,1
105,53,0.450700,0.286893,0.035520,1
105,54,0.855793,0.218215,0.037000,1
105,55,0.038480,0.316536,0.038480,1
105,56,0.565071,0.227578,0.034040,1
105,57,0.710957,0.218554,0.035520,1
105,58,0.308050,0.281982,0.037000,1
105,59,0.748267,0.280594,0.038480,1
105,60,0.821226,0.280005,0.034040,1
105,61,0.380768,0.286359,0.035520,1
105,62,0.638385,0.222578,0.037000,1
105,63,0.132861,0.292246,0.038480,1
105,64,0.528478,0.285012,0.034040,1
105,65,0.783242,0.344781,0.035520,1
105,66,0.191347,0.339079,0.037000,1
105,67,0.487123,0.349716,0.038480,1
105,68,0.920084,0.343017,0.034040,1
105,69,0.414298,0.348883,0.035520,1
105,70,0.673374,0.284907,0.037000,1
105,71,0.266356,0.343757,0.038480,1
105,72,0.446928,0.410264,0.034040,1
105,73,0.602461,0.286206,0.035520,1
105,74,0.341803,0.347150,0.037000,1
105,75,0.563584,0.348513,0.038480,1
105,76,0.852216,0.340491,0.034040,1
105,77,0.377518,0.410010,0.035520,1
105,78,0.821882,0.405279,0.037000,1
105,79,0.961520,0.399826,0.038480,1
105,80,0.408577,0.472156,0.034040,1
105,81,0.637432,0.349250,0.035520,1
105,82,0.037000,0.391540,0.037000,1
105,83,0.526678,0.414787,0.038480,1
105,84,0.892935,0.405067,0.034040,1
105,85,0.099030,0.357882,0.035520,1
105,86,0.479242,0.473562,0.037000,1
105,87,0.710803,0.347346,0.038480,1
105,88,0.154223,0.399326,0.034040,1
105,89,0.600925,0.412490,0.035520,1
105,90,0.750107,0.409746,0.037000,1
105,91,0.259606,0.468100,0.038480,1
105,92,0.718625,0.473681,0.034040,1
105,93,0.302312,0.407337,0.035520,1
105,94,0.632632,0.477919,0.037000,1
105,95,0.675155,0.415698,0.038480,1
105,96,0.094013,0.430389,0.034040,1
105,97,0.439957,0.534516,0.035520,1
105,98,0.788938,0.471180,0.037000,1
105,99,0.336617,0.471978,0.038480,1
105,100,0.753557,0.532212,0.034040,1
105,101,0.223532,0.404001,0.035520,1
105,102,0.367795,0.540015,0.037000,1
105,103,0.681023,0.535237,0.038480,1
105,104,0.116483,0.494557,0.034040,1
105,105,0.560911,0.479314,0.035520,1
105,106,0.963000,0.534382,0.037000,1
105,107,0.182939,0.465597,0.038480,1
105,108,0.596817,0.538455,0.034040,1
105,109,0.860707,0.466197,0.035520,1
105,110,0.218989,0.531610,0.037000,1
105,111,0.801074,0.602968,0.038480,1
105,112,0.034040,0.462225,0.034040,1
105,113,0.517477,0.535058,0.035520,1
105,114,0.933293,0.467741,0.037000,1
105,115,0.038480,0.534412,0.038480,1
105,116,0.555901,0.593039,0.034040,1
105,117,0.825673,0.533428,0.035520,1
105,118,0.294239,0.534790,0.037000,1
105,119,0.724431,0.598307,0.038480,1
105,120,0.894976,0.526891,0.034040,1
105,121,0.478689,0.594157,0.035520,1
105,122,0.637242,0.596458,0.037000,1
105,123,0.108187,0.566561,0.038480,1
105,124,0.519203,0.650584,0.034040,1
105,125,0.964480,0.606907,0.035520,1
105,126,0.178610,0.593726,0.037000,1
105,127,0.591532,0.656354,0.038480,1
105,128,0.759407,0.661631,0.034040,1
105,129,0.326170,0.599677,0.035520,1
105,130,0.678219,0.657846,0.037000,1
105,131,0.891191,0.599134,0.038480,1
105,132,0.409182,0.597084,0.034040,1
105,133,0.635298,0.716227,0.035520,1
105,134,0.253740,0.596854,0.037000,1
105,135,0.444689,0.660014,0.038480,1
105,136,0.718655,0.716255,0.034040,1
105,137,0.288902,0.660279,0.035520,1
105,138,0.492901,0.717931,0.037000,1
105,139,0.848904,0.663322,0.038480,1
105,140,0.370493,0.653207,0.034040,1
105,141,0.565028,0.725467,0.035520,1
105,142,0.037000,0.609916,0.037000,1
105,143,0.397136,0.720655,0.038480,1
105,144,0.799660,0.716559,0.034040,1
106,0,0.099767,0.034040,0.034040,1
106,1,0.313276,0.035520,0.035520,1
106,2,0.744517,0.037000,0.037000,1
106,3,0.170005,0.038480,0.038480,1
106,4,0.451800,0.034040,0.034040,1
106,5,0.673622,0.035520,0.035520,1
106,6,0.245083,0.037000,0.037000,1
106,7,0.600161,0.038480,0.038480,1
106,8,0.890283,0.034040,0.034040,1
106,9,0.383132,0.035520,0.035520,1
106,10,0.636444,0.097055,0.037000,1
106,11,0.038480,0.170581,0.038480,1
106,12,0.277572,0.094871,0.034040,1
106,13,0.708160,0.096718,0.035520,1
106,14,0.037000,0.037000,0.037000,1
106,15,0.522795,0.038480,0.038480,1
106,16,0.816315,0.034040,0.034040,1
106,17,0.060184,0.101846,0.035520,1
106,18,0.853982,0.093143,0.037000,1
106,19,0.961520,0.038480,0.038480,1
106,20,0.209809,0.094529,0.034040,1
106,21,0.346368,0.094724,0.035520,1
106,22,0.132499,0.095970,0.037000,1
106,23,0.562093,0.098390,0.038480,1
106,24,0.924403,0.093633,0.034040,1
106,25,0.035520,0.243535,0.035520,1
106,26,0.418083,0.096904,0.037000,1
106,27,0.780853,0.096831,0.038480,1
106,28,0.309594,0.153910,0.034040,1
106,29,0.490687,0.101717,0.035520,1
106,30,0.963000,0.151381,0.037000,1
106,31,0.379641,0.160073,0.038480,1
106,32,0.742711,0.157011,0.034040,1
106,33,0.242687,0.154392,0.035520,1
106,34,0.963000,0.288251,0.037000,1
106,35,0.934232,0.219726,0.038480,1
106,36,0.104451,0.161326,0.034040,1
106,37,0.673704,0.158986,0.035520,1
106,38,0.893079,0.155881,0.037000,1
106,39,0.172956,0.227836,0.038480,1
106,40,0.821508,0.156536,0.034040,1
106,41,0.173732,0.154330,0.035520,1
106,42,0.277435,0.215837,0.037000,1
106,43,0.524853,0.167250,0.038480,1
106,44,0.348153,0.224751,0.034040,1
106,45,0.452896,0.161071,0.035520,1
106,46,0.782219,0.214905,0.037000,1
106,47,0.232285,0.275599,0.038480,1
106,48,0.489551,0.229239,0.034040,1
106,49,0.891612,0.280095,0.035520,1
106,50,0.418144,0.223650,0.037000,1
106,51,0.599864,0.161892,0.038480,1
106,52,0.100507,0.228483,0.034040,1
106,53,0.450707,0.286891,0.035520,1
106,54,0.855789,0.218216,0.037000,1
106,55,0.038480,0.316540,0.038480,1
106,56,0.565066,0.227575,0.034040,1
106,57,0.710956,0.218554,0.035520,1
106,58,0.308054,0.281991,0.037000,1
106,59,0.748264,0.280597,0.038480,1
106,60,0.821223,0.280006,0.034040,1
106,61,0.380768,0.286360,0.035520,1
106,62,0.638384,0.222577,0.037000,1
106,63,0.132861,0.292247,0.038480,1
106,64,0.528470,0.285009,0.034040,1
106,65,0.783240,0.344783,0.035520,1
106,66,0.191344,0.339085,0.037000,1
106,67,0.487120,0.349724,0.038480,1
106,68,0.920082,0.343016,0.034040,1
106,69,0.414300,0.348877,0.035520,1
106,70,0.673372,0.284907,0.037000,1
106,71,0.266353,0.343764,0.038480,1
106,72,0.446913,0.410264,0.034040,1
106,73,0.602459,0.286203,0.035520,1
106,74,0.341806,0.347158,0.037000,1
106,75,0.563580,0.348512,0.038480,1
106,76,0.852214,0.340492,0.034040,1
106,77,0.377503,0.410026,0.035520,1
106,78,0.821881,0.405280,0.037000,1
106,79,0.961520,0.399825,0.038480,1
106,80,0.408568,0.472167,0.034040,1
106,81,0.637427,0.349249,0.035520,1
106,82,0.037000,0.391544,0.037000,1
106,83,0.526680,0.414793,0.038480,1
106,84,0.892933,0.405066,0.034040,1
106,85,0.099031,0.357884,0.035520,1
106,86,0.479233,0.473560,0.037000,1
106,87,0.710799,0.347350,0.038480,1
106,88,0.154220,0.399333,0.034040,1
106,89,0.600925,0.412486,0.035520,1
106,90,0.750106,0.409749,0.037000,1
106,91,0.259601,0.468106,0.038480,1
106,92,0.718626,0.473686,0.034040,1
106,93,0.302310,0.407343,0.035520,1
106,94,0.632634,0.477927,0.037000,1
106,95,0.675154,0.415704,0.038480,1
106,96,0.094011,0.430398,0.034040,1
106,97,0.439958,0.534520,0.035520,1
106,98,0.788938,0.471183,0.037000,1
106,99,0.336612,0.471984,0.038480,1
106,100,0.753559,0.532219,0.034040,1
106,101,0.223528,0.404007,0.035520,1
106,102,0.367794,0.540018,0.037000,1
106,103,0.681028,0.535241,0.038480,1
106,104,0.116480,0.494566,0.034040,1
106,105,0.560913,0.479323,0.035520,1
106,106,0.963000,0.534382,0.037000,1
106,107,0.182936,0.465604,0.038480,1
106,108,0.596820,0.538465,0.034040,1
106,109,0.860707,0.466197,0.035520,1
106,110,0.218987,0.531617,0.037000,1
106,111,0.801075,0.602971,0.038480,1
106,112,0.034040,0.462229,0.034040,1
106,113,0.517466,0.535057,0.035520,1
106,114,0.933293,0.467742,0.037000,1
106,115,0.038480,0.534416,0.038480,1
106,116,0.555892,0.593038,0.034040,1
106,117,0.825674,0.533431,0.035520,1
106,118,0.294238,0.534796,0.037000,1
106,119,0.724431,0.598315,0.038480,1
106,120,0.894976,0.526891,0.034040,1
106,121,0.478688,0.594163,0.035520,1
106,122,0.637252,0.596463,0.037000,1
106,123,0.108185,0.566570,0.038480,1
106,124,0.519200,0.650590,0.034040,1
106,125,0.964480,0.606907,0.035520,1
106,126,0.178608,0.593732,0.037000,1
106,127,0.591530,0.656349,0.038480,1
106,128,0.759413,0.661636,0.034040,1
106,129,0.326170,0.599682,0.035520,1
106,130,0.678221,0.657858,0.037000,1
106,131,0.891190,0.599135,0.038480,1
106,132,0.409182,0.597087,0.034040,1
106,133,0.635309,0.716246,0.035520,1
106,134,0.253740,0.596861,0.037000,1
106,135,0.444686,0.660019,0.038480,1
106,136,0.718664,0.716262,0.034040,1
106,137,0.288904,0.660285,0.035520,1
106,138,0.492909,0.717927,0.037000,1
106,139,0.848906,0.663324,0.038480,1
106,140,0.370494,0.653211,0.034040,1
106,141,0.565037,0.725466,0.035520,1
106,142,0.037000,0.609919,0.037000,1
106,143,0.397134,0.720661,0.038480,1
106,144,0.799665,0.716564,0.034040,1
107,0,0.099764,0.034040,0.034040,1
107,1,0.313275,0.035520,0.035520,1
107,2,0.744517,0.037000,0.037000,1
107,3,0.170002,0.038480,0.038480,1
107,4,0.451799,0.034040,0.034040,1
107,5,0.673623,0.035520,0.035520,1
107,6,0.245080,0.037000,0.037000,1
107,7,0.600160,0.038480,0.038480,1
107,8,0.890295,0.034040,0.034040,1
107,9,0.383131,0.035520,0.035520,1
107,10,0.636446,0.097059,0.037000,1
107,11,0.038480,0.170583,0.038480,1
107,12,0.277572,0.094869,0.034040,1
107,13,0.708165,0.096721,0.035520,1
107,14,0.037000,0.037000,0.037000,1
107,15,0.522794,0.038480,0.038480,1
107,16,0.816311,0.034040,0.034040,1
107,17,0.060182,0.101847,0.035520,1
107,18,0.853989,0.093131,0.037000,1
107,19,0.961520,0.038480,0.038480,1
107,20,0.209808,0.094529,0.034040,1
107,21,0.346368,0.094724,0.035520,1
107,22,0.132497,0.095971,0.037000,1
107,23,0.562092,0.098391,0.038480,1
107,24,0.924409,0.093634,0.034040,1
107,25,0.035520,0.243537,0.035520,1
107,26,0.418082,0.096902,0.037000,1
107,27,0.780861,0.096836,0.038480,1
107,28,0.309595,0.153906,0.034040,1
107,29,0.490688,0.101722,0.035520,1
107,30,0.963000,0.151384,0.037000,1
107,31,0.379640,0.160075,0.038480,1
107,32,0.742711,0.157016,0.034040,1
107,33,0.242686,0.154389,0.035520,1
107,34,0.963000,0.288246,0.037000,1
107,35,0.934221,0.219725,0.038480,1
107,36,0.104451,0.161327,0.034040,1
107,37,0.673702,0.158991,0.035520,1
107,38,0.893073,0.155877,0.037000,1
107,39,0.172955,0.227836,0.038480,1
107,40,0.821504,0.156546,0.034040,1
107,41,0.173732,0.154330,0.035520,1
107,42,0.277434,0.215831,0.037000,1
107,43,0.524848,0.167260,0.038480,1
107,44,0.348153,0.224753,0.034040,1
107,45,0.452892,0.161071,0.035520,1
107,46,0.782219,0.214912,0.037000,1
107,47,0.232286,0.275596,0.038480,1
107,48,0.489548,0.229255,0.034040,1
107,49,0.891609,0.280097,0.035520,1
107,50,0.418144,0.223655,0.037000,1
107,51,0.599861,0.161895,0.038480,1
107,52,0.100506,0.228484,0.034040,1
107,53,0.450699,0.286901,0.035520,1
107,54,0.855789,0.218216,0.037000,1
107,55,0.038480,0.316542,0.038480,1
107,56,0.565068,0.227579,0.034040,1
107,57,0.710953,0.218560,0.035520,1
107,58,0.308049,0.281985,0.037000,1
107,59,0.748263,0.280599,0.038480,1
107,60,0.821223,0.280008,0.034040,1
107,61,0.380768,0.286367,0.035520,1
107,62,0.638380,0.222583,0.037000,1
107,63,0.132861,0.292248,0.038480,1
107,64,0.528478,0.285015,0.034040,1
107,65,0.783240,0.344785,0.035520,1
107,66,0.191346,0.339082,0.037000,1
107,67,0.487123,0.349725,0.038480,1
107,68,0.920083,0.343016,0.034040,1
107,69,0.414297,0.348894,0.035520,1
107,70,0.673369,0.284912,0.037000,1
107,71,0.266355,0.343759,0.038480,1
107,72,0.446933,0.410270,0.034040,1
107,73,0.602456,0.286209,0.035520,1
107,74,0.341800,0.347154,0.037000,1
107,75,0.563582,0.348519,0.038480,1
107,76,0.852215,0.340493,0.034040,1
107,77,0.377525,0.410008,0.035520,1
107,78,0.821882,0.405281,0.037000,1
107,79,0.961520,0.399826,0.038480,1
107,80,0.408582,0.472157,0.034040,1
107,81,0.637429,0.349256,0.035520,1
107,82,0.037000,0.391546,0.037000,1
107,83,0.526682,0.414796,0.038480,1
107,84,0.892934,0.405065,0.034040,1
107,85,0.099031,0.357885,0.035520,1
107,86,0.479246,0.473569,0.037000,1
107,87,0.710800,0.347352,0.038480,1
107,88,0.154223,0.399329,0.034040,1
107,89,0.600926,0.412494,0.035520,1
107,90,0.750106,0.409751,0.037000,1
107,91,0.259605,0.468104,0.038480,1
107,92,0.718627,0.473687,0.034040,1
107,93,0.302309,0.407341,0.035520,1
107,94,0.632633,0.477928,0.037000,1
107,95,0.675155,0.415706,0.038480,1
107,96,0.094015,0.430396,0.034040,1
107,97,0.439957,0.534519,0.035520,1
107,98,0.788940,0.471183,0.037000,1
107,99,0.336616,0.471979,0.038480,1
107,100,0.753561,0.532216,0.034040,1
107,101,0.223532,0.404005,0.035520,1
107,102,0.367796,0.540014,0.037000,1
107,103,0.681027,0.535244,0.038480,1
107,104,0.116483,0.494563,0.034040,1
107,105,0.560913,0.479326,0.035520,1
107,106,0.963000,0.534385,0.037000,1
107,107,0.182938,0.465601,0.038480,1
107,108,0.596823,0.538467,0.034040,1
107,109,0.860708,0.466198,0.035520,1
107,110,0.218987,0.531615,0.037000,1
107,111,0.801079,0.602974,0.038480,1
107,112,0.034040,0.462231,0.034040,1
107,113,0.517477,0.535068,0.035520,1
107,114,0.933294,0.467744,0.037000,1
107,115,0.038480,0.534419,0.038480,1
107,116,0.555904,0.593046,0.034040,1
107,117,0.825674,0.533433,0.035520,1
107,118,0.294240,0.534792,0.037000,1
107,119,0.724436,0.598312,0.038480,1
107,120,0.894975,0.526892,0.034040,1
107,121,0.478683,0.594164,0.035520,1
107,122,0.637252,0.596469,0.037000,1
107,123,0.108187,0.566568,0.038480,1
107,124,0.519210,0.650581,0.034040,1
107,125,0.964480,0.606909,0.035520,1
107,126,0.178610,0.593732,0.037000,1
107,127,0.591538,0.656361,0.038480,1
107,128,0.759411,0.661636,0.034040,1
107,129,0.326172,0.599679,0.035520,1
107,130,0.678230,0.657857,0.037000,1
107,131,0.891190,0.599136,0.038480,1
107,132,0.409177,0.597087,0.034040,1
107,133,0.635297,0.716228,0.035520,1
107,134,0.253742,0.596856,0.037000,1
107,135,0.444679,0.660020,0.038480,1
107,136,0.718667,0.716266,0.034040,1
107,137,0.288905,0.660281,0.035520,1
107,138,0.492901,0.717930,0.037000,1
107,139,0.848909,0.663328,0.038480,1
107,140,0.370490,0.653212,0.034040,1
107,141,0.565027,0.725471,0.035520,1
107,142,0.037000,0.609922,0.037000,1
107,143,0.397129,0.720662,0.038480,1
107,144,0.799664,0.716564,0.034040,1
108,0,0.099766,0.034040,0.034040,1
108,1,0.313275,0.035520,0.035520,1
108,2,0.744517,0.037000,0.037000,1
108,3,0.170004,0.038480,0.038480,1
108,4,0.451799,0.034040,0.034040,1
108,5,0.673622,0.035520,0.035520,1
108,6,0.245082,0.037000,0.037000,1
108,7,0.600160,0.038480,0.038480,1
108,8,0.890295,0.034040,0.034040,1
108,9,0.383131,0.035520,0.035520,1
108,10,0.636447,0.097057,0.037000,1
108,11,0.038480,0.170583,0.038480,1
108,12,0.277572,0.094870,0.034040,1
108,13,0.708166,0.096720,0.035520,1
108,14,0.037000,0.037000,0.037000,1
108,15,0.522794,0.038480,0.038480,1
108,16,0.816310,0.034040,0.034040,1
108,17,0.060183,0.101847,0.035520,1
108,18,0.853990,0.093130,0.037000,1
108,19,0.961520,0.038480,0.038480,1
108,20,0.209809,0.094529,0.034040,1
108,21,0.346368,0.094725,0.035520,1
108,22,0.132498,0.095970,0.037000,1
108,23,0.562093,0.098391,0.038480,1
108,24,0.924409,0.093634,0.034040,1
108,25,0.035520,0.243537,0.035520,1
108,26,0.418083,0.096904,0.037000,1
108,27,0.780861,0.096836,0.038480,1
108,28,0.309595,0.153908,0.034040,1
108,29,0.490687,0.101719,0.035520,1
108,30,0.963000,0.151385,0.037000,1
108,31,0.379642,0.160074,0.038480,1
108,32,0.742714,0.157016,0.034040,1
108,33,0.242687,0.154391,0.035520,1
108,34,0.963000,0.288245,0.037000,1
108,35,0.934220,0.219725,0.038480,1
108,36,0.104451,0.161327,0.034040,1
108,37,0.673706,0.158989,0.035520,1
108,38,0.893073,0.155876,0.037000,1
108,39,0.172954,0.227836,0.038480,1
108,40,0.821504,0.156546,0.034040,1
108,41,0.173732,0.154330,0.035520,1
108,42,0.277436,0.215836,0.037000,1
108,43,0.524854,0.167250,0.038480,1
108,44,0.348155,0.224752,0.034040,1
108,45,0.452897,0.161071,0.035520,1
108,46,0.782220,0.214913,0.037000,1
108,47,0.232285,0.275597,0.038480,1
108,48,0.489553,0.229241,0.034040,1
108,49,0.891609,0.280098,0.035520,1
108,50,0.418146,0.223651,0.037000,1
108,51,0.599865,0.161893,0.038480,1
108,52,0.100505,0.228483,0.034040,1
108,53,0.450708,0.286893,0.035520,1
108,54,0.855790,0.218216,0.037000,1
108,55,0.038480,0.316541,0.038480,1
108,56,0.565067,0.227575,0.034040,1
108,57,0.710956,0.218559,0.035520,1
108,58,0.308055,0.281990,0.037000,1
108,59,0.748265,0.280600,0.038480,1
108,60,0.821225,0.280008,0.034040,1
108,61,0.380770,0.286361,0.035520,1
108,62,0.638384,0.222580,0.037000,1
108,63,0.132860,0.292248,0.038480,1
108,64,0.528473,0.285010,0.034040,1
108,65,0.783242,0.344786,0.035520,1
108,66,0.191345,0.339083,0.037000,1
108,67,0.487122,0.349726,0.038480,1
108,68,0.920086,0.343016,0.034040,1
108,69,0.414301,0.348878,0.035520,1
108,70,0.673372,0.284911,0.037000,1
108,71,0.266354,0.343762,0.038480,1
108,72,0.446916,0.410265,0.034040,1
108,73,0.602458,0.286204,0.035520,1
108,74,0.341808,0.347157,0.037000,1
108,75,0.563581,0.348514,0.038480,1
108,76,0.852217,0.340493,0.034040,1
108,77,0.377507,0.410025,0.035520,1
108,78,0.821882,0.405282,0.037000,1
108,79,0.961520,0.399829,0.038480,1
108,80,0.408572,0.472166,0.034040,1
108,81,0.637429,0.349253,0.035520,1
108,82,0.037000,0.391546,0.037000,1
108,83,0.526685,0.414796,0.038480,1
108,84,0.892934,0.405064,0.034040,1
108,85,0.099030,0.357885,0.035520,1
108,86,0.479237,0.473560,0.037000,1
108,87,0.710801,0.347352,0.038480,1
108,88,0.154221,0.399331,0.034040,1
108,89,0.600929,0.412487,0.035520,1
108,90,0.750108,0.409752,0.037000,1
108,91,0.259602,0.468104,0.038480,1
108,92,0.718630,0.473689,0.034040,1
108,93,0.302310,0.407341,0.035520,1
108,94,0.632639,0.477929,0.037000,1
108,95,0.675158,0.415706,0.038480,1
108,96,0.094013,0.430397,0.034040,1
108,97,0.439960,0.534519,0.035520,1
108,98,0.788942,0.471185,0.037000,1
108,99,0.336615,0.471981,0.038480,1
108,100,0.753564,0.532221,0.034040,1
108,101,0.223530,0.404005,0.035520,1
108,102,0.367797,0.540015,0.037000,1
108,103,0.681032,0.535245,0.038480,1
108,104,0.116482,0.494565,0.034040,1
108,105,0.560919,0.479326,0.035520,1
108,106,0.963000,0.534390,0.037000,1
108,107,0.182937,0.465602,0.038480,1
108,108,0.596827,0.538468,0.034040,1
108,109,0.860711,0.466198,0.035520,1
108,110,0.218987,0.531615,0.037000,1
108,111,0.801081,0.602978,0.038480,1
108,112,0.034040,0.462231,0.034040,1
108,113,0.517469,0.535058,0.035520,1
108,114,0.933297,0.467747,0.037000,1
108,115,0.038480,0.534418,0.038480,1
108,116,0.555895,0.593039,0.034040,1
108,117,0.825673,0.533436,0.035520,1
108,118,0.294241,0.534793,0.037000,1
108,119,0.724438,0.598318,0.038480,1
108,120,0.894975,0.526894,0.034040,1
108,121,0.478688,0.594162,0.035520,1
108,122,0.637257,0.596468,0.037000,1
108,123,0.108187,0.566569,0.038480,1
108,124,0.519202,0.650588,0.034040,1
108,125,0.964480,0.606915,0.035520,1
108,126,0.178610,0.593732,0.037000,1
108,127,0.591532,0.656351,0.038480,1
108,128,0.759415,0.661641,0.034040,1
108,129,0.326172,0.599679,0.035520,1
108,130,0.678229,0.657861,0.037000,1
108,131,0.891190,0.599138,0.038480,1
108,132,0.409182,0.597086,0.034040,1
108,133,0.635308,0.716242,0.035520,1
108,134,0.253742,0.596858,0.037000,1
108,135,0.444685,0.660018,0.038480,1
108,136,0.718668,0.716268,0.034040,1
108,137,0.288906,0.660282,0.035520,1
108,138,0.492910,0.717925,0.037000,1
108,139,0.848912,0.663331,0.038480,1
108,140,0.370494,0.653209,0.034040,1
108,141,0.565037,0.725467,0.035520,1
108,142,0.037000,0.609922,0.037000,1
108,143,0.397133,0.720660,0.038480,1
108,144,0.799668,0.716568,0.034040,1
109,0,0.099767,0.034040,0.034040,1
109,1,0.313277,0.035520,0.035520,1
109,2,0.744518,0.037000,0.037000,1
109,3,0.170004,0.038480,0.038480,1
109,4,0.451801,0.034040,0.034040,1
109,5,0.673623,0.035520,0.035520,1
109,6,0.245082,0.037000,0.037000,1
109,7,0.600160,0.038480,0.038480,1
109,8,0.890295,0.034040,0.034040,1
109,9,0.383133,0.035520,0.035520,1
109,10,0.636446,0.097060,0.037000,1
109,11,0.038480,0.170583,0.038480,1
109,12,0.277574,0.094868,0.034040,1
109,13,0.708165,0.096721,0.035520,1
109,14,0.037000,0.037000,0.037000,1
109,15,0.522796,0.038480,0.038480,1
109,16,0.816312,0.034040,0.034040,1
109,17,0.060184,0.101847,0.035520,1
109,18,0.853989,0.093131,0.037000,1
109,19,0.961520,0.038480,0.038480,1
109,20,0.209809,0.094528,0.034040,1
109,21,0.346370,0.094726,0.035520,1
109,22,0.132499,0.095971,0.037000,1
109,23,0.562094,0.098392,0.038480,1
109,24,0.924408,0.093633,0.034040,1
109,25,0.035520,0.243537,0.035520,1
109,26,0.418084,0.096904,0.037000,1
109,27,0.780860,0.096837,0.038480,1
109,28,0.309597,0.153904,0.034040,1
109,29,0.490690,0.101724,0.035520,1
109,30,0.963000,0.151383,0.037000,1
109,31,0.379643,0.160077,0.038480,1
109,32,0.742711,0.157016,0.034040,1
109,33,0.242688,0.154388,0.035520,1
109,34,0.963000,0.288244,0.037000,1
109,35,0.934222,0.219724,0.038480,1
109,36,0.104453,0.161328,0.034040,1
109,37,0.673702,0.158992,0.035520,1
109,38,0.893074,0.155876,0.037000,1
109,39,0.172954,0.227836,0.038480,1
109,40,0.821504,0.156545,0.034040,1
109,41,0.173734,0.154330,0.035520,1
109,42,0.277438,0.215830,0.037000,1
109,43,0.524849,0.167262,0.038480,1
109,44,0.348156,0.224755,0.034040,1
109,45,0.452894,0.161073,0.035520,1
109,46,0.782219,0.214912,0.037000,1
109,47,0.232287,0.275595,0.038480,1
109,48,0.489548,0.229257,0.034040,1
109,49,0.891609,0.280096,0.035520,1
109,50,0.418146,0.223657,0.037000,1
109,51,0.599862,0.161897,0.038480,1
109,52,0.100506,0.228484,0.034040,1
109,53,0.450700,0.286903,0.035520,1
109,54,0.855790,0.218215,0.037000,1
109,55,0.038480,0.316542,0.038480,1
109,56,0.565070,0.227580,0.034040,1
109,57,0.710954,0.218560,0.035520,1
109,58,0.308050,0.281986,0.037000,1
109,59,0.748262,0.280600,0.038480,1
109,60,0.821222,0.280005,0.034040,1
109,61,0.380770,0.286369,0.035520,1
109,62,0.638381,0.222584,0.037000,1
109,63,0.132860,0.292248,0.038480,1
109,64,0.528480,0.285015,0.034040,1
109,65,0.783243,0.344783,0.035520,1
109,66,0.191347,0.339081,0.037000,1
109,67,0.487126,0.349725,0.038480,1
109,68,0.920087,0.343014,0.034040,1
109,69,0.414300,0.348895,0.035520,1
109,70,0.673370,0.284915,0.037000,1
109,71,0.266356,0.343759,0.038480,1
109,72,0.446940,0.410272,0.034040,1
109,73,0.602458,0.286209,0.035520,1
109,74,0.341803,0.347155,0.037000,1
109,75,0.563584,0.348520,0.038480,1
109,76,0.852218,0.340489,0.034040,1
109,77,0.377531,0.410009,0.035520,1
109,78,0.821884,0.405279,0.037000,1
109,79,0.961520,0.399827,0.038480,1
109,80,0.408582,0.472160,0.034040,1
109,81,0.637431,0.349259,0.035520,1
109,82,0.037000,0.391547,0.037000,1
109,83,0.526683,0.414799,0.038480,1
109,84,0.892935,0.405062,0.034040,1
109,85,0.099031,0.357885,0.035520,1
109,86,0.479246,0.473570,0.037000,1
109,87,0.710803,0.347352,0.038480,1
109,88,0.154224,0.399328,0.034040,1
109,89,0.600927,0.412495,0.035520,1
109,90,0.750111,0.409749,0.037000,1
109,91,0.259606,0.468103,0.038480,1
109,92,0.718631,0.473685,0.034040,1
109,93,0.302310,0.407340,0.035520,1
109,94,0.632636,0.477926,0.037000,1
109,95,0.675158,0.415704,0.038480,1
109,96,0.094016,0.430395,0.034040,1
109,97,0.439956,0.534522,0.035520,1
109,98,0.788944,0.471182,0.037000,1
109,99,0.336616,0.471979,0.038480,1
109,100,0.753564,0.532216,0.034040,1
109,101,0.223533,0.404004,0.035520,1
109,102,0.367795,0.540015,0.037000,1
109,103,0.681030,0.535241,0.038480,1
109,104,0.116484,0.494562,0.034040,1
109,105,0.560916,0.479329,0.035520,1
109,106,0.963000,0.534391,0.037000,1
109,107,0.182939,0.465600,0.038480,1
109,108,0.596832,0.538465,0.034040,1
109,109,0.860713,0.466195,0.035520,1
109,110,0.218988,0.531613,0.037000,1
109,111,0.801081,0.602977,0.038480,1
109,112,0.034040,0.462231,0.034040,1
109,113,0.517475,0.535067,0.035520,1
109,114,0.933299,0.467747,0.037000,1
109,115,0.038480,0.534419,0.038480,1
109,116,0.555907,0.593042,0.034040,1
109,117,0.825673,0.533435,0.035520,1
109,118,0.294239,0.534792,0.037000,1
109,119,0.724437,0.598311,0.038480,1
109,120,0.894975,0.526892,0.034040,1
109,121,0.478683,0.594167,0.035520,1
109,122,0.637258,0.596469,0.037000,1
109,123,0.108188,0.566567,0.038480,1
109,124,0.519209,0.650586,0.034040,1
109,125,0.964480,0.606916,0.035520,1
109,126,0.178611,0.593730,0.037000,1
109,127,0.591538,0.656355,0.038480,1
109,128,0.759408,0.661637,0.034040,1
109,129,0.326170,0.599679,0.035520,1
109,130,0.678232,0.657860,0.037000,1
109,131,0.891191,0.599136,0.038480,1
109,132,0.409177,0.597087,0.034040,1
109,133,0.635306,0.716238,0.035520,1
109,134,0.253740,0.596856,0.037000,1
109,135,0.444677,0.660022,0.038480,1
109,136,0.718667,0.716270,0.034040,1
109,137,0.288903,0.660281,0.035520,1
109,138,0.492908,0.717925,0.037000,1
109,139,0.848913,0.663329,0.038480,1
109,140,0.370489,0.653211,0.034040,1
109,141,0.565034,0.725468,0.035520,1
109,142,0.037000,0.609922,0.037000,1
109,143,0.397125,0.720663,0.038480,1
109,144,0.799664,0.716562,0.034040,1
110,0,0.099766,0.034040,0.034040,1
110,1,0.313274,0.035520,0.035520,1
110,2,0.744517,0.037000,0.037000,1
110,3,0.170003,0.038480,0.038480,1
110,4,0.451799,0.034040,0.034040,1
110,5,0.673623,0.035520,0.035520,1
110,6,0.245081,0.037000,0.037000,1
110,7,0.600160,0.038480,0.038480,1
110,8,0.890294,0.034040,0.034040,1
110,9,0.383130,0.035520,0.035520,1
110,10,0.636446,0.097058,0.037000,1
110,11,0.038480,0.170583,0.038480,1
110,12,0.277570,0.094871,0.034040,1
110,13,0.708166,0.096720,0.035520,1
110,14,0.037000,0.037000,0.037000,1
110,15,0.522794,0.038480,0.038480,1
110,16,0.816311,0.034040,0.034040,1
110,17,0.060183,0.101847,0.035520,1
110,18,0.853989,0.093131,0.037000,1
110,19,0.961520,0.038480,0.038480,1
110,20,0.209808,0.094531,0.034040,1
110,21,0.346367,0.094727,0.035520,1
110,22,0.132498,0.095971,0.037000,1
110,23,0.562093,0.098391,0.038480,1
110,24,0.924408,0.093633,0.034040,1
110,25,0.035520,0.243537,0.035520,1
110,26,0.418083,0.096904,0.037000,1
110,27,0.780861,0.096835,0.038480,1
110,28,0.309596,0.153907,0.034040,1
110,29,0.490688,0.101719,0.035520,1
110,30,0.963000,0.151384,0.037000,1
110,31,0.379643,0.160077,0.038480,1
110,32,0.742713,0.157015,0.034040,1
110,33,0.242687,0.154394,0.035520,1
110,34,0.963000,0.288246,0.037000,1
110,35,0.934223,0.219724,0.038480,1
110,36,0.104451,0.161327,0.034040,1
110,37,0.673704,0.158990,0.035520,1
110,38,0.893074,0.155876,0.037000,1
110,39,0.172957,0.227838,0.038480,1
110,40,0.821505,0.156545,0.034040,1
110,41,0.173732,0.154331,0.035520,1
110,42,0.277440,0.215836,0.037000,1
110,43,0.524852,0.167254,0.038480,1
110,44,0.348159,0.224753,0.034040,1
110,45,0.452896,0.161070,0.035520,1
110,46,0.782220,0.214912,0.037000,1
110,47,0.232288,0.275598,0.038480,1
110,48,0.489555,0.229246,0.034040,1
110,49,0.891610,0.280097,0.035520,1
110,50,0.418151,0.223654,0.037000,1
110,51,0.599864,0.161894,0.038480,1
110,52,0.100508,0.228484,0.034040,1
110,53,0.450709,0.286899,0.035520,1
110,54,0.855791,0.218216,0.037000,1
110,55,0.038480,0.316542,0.038480,1
110,56,0.565066,0.227577,0.034040,1
110,57,0.710956,0.218559,0.035520,1
110,58,0.308057,0.281991,0.037000,1
110,59,0.748264,0.280601,0.038480,1
110,60,0.821223,0.280007,0.034040,1
110,61,0.380772,0.286364,0.035520,1
110,62,0.638384,0.222581,0.037000,1
110,63,0.132861,0.292249,0.038480,1
110,64,0.528477,0.285011,0.034040,1
110,65,0.783242,0.344786,0.035520,1
110,66,0.191347,0.339083,0.037000,1
110,67,0.487124,0.349730,0.038480,1
110,68,0.920086,0.343016,0.034040,1
110,69,0.414303,0.348884,0.035520,1
110,70,0.673370,0.284913,0.037000,1
110,71,0.266356,0.343763,0.038480,1
110,72,0.446919,0.410269,0.034040,1
110,73,0.602458,0.286205,0.035520,1
110,74,0.341808,0.347159,0.037000,1
110,75,0.563582,0.348515,0.038480,1
110,76,0.852217,0.340492,0.034040,1
110,77,0.377510,0.410026,0.035520,1
110,78,0.821883,0.405282,0.037000,1
110,79,0.961520,0.399829,0.038480,1
110,80,0.408574,0.472168,0.034040,1
110,81,0.637429,0.349256,0.035520,1
110,82,0.037000,0.391547,0.037000,1
110,83,0.526686,0.414800,0.038480,1
110,84,0.892934,0.405064,0.034040,1
110,85,0.099031,0.357885,0.035520,1
110,86,0.479239,0.473565,0.037000,1
110,87,0.710800,0.347354,0.038480,1
110,88,0.154223,0.399331,0.034040,1
110,89,0.600929,0.412487,0.035520,1
110,90,0.750109,0.409752,0.037000,1
110,91,0.259603,0.468106,0.038480,1
110,92,0.718631,0.473689,0.034040,1
110,93,0.302311,0.407343,0.035520,1
110,94,0.632636,0.477932,0.037000,1
110,95,0.675156,0.415710,0.038480,1
110,96,0.094015,0.430397,0.034040,1
110,97,0.439959,0.534523,0.035520,1
110,98,0.788944,0.471185,0.037000,1
110,99,0.336615,0.471982,0.038480,1
110,100,0.753565,0.532220,0.034040,1
110,101,0.223532,0.404007,0.035520,1
110,102,0.367796,0.540017,0.037000,1
110,103,0.681032,0.535244,0.038480,1
110,104,0.116482,0.494566,0.034040,1
110,105,0.560917,0.479331,0.035520,1
110,106,0.963000,0.534392,0.037000,1
110,107,0.182937,0.465603,0.038480,1
110,108,0.596825,0.538473,0.034040,1
110,109,0.860712,0.466198,0.035520,1
110,110,0.218987,0.531617,0.037000,1
110,111,0.801080,0.602979,0.038480,1
110,112,0.034040,0.462231,0.034040,1
110,113,0.517468,0.535064,0.035520,1
110,114,0.933298,0.467749,0.037000,1
110,115,0.038480,0.534419,0.038480,1
110,116,0.555896,0.593046,0.034040,1
110,117,0.825673,0.533437,0.035520,1
110,118,0.294241,0.534795,0.037000,1
110,119,0.724437,0.598316,0.038480,1
110,120,0.894975,0.526894,0.034040,1
110,121,0.478685,0.594168,0.035520,1
110,122,0.637260,0.596470,0.037000,1
110,123,0.108186,0.566570,0.038480,1
110,124,0.519210,0.650586,0.034040,1
110,125,0.964480,0.606917,0.035520,1
110,126,0.178609,0.593733,0.037000,1
110,127,0.591538,0.656355,0.038480,1
110,128,0.759411,0.661641,0.034040,1
110,129,0.326173,0.599681,0.035520,1
110,130,0.678232,0.657862,0.037000,1
110,131,0.891191,0.599138,0.038480,1
110,132,0.409179,0.597088,0.034040,1
110,133,0.635315,0.716245,0.035520,1
110,134,0.253743,0.596859,0.037000,1
110,135,0.444679,0.660023,0.038480,1
110,136,0.718668,0.716271,0.034040,1
110,137,0.288906,0.660284,0.035520,1
110,138,0.492918,0.717917,0.037000,1
110,139,0.848913,0.663331,0.038480,1
110,140,0.370493,0.653213,0.034040,1
110,141,0.565044,0.725472,0.035520,1
110,142,0.037000,0.609922,0.037000,1
110,143,0.397128,0.720665,0.038480,1
110,144,0.799667,0.716567,0.034040,1
111,0,0.099765,0.034040,0.034040,1
111,1,0.313279,0.035520,0.035520,1
111,2,0.744517,0.037000,0.037000,1
111,3,0.170002,0.038480,0.038480,1
111,4,0.451800,0.034040,0.034040,1
111,5,0.673622,0.035520,0.035520,1
111,6,0.245081,0.037000,0.037000,1
111,7,0.600159,0.038480,0.038480,1
111,8,0.890295,0.034040,0.034040,1
111,9,0.383134,0.035520,0.035520,1
111,10,0.636445,0.097061,0.037000,1
111,11,0.038480,0.170584,0.038480,1
111,12,0.277578,0.094871,0.034040,1
111,13,0.708164,0.096721,0.035520,1
111,14,0.037000,0.037000,0.037000,1
111,15,0.522795,0.038480,0.038480,1
111,16,0.816311,0.034040,0.034040,1
111,17,0.060183,0.101847,0.035520,1
111,18,0.853988,0.093131,0.037000,1
111,19,0.961520,0.038480,0.038480,1
111,20,0.209812,0.094530,0.034040,1
111,21,0.346373,0.094721,0.035520,1
111,22,0.132498,0.095972,0.037000,1
111,23,0.562094,0.098392,0.038480,1
111,24,0.924408,0.093632,0.034040,1
111,25,0.035520,0.243538,0.035520,1
111,26,0.418085,0.096901,0.037000,1
111,27,0.780859,0.096837,0.038480,1
111,28,0.309596,0.153912,0.034040,1
111,29,0.490690,0.101726,0.035520,1
111,30,0.963000,0.151383,0.037000,1
111,31,0.379642,0.160077,0.038480,1
111,32,0.742709,0.157016,0.034040,1
111,33,0.242687,0.154390,0.035520,1
111,34,0.963000,0.288244,0.037000,1
111,35,0.934223,0.219724,0.038480,1
111,36,0.104452,0.161328,0.034040,1
111,37,0.673700,0.158993,0.035520,1
111,38,0.893074,0.155876,0.037000,1
111,39,0.172953,0.227836,0.038480,1
111,40,0.821505,0.156544,0.034040,1
111,41,0.173733,0.154330,0.035520,1
111,42,0.277433,0.215834,0.037000,1
111,43,0.524847,0.167267,0.038480,1
111,44,0.348154,0.224755,0.034040,1
111,45,0.452892,0.161072,0.035520,1
111,46,0.782219,0.214910,0.037000,1
111,47,0.232283,0.275598,0.038480,1
111,48,0.489549,0.229262,0.034040,1
111,49,0.891610,0.280096,0.035520,1
111,50,0.418148,0.223658,0.037000,1
111,51,0.599860,0.161898,0.038480,1
111,52,0.100505,0.228485,0.034040,1
111,53,0.450698,0.286907,0.035520,1
111,54,0.855790,0.218215,0.037000,1
111,55,0.038480,0.316542,0.038480,1
111,56,0.565069,0.227583,0.034040,1
111,57,0.710952,0.218561,0.035520,1
111,58,0.308049,0.281988,0.037000,1
111,59,0.748265,0.280599,0.038480,1
111,60,0.821224,0.280006,0.034040,1
111,61,0.380769,0.286369,0.035520,1
111,62,0.638381,0.222584,0.037000,1
111,63,0.132861,0.292249,0.038480,1
111,64,0.528482,0.285017,0.034040,1
111,65,0.783243,0.344784,0.035520,1
111,66,0.191345,0.339085,0.037000,1
111,67,0.487128,0.349725,0.038480,1
111,68,0.920087,0.343014,0.034040,1
111,69,0.414301,0.348894,0.035520,1
111,70,0.673371,0.284914,0.037000,1
111,71,0.266354,0.343761,0.038480,1
111,72,0.446939,0.410268,0.034040,1
111,73,0.602460,0.286211,0.035520,1
111,74,0.341804,0.347156,0.037000,1
111,75,0.563586,0.348520,0.038480,1
111,76,0.852218,0.340491,0.034040,1
111,77,0.377531,0.410008,0.035520,1
111,78,0.821884,0.405280,0.037000,1
111,79,0.961520,0.399828,0.038480,1
111,80,0.408582,0.472158,0.034040,1
111,81,0.637432,0.349259,0.035520,1
111,82,0.037000,0.391546,0.037000,1
111,83,0.526687,0.414800,0.038480,1
111,84,0.892935,0.405062,0.034040,1
111,85,0.099031,0.357886,0.035520,1
111,86,0.479245,0.473568,0.037000,1
111,87,0.710804,0.347351,0.038480,1
111,88,0.154222,0.399332,0.034040,1
111,89,0.600930,0.412494,0.035520,1
111,90,0.750110,0.409751,0.037000,1
111,91,0.259608,0.468105,0.038480,1
111,92,0.718631,0.473688,0.034040,1
111,93,0.302310,0.407340,0.035520,1
111,94,0.632640,0.477928,0.037000,1
111,95,0.675159,0.415705,0.038480,1
111,96,0.094013,0.430398,0.034040,1
111,97,0.439957,0.534520,0.035520,1
111,98,0.788944,0.471183,0.037000,1
111,99,0.336618,0.471978,0.038480,1
111,100,0.753565,0.532218,0.034040,1
111,101,0.223532,0.404006,0.035520,1
111,102,0.367797,0.540015,0.037000,1
111,103,0.681033,0.535244,0.038480,1
111,104,0.116484,0.494564,0.034040,1
111,105,0.560920,0.479330,0.035520,1
111,106,0.963000,0.534391,0.037000,1
111,107,0.182940,0.465603,0.038480,1
111,108,0.596832,0.538470,0.034040,1
111,109,0.860713,0.466196,0.035520,1
111,110,0.218989,0.531615,0.037000,1
111,111,0.801084,0.602979,0.038480,1
111,112,0.034040,0.462232,0.034040,1
111,113,0.517474,0.535066,0.035520,1
111,114,0.933299,0.467747,0.037000,1
111,115,0.038480,0.534419,0.038480,1
111,116,0.555903,0.593044,0.034040,1
111,117,0.825673,0.533436,0.035520,1
111,118,0.294241,0.534792,0.037000,1
111,119,0.724440,0.598315,0.038480,1
111,120,0.894975,0.526893,0.034040,1
111,121,0.478683,0.594166,0.035520,1
111,122,0.637261,0.596471,0.037000,1
111,123,0.108187,0.566569,0.038480,1
111,124,0.519210,0.650583,0.034040,1
111,125,0.964480,0.606916,0.035520,1
111,126,0.178610,0.593731,0.037000,1
111,127,0.591539,0.656356,0.038480,1
111,128,0.759413,0.661640,0.034040,1
111,129,0.326174,0.599679,0.035520,1
111,130,0.678234,0.657863,0.037000,1
111,131,0.891191,0.599136,0.038480,1
111,132,0.409178,0.597088,0.034040,1
111,133,0.635311,0.716244,0.035520,1
111,134,0.253744,0.596857,0.037000,1
111,135,0.444680,0.660023,0.038480,1
111,136,0.718671,0.716271,0.034040,1
111,137,0.288907,0.660282,0.035520,1
111,138,0.492913,0.717923,0.037000,1
111,139,0.848916,0.663332,0.038480,1
111,140,0.370491,0.653212,0.034040,1
111,141,0.565039,0.725470,0.035520,1
111,142,0.037000,0.609922,0.037000,1
111,143,0.397128,0.720663,0.038480,1
111,144,0.799669,0.716566,0.034040,1
112,0,0.099766,0.034040,0.034040,1
112,1,0.313278,0.035520,0.035520,1
112,2,0.744516,0.037000,0.037000,1
112,3,0.170002,0.038480,0.038480,1
112,4,0.451800,0.034040,0.034040,1
112,5,0.673622,0.035520,0.035520,1
112,6,0.245082,0.037000,0.037000,1
112,7,0.600160,0.038480,0.038480,1
112,8,0.890295,0.034040,0.034040,1
112,9,0.383133,0.035520,0.035520,1
112,10,0.636446,0.097058,0.037000,1
112,11,0.038480,0.170583,0.038480,1
112,12,0.277577,0.094873,0.034040,1
112,13,0.708165,0.096720,0.035520,1
112,14,0.037000,0.037000,0.037000,1
112,15,0.522794,0.038480,0.038480,1
112,16,0.816309,0.034040,0.034040,1
112,17,0.060183,0.101847,0.035520,1
112,18,0.853988,0.093130,0.037000,1
112,19,0.961520,0.038480,0.038480,1
112,20,0.209812,0.094532,0.034040,1
112,21,0.346371,0.094720,0.035520,1
112,22,0.132498,0.095971,0.037000,1
112,23,0.562094,0.098390,0.038480,1
112,24,0.924407,0.093631,0.034040,1
112,25,0.035520,0.243537,0.035520,1
112,26,0.418085,0.096900,0.037000,1
112,27,0.780860,0.096834,0.038480,1
112,28,0.309596,0.153914,0.034040,1
112,29,0.490689,0.101719,0.035520,1
112,30,0.963000,0.151381,0.037000,1
112,31,0.379643,0.160074,0.038480,1
112,32,0.742713,0.157015,0.034040,1
112,33,0.242688,0.154394,0.035520,1
112,34,0.963000,0.288243,0.037000,1
112,35,0.934223,0.219722,0.038480,1
112,36,0.104452,0.161327,0.034040,1
112,37,0.673705,0.158990,0.035520,1
112,38,0.893073,0.155875,0.037000,1
112,39,0.172955,0.227837,0.038480,1
112,40,0.821504,0.156544,0.034040,1
112,41,0.173733,0.154331,0.035520,1
112,42,0.277436,0.215839,0.037000,1
112,43,0.524852,0.167254,0.038480,1
112,44,0.348156,0.224752,0.034040,1
112,45,0.452896,0.161069,0.035520,1
112,46,0.782220,0.214911,0.037000,1
112,47,0.232284,0.275600,0.038480,1
112,48,0.489555,0.229249,0.034040,1
112,49,0.891611,0.280096,0.035520,1
112,50,0.418149,0.223653,0.037000,1
112,51,0.599864,0.161894,0.038480,1
112,52,0.100506,0.228483,0.034040,1
112,53,0.450708,0.286898,0.035520,1
112,54,0.855791,0.218215,0.037000,1
112,55,0.038480,0.316542,0.038480,1
112,56,0.565066,0.227578,0.034040,1
112,57,0.710956,0.218559,0.035520,1
112,58,0.308056,0.281991,0.037000,1
112,59,0.748266,0.280599,0.038480,1
112,60,0.821225,0.280006,0.034040,1
112,61,0.380771,0.286363,0.035520,1
112,62,0.638384,0.222582,0.037000,1
112,63,0.132861,0.292249,0.038480,1
112,64,0.528477,0.285015,0.034040,1
112,65,0.783244,0.344785,0.035520,1
112,66,0.191345,0.339085,0.037000,1
112,67,0.487125,0.349730,0.038480,1
112,68,0.920088,0.343014,0.034040,1
112,69,0.414303,0.348882,0.035520,1
112,70,0.673371,0.284913,0.037000,1
112,71,0.266354,0.343763,0.038480,1
112,72,0.446919,0.410268,0.034040,1
112,73,0.602457,0.286207,0.035520,1
112,74,0.341808,0.347158,0.037000,1
112,75,0.563585,0.348519,0.038480,1
112,76,0.852219,0.340490,0.034040,1
112,77,0.377509,0.410025,0.035520,1
112,78,0.821884,0.405281,0.037000,1
112,79,0.961520,0.399829,0.038480,1
112,80,0.408574,0.472167,0.034040,1
112,81,0.637432,0.349256,0.035520,1
112,82,0.037000,0.391546,0.037000,1
112,83,0.526687,0.414800,0.038480,1
112,84,0.892935,0.405060,0.034040,1
112,85,0.099031,0.357885,0.035520,1
112,86,0.479238,0.473564,0.037000,1
112,87,0.710804,0.347351,0.038480,1
112,88,0.154221,0.399333,0.034040,1
112,89,0.600931,0.412493,0.035520,1
112,90,0.750111,0.409751,0.037000,1
112,91,0.259604,0.468105,0.038480,1
112,92,0.718633,0.473687,0.034040,1
112,93,0.302311,0.407342,0.035520,1
112,94,0.632639,0.477929,0.037000,1
112,95,0.675160,0.415706,0.038480,1
112,96,0.094012,0.430399,0.034040,1
112,97,0.439960,0.534522,0.035520,1
112,98,0.788946,0.471184,0.037000,1
112,99,0.336615,0.471982,0.038480,1
112,100,0.753566,0.532218,0.034040,1
112,101,0.223530,0.404007,0.035520,1
112,102,0.367797,0.540017,0.037000,1
112,103,0.681034,0.535244,0.038480,1
112,104,0.116482,0.494566,0.034040,1
112,105,0.560919,0.479330,0.035520,1
112,106,0.963000,0.534394,0.037000,1
112,107,0.182937,0.465603,0.038480,1
112,108,0.596831,0.538470,0.034040,1
112,109,0.860715,0.466195,0.035520,1
112,110,0.218988,0.531616,0.037000,1
112,111,0.801085,0.602981,0.038480,1
112,112,0.034040,0.462231,0.034040,1
112,113,0.517469,0.535062,0.035520,1
112,114,0.933301,0.467749,0.037000,1
112,115,0.038480,0.534419,0.038480,1
112,116,0.555899,0.593042,0.034040,1
112,117,0.825673,0.533437,0.035520,1
112,118,0.294241,0.534795,0.037000,1
112,119,0.724442,0.598314,0.038480,1
112,120,0.894975,0.526893,0.034040,1
112,121,0.478686,0.594166,0.035520,1
112,122,0.637263,0.596470,0.037000,1
112,123,0.108186,0.566570,0.038480,1
112,124,0.519208,0.650586,0.034040,1
112,125,0.964480,0.606919,0.035520,1
112,126,0.178610,0.593732,0.037000,1
112,127,0.591537,0.656353,0.038480,1
112,128,0.759413,0.661640,0.034040,1
112,129,0.326173,0.599681,0.035520,1
112,130,0.678238,0.657860,0.037000,1
112,131,0.891191,0.599137,0.038480,1
112,132,0.409180,0.597088,0.034040,1
112,133,0.635314,0.716239,0.035520,1
112,134,0.253742,0.596859,0.037000,1
112,135,0.444682,0.660021,0.038480,1
112,136,0.718671,0.716271,0.034040,1
112,137,0.288906,0.660284,0.035520,1
112,138,0.492918,0.717918,0.037000,1
112,139,0.848917,0.663333,0.038480,1
112,140,0.370493,0.653212,0.034040,1
112,141,0.565044,0.725470,0.035520,1
112,142,0.037000,0.609922,0.037000,1
112,143,0.397130,0.720663,0.038480,1
112,144,0.799669,0.716566,0.034040,1
113,0,0.099766,0.034040,0.034040,1
113,1,0.313277,0.035520,0.035520,1
113,2,0.744514,0.037000,0.037000,1
113,3,0.170001,0.038480,0.038480,1
113,4,0.451798,0.034040,0.034040,1
113,5,0.673620,0.035520,0.035520,1
113,6,0.245080,0.037000,0.037000,1
113,7,0.600157,0.038480,0.038480,1
113,8,0.890294,0.034040,0.034040,1
113,9,0.383132,0.035520,0.035520,1
113,10,0.636444,0.097060,0.037000,1
113,11,0.038480,0.170584,0.038480,1
113,12,0.277575,0.094870,0.034040,1
113,13,0.708163,0.096721,0.035520,1
113,14,0.037000,0.037000,0.037000,1
113,15,0.522793,0.038480,0.038480,1
113,16,0.816307,0.034040,0.034040,1
113,17,0.060183,0.101847,0.035520,1
113,18,0.853985,0.093130,0.037000,1
113,19,0.961520,0.038480,0.038480,1
113,20,0.209811,0.094530,0.034040,1
113,21,0.346371,0.094722,0.035520,1
113,22,0.132498,0.095971,0.037000,1
113,23,0.562092,0.098392,0.038480,1
113,24,0.924404,0.093629,0.034040,1
113,25,0.035520,0.243538,0.035520,1
113,26,0.418083,0.096902,0.037000,1
113,27,0.780857,0.096834,0.038480,1
113,28,0.309594,0.153911,0.034040,1
113,29,0.490688,0.101726,0.035520,1
113,30,0.963000,0.151377,0.037000,1
113,31,0.379642,0.160076,0.038480,1
113,32,0.742710,0.157015,0.034040,1
113,33,0.242687,0.154393,0.035520,1
113,34,0.963000,0.288241,0.037000,1
113,35,0.934225,0.219720,0.038480,1
113,36,0.104451,0.161327,0.034040,1
113,37,0.673701,0.158992,0.035520,1
113,38,0.893073,0.155874,0.037000,1
113,39,0.172953,0.227836,0.038480,1
113,40,0.821503,0.156543,0.034040,1
113,41,0.173732,0.154330,0.035520,1
113,42,0.277435,0.215837,0.037000,1
113,43,0.524847,0.167265,0.038480,1
113,44,0.348154,0.224757,0.034040,1
113,45,0.452892,0.161072,0.035520,1
113,46,0.782219,0.214909,0.037000,1
113,47,0.232283,0.275597,0.038480,1
113,48,0.489561,0.229253,0.034040,1
113,49,0.891613,0.280093,0.035520,1
113,50,0.418145,0.223657,0.037000,1
113,51,0.599860,0.161897,0.038480,1
113,52,0.100505,0.228484,0.034040,1
113,53,0.450707,0.286899,0.035520,1
113,54,0.855790,0.218214,0.037000,1
113,55,0.038480,0.316542,0.038480,1
113,56,0.565069,0.227582,0.034040,1
113,57,0.710953,0.218559,0.035520,1
113,58,0.308056,0.281994,0.037000,1
113,59,0.748266,0.280596,0.038480,1
113,60,0.821226,0.280006,0.034040,1
113,61,0.380771,0.286366,0.035520,1
113,62,0.638381,0.222584,0.037000,1
113,63,0.132860,0.292248,0.038480,1
113,64,0.528483,0.285021,0.034040,1
113,65,0.783245,0.344782,0.035520,1
113,66,0.191344,0.339084,0.037000,1
113,67,0.487130,0.349728,0.038480,1
113,68,0.920089,0.343012,0.034040,1
113,69,0.414307,0.348879,0.035520,1
113,70,0.673372,0.284912,0.037000,1
113,71,0.266354,0.343762,0.038480,1
113,72,0.446921,0.410268,0.034040,1
113,73,0.602459,0.286211,0.035520,1
113,74,0.341813,0.347160,0.037000,1
113,75,0.563589,0.348523,0.038480,1
113,76,0.852220,0.340491,0.034040,1
113,77,0.377511,0.410026,0.035520,1
113,78,0.821884,0.405278,0.037000,1
113,79,0.961520,0.399826,0.038480,1
113,80,0.408576,0.472166,0.034040,1
113,81,0.637435,0.349258,0.035520,1
113,82,0.037000,0.391547,0.037000,1
113,83,0.526688,0.414800,0.038480,1
113,84,0.892935,0.405058,0.034040,1
113,85,0.099031,0.357885,0.035520,1
113,86,0.479240,0.473565,0.037000,1
113,87,0.710807,0.347348,0.038480,1
113,88,0.154222,0.399332,0.034040,1
113,89,0.600933,0.412499,0.035520,1
113,90,0.750111,0.409749,0.037000,1
113,91,0.259606,0.468105,0.038480,1
113,92,0.718633,0.473686,0.034040,1
113,93,0.302311,0.407341,0.035520,1
113,94,0.632643,0.477925,0.037000,1
113,95,0.675164,0.415702,0.038480,1
113,96,0.094014,0.430398,0.034040,1
113,97,0.439961,0.534522,0.035520,1
113,98,0.788946,0.471181,0.037000,1
113,99,0.336617,0.471979,0.038480,1
113,100,0.753567,0.532216,0.034040,1
113,101,0.223532,0.404006,0.035520,1
113,102,0.367799,0.540014,0.037000,1
113,103,0.681034,0.535243,0.038480,1
113,104,0.116484,0.494565,0.034040,1
113,105,0.560921,0.479330,0.035520,1
113,106,0.963000,0.534391,0.037000,1
113,107,0.182939,0.465603,0.038480,1
113,108,0.596839,0.538465,0.034040,1
113,109,0.860715,0.466193,0.035520,1
113,110,0.218989,0.531616,0.037000,1
113,111,0.801088,0.602980,0.038480,1
113,112,0.034040,0.462231,0.034040,1
113,113,0.517471,0.535064,0.035520,1
113,114,0.933300,0.467746,0.037000,1
113,115,0.038480,0.534419,0.038480,1
113,116,0.555908,0.593037,0.034040,1
113,117,0.825673,0.533435,0.035520,1
113,118,0.294243,0.534792,0.037000,1
113,119,0.724444,0.598313,0.038480,1
113,120,0.894975,0.526890,0.034040,1
113,121,0.478686,0.594167,0.035520,1
113,122,0.637263,0.596469,0.037000,1
113,123,0.108187,0.566570,0.038480,1
113,124,0.519209,0.650586,0.034040,1
113,125,0.964480,0.606916,0.035520,1
113,126,0.178610,0.593731,0.037000,1
113,127,0.591538,0.656352,0.038480,1
113,128,0.759415,0.661639,0.034040,1
113,129,0.326176,0.599678,0.035520,1
113,130,0.678238,0.657860,0.037000,1
113,131,0.891191,0.599134,0.038480,1
113,132,0.409180,0.597088,0.034040,1
113,133,0.635311,0.716238,0.035520,1
113,134,0.253745,0.596857,0.037000,1
113,135,0.444681,0.660023,0.038480,1
113,136,0.718673,0.716270,0.034040,1
113,137,0.288910,0.660281,0.035520,1
113,138,0.492913,0.717923,0.037000,1
113,139,0.848921,0.663332,0.038480,1
113,140,0.370493,0.653212,0.034040,1
113,141,0.565040,0.725467,0.035520,1
113,142,0.037000,0.609922,0.037000,1
113,143,0.397128,0.720663,0.038480,1
113,144,0.799671,0.716564,0.034040,1
114,0,0.099764,0.034040,0.034040,1
114,1,0.313274,0.035520,0.035520,1
114,2,0.744512,0.037000,0.037000,1
114,3,0.169999,0.038480,0.038480,1
114,4,0.451796,0.034040,0.034040,1
114,5,0.673621,0.035520,0.035520,1
114,6,0.245078,0.037000,0.037000,1
114,7,0.600159,0.038480,0.038480,1
114,8,0.890295,0.034040,0.034040,1
114,9,0.383130,0.035520,0.035520,1
114,10,0.636447,0.097059,0.037000,1
114,11,0.038480,0.170584,0.038480,1
114,12,0.277573,0.094872,0.034040,1
114,13,0.708164,0.096722,0.035520,1
114,14,0.037000,0.037000,0.037000,1
114,15,0.522792,0.038480,0.038480,1
114,16,0.816306,0.034040,0.034040,1
114,17,0.060182,0.101848,0.035520,1
114,18,0.853987,0.093129,0.037000,1
114,19,0.961520,0.038480,0.038480,1
114,20,0.209809,0.094532,0.034040,1
114,21,0.346369,0.094722,0.035520,1
114,22,0.132497,0.095971,0.037000,1
114,23,0.562093,0.098393,0.038480,1
114,24,0.924407,0.093633,0.034040,1
114,25,0.035520,0.243538,0.035520,1
114,26,0.418083,0.096902,0.037000,1
114,27,0.780855,0.096829,0.038480,1
114,28,0.309594,0.153912,0.034040,1
114,29,0.490687,0.101719,0.035520,1
114,30,0.963000,0.151385,0.037000,1
114,31,0.379641,0.160075,0.038480,1
114,32,0.742714,0.157016,0.034040,1
114,33,0.242686,0.154395,0.035520,1
114,34,0.963000,0.288241,0.037000,1
114,35,0.934216,0.219724,0.038480,1
114,36,0.104450,0.161327,0.034040,1
114,37,0.673705,0.158990,0.035520,1
114,38,0.893071,0.155876,0.037000,1
114,39,0.172955,0.227837,0.038480,1
114,40,0.821501,0.156540,0.034040,1
114,41,0.173731,0.154331,0.035520,1
114,42,0.277437,0.215839,0.037000,1
114,43,0.524852,0.167252,0.038480,1
114,44,0.348156,0.224754,0.034040,1
114,45,0.452895,0.161070,0.035520,1
114,46,0.782221,0.214912,0.037000,1
114,47,0.232285,0.275599,0.038480,1
114,48,0.489555,0.229246,0.034040,1
114,49,0.891608,0.280099,0.035520,1
114,50,0.418148,0.223654,0.037000,1
114,51,0.599864,0.161896,0.038480,1
114,52,0.100507,0.228484,0.034040,1
114,53,0.450710,0.286897,0.035520,1
114,54,0.855791,0.218218,0.037000,1
114,55,0.038480,0.316542,0.038480,1
114,56,0.565066,0.227577,0.034040,1
114,57,0.710958,0.218558,0.035520,1
114,58,0.308057,0.281993,0.037000,1
114,59,0.748265,0.280601,0.038480,1
114,60,0.821224,0.280009,0.034040,1
114,61,0.380773,0.286365,0.035520,1
114,62,0.638386,0.222582,0.037000,1
114,63,0.132861,0.292249,0.038480,1
114,64,0.528476,0.285014,0.034040,1
114,65,0.783244,0.344786,0.035520,1
114,66,0.191346,0.339085,0.037000,1
114,67,0.487125,0.349730,0.038480,1
114,68,0.920089,0.343015,0.034040,1
114,69,0.414304,0.348885,0.035520,1
114,70,0.673371,0.284915,0.037000,1
114,71,0.266355,0.343763,0.038480,1
114,72,0.446921,0.410270,0.034040,1
114,73,0.602457,0.286206,0.035520,1
114,74,0.341810,0.347160,0.037000,1
114,75,0.563584,0.348519,0.038480,1
114,76,0.852220,0.340493,0.034040,1
114,77,0.377511,0.410027,0.035520,1
114,78,0.821884,0.405282,0.037000,1
114,79,0.961520,0.399829,0.038480,1
114,80,0.408578,0.472168,0.034040,1
114,81,0.637431,0.349258,0.035520,1
114,82,0.037000,0.391547,0.037000,1
114,83,0.526688,0.414800,0.038480,1
114,84,0.892935,0.405061,0.034040,1
114,85,0.099031,0.357885,0.035520,1
114,86,0.479243,0.473566,0.037000,1
114,87,0.710803,0.347353,0.038480,1
114,88,0.154222,0.399332,0.034040,1
114,89,0.600932,0.412492,0.035520,1
114,90,0.750109,0.409753,0.037000,1
114,91,0.259604,0.468106,0.038480,1
114,92,0.718633,0.473691,0.034040,1
114,93,0.302311,0.407343,0.035520,1
114,94,0.632644,0.477933,0.037000,1
114,95,0.675161,0.415708,0.038480,1
114,96,0.094013,0.430398,0.034040,1
114,97,0.439962,0.534522,0.035520,1
114,98,0.788946,0.471185,0.037000,1
114,99,0.336616,0.471981,0.038480,1
114,100,0.753569,0.532220,0.034040,1
114,101,0.223531,0.404007,0.035520,1
114,102,0.367799,0.540015,0.037000,1
114,103,0.681036,0.535249,0.038480,1
114,104,0.116483,0.494566,0.034040,1
114,105,0.560923,0.479330,0.035520,1
114,106,0.963000,0.534393,0.037000,1
114,107,0.182937,0.465603,0.038480,1
114,108,0.596833,0.538471,0.034040,1
114,109,0.860715,0.466196,0.035520,1
114,110,0.218987,0.531617,0.037000,1
114,111,0.801090,0.602983,0.038480,1
114,112,0.034040,0.462232,0.034040,1
114,113,0.517475,0.535064,0.035520,1
114,114,0.933301,0.467749,0.037000,1
114,115,0.038480,0.534419,0.038480,1
114,116,0.555903,0.593044,0.034040,1
114,117,0.825674,0.533438,0.035520,1
114,118,0.294244,0.534794,0.037000,1
114,119,0.724447,0.598317,0.038480,1
114,120,0.894976,0.526894,0.034040,1
114,121,0.478688,0.594166,0.035520,1
114,122,0.637260,0.596473,0.037000,1
114,123,0.108187,0.566570,0.038480,1
114,124,0.519207,0.650589,0.034040,1
114,125,0.964480,0.606918,0.035520,1
114,126,0.178610,0.593733,0.037000,1
114,127,0.591536,0.656358,0.038480,1
114,128,0.759419,0.661643,0.034040,1
114,129,0.326175,0.599680,0.035520,1
114,130,0.678240,0.657861,0.037000,1
114,131,0.891191,0.599137,0.038480,1
114,132,0.409181,0.597088,0.034040,1
114,133,0.635307,0.716232,0.035520,1
114,134,0.253745,0.596858,0.037000,1
114,135,0.444682,0.660021,0.038480,1
114,136,0.718673,0.716271,0.034040,1
114,137,0.288908,0.660283,0.035520,1
114,138,0.492913,0.717922,0.037000,1
114,139,0.848921,0.663336,0.038480,1
114,140,0.370494,0.653213,0.034040,1
114,141,0.565039,0.725474,0.035520,1
114,142,0.037000,0.609923,0.037000,1
114,143,0.397131,0.720663,0.038480,1
114,144,0.799673,0.716570,0.034040,1
115,0,0.099765,0.034040,0.034040,1
115,1,0.313277,0.035520,0.035520,1
115,2,0.744514,0.037000,0.037000,1
115,3,0.170004,0.038480,0.038480,1
115,4,0.451799,0.034040,0.034040,1
115,5,0.673622,0.035520,0.035520,1
115,6,0.245083,0.037000,0.037000,1
115,7,0.600159,0.038480,0.038480,1
115,8,0.890294,0.034040,0.034040,1
115,9,0.383133,0.035520,0.035520,1
115,10,0.636446,0.097060,0.037000,1
115,11,0.038480,0.170584,0.038480,1
115,12,0.277574,0.094872,0.034040,1
115,13,0.708164,0.096721,0.035520,1
115,14,0.037000,0.037000,0.037000,1
115,15,0.522794,0.038480,0.038480,1
115,16,0.816305,0.034040,0.034040,1
115,17,0.060182,0.101848,0.035520,1
115,18,0.853986,0.093130,0.037000,1
115,19,0.961520,0.038480,0.038480,1
115,20,0.209811,0.094531,0.034040,1
115,21,0.346369,0.094726,0.035520,1
115,22,0.132497,0.095972,0.037000,1
115,23,0.562092,0.098393,0.038480,1
115,24,0.924406,0.093631,0.034040,1
115,25,0.035520,0.243538,0.035520,1
115,26,0.418082,0.096904,0.037000,1
115,27,0.780858,0.096835,0.038480,1
115,28,0.309596,0.153910,0.034040,1
115,29,0.490687,0.101723,0.035520,1
115,30,0.963000,0.151381,0.037000,1
115,31,0.379641,0.160078,0.038480,1
115,32,0.742712,0.157016,0.034040,1
115,33,0.242688,0.154392,0.035520,1
115,34,0.963000,0.288241,0.037000,1
115,35,0.934220,0.219722,0.038480,1
115,36,0.104452,0.161328,0.034040,1
115,37,0.673703,0.158991,0.035520,1
115,38,0.893073,0.155875,0.037000,1
115,39,0.172953,0.227836,0.038480,1
115,40,0.821504,0.156544,0.034040,1
115,41,0.173733,0.154330,0.035520,1
115,42,0.277436,0.215836,0.037000,1
115,43,0.524849,0.167260,0.038480,1
115,44,0.348155,0.224756,0.034040,1
115,45,0.452892,0.161072,0.035520,1
115,46,0.782220,0.214910,0.037000,1
115,47,0.232283,0.275597,0.038480,1
115,48,0.489550,0.229257,0.034040,1
115,49,0.891609,0.280096,0.035520,1
115,50,0.418146,0.223657,0.037000,1
115,51,0.599861,0.161897,0.038480,1
115,52,0.100505,0.228485,0.034040,1
115,53,0.450702,0.286903,0.035520,1
115,54,0.855790,0.218215,0.037000,1
115,55,0.038480,0.316542,0.038480,1
115,56,0.565068,0.227580,0.034040,1
115,57,0.710955,0.218559,0.035520,1
115,58,0.308052,0.281989,0.037000,1
115,59,0.748266,0.280598,0.038480,1
115,60,0.821226,0.280007,0.034040,1
115,61,0.380771,0.286369,0.035520,1
115,62,0.638383,0.222583,0.037000,1
115,63,0.132861,0.292249,0.038480,1
115,64,0.528480,0.285017,0.034040,1
115,65,0.783244,0.344784,0.035520,1
115,66,0.191344,0.339084,0.037000,1
115,67,0.487128,0.349726,0.038480,1
115,68,0.920089,0.343013,0.034040,1
115,69,0.414301,0.348894,0.035520,1
115,70,0.673371,0.284914,0.037000,1
115,71,0.266353,0.343760,0.038480,1
115,72,0.446938,0.410269,0.034040,1
115,73,0.602458,0.286208,0.035520,1
115,74,0.341805,0.347157,0.037000,1
115,75,0.563587,0.348520,0.038480,1
115,76,0.852220,0.340492,0.034040,1
115,77,0.377530,0.410011,0.035520,1
115,78,0.821883,0.405280,0.037000,1
115,79,0.961520,0.399828,0.038480,1
115,80,0.408583,0.472161,0.034040,1
115,81,0.637434,0.349259,0.035520,1
115,82,0.037000,0.391547,0.037000,1
115,83,0.526689,0.414800,0.038480,1
115,84,0.892934,0.405060,0.034040,1
115,85,0.099031,0.357886,0.035520,1
115,86,0.479246,0.473567,0.037000,1
115,87,0.710805,0.347350,0.038480,1
115,88,0.154222,0.399332,0.034040,1
115,89,0.600933,0.412494,0.035520,1
115,90,0.750110,0.409752,0.037000,1
115,91,0.259608,0.468105,0.038480,1
115,92,0.718632,0.473689,0.034040,1
115,93,0.302309,0.407340,0.035520,1
115,94,0.632640,0.477927,0.037000,1
115,95,0.675162,0.415705,0.038480,1
115,96,0.094014,0.430398,0.034040,1
115,97,0.439960,0.534521,0.035520,1
115,98,0.788945,0.471185,0.037000,1
115,99,0.336619,0.471977,0.038480,1
115,100,0.753564,0.532220,0.034040,1
115,101,0.223532,0.404006,0.035520,1
115,102,0.367800,0.540013,0.037000,1
115,103,0.681032,0.535245,0.038480,1
115,104,0.116485,0.494565,0.034040,1
115,105,0.560919,0.479333,0.035520,1
115,106,0.963000,0.534391,0.037000,1
115,107,0.182940,0.465603,0.038480,1
115,108,0.596836,0.538469,0.034040,1
115,109,0.860714,0.466195,0.035520,1
115,110,0.218990,0.531615,0.037000,1
115,111,0.801084,0.602981,0.038480,1
115,112,0.034040,0.462232,0.034040,1
115,113,0.517472,0.535067,0.035520,1
115,114,0.933299,0.467747,0.037000,1
115,115,0.038480,0.534420,0.038480,1
115,116,0.555906,0.593042,0.034040,1
115,117,0.825673,0.533437,0.035520,1
115,118,0.294244,0.534791,0.037000,1
115,119,0.724440,0.598317,0.038480,1
115,120,0.894975,0.526892,0.034040,1
115,121,0.478684,0.594168,0.035520,1
115,122,0.637261,0.596473,0.037000,1
115,123,0.108187,0.566569,0.038480,1
115,124,0.519207,0.650587,0.034040,1
115,125,0.964480,0.606916,0.035520,1
115,126,0.178611,0.593731,0.037000,1
115,127,0.591536,0.656356,0.038480,1
115,128,0.759414,0.661641,0.034040,1
115,129,0.326177,0.599677,0.035520,1
115,130,0.678236,0.657865,0.037000,1
115,131,0.891191,0.599136,0.038480,1
115,132,0.409178,0.597088,0.034040,1
115,133,0.635314,0.716245,0.035520,1
115,134,0.253746,0.596856,0.037000,1
115,135,0.444679,0.660023,0.038480,1
115,136,0.718672,0.716273,0.034040,1
115,137,0.288911,0.660280,0.035520,1
115,138,0.492917,0.717919,0.037000,1
115,139,0.848917,0.663332,0.038480,1
115,140,0.370492,0.653213,0.034040,1
115,141,0.565043,0.725473,0.035520,1
115,142,0.037000,0.609923,0.037000,1
115,143,0.397127,0.720664,0.038480,1
115,144,0.799671,0.716566,0.034040,1
116,0,0.099765,0.034040,0.034040,1
116,1,0.313276,0.035520,0.035520,1
116,2,0.744511,0.037000,0.037000,1
116,3,0.170003,0.038480,0.038480,1
116,4,0.451798,0.034040,0.034040,1
116,5,0.673621,0.035520,0.035520,1
116,6,0.245082,0.037000,0.037000,1
116,7,0.600159,0.038480,0.038480,1
116,8,0.890291,0.034040,0.034040,1
116,9,0.383132,0.035520,0.035520,1
116,10,0.636445,0.097060,0.037000,1
116,11,0.038480,0.170584,0.038480,1
116,12,0.277573,0.094871,0.034040,1
116,13,0.708161,0.096723,0.035520,1
116,14,0.037000,0.037000,0.037000,1
116,15,0.522792,0.038480,0.038480,1
116,16,0.816306,0.034040,0.034040,1
116,17,0.060182,0.101848,0.035520,1
116,18,0.853985,0.093133,0.037000,1
116,19,0.961520,0.038480,0.038480,1
116,20,0.209810,0.094529,0.034040,1
116,21,0.346368,0.094725,0.035520,1
116,22,0.132497,0.095970,0.037000,1
116,23,0.562093,0.098395,0.038480,1
116,24,0.924405,0.093635,0.034040,1
116,25,0.035520,0.243538,0.035520,1
116,26,0.418082,0.096905,0.037000,1
116,27,0.780853,0.096828,0.038480,1
116,28,0.309593,0.153911,0.034040,1
116,29,0.490687,0.101721,0.035520,1
116,30,0.963000,0.151387,0.037000,1
116,31,0.379641,0.160077,0.038480,1
116,32,0.742715,0.157015,0.034040,1
116,33,0.242687,0.154392,0.035520,1
116,34,0.963000,0.288243,0.037000,1
116,35,0.934215,0.219727,0.038480,1
116,36,0.104451,0.161326,0.034040,1
116,37,0.673706,0.158991,0.035520,1
116,38,0.893071,0.155878,0.037000,1
116,39,0.172952,0.227835,0.038480,1
116,40,0.821502,0.156536,0.034040,1
116,41,0.173732,0.154329,0.035520,1
116,42,0.277435,0.215839,0.037000,1
116,43,0.524854,0.167254,0.038480,1
116,44,0.348156,0.224755,0.034040,1
116,45,0.452897,0.161072,0.035520,1
116,46,0.782224,0.214910,0.037000,1
116,47,0.232282,0.275598,0.038480,1
116,48,0.489557,0.229244,0.034040,1
116,49,0.891608,0.280102,0.035520,1
116,50,0.418150,0.223653,0.037000,1
116,51,0.599866,0.161898,0.038480,1
116,52,0.100504,0.228482,0.034040,1
116,53,0.450710,0.286897,0.035520,1
116,54,0.855793,0.218221,0.037000,1
116,55,0.038480,0.316542,0.038480,1
116,56,0.565066,0.227579,0.034040,1
116,57,0.710959,0.218559,0.035520,1
116,58,0.308057,0.281993,0.037000,1
116,59,0.748268,0.280600,0.038480,1
116,60,0.821227,0.280012,0.034040,1
116,61,0.380773,0.286363,0.035520,1
116,62,0.638389,0.222582,0.037000,1
116,63,0.132859,0.292247,0.038480,1
116,64,0.528476,0.285013,0.034040,1
116,65,0.783246,0.344786,0.035520,1
116,66,0.191343,0.339085,0.037000,1
116,67,0.487127,0.349728,0.038480,1
116,68,0.920091,0.343017,0.034040,1
116,69,0.414307,0.348881,0.035520,1
116,70,0.673373,0.284915,0.037000,1
116,71,0.266352,0.343762,0.038480,1
116,72,0.446923,0.410268,0.034040,1
116,73,0.602461,0.286205,0.035520,1
116,74,0.341813,0.347160,0.037000,1
116,75,0.563586,0.348516,0.038480,1
116,76,0.852222,0.340496,0.034040,1
116,77,0.377512,0.410026,0.035520,1
116,78,0.821884,0.405283,0.037000,1
116,79,0.961520,0.399832,0.038480,1
116,80,0.408578,0.472169,0.034040,1
116,81,0.637434,0.349260,0.035520,1
116,82,0.037000,0.391547,0.037000,1
116,83,0.526689,0.414799,0.038480,1
116,84,0.892935,0.405064,0.034040,1
116,85,0.099031,0.357885,0.035520,1
116,86,0.479244,0.473566,0.037000,1
116,87,0.710805,0.347353,0.038480,1
116,88,0.154221,0.399333,0.034040,1
116,89,0.600932,0.412489,0.035520,1
116,90,0.750111,0.409753,0.037000,1
116,91,0.259605,0.468105,0.038480,1
116,92,0.718632,0.473690,0.034040,1
116,93,0.302310,0.407340,0.035520,1
116,94,0.632641,0.477930,0.037000,1
116,95,0.675161,0.415707,0.038480,1
116,96,0.094013,0.430400,0.034040,1
116,97,0.439964,0.534522,0.035520,1
116,98,0.788945,0.471186,0.037000,1
116,99,0.336617,0.471976,0.038480,1
116,100,0.753566,0.532220,0.034040,1
116,101,0.223530,0.404006,0.035520,1
116,102,0.367801,0.540009,0.037000,1
116,103,0.681032,0.535247,0.038480,1
116,104,0.116484,0.494567,0.034040,1
116,105,0.560920,0.479330,0.035520,1
116,106,0.963000,0.534393,0.037000,1
116,107,0.182938,0.465604,0.038480,1
116,108,0.596831,0.538471,0.034040,1
116,109,0.860713,0.466198,0.035520,1
116,110,0.218990,0.531616,0.037000,1
116,111,0.801083,0.602982,0.038480,1
116,112,0.034040,0.462232,0.034040,1
116,113,0.517474,0.535067,0.035520,1
116,114,0.933299,0.467750,0.037000,1
116,115,0.038480,0.534419,0.038480,1
116,116,0.555905,0.593046,0.034040,1
116,117,0.825674,0.533439,0.035520,1
116,118,0.294246,0.534791,0.037000,1
116,119,0.724440,0.598315,0.038480,1
116,120,0.894975,0.526895,0.034040,1
116,121,0.478685,0.594168,0.035520,1
116,122,0.637259,0.596473,0.037000,1
116,123,0.108186,0.566571,0.038480,1
116,124,0.519210,0.650586,0.034040,1
116,125,0.964480,0.606918,0.035520,1
116,126,0.178610,0.593731,0.037000,1
116,127,0.591538,0.656361,0.038480,1
116,128,0.759411,0.661642,0.034040,1
116,129,0.326180,0.599676,0.035520,1
116,130,0.678237,0.657861,0.037000,1
116,131,0.891191,0.599138,0.038480,1
116,132,0.409178,0.597086,0.034040,1
116,133,0.635308,0.716236,0.035520,1
116,134,0.253749,0.596857,0.037000,1
116,135,0.444674,0.660021,0.038480,1
116,136,0.718669,0.716273,0.034040,1
116,137,0.288915,0.660280,0.035520,1
116,138,0.492914,0.717914,0.037000,1
116,139,0.848915,0.663333,0.038480,1
116,140,0.370494,0.653213,0.034040,1
116,141,0.565039,0.725476,0.035520,1
116,142,0.037000,0.609923,0.037000,1
116,143,0.397126,0.720665,0.038480,1
116,144,0.799667,0.716567,0.034040,1
117,0,0.099766,0.034040,0.034040,1
117,1,0.313276,0.035520,0.035520,1
117,2,0.744517,0.037000,0.037000,1
117,3,0.170004,0.038480,0.038480,1
117,4,0.451800,0.034040,0.034040,1
117,5,0.673624,0.035520,0.035520,1
117,6,0.245082,0.037000,0.037000,1
117,7,0.600161,0.038480,0.038480,1
117,8,0.890292,0.034040,0.034040,1
117,9,0.383132,0.035520,0.035520,1
117,10,0.636447,0.097059,0.037000,1
117,11,0.038480,0.170584,0.038480,1
117,12,0.277573,0.094871,0.034040,1
117,13,0.708165,0.096722,0.035520,1
117,14,0.037000,0.037000,0.037000,1
117,15,0.522796,0.038480,0.038480,1
117,16,0.816308,0.034040,0.034040,1
117,17,0.060183,0.101848,0.035520,1
117,18,0.853986,0.093132,0.037000,1
117,19,0.961520,0.038480,0.038480,1
117,20,0.209810,0.094531,0.034040,1
117,21,0.346369,0.094726,0.035520,1
117,22,0.132498,0.095972,0.037000,1
117,23,0.562093,0.098392,0.038480,1
117,24,0.924407,0.093633,0.034040,1
117,25,0.035520,0.243538,0.035520,1
117,26,0.418083,0.096904,0.037000,1
117,27,0.780857,0.096834,0.038480,1
117,28,0.309596,0.153908,0.034040,1
117,29,0.490688,0.101721,0.035520,1
117,30,0.963000,0.151386,0.037000,1
117,31,0.379642,0.160077,0.038480,1
117,32,0.742714,0.157016,0.034040,1
117,33,0.242688,0.154392,0.035520,1
117,34,0.963000,0.288241,0.037000,1
117,35,0.934216,0.219725,0.038480,1
117,36,0.104452,0.161328,0.034040,1
117,37,0.673705,0.158991,0.035520,1
117,38,0.893073,0.155876,0.037000,1
117,39,0.172954,0.227837,0.038480,1
117,40,0.821504,0.156543,0.034040,1
117,41,0.173733,0.154331,0.035520,1
117,42,0.277437,0.215834,0.037000,1
117,43,0.524850,0.167258,0.038480,1
117,44,0.348156,0.224755,0.034040,1
117,45,0.452893,0.161071,0.035520,1
117,46,0.782221,0.214911,0.037000,1
117,47,0.232285,0.275596,0.038480,1
117,48,0.489550,0.229254,0.034040,1
117,49,0.891607,0.280099,0.035520,1
117,50,0.418147,0.223656,0.037000,1
117,51,0.599863,0.161896,0.038480,1
117,52,0.100506,0.228485,0.034040,1
117,53,0.450704,0.286902,0.035520,1
117,54,0.855791,0.218217,0.037000,1
117,55,0.038480,0.316543,0.038480,1
117,56,0.565069,0.227577,0.034040,1
117,57,0.710956,0.218559,0.035520,1
117,58,0.308053,0.281988,0.037000,1
117,59,0.748265,0.280599,0.038480,1
117,60,0.821225,0.280008,0.034040,1
117,61,0.380771,0.286369,0.035520,1
117,62,0.638384,0.222583,0.037000,1
117,63,0.132861,0.292249,0.038480,1
117,64,0.528480,0.285014,0.034040,1
117,65,0.783245,0.344784,0.035520,1
117,66,0.191346,0.339084,0.037000,1
117,67,0.487126,0.349728,0.038480,1
117,68,0.920090,0.343014,0.034040,1
117,69,0.414300,0.348895,0.035520,1
117,70,0.673370,0.284915,0.037000,1
117,71,0.266354,0.343759,0.038480,1
117,72,0.446935,0.410270,0.034040,1
117,73,0.602457,0.286207,0.035520,1
117,74,0.341804,0.347156,0.037000,1
117,75,0.563585,0.348519,0.038480,1
117,76,0.852221,0.340492,0.034040,1
117,77,0.377528,0.410012,0.035520,1
117,78,0.821884,0.405281,0.037000,1
117,79,0.961520,0.399829,0.038480,1
117,80,0.408581,0.472162,0.034040,1
117,81,0.637432,0.349259,0.035520,1
117,82,0.037000,0.391548,0.037000,1
117,83,0.526687,0.414801,0.038480,1
117,84,0.892935,0.405060,0.034040,1
117,85,0.099032,0.357887,0.035520,1
117,86,0.479245,0.473568,0.037000,1
117,87,0.710804,0.347352,0.038480,1
117,88,0.154224,0.399332,0.034040,1
117,89,0.600932,0.412492,0.035520,1
117,90,0.750111,0.409751,0.037000,1
117,91,0.259607,0.468105,0.038480,1
117,92,0.718633,0.473688,0.034040,1
117,93,0.302309,0.407340,0.035520,1
117,94,0.632640,0.477929,0.037000,1
117,95,0.675161,0.415707,0.038480,1
117,96,0.094015,0.430397,0.034040,1
117,97,0.439962,0.534522,0.035520,1
117,98,0.788946,0.471185,0.037000,1
117,99,0.336618,0.471978,0.038480,1
117,100,0.753566,0.532220,0.034040,1
117,101,0.223533,0.404006,0.035520,1
117,102,0.367800,0.540013,0.037000,1
117,103,0.681035,0.535244,0.038480,1
117,104,0.116485,0.494565,0.034040,1
117,105,0.560920,0.479333,0.035520,1
117,106,0.963000,0.534393,0.037000,1
117,107,0.182940,0.465603,0.038480,1
117,108,0.596834,0.538471,0.034040,1
117,109,0.860714,0.466195,0.035520,1
117,110,0.218991,0.531616,0.037000,1
117,111,0.801084,0.602981,0.038480,1
117,112,0.034040,0.462232,0.034040,1
117,113,0.517473,0.535066,0.035520,1
117,114,0.933300,0.467749,0.037000,1
117,115,0.038480,0.534420,0.038480,1
117,116,0.555903,0.593042,0.034040,1
117,117,0.825673,0.533438,0.035520,1
117,118,0.294243,0.534792,0.037000,1
117,119,0.724440,0.598317,0.038480,1
117,120,0.894975,0.526893,0.034040,1
117,121,0.478687,0.594169,0.035520,1
117,122,0.637264,0.596472,0.037000,1
117,123,0.108188,0.566569,0.038480,1
117,124,0.519208,0.650591,0.034040,1
117,125,0.964480,0.606918,0.035520,1
117,126,0.178611,0.593731,0.037000,1
117,127,0.591538,0.656354,0.038480,1
117,128,0.759415,0.661642,0.034040,1
117,129,0.326176,0.599677,0.035520,1
117,130,0.678236,0.657865,0.037000,1
117,131,0.891191,0.599137,0.038480,1
117,132,0.409181,0.597087,0.034040,1
117,133,0.635315,0.716247,0.035520,1
117,134,0.253746,0.596858,0.037000,1
117,135,0.444680,0.660022,0.038480,1
117,136,0.718673,0.716273,0.034040,1
117,137,0.288912,0.660281,0.035520,1
117,138,0.492917,0.717919,0.037000,1
117,139,0.848917,0.663333,0.038480,1
117,140,0.370494,0.653211,0.034040,1
117,141,0.565043,0.725470,0.035520,1
117,142,0.037000,0.609923,0.037000,1
117,143,0.397128,0.720663,0.038480,1
117,144,0.799670,0.716568,0.034040,1
118,0,0.099766,0.034040,0.034040,1
118,1,0.313275,0.035520,0.035520,1
118,2,0.744514,0.037000,0.037000,1
118,3,0.170003,0.038480,0.038480,1
118,4,0.451797,0.034040,0.034040,1
118,5,0.673621,0.035520,0.035520,1
118,6,0.245082,0.037000,0.037000,1
118,7,0.600159,0.038480,0.038480,1
118,8,0.890291,0.034040,0.034040,1
118,9,0.383131,0.035520,0.035520,1
118,10,0.636446,0.097060,0.037000,1
118,11,0.038480,0.170584,0.038480,1
118,12,0.277572,0.094870,0.034040,1
118,13,0.708163,0.096721,0.035520,1
118,14,0.037000,0.037000,0.037000,1
118,15,0.522792,0.038480,0.038480,1
118,16,0.816306,0.034040,0.034040,1
118,17,0.060182,0.101848,0.035520,1
118,18,0.853986,0.093133,0.037000,1
118,19,0.961520,0.038480,0.038480,1
118,20,0.209809,0.094529,0.034040,1
118,21,0.346367,0.094726,0.035520,1
118,22,0.132497,0.095971,0.037000,1
118,23,0.562093,0.098395,0.038480,1
118,24,0.924407,0.093634,0.034040,1
118,25,0.035520,0.243538,0.035520,1
118,26,0.418082,0.096907,0.037000,1
118,27,0.780856,0.096834,0.038480,1
118,28,0.309594,0.153909,0.034040,1
118,29,0.490686,0.101722,0.035520,1
118,30,0.963000,0.151387,0.037000,1
118,31,0.379641,0.160077,0.038480,1
118,32,0.742712,0.157016,0.034040,1
118,33,0.242687,0.154392,0.035520,1
118,34,0.963000,0.288242,0.037000,1
118,35,0.934216,0.219726,0.038480,1
118,36,0.104451,0.161327,0.034040,1
118,37,0.673705,0.158992,0.035520,1
118,38,0.893073,0.155876,0.037000,1
118,39,0.172954,0.227836,0.038480,1
118,40,0.821504,0.156542,0.034040,1
118,41,0.173732,0.154330,0.035520,1
118,42,0.277436,0.215838,0.037000,1
118,43,0.524853,0.167254,0.038480,1
118,44,0.348157,0.224755,0.034040,1
118,45,0.452897,0.161073,0.035520,1
118,46,0.782221,0.214910,0.037000,1
118,47,0.232284,0.275599,0.038480,1
118,48,0.489559,0.229247,0.034040,1
118,49,0.891606,0.280100,0.035520,1
118,50,0.418149,0.223654,0.037000,1
118,51,0.599865,0.161897,0.038480,1
118,52,0.100505,0.228484,0.034040,1
118,53,0.450710,0.286896,0.035520,1
118,54,0.855792,0.218217,0.037000,1
118,55,0.038480,0.316543,0.038480,1
118,56,0.565067,0.227580,0.034040,1
118,57,0.710957,0.218560,0.035520,1
118,58,0.308057,0.281994,0.037000,1
118,59,0.748268,0.280599,0.038480,1
118,60,0.821228,0.280009,0.034040,1
118,61,0.380772,0.286364,0.035520,1
118,62,0.638385,0.222584,0.037000,1
118,63,0.132860,0.292249,0.038480,1
118,64,0.528478,0.285019,0.034040,1
118,65,0.783246,0.344785,0.035520,1
118,66,0.191344,0.339085,0.037000,1
118,67,0.487128,0.349728,0.038480,1
118,68,0.920090,0.343015,0.034040,1
118,69,0.414307,0.348881,0.035520,1
118,70,0.673372,0.284915,0.037000,1
118,71,0.266354,0.343763,0.038480,1
118,72,0.446921,0.410269,0.034040,1
118,73,0.602460,0.286208,0.035520,1
118,74,0.341812,0.347160,0.037000,1
118,75,0.563588,0.348522,0.038480,1
118,76,0.852221,0.340494,0.034040,1
118,77,0.377510,0.410027,0.035520,1
118,78,0.821885,0.405282,0.037000,1
118,79,0.961520,0.399830,0.038480,1
118,80,0.408576,0.472170,0.034040,1
118,81,0.637435,0.349260,0.035520,1
118,82,0.037000,0.391547,0.037000,1
118,83,0.526687,0.414800,0.038480,1
118,84,0.892935,0.405062,0.034040,1
118,85,0.099031,0.357886,0.035520,1
118,86,0.479242,0.473566,0.037000,1
118,87,0.710806,0.347352,0.038480,1
118,88,0.154222,0.399333,0.034040,1
118,89,0.600932,0.412498,0.035520,1
118,90,0.750111,0.409752,0.037000,1
118,91,0.259604,0.468106,0.038480,1
118,92,0.718633,0.473688,0.034040,1
118,93,0.302312,0.407342,0.035520,1
118,94,0.632641,0.477928,0.037000,1
118,95,0.675162,0.415705,0.038480,1
118,96,0.094013,0.430399,0.034040,1
118,97,0.439963,0.534522,0.035520,1
118,98,0.788946,0.471185,0.037000,1
118,99,0.336616,0.471981,0.038480,1
118,100,0.753567,0.532218,0.034040,1
118,101,0.223530,0.404007,0.035520,1
118,102,0.367799,0.540014,0.037000,1
118,103,0.681033,0.535245,0.038480,1
118,104,0.116483,0.494567,0.034040,1
118,105,0.560920,0.479330,0.035520,1
118,106,0.963000,0.534394,0.037000,1
118,107,0.182938,0.465604,0.038480,1
118,108,0.596835,0.538468,0.034040,1
118,109,0.860715,0.466196,0.035520,1
118,110,0.218990,0.531617,0.037000,1
118,111,0.801085,0.602982,0.038480,1
118,112,0.034040,0.462232,0.034040,1
118,113,0.517474,0.535066,0.035520,1
118,114,0.933301,0.467750,0.037000,1
118,115,0.038480,0.534420,0.038480,1
118,116,0.555908,0.593043,0.034040,1
118,117,0.825674,0.533438,0.035520,1
118,118,0.294243,0.534794,0.037000,1
118,119,0.724443,0.598313,0.038480,1
118,120,0.894975,0.526894,0.034040,1
118,121,0.478687,0.594167,0.035520,1
118,122,0.637261,0.596471,0.037000,1
118,123,0.108187,0.566571,0.038480,1
118,124,0.519212,0.650585,0.034040,1
118,125,0.964480,0.606919,0.035520,1
118,126,0.178610,0.593732,0.037000,1
118,127,0.591541,0.656359,0.038480,1
118,128,0.759413,0.661640,0.034040,1
118,129,0.326176,0.599680,0.035520,1
118,130,0.678239,0.657860,0.037000,1
118,131,0.891191,0.599138,0.038480,1
118,132,0.409181,0.597087,0.034040,1
118,133,0.635315,0.716237,0.035520,1
118,134,0.253746,0.596859,0.037000,1
118,135,0.444679,0.660021,0.038480,1
118,136,0.718671,0.716272,0.034040,1
118,137,0.288910,0.660283,0.035520,1
118,138,0.492921,0.717913,0.037000,1
118,139,0.848917,0.663334,0.038480,1
118,140,0.370495,0.653212,0.034040,1
118,141,0.565045,0.725475,0.035520,1
118,142,0.037000,0.609923,0.037000,1
118,143,0.397130,0.720664,0.038480,1
118,144,0.799668,0.716566,0.034040,1
119,0,0.099767,0.034040,0.034040,1
119,1,0.313275,0.035520,0.035520,1
119,2,0.744514,0.037000,0.037000,1
119,3,0.170004,0.038480,0.038480,1
119,4,0.451800,0.034040,0.034040,1
119,5,0.673623,0.035520,0.035520,1
119,6,0.245082,0.037000,0.037000,1
119,7,0.600160,0.038480,0.038480,1
119,8,0.890291,0.034040,0.034040,1
119,9,0.383132,0.035520,0.035520,1
119,10,0.636445,0.097059,0.037000,1
119,11,0.038480,0.170584,0.038480,1
119,12,0.277572,0.094870,0.034040,1
119,13,0.708162,0.096722,0.035520,1
119,14,0.037000,0.037000,0.037000,1
119,15,0.522795,0.038480,0.038480,1
119,16,0.816308,0.034040,0.034040,1
119,17,0.060184,0.101848,0.035520,1
119,18,0.853983,0.093134,0.037000,1
119,19,0.961520,0.038480,0.038480,1
119,20,0.209809,0.094530,0.034040,1
119,21,0.346369,0.094727,0.035520,1
119,22,0.132499,0.095971,0.037000,1
119,23,0.562093,0.098393,0.038480,1
119,24,0.924404,0.093631,0.034040,1
119,25,0.035520,0.243538,0.035520,1
119,26,0.418083,0.096905,0.037000,1
119,27,0.780853,0.096828,0.038480,1
119,28,0.309596,0.153907,0.034040,1
119,29,0.490688,0.101722,0.035520,1
119,30,0.963000,0.151381,0.037000,1
119,31,0.379643,0.160078,0.038480,1
119,32,0.742714,0.157014,0.034040,1
119,33,0.242688,0.154392,0.035520,1
119,34,0.963000,0.288241,0.037000,1
119,35,0.934221,0.219723,0.038480,1
119,36,0.104452,0.161327,0.034040,1
119,37,0.673703,0.158991,0.035520,1
119,38,0.893073,0.155876,0.037000,1
119,39,0.172954,0.227836,0.038480,1
119,40,0.821504,0.156536,0.034040,1
119,41,0.173733,0.154330,0.035520,1
119,42,0.277439,0.215834,0.037000,1
119,43,0.524850,0.167259,0.038480,1
119,44,0.348158,0.224755,0.034040,1
119,45,0.452895,0.161071,0.035520,1
119,46,0.782222,0.214908,0.037000,1
119,47,0.232285,0.275596,0.038480,1
119,48,0.489553,0.229254,0.034040,1
119,49,0.891610,0.280097,0.035520,1
119,50,0.418150,0.223657,0.037000,1
119,51,0.599863,0.161897,0.038480,1
119,52,0.100506,0.228484,0.034040,1
119,53,0.450705,0.286904,0.035520,1
119,54,0.855792,0.218217,0.037000,1
119,55,0.038480,0.316542,0.038480,1
119,56,0.565066,0.227580,0.034040,1
119,57,0.710957,0.218557,0.035520,1
119,58,0.308053,0.281989,0.037000,1
119,59,0.748265,0.280598,0.038480,1
119,60,0.821224,0.280007,0.034040,1
119,61,0.380771,0.286367,0.035520,1
119,62,0.638386,0.222583,0.037000,1
119,63,0.132860,0.292248,0.038480,1
119,64,0.528480,0.285015,0.034040,1
119,65,0.783245,0.344783,0.035520,1
119,66,0.191344,0.339083,0.037000,1
119,67,0.487127,0.349729,0.038480,1
119,68,0.920090,0.343013,0.034040,1
119,69,0.414302,0.348891,0.035520,1
119,70,0.673370,0.284915,0.037000,1
119,71,0.266353,0.343759,0.038480,1
119,72,0.446931,0.410269,0.034040,1
119,73,0.602459,0.286208,0.035520,1
119,74,0.341806,0.347156,0.037000,1
119,75,0.563585,0.348519,0.038480,1
119,76,0.852221,0.340490,0.034040,1
119,77,0.377523,0.410014,0.035520,1
119,78,0.821884,0.405280,0.037000,1
119,79,0.961520,0.399828,0.038480,1
119,80,0.408580,0.472163,0.034040,1
119,81,0.637433,0.349261,0.035520,1
119,82,0.037000,0.391547,0.037000,1
119,83,0.526688,0.414801,0.038480,1
119,84,0.892935,0.405059,0.034040,1
119,85,0.099031,0.357885,0.035520,1
119,86,0.479244,0.473566,0.037000,1
119,87,0.710804,0.347352,0.038480,1
119,88,0.154222,0.399332,0.034040,1
119,89,0.600932,0.412491,0.035520,1
119,90,0.750112,0.409751,0.037000,1
119,91,0.259605,0.468104,0.038480,1
119,92,0.718634,0.473687,0.034040,1
119,93,0.302309,0.407340,0.035520,1
119,94,0.632640,0.477929,0.037000,1
119,95,0.675160,0.415707,0.038480,1
119,96,0.094015,0.430399,0.034040,1
119,97,0.439960,0.534521,0.035520,1
119,98,0.788947,0.471184,0.037000,1
119,99,0.336616,0.471978,0.038480,1
119,100,0.753567,0.532219,0.034040,1
119,101,0.223531,0.404005,0.035520,1
119,102,0.367798,0.540013,0.037000,1
119,103,0.681035,0.535242,0.038480,1
119,104,0.116484,0.494566,0.034040,1
119,105,0.560920,0.479333,0.035520,1
119,106,0.963000,0.534392,0.037000,1
119,107,0.182939,0.465603,0.038480,1
119,108,0.596833,0.538472,0.034040,1
119,109,0.860715,0.466194,0.035520,1
119,110,0.218990,0.531615,0.037000,1
119,111,0.801083,0.602981,0.038480,1
119,112,0.034040,0.462232,0.034040,1
119,113,0.517471,0.535065,0.035520,1
119,114,0.933301,0.467747,0.037000,1
119,115,0.038480,0.534419,0.038480,1
119,116,0.555901,0.593043,0.034040,1
119,117,0.825674,0.533438,0.035520,1
119,118,0.294242,0.534792,0.037000,1
119,119,0.724439,0.598316,0.038480,1
119,120,0.894976,0.526891,0.034040,1
119,121,0.478685,0.594167,0.035520,1
119,122,0.637265,0.596470,0.037000,1
119,123,0.108187,0.566570,0.038480,1
119,124,0.519210,0.650586,0.034040,1
119,125,0.964480,0.606917,0.035520,1
119,126,0.178611,0.593731,0.037000,1
119,127,0.591539,0.656353,0.038480,1
119,128,0.759412,0.661641,0.034040,1
119,129,0.326175,0.599678,0.035520,1
119,130,0.678236,0.657864,0.037000,1
119,131,0.891192,0.599135,0.038480,1
119,132,0.409178,0.597088,0.034040,1
119,133,0.635317,0.716247,0.035520,1
119,134,0.253745,0.596857,0.037000,1
119,135,0.444679,0.660022,0.038480,1
119,136,0.718672,0.716273,0.034040,1
119,137,0.288910,0.660281,0.035520,1
119,138,0.492919,0.717916,0.037000,1
119,139,0.848918,0.663331,0.038480,1
119,140,0.370492,0.653212,0.034040,1
119,141,0.565045,0.725469,0.035520,1
119,142,0.037000,0.609923,0.037000,1
119,143,0.397127,0.720663,0.038480,1
119,144,0.799671,0.716565,0.034040,1
120,0,0.099766,0.034040,0.034040,1
120,1,0.313279,0.035520,0.035520,1
120,2,0.744512,0.037000,0.037000,1
120,3,0.170002,0.038480,0.038480,1
120,4,0.451799,0.034040,0.034040,1
120,5,0.673620,0.035520,0.035520,1
120,6,0.245082,0.037000,0.037000,1
120,7,0.600158,0.038480,0.038480,1
120,8,0.890290,0.034040,0.034040,1
120,9,0.383134,0.035520,0.035520,1
120,10,0.636443,0.097060,0.037000,1
120,11,0.038480,0.170584,0.038480,1
120,12,0.277580,0.094872,0.034040,1
120,13,0.708160,0.096723,0.035520,1
120,14,0.037000,0.037000,0.037000,1
120,15,0.522794,0.038480,0.038480,1
120,16,0.816307,0.034040,0.034040,1
120,17,0.060183,0.101848,0.035520,1
120,18,0.853982,0.093136,0.037000,1
120,19,0.961520,0.038480,0.038480,1
120,20,0.209813,0.094529,0.034040,1
120,21,0.346373,0.094719,0.035520,1
120,22,0.132497,0.095971,0.037000,1
120,23,0.562093,0.098395,0.038480,1
120,24,0.924402,0.093631,0.034040,1
120,25,0.035520,0.243538,0.035520,1
120,26,0.418084,0.096903,0.037000,1
120,27,0.780852,0.096830,0.038480,1
120,28,0.309593,0.153916,0.034040,1
120,29,0.490688,0.101725,0.035520,1
120,30,0.963000,0.151380,0.037000,1
120,31,0.379639,0.160075,0.038480,1
120,32,0.742712,0.157015,0.034040,1
120,33,0.242688,0.154392,0.035520,1
120,34,0.963000,0.288243,0.037000,1
120,35,0.934224,0.219723,0.038480,1
120,36,0.104452,0.161327,0.034040,1
120,37,0.673704,0.158991,0.035520,1
120,38,0.893074,0.155877,0.037000,1
120,39,0.172952,0.227835,0.038480,1
120,40,0.821504,0.156537,0.034040,1
120,41,0.173733,0.154329,0.035520,1
120,42,0.277430,0.215840,0.037000,1
120,43,0.524852,0.167258,0.038480,1
120,44,0.348152,0.224754,0.034040,1
120,45,0.452895,0.161073,0.035520,1
120,46,0.782221,0.214908,0.037000,1
120,47,0.232279,0.275600,0.038480,1
120,48,0.489557,0.229246,0.034040,1
120,49,0.891612,0.280097,0.035520,1
120,50,0.418145,0.223653,0.037000,1
120,51,0.599864,0.161898,0.038480,1
120,52,0.100503,0.228483,0.034040,1
120,53,0.450708,0.286895,0.035520,1
120,54,0.855791,0.218217,0.037000,1
120,55,0.038480,0.316542,0.038480,1
120,56,0.565069,0.227581,0.034040,1
120,57,0.710957,0.218558,0.035520,1
120,58,0.308055,0.281994,0.037000,1
120,59,0.748267,0.280599,0.038480,1
120,60,0.821226,0.280008,0.034040,1
120,61,0.380771,0.286362,0.035520,1
120,62,0.638386,0.222583,0.037000,1
120,63,0.132859,0.292248,0.038480,1
120,64,0.528476,0.285017,0.034040,1
120,65,0.783245,0.344785,0.035520,1
120,66,0.191342,0.339086,0.037000,1
120,67,0.487129,0.349726,0.038480,1
120,68,0.920090,0.343014,0.034040,1
120,69,0.414308,0.348878,0.035520,1
120,70,0.673374,0.284913,0.037000,1
120,71,0.266352,0.343763,0.038480,1
120,72,0.446922,0.410267,0.034040,1
120,73,0.602462,0.286208,0.035520,1
120,74,0.341813,0.347160,0.037000,1
120,75,0.563588,0.348520,0.038480,1
120,76,0.852221,0.340492,0.034040,1
120,77,0.377511,0.410027,0.035520,1
120,78,0.821884,0.405282,0.037000,1
120,79,0.961520,0.399829,0.038480,1
120,80,0.408575,0.472168,0.034040,1
120,81,0.637435,0.349258,0.035520,1
120,82,0.037000,0.391547,0.037000,1
120,83,0.526688,0.414799,0.038480,1
120,84,0.892935,0.405061,0.034040,1
120,85,0.099031,0.357885,0.035520,1
120,86,0.479242,0.473566,0.037000,1
120,87,0.710806,0.347352,0.038480,1
120,88,0.154220,0.399334,0.034040,1
120,89,0.600933,0.412494,0.035520,1
120,90,0.750111,0.409753,0.037000,1
120,91,0.259605,0.468104,0.038480,1
120,92,0.718633,0.473689,0.034040,1
120,93,0.302311,0.407340,0.035520,1
120,94,0.632641,0.477929,0.037000,1
120,95,0.675162,0.415707,0.038480,1
120,96,0.094011,0.430400,0.034040,1
120,97,0.439962,0.534521,0.035520,1
120,98,0.788946,0.471185,0.037000,1
120,99,0.336616,0.471978,0.038480,1
120,100,0.753567,0.532219,0.034040,1
120,101,0.223530,0.404006,0.035520,1
120,102,0.367799,0.540012,0.037000,1
120,103,0.681034,0.535246,0.038480,1
120,104,0.116484,0.494567,0.034040,1
120,105,0.560921,0.479330,0.035520,1
120,106,0.963000,0.534393,0.037000,1
120,107,0.182939,0.465604,0.038480,1
120,108,0.596833,0.538470,0.034040,1
120,109,0.860715,0.466195,0.035520,1
120,110,0.218990,0.531616,0.037000,1
120,111,0.801085,0.602982,0.038480,1
120,112,0.034040,0.462232,0.034040,1
120,113,0.517475,0.535066,0.035520,1
120,114,0.933301,0.467748,0.037000,1
120,115,0.038480,0.534419,0.038480,1
120,116,0.555906,0.593045,0.034040,1
120,117,0.825674,0.533439,0.035520,1
120,118,0.294243,0.534792,0.037000,1
120,119,0.724443,0.598315,0.038480,1
120,120,0.894975,0.526893,0.034040,1
120,121,0.478686,0.594166,0.035520,1
120,122,0.637261,0.596472,0.037000,1
120,123,0.108187,0.566570,0.038480,1
120,124,0.519213,0.650583,0.034040,1
120,125,0.964480,0.606917,0.035520,1
120,126,0.178611,0.593731,0.037000,1
120,127,0.591541,0.656360,0.038480,1
120,128,0.759413,0.661642,0.034040,1
120,129,0.326176,0.599678,0.035520,1
120,130,0.678239,0.657861,0.037000,1
120,131,0.891191,0.599137,0.038480,1
120,132,0.409180,0.597085,0.034040,1
120,133,0.635313,0.716238,0.035520,1
120,134,0.253746,0.596858,0.037000,1
120,135,0.444678,0.660020,0.038480,1
120,136,0.718670,0.716273,0.034040,1
120,137,0.288911,0.660281,0.035520,1
120,138,0.492920,0.717912,0.037000,1
120,139,0.848919,0.663334,0.038480,1
120,140,0.370494,0.653211,0.034040,1
120,141,0.565044,0.725476,0.035520,1
120,142,0.037000,0.609923,0.037000,1
120,143,0.397128,0.720663,0.038480,1
120,144,0.799670,0.716566,0.034040,1
