frame,particle_id,x,y,radius,left,right,bottom,top
0,0,0.090000,0.100003,0.035000,0.000000,1.000000,0.000000,1.000000
0,1,0.182003,0.100001,0.035000,0.000000,1.000000,0.000000,1.000000
0,2,0.273999,0.099997,0.035000,0.000000,1.000000,0.000000,1.000000
0,3,0.365997,0.099998,0.035000,0.000000,1.000000,0.000000,1.000000
0,4,0.458002,0.100002,0.035000,0.000000,1.000000,0.000000,1.000000
0,5,0.550003,0.100003,0.035000,0.000000,1.000000,0.000000,1.000000
0,6,0.641997,0.099999,0.035000,0.000000,1.000000,0.000000,1.000000
0,7,0.733998,0.099997,0.035000,0.000000,1.000000,0.000000,1.000000
0,8,0.826003,0.100000,0.035000,0.000000,1.000000,0.000000,1.000000
0,9,0.918001,0.100003,0.035000,0.000000,1.000000,0.000000,1.000000
0,10,0.107997,0.195001,0.035000,0.000000,1.000000,0.000000,1.000000
0,11,0.200000,0.194997,0.035000,0.000000,1.000000,0.000000,1.000000
0,12,0.292003,0.194997,0.035000,0.000000,1.000000,0.000000,1.000000
0,13,0.383999,0.195002,0.035000,0.000000,1.000000,0.000000,1.000000
0,14,0.475997,0.195003,0.035000,0.000000,1.000000,0.000000,1.000000
0,15,0.568002,0.195000,0.035000,0.000000,1.000000,0.000000,1.000000
0,16,0.660003,0.194997,0.035000,0.000000,1.000000,0.000000,1.000000
0,17,0.751998,0.194999,0.035000,0.000000,1.000000,0.000000,1.000000
0,18,0.843998,0.195003,0.035000,0.000000,1.000000,0.000000,1.000000
0,19,0.936003,0.195002,0.035000,0.000000,1.000000,0.000000,1.000000
0,20,0.090001,0.289998,0.035000,0.000000,1.000000,0.000000,1.000000
0,21,0.181997,0.289997,0.035000,0.000000,1.000000,0.000000,1.000000
0,22,0.274000,0.290001,0.035000,0.000000,1.000000,0.000000,1.000000
0,23,0.366003,0.290003,0.035000,0.000000,1.000000,0.000000,1.000000
0,24,0.457999,0.290000,0.035000,0.000000,1.000000,0.000000,1.000000
0,25,0.549997,0.289997,0.035000,0.000000,1.000000,0.000000,1.000000
0,26,0.642002,0.289998,0.035000,0.000000,1.000000,0.000000,1.000000
0,27,0.734003,0.290003,0.035000,0.000000,1.000000,0.000000,1.000000
0,28,0.825998,0.290003,0.035000,0.000000,1.000000,0.000000,1.000000
0,29,0.917998,0.289998,0.035000,0.000000,1.000000,0.000000,1.000000
0,30,0.108003,0.384997,0.035000,0.000000,1.000000,0.000000,1.000000
0,31,0.200001,0.385000,0.035000,0.000000,1.000000,0.000000,1.000000
0,32,0.291997,0.385003,0.035000,0.000000,1.000000,0.000000,1.000000
0,33,0.384000,0.385001,0.035000,0.000000,1.000000,0.000000,1.000000
0,34,0.476003,0.384997,0.035000,0.000000,1.000000,0.000000,1.000000
0,35,0.567999,0.384998,0.035000,0.000000,1.000000,0.000000,1.000000
0,36,0.659997,0.385002,0.035000,0.000000,1.000000,0.000000,1.000000
0,37,0.752001,0.385003,0.035000,0.000000,1.000000,0.000000,1.000000
0,38,0.844003,0.384999,0.035000,0.000000,1.000000,0.000000,1.000000
0,39,0.935998,0.384997,0.035000,0.000000,1.000000,0.000000,1.000000
0,40,0.089998,0.479999,0.035000,0.000000,1.000000,0.000000,1.000000
0,41,0.182003,0.480003,0.035000,0.000000,1.000000,0.000000,1.000000
0,42,0.274001,0.480002,0.035000,0.000000,1.000000,0.000000,1.000000
0,43,0.365997,0.479998,0.035000,0.000000,1.000000,0.000000,1.000000
0,44,0.457999,0.479997,0.035000,0.000000,1.000000,0.000000,1.000000
0,45,0.550003,0.480001,0.035000,0.000000,1.000000,0.000000,1.000000
0,46,0.642000,0.480003,0.035000,0.000000,1.000000,0.000000,1.000000
0,47,0.733997,0.480000,0.035000,0.000000,1.000000,0.000000,1.000000
0,48,0.826001,0.479997,0.035000,0.000000,1.000000,0.000000,1.000000
0,49,0.918003,0.479999,0.035000,0.000000,1.000000,0.000000,1.000000
0,50,0.107998,0.575003,0.035000,0.000000,1.000000,0.000000,1.000000
0,51,0.199998,0.575002,0.035000,0.000000,1.000000,0.000000,1.000000
0,52,0.292003,0.574998,0.035000,0.000000,1.000000,0.000000,1.000000
0,53,0.384002,0.574997,0.035000,0.000000,1.000000,0.000000,1.000000
0,54,0.475997,0.575001,0.035000,0.000000,1.000000,0.000000,1.000000
0,55,0.567999,0.575003,0.035000,0.000000,1.000000,0.000000,1.000000
0,56,0.660003,0.575001,0.035000,0.000000,1.000000,0.000000,1.000000
0,57,0.752000,0.574997,0.035000,0.000000,1.000000,0.000000,1.000000
0,58,0.843997,0.574998,0.035000,0.000000,1.000000,0.000000,1.000000
0,59,0.936001,0.575002,0.035000,0.000000,1.000000,0.000000,1.000000
0,60,0.090003,0.670003,0.035000,0.000000,1.000000,0.000000,1.000000
0,61,0.181998,0.669999,0.035000,0.000000,1.000000,0.000000,1.000000
0,62,0.273998,0.669997,0.035000,0.000000,1.000000,0.000000,1.000000
0,63,0.366003,0.670000,0.035000,0.000000,1.000000,0.000000,1.000000
0,64,0.458002,0.670003,0.035000,0.000000,1.000000,0.000000,1.000000
0,65,0.549997,0.670002,0.035000,0.000000,1.000000,0.000000,1.000000
0,66,0.641999,0.669997,0.035000,0.000000,1.000000,0.000000,1.000000
0,67,0.734003,0.669997,0.035000,0.000000,1.000000,0.000000,1.000000
0,68,0.826000,0.670002,0.035000,0.000000,1.000000,0.000000,1.000000
0,69,0.917997,0.670003,0.035000,0.000000,1.000000,0.000000,1.000000
0,70,0.108001,0.765000,0.035000,0.000000,1.000000,0.000000,1.000000
0,71,0.200003,0.764997,0.035000,0.000000,1.000000,0.000000,1.000000
0,72,0.291998,0.764999,0.035000,0.000000,1.000000,0.000000,1.000000
0,73,0.383997,0.765003,0.035000,0.000000,1.000000,0.000000,1.000000
0,74,0.476003,0.765002,0.035000,0.000000,1.000000,0.000000,1.000000
0,75,0.568002,0.764998,0.035000,0.000000,1.000000,0.000000,1.000000
0,76,0.659997,0.764997,0.035000,0.000000,1.000000,0.000000,1.000000
0,77,0.751999,0.765001,0.035000,0.000000,1.000000,0.000000,1.000000
0,78,0.844003,0.765003,0.035000,0.000000,1.000000,0.000000,1.000000
0,79,0.936000,0.765001,0.035000,0.000000,1.000000,0.000000,1.000000
0,80,0.089997,0.859997,0.035000,0.000000,1.000000,0.000000,1.000000
0,81,0.182001,0.859998,0.035000,0.000000,1.000000,0.000000,1.000000
0,82,0.274003,0.860002,0.035000,0.000000,1.000000,0.000000,1.000000
0,83,0.365998,0.860003,0.035000,0.000000,1.000000,0.000000,1.000000
0,84,0.457997,0.859999,0.035000,0.000000,1.000000,0.000000,1.000000
0,85,0.550003,0.859997,0.035000,0.000000,1.000000,0.000000,1.000000
0,86,0.642002,0.860000,0.035000,0.000000,1.000000,0.000000,1.000000
0,87,0.733997,0.860003,0.035000,0.000000,1.000000,0.000000,1.000000
0,88,0.825999,0.860001,0.035000,0.000000,1.000000,0.000000,1.000000
0,89,0.918003,0.859997,0.035000,0.000000,1.000000,0.000000,1.000000
1,0,0.090090,0.100731,0.035000,0.000000,1.000000,0.000000,1.000000
1,1,0.182717,0.100033,0.035000,0.000000,1.000000,0.000000,1.000000
1,2,0.273711,0.099282,0.035000,0.000000,1.000000,0.000000,1.000000
1,3,0.365363,0.099680,0.035000,0.000000,1.000000,0.000000,1.000000
1,4,0.458466,0.100590,0.035000,0.000000,1.000000,0.000000,1.000000
1,5,0.550507,0.100555,0.035000,0.000000,1.000000,0.000000,1.000000
1,6,0.641393,0.099631,0.035000,0.000000,1.000000,0.000000,1.000000
1,7,0.733661,0.099298,0.035000,0.000000,1.000000,0.000000,1.000000
1,8,0.826701,0.100089,0.035000,0.000000,1.000000,0.000000,1.000000
1,9,0.918145,0.100738,0.035000,0.000000,1.000000,0.000000,1.000000
1,10,0.107259,0.195206,0.035000,0.000000,1.000000,0.000000,1.000000
1,11,0.200061,0.194344,0.035000,0.000000,1.000000,0.000000,1.000000
1,12,0.292724,0.194533,0.035000,0.000000,1.000000,0.000000,1.000000
1,13,0.383738,0.195469,0.035000,0.000000,1.000000,0.000000,1.000000
1,14,0.475349,0.195654,0.035000,0.000000,1.000000,0.000000,1.000000
1,15,0.568442,0.194792,0.035000,0.000000,1.000000,0.000000,1.000000
1,16,0.660528,0.194263,0.035000,0.000000,1.000000,0.000000,1.000000
1,17,0.751411,0.194914,0.035000,0.000000,1.000000,0.000000,1.000000
1,18,0.843635,0.195703,0.035000,0.000000,1.000000,0.000000,1.000000
1,19,0.936690,0.195366,0.035000,0.000000,1.000000,0.000000,1.000000
1,20,0.090173,0.289443,0.035000,0.000000,1.000000,0.000000,1.000000
1,21,0.181262,0.289411,0.035000,0.000000,1.000000,0.000000,1.000000
1,22,0.274032,0.290322,0.035000,0.000000,1.000000,0.000000,1.000000
1,23,0.366730,0.290717,0.035000,0.000000,1.000000,0.000000,1.000000
1,24,0.457766,0.289964,0.035000,0.000000,1.000000,0.000000,1.000000
1,25,0.549335,0.289269,0.035000,0.000000,1.000000,0.000000,1.000000
1,26,0.642419,0.289744,0.035000,0.000000,1.000000,0.000000,1.000000
1,27,0.734549,0.290629,0.035000,0.000000,1.000000,0.000000,1.000000
1,28,0.825429,0.290507,0.035000,0.000000,1.000000,0.000000,1.000000
1,29,0.917610,0.289573,0.035000,0.000000,1.000000,0.000000,1.000000
1,30,0.108679,0.384323,0.035000,0.000000,1.000000,0.000000,1.000000
1,31,0.200202,0.385157,0.035000,0.000000,1.000000,0.000000,1.000000
1,32,0.291265,0.385740,0.035000,0.000000,1.000000,0.000000,1.000000
1,33,0.384002,0.385138,0.035000,0.000000,1.000000,0.000000,1.000000
1,34,0.476734,0.384315,0.035000,0.000000,1.000000,0.000000,1.000000
1,35,0.567794,0.384589,0.035000,0.000000,1.000000,0.000000,1.000000
1,36,0.659323,0.385521,0.035000,0.000000,1.000000,0.000000,1.000000
1,37,0.752394,0.385619,0.035000,0.000000,1.000000,0.000000,1.000000
1,38,0.844568,0.384726,0.035000,0.000000,1.000000,0.000000,1.000000
1,39,0.935448,0.384272,0.035000,0.000000,1.000000,0.000000,1.000000
1,40,0.089585,0.479983,0.035000,0.000000,1.000000,0.000000,1.000000
1,41,0.182667,0.480722,0.035000,0.000000,1.000000,0.000000,1.000000
1,42,0.274230,0.480304,0.035000,0.000000,1.000000,0.000000,1.000000
1,43,0.365269,0.479400,0.035000,0.000000,1.000000,0.000000,1.000000
1,44,0.457973,0.479456,0.035000,0.000000,1.000000,0.000000,1.000000
1,45,0.550738,0.480383,0.035000,0.000000,1.000000,0.000000,1.000000
1,46,0.641822,0.480697,0.035000,0.000000,1.000000,0.000000,1.000000
1,47,0.733311,0.479895,0.035000,0.000000,1.000000,0.000000,1.000000
1,48,0.826369,0.479261,0.035000,0.000000,1.000000,0.000000,1.000000
1,49,0.918586,0.479811,0.035000,0.000000,1.000000,0.000000,1.000000
1,50,0.107468,0.575663,0.035000,0.000000,1.000000,0.000000,1.000000
1,51,0.199561,0.575454,0.035000,0.000000,1.000000,0.000000,1.000000
1,52,0.292653,0.574518,0.035000,0.000000,1.000000,0.000000,1.000000
1,53,0.384257,0.574354,0.035000,0.000000,1.000000,0.000000,1.000000
1,54,0.475275,0.575224,0.035000,0.000000,1.000000,0.000000,1.000000
1,55,0.567944,0.575736,0.035000,0.000000,1.000000,0.000000,1.000000
1,56,0.660740,0.575069,0.035000,0.000000,1.000000,0.000000,1.000000
1,57,0.751851,0.574292,0.035000,0.000000,1.000000,0.000000,1.000000
1,58,0.843301,0.574648,0.035000,0.000000,1.000000,0.000000,1.000000
1,59,0.936343,0.575568,0.035000,0.000000,1.000000,0.000000,1.000000
1,60,0.090604,0.670578,0.035000,0.000000,1.000000,0.000000,1.000000
1,61,0.181489,0.669663,0.035000,0.000000,1.000000,0.000000,1.000000
1,62,0.273538,0.669287,0.035000,0.000000,1.000000,0.000000,1.000000
1,63,0.366639,0.670053,0.035000,0.000000,1.000000,0.000000,1.000000
1,64,0.458285,0.670734,0.035000,0.000000,1.000000,0.000000,1.000000
1,65,0.549282,0.670240,0.035000,0.000000,1.000000,0.000000,1.000000
1,66,0.641914,0.669362,0.035000,0.000000,1.000000,0.000000,1.000000
1,67,0.734742,0.669506,0.035000,0.000000,1.000000,0.000000,1.000000
1,68,0.825880,0.670441,0.035000,0.000000,1.000000,0.000000,1.000000
1,69,0.917292,0.670670,0.035000,0.000000,1.000000,0.000000,1.000000
1,70,0.108317,0.764826,0.035000,0.000000,1.000000,0.000000,1.000000
1,71,0.200620,0.764261,0.035000,0.000000,1.000000,0.000000,1.000000
1,72,0.291511,0.764879,0.035000,0.000000,1.000000,0.000000,1.000000
1,73,0.383515,0.765691,0.035000,0.000000,1.000000,0.000000,1.000000
1,74,0.476624,0.765397,0.035000,0.000000,1.000000,0.000000,1.000000
1,75,0.568312,0.764467,0.035000,0.000000,1.000000,0.000000,1.000000
1,76,0.659290,0.764391,0.035000,0.000000,1.000000,0.000000,1.000000
1,77,0.751885,0.765290,0.035000,0.000000,1.000000,0.000000,1.000000
1,78,0.844742,0.765725,0.035000,0.000000,1.000000,0.000000,1.000000
1,79,0.935909,0.765000,0.035000,0.000000,1.000000,0.000000,1.000000
1,80,0.089283,0.859275,0.035000,0.000000,1.000000,0.000000,1.000000
1,81,0.182290,0.859711,0.035000,0.000000,1.000000,0.000000,1.000000
1,82,0.274636,0.860610,0.035000,0.000000,1.000000,0.000000,1.000000
1,83,0.365533,0.860532,0.035000,0.000000,1.000000,0.000000,1.000000
1,84,0.457493,0.859602,0.035000,0.000000,1.000000,0.000000,1.000000
1,85,0.550607,0.859309,0.035000,0.000000,1.000000,0.000000,1.000000
1,86,0.642338,0.860122,0.035000,0.000000,1.000000,0.000000,1.000000
1,87,0.733299,0.860740,0.035000,0.000000,1.000000,0.000000,1.000000
1,88,0.825856,0.860173,0.035000,0.000000,1.000000,0.000000,1.000000
1,89,0.918741,0.859329,0.035000,0.000000,1.000000,0.000000,1.000000
2,0,0.090633,0.102445,0.035000,0.000000,1.000000,0.000000,1.000000
2,1,0.184406,0.099709,0.035000,0.000000,1.000000,0.000000,1.000000
2,2,0.272699,0.097439,0.035000,0.000000,1.000000,0.000000,1.000000
2,3,0.363955,0.099270,0.035000,0.000000,1.000000,0.000000,1.000000
2,4,0.459868,0.102269,0.035000,0.000000,1.000000,0.000000,1.000000
2,5,0.551527,0.101636,0.035000,0.000000,1.000000,0.000000,1.000000
2,6,0.639708,0.098383,0.035000,0.000000,1.000000,0.000000,1.000000
2,7,0.733109,0.097719,0.035000,0.000000,1.000000,0.000000,1.000000
2,8,0.828539,0.100707,0.035000,0.000000,1.000000,0.000000,1.000000
2,9,0.918186,0.102563,0.035000,0.000000,1.000000,0.000000,1.000000
2,10,0.105409,0.195315,0.035000,0.000000,1.000000,0.000000,1.000000
2,11,0.200533,0.192563,0.035000,0.000000,1.000000,0.000000,1.000000
2,12,0.294443,0.193713,0.035000,0.000000,1.000000,0.000000,1.000000
2,13,0.382789,0.196924,0.035000,0.000000,1.000000,0.000000,1.000000
2,14,0.473893,0.197055,0.035000,0.000000,1.000000,0.000000,1.000000
2,15,0.569795,0.193896,0.035000,0.000000,1.000000,0.000000,1.000000
2,16,0.661609,0.192505,0.035000,0.000000,1.000000,0.000000,1.000000
2,17,0.749758,0.195109,0.035000,0.000000,1.000000,0.000000,1.000000
2,18,0.843014,0.197538,0.035000,0.000000,1.000000,0.000000,1.000000
2,19,0.938516,0.195904,0.035000,0.000000,1.000000,0.000000,1.000000
2,20,0.090288,0.287822,0.035000,0.000000,1.000000,0.000000,1.000000
2,21,0.179404,0.288227,0.035000,0.000000,1.000000,0.000000,1.000000
2,22,0.274432,0.291471,0.035000,0.000000,1.000000,0.000000,1.000000
2,23,0.368476,0.292359,0.035000,0.000000,1.000000,0.000000,1.000000
2,24,0.456881,0.289470,0.035000,0.000000,1.000000,0.000000,1.000000
2,25,0.547835,0.287429,0.035000,0.000000,1.000000,0.000000,1.000000
2,26,0.643720,0.289504,0.035000,0.000000,1.000000,0.000000,1.000000
2,27,0.735688,0.292373,0.035000,0.000000,1.000000,0.000000,1.000000
2,28,0.823812,0.291442,0.035000,0.000000,1.000000,0.000000,1.000000
2,29,0.916919,0.288202,0.035000,0.000000,1.000000,0.000000,1.000000
2,30,0.110488,0.382841,0.035000,0.000000,1.000000,0.000000,1.000000
2,31,0.200390,0.385936,0.035000,0.000000,1.000000,0.000000,1.000000
2,32,0.289404,0.387533,0.035000,0.000000,1.000000,0.000000,1.000000
2,33,0.384330,0.385074,0.035000,0.000000,1.000000,0.000000,1.000000
2,34,0.478505,0.382497,0.035000,0.000000,1.000000,0.000000,1.000000
2,35,0.566975,0.383927,0.035000,0.000000,1.000000,0.000000,1.000000
2,36,0.657780,0.387075,0.035000,0.000000,1.000000,0.000000,1.000000
2,37,0.753642,0.386900,0.035000,0.000000,1.000000,0.000000,1.000000
2,38,0.845765,0.383683,0.035000,0.000000,1.000000,0.000000,1.000000
2,39,0.933869,0.382574,0.035000,0.000000,1.000000,0.000000,1.000000
2,40,0.088827,0.480350,0.035000,0.000000,1.000000,0.000000,1.000000
2,41,0.184457,0.482565,0.035000,0.000000,1.000000,0.000000,1.000000
2,42,0.274491,0.480674,0.035000,0.000000,1.000000,0.000000,1.000000
2,43,0.363407,0.477703,0.035000,0.000000,1.000000,0.000000,1.000000
2,44,0.458228,0.478410,0.035000,0.000000,1.000000,0.000000,1.000000
2,45,0.552530,0.481662,0.035000,0.000000,1.000000,0.000000,1.000000
2,46,0.641070,0.482253,0.035000,0.000000,1.000000,0.000000,1.000000
2,47,0.731728,0.479236,0.035000,0.000000,1.000000,0.000000,1.000000
2,48,0.827561,0.477442,0.035000,0.000000,1.000000,0.000000,1.000000
2,49,0.919839,0.479743,0.035000,0.000000,1.000000,0.000000,1.000000
2,50,0.105929,0.577455,0.035000,0.000000,1.000000,0.000000,1.000000
2,51,0.198736,0.576236,0.035000,0.000000,1.000000,0.000000,1.000000
2,52,0.294422,0.573038,0.035000,0.000000,1.000000,0.000000,1.000000
2,53,0.384592,0.572981,0.035000,0.000000,1.000000,0.000000,1.000000
2,54,0.473414,0.576157,0.035000,0.000000,1.000000,0.000000,1.000000
2,55,0.568126,0.577480,0.035000,0.000000,1.000000,0.000000,1.000000
2,56,0.662551,0.574832,0.035000,0.000000,1.000000,0.000000,1.000000
2,57,0.751166,0.572453,0.035000,0.000000,1.000000,0.000000,1.000000
2,58,0.841680,0.574152,0.035000,0.000000,1.000000,0.000000,1.000000
2,59,0.937477,0.577209,0.035000,0.000000,1.000000,0.000000,1.000000
2,60,0.091910,0.671729,0.035000,0.000000,1.000000,0.000000,1.000000
2,61,0.179993,0.668481,0.035000,0.000000,1.000000,0.000000,1.000000
2,62,0.272647,0.667665,0.035000,0.000000,1.000000,0.000000,1.000000
2,63,0.368383,0.670587,0.035000,0.000000,1.000000,0.000000,1.000000
2,64,0.458691,0.672570,0.035000,0.000000,1.000000,0.000000,1.000000
2,65,0.547425,0.670438,0.035000,0.000000,1.000000,0.000000,1.000000
2,66,0.642023,0.667605,0.035000,0.000000,1.000000,0.000000,1.000000
2,67,0.736568,0.668607,0.035000,0.000000,1.000000,0.000000,1.000000
2,68,0.825264,0.671839,0.035000,0.000000,1.000000,0.000000,1.000000
2,69,0.915636,0.672127,0.035000,0.000000,1.000000,0.000000,1.000000
2,70,0.109392,0.764009,0.035000,0.000000,1.000000,0.000000,1.000000
2,71,0.201978,0.762478,0.035000,0.000000,1.000000,0.000000,1.000000
2,72,0.290059,0.764985,0.035000,0.000000,1.000000,0.000000,1.000000
2,73,0.382561,0.767516,0.035000,0.000000,1.000000,0.000000,1.000000
2,74,0.478340,0.766019,0.035000,0.000000,1.000000,0.000000,1.000000
2,75,0.568790,0.762890,0.035000,0.000000,1.000000,0.000000,1.000000
2,76,0.657441,0.763140,0.035000,0.000000,1.000000,0.000000,1.000000
2,77,0.751920,0.766367,0.035000,0.000000,1.000000,0.000000,1.000000
2,78,0.846581,0.767406,0.035000,0.000000,1.000000,0.000000,1.000000
2,79,0.935363,0.764592,0.035000,0.000000,1.000000,0.000000,1.000000
2,80,0.087595,0.857432,0.035000,0.000000,1.000000,0.000000,1.000000
2,81,0.183304,0.859383,0.035000,0.000000,1.000000,0.000000,1.000000
2,82,0.276043,0.862322,0.035000,0.000000,1.000000,0.000000,1.000000
2,83,0.364129,0.861543,0.035000,0.000000,1.000000,0.000000,1.000000
2,84,0.456476,0.858293,0.035000,0.000000,1.000000,0.000000,1.000000
2,85,0.552294,0.857776,0.035000,0.000000,1.000000,0.000000,1.000000
2,86,0.642887,0.860820,0.035000,0.000000,1.000000,0.000000,1.000000
2,87,0.731460,0.862551,0.035000,0.000000,1.000000,0.000000,1.000000
2,88,0.825818,0.860198,0.035000,0.000000,1.000000,0.000000,1.000000
2,89,0.920590,0.857528,0.035000,0.000000,1.000000,0.000000,1.000000
3,0,0.091939,0.104626,0.035000,0.000000,1.000000,0.000000,1.000000
3,1,0.186638,0.098589,0.035000,0.000000,1.000000,0.000000,1.000000
3,2,0.270774,0.094811,0.035000,0.000000,1.000000,0.000000,1.000000
3,3,0.362257,0.099341,0.035000,0.000000,1.000000,0.000000,1.000000
3,4,0.462265,0.104926,0.035000,0.000000,1.000000,0.000000,1.000000
3,5,0.552559,0.102624,0.035000,0.000000,1.000000,0.000000,1.000000
3,6,0.637025,0.096121,0.035000,0.000000,1.000000,0.000000,1.000000
3,7,0.732822,0.095829,0.035000,0.000000,1.000000,0.000000,1.000000
3,8,0.831302,0.102215,0.035000,0.000000,1.000000,0.000000,1.000000
3,9,0.917707,0.105055,0.035000,0.000000,1.000000,0.000000,1.000000
3,10,0.102779,0.194801,0.035000,0.000000,1.000000,0.000000,1.000000
3,11,0.201742,0.189866,0.035000,0.000000,1.000000,0.000000,1.000000
3,12,0.296737,0.193151,0.035000,0.000000,1.000000,0.000000,1.000000
3,13,0.380943,0.199397,0.035000,0.000000,1.000000,0.000000,1.000000
3,14,0.472111,0.198603,0.035000,0.000000,1.000000,0.000000,1.000000
3,15,0.572136,0.192041,0.035000,0.000000,1.000000,0.000000,1.000000
3,16,0.662741,0.190216,0.035000,0.000000,1.000000,0.000000,1.000000
3,17,0.747103,0.196051,0.035000,0.000000,1.000000,0.000000,1.000000
3,18,0.842617,0.200203,0.035000,0.000000,1.000000,0.000000,1.000000
3,19,0.941280,0.196024,0.035000,0.000000,1.000000,0.000000,1.000000
3,20,0.089917,0.285206,0.035000,0.000000,1.000000,0.000000,1.000000
3,21,0.176743,0.287063,0.035000,0.000000,1.000000,0.000000,1.000000
3,22,0.275542,0.293623,0.035000,0.000000,1.000000,0.000000,1.000000
3,23,0.370829,0.294382,0.035000,0.000000,1.000000,0.000000,1.000000
3,24,0.455118,0.288125,0.035000,0.000000,1.000000,0.000000,1.000000
3,25,0.545970,0.284870,0.035000,0.000000,1.000000,0.000000,1.000000
3,26,0.646000,0.289829,0.035000,0.000000,1.000000,0.000000,1.000000
3,27,0.736920,0.295061,0.035000,0.000000,1.000000,0.000000,1.000000
3,28,0.821190,0.292190,0.035000,0.000000,1.000000,0.000000,1.000000
3,29,0.916415,0.285812,0.035000,0.000000,1.000000,0.000000,1.000000
3,30,0.113250,0.381139,0.035000,0.000000,1.000000,0.000000,1.000000
3,31,0.200128,0.387648,0.035000,0.000000,1.000000,0.000000,1.000000
3,32,0.286714,0.389917,0.035000,0.000000,1.000000,0.000000,1.000000
3,33,0.385339,0.384314,0.035000,0.000000,1.000000,0.000000,1.000000
3,34,0.480914,0.379809,0.035000,0.000000,1.000000,0.000000,1.000000
3,35,0.565297,0.383616,0.035000,0.000000,1.000000,0.000000,1.000000
3,36,0.655836,0.389638,0.035000,0.000000,1.000000,0.000000,1.000000
3,37,0.755858,0.388235,0.035000,0.000000,1.000000,0.000000,1.000000
3,38,0.847093,0.381652,0.035000,0.000000,1.000000,0.000000,1.000000
3,39,0.931283,0.380430,0.035000,0.000000,1.000000,0.000000,1.000000
3,40,0.088216,0.481525,0.035000,0.000000,1.000000,0.000000,1.000000
3,41,0.187212,0.485179,0.035000,0.000000,1.000000,0.000000,1.000000
3,42,0.274338,0.480541,0.035000,0.000000,1.000000,0.000000,1.000000
3,43,0.360694,0.475037,0.035000,0.000000,1.000000,0.000000,1.000000
3,44,0.459134,0.477480,0.035000,0.000000,1.000000,0.000000,1.000000
3,45,0.554991,0.483958,0.035000,0.000000,1.000000,0.000000,1.000000
3,46,0.639481,0.484099,0.035000,0.000000,1.000000,0.000000,1.000000
3,47,0.729708,0.477677,0.035000,0.000000,1.000000,0.000000,1.000000
3,48,0.829710,0.474975,0.035000,0.000000,1.000000,0.000000,1.000000
3,49,0.921262,0.480318,0.035000,0.000000,1.000000,0.000000,1.000000
3,50,0.103384,0.580152,0.035000,0.000000,1.000000,0.000000,1.000000
3,51,0.198019,0.576737,0.035000,0.000000,1.000000,0.000000,1.000000
3,52,0.297165,0.570541,0.035000,0.000000,1.000000,0.000000,1.000000
3,53,0.384548,0.571484,0.035000,0.000000,1.000000,0.000000,1.000000
3,54,0.470683,0.578057,0.035000,0.000000,1.000000,0.000000,1.000000
3,55,0.568928,0.579735,0.035000,0.000000,1.000000,0.000000,1.000000
3,56,0.665060,0.573832,0.035000,0.000000,1.000000,0.000000,1.000000
3,57,0.749668,0.569799,0.035000,0.000000,1.000000,0.000000,1.000000
3,58,0.839587,0.574093,0.035000,0.000000,1.000000,0.000000,1.000000
3,59,0.939557,0.579839,0.035000,0.000000,1.000000,0.000000,1.000000
3,60,0.093426,0.672837,0.035000,0.000000,1.000000,0.000000,1.000000
3,61,0.177493,0.666292,0.035000,0.000000,1.000000,0.000000,1.000000
3,62,0.271825,0.665684,0.035000,0.000000,1.000000,0.000000,1.000000
3,63,0.371111,0.671986,0.035000,0.000000,1.000000,0.000000,1.000000
3,64,0.458757,0.675108,0.035000,0.000000,1.000000,0.000000,1.000000
3,65,0.544679,0.670052,0.035000,0.000000,1.000000,0.000000,1.000000
3,66,0.642720,0.664912,0.035000,0.000000,1.000000,0.000000,1.000000
3,67,0.739121,0.667918,0.035000,0.000000,1.000000,0.000000,1.000000
3,68,0.823859,0.674257,0.035000,0.000000,1.000000,0.000000,1.000000
3,69,0.913473,0.673780,0.035000,0.000000,1.000000,0.000000,1.000000
3,70,0.111397,0.762250,0.035000,0.000000,1.000000,0.000000,1.000000
3,71,0.203584,0.760123,0.035000,0.000000,1.000000,0.000000,1.000000
3,72,0.287608,0.765804,0.035000,0.000000,1.000000,0.000000,1.000000
3,73,0.381635,0.770197,0.035000,0.000000,1.000000,0.000000,1.000000
3,74,0.481048,0.766269,0.035000,0.000000,1.000000,0.000000,1.000000
3,75,0.568964,0.760309,0.035000,0.000000,1.000000,0.000000,1.000000
3,76,0.654684,0.761860,0.035000,0.000000,1.000000,0.000000,1.000000
3,77,0.752511,0.768439,0.035000,0.000000,1.000000,0.000000,1.000000
3,78,0.849174,0.769512,0.035000,0.000000,1.000000,0.000000,1.000000
3,79,0.934053,0.763361,0.035000,0.000000,1.000000,0.000000,1.000000
3,80,0.085366,0.854834,0.035000,0.000000,1.000000,0.000000,1.000000
3,81,0.185233,0.859578,0.035000,0.000000,1.000000,0.000000,1.000000
3,82,0.277737,0.864997,0.035000,0.000000,1.000000,0.000000,1.000000
3,83,0.361730,0.862415,0.035000,0.000000,1.000000,0.000000,1.000000
3,84,0.455448,0.855966,0.035000,0.000000,1.000000,0.000000,1.000000
3,85,0.554978,0.855976,0.035000,0.000000,1.000000,0.000000,1.000000
3,86,0.643170,0.862429,0.035000,0.000000,1.000000,0.000000,1.000000
3,87,0.728697,0.864993,0.035000,0.000000,1.000000,0.000000,1.000000
3,88,0.826301,0.859563,0.035000,0.000000,1.000000,0.000000,1.000000
3,89,0.923219,0.854833,0.035000,0.000000,1.000000,0.000000,1.000000
4,0,0.094166,0.106683,0.035000,0.000000,1.000000,0.000000,1.000000
4,1,0.188941,0.096477,0.035000,0.000000,1.000000,0.000000,1.000000
4,2,0.267908,0.091912,0.035000,0.000000,1.000000,0.000000,1.000000
4,3,0.360749,0.100297,0.035000,0.000000,1.000000,0.000000,1.000000
4,4,0.465549,0.108207,0.035000,0.000000,1.000000,0.000000,1.000000
4,5,0.553156,0.102977,0.035000,0.000000,1.000000,0.000000,1.000000
4,6,0.633575,0.092981,0.035000,0.000000,1.000000,0.000000,1.000000
4,7,0.733182,0.094223,0.035000,0.000000,1.000000,0.000000,1.000000
4,8,0.834652,0.104715,0.035000,0.000000,1.000000,0.000000,1.000000
4,9,0.916417,0.107658,0.035000,0.000000,1.000000,0.000000,1.000000
4,10,0.099788,0.193340,0.035000,0.000000,1.000000,0.000000,1.000000
4,11,0.203862,0.186680,0.035000,0.000000,1.000000,0.000000,1.000000
4,12,0.299141,0.193341,0.035000,0.000000,1.000000,0.000000,1.000000
4,13,0.378156,0.202658,0.035000,0.000000,1.000000,0.000000,1.000000
4,14,0.470481,0.199713,0.035000,0.000000,1.000000,0.000000,1.000000
4,15,0.575375,0.189222,0.035000,0.000000,1.000000,0.000000,1.000000
4,16,0.663472,0.187982,0.035000,0.000000,1.000000,0.000000,1.000000
4,17,0.743661,0.197978,0.035000,0.000000,1.000000,0.000000,1.000000
4,18,0.842842,0.203206,0.035000,0.000000,1.000000,0.000000,1.000000
4,19,0.944660,0.195295,0.035000,0.000000,1.000000,0.000000,1.000000
4,20,0.088755,0.281911,0.035000,0.000000,1.000000,0.000000,1.000000
4,21,0.173685,0.286478,0.035000,0.000000,1.000000,0.000000,1.000000
4,22,0.277552,0.296684,0.035000,0.000000,1.000000,0.000000,1.000000
4,23,0.373329,0.296188,0.035000,0.000000,1.000000,0.000000,1.000000
4,24,0.452414,0.285784,0.035000,0.000000,1.000000,0.000000,1.000000
4,25,0.544221,0.282131,0.035000,0.000000,1.000000,0.000000,1.000000
4,26,0.649190,0.291076,0.035000,0.000000,1.000000,0.000000,1.000000
4,27,0.737783,0.298299,0.035000,0.000000,1.000000,0.000000,1.000000
4,28,0.817760,0.292234,0.035000,0.000000,1.000000,0.000000,1.000000
4,29,0.916503,0.282592,0.035000,0.000000,1.000000,0.000000,1.000000
4,30,0.116655,0.379811,0.035000,0.000000,1.000000,0.000000,1.000000
4,31,0.199095,0.390338,0.035000,0.000000,1.000000,0.000000,1.000000
4,32,0.283596,0.392318,0.035000,0.000000,1.000000,0.000000,1.000000
4,33,0.387237,0.382581,0.035000,0.000000,1.000000,0.000000,1.000000
4,34,0.483506,0.376717,0.035000,0.000000,1.000000,0.000000,1.000000
4,35,0.562680,0.384115,0.035000,0.000000,1.000000,0.000000,1.000000
4,36,0.653971,0.392930,0.035000,0.000000,1.000000,0.000000,1.000000
4,37,0.758993,0.389049,0.035000,0.000000,1.000000,0.000000,1.000000
4,38,0.848088,0.378685,0.035000,0.000000,1.000000,0.000000,1.000000
4,39,0.927872,0.378432,0.035000,0.000000,1.000000,0.000000,1.000000
4,40,0.088167,0.483695,0.035000,0.000000,1.000000,0.000000,1.000000
4,41,0.190637,0.488042,0.035000,0.000000,1.000000,0.000000,1.000000
4,42,0.273436,0.479513,0.035000,0.000000,1.000000,0.000000,1.000000
4,43,0.357520,0.471764,0.035000,0.000000,1.000000,0.000000,1.000000
4,44,0.460917,0.477202,0.035000,0.000000,1.000000,0.000000,1.000000
4,45,0.557671,0.487120,0.035000,0.000000,1.000000,0.000000,1.000000
4,46,0.636954,0.485638,0.035000,0.000000,1.000000,0.000000,1.000000
4,47,0.727730,0.475129,0.035000,0.000000,1.000000,0.000000,1.000000
4,48,0.832786,0.472419,0.035000,0.000000,1.000000,0.000000,1.000000
4,49,0.922387,0.481847,0.035000,0.000000,1.000000,0.000000,1.000000
4,50,0.099997,0.583318,0.035000,0.000000,1.000000,0.000000,1.000000
4,51,0.197834,0.576471,0.035000,0.000000,1.000000,0.000000,1.000000
4,52,0.300605,0.567269,0.035000,0.000000,1.000000,0.000000,1.000000
4,53,0.383778,0.570445,0.035000,0.000000,1.000000,0.000000,1.000000
4,54,0.467457,0.580914,0.035000,0.000000,1.000000,0.000000,1.000000
4,55,0.570592,0.581914,0.035000,0.000000,1.000000,0.000000,1.000000
4,56,0.667824,0.571844,0.035000,0.000000,1.000000,0.000000,1.000000
4,57,0.747236,0.566827,0.035000,0.000000,1.000000,0.000000,1.000000
4,58,0.837498,0.574896,0.035000,0.000000,1.000000,0.000000,1.000000
4,59,0.942568,0.583131,0.035000,0.000000,1.000000,0.000000,1.000000
4,60,0.094679,0.673348,0.035000,0.000000,1.000000,0.000000,1.000000
4,61,0.174134,0.663204,0.035000,0.000000,1.000000,0.000000,1.000000
4,62,0.271504,0.663941,0.035000,0.000000,1.000000,0.000000,1.000000
4,63,0.374559,0.674379,0.035000,0.000000,1.000000,0.000000,1.000000
4,64,0.458121,0.677806,0.035000,0.000000,1.000000,0.000000,1.000000
4,65,0.541407,0.668735,0.035000,0.000000,1.000000,0.000000,1.000000
4,66,0.644264,0.661690,0.035000,0.000000,1.000000,0.000000,1.000000
4,67,0.741964,0.667950,0.035000,0.000000,1.000000,0.000000,1.000000
4,68,0.821526,0.677493,0.035000,0.000000,1.000000,0.000000,1.000000
4,69,0.911277,0.675038,0.035000,0.000000,1.000000,0.000000,1.000000
4,70,0.114339,0.759517,0.035000,0.000000,1.000000,0.000000,1.000000
4,71,0.204964,0.757774,0.035000,0.000000,1.000000,0.000000,1.000000
4,72,0.284283,0.767601,0.035000,0.000000,1.000000,0.000000,1.000000
4,73,0.381178,0.773263,0.035000,0.000000,1.000000,0.000000,1.000000
4,74,0.484500,0.765696,0.035000,0.000000,1.000000,0.000000,1.000000
4,75,0.568463,0.757015,0.035000,0.000000,1.000000,0.000000,1.000000
4,76,0.651371,0.761119,0.035000,0.000000,1.000000,0.000000,1.000000
4,77,0.753931,0.771437,0.035000,0.000000,1.000000,0.000000,1.000000
4,78,0.852093,0.771449,0.035000,0.000000,1.000000,0.000000,1.000000
4,79,0.931823,0.761135,0.035000,0.000000,1.000000,0.000000,1.000000
4,80,0.083067,0.852009,0.035000,0.000000,1.000000,0.000000,1.000000
4,81,0.188101,0.860678,0.035000,0.000000,1.000000,0.000000,1.000000
4,82,0.279240,0.868261,0.035000,0.000000,1.000000,0.000000,1.000000
4,83,0.358445,0.862618,0.035000,0.000000,1.000000,0.000000,1.000000
4,84,0.454856,0.852783,0.035000,0.000000,1.000000,0.000000,1.000000
4,85,0.558428,0.854504,0.035000,0.000000,1.000000,0.000000,1.000000
4,86,0.642805,0.865024,0.035000,0.000000,1.000000,0.000000,1.000000
4,87,0.725349,0.867500,0.035000,0.000000,1.000000,0.000000,1.000000
4,88,0.827596,0.857968,0.035000,0.000000,1.000000,0.000000,1.000000
4,89,0.926208,0.851689,0.035000,0.000000,1.000000,0.000000,1.000000
5,0,0.097302,0.108070,0.035000,0.000000,1.000000,0.000000,1.000000
5,1,0.190864,0.093444,0.035000,0.000000,1.000000,0.000000,1.000000
5,2,0.264238,0.089315,0.035000,0.000000,1.000000,0.000000,1.000000
5,3,0.359845,0.102293,0.035000,0.000000,1.000000,0.000000,1.000000
5,4,0.469470,0.111600,0.035000,0.000000,1.000000,0.000000,1.000000
5,5,0.552972,0.102334,0.035000,0.000000,1.000000,0.000000,1.000000
5,6,0.629705,0.089331,0.035000,0.000000,1.000000,0.000000,1.000000
5,7,0.734440,0.093410,0.035000,0.000000,1.000000,0.000000,1.000000
5,8,0.838173,0.108040,0.035000,0.000000,1.000000,0.000000,1.000000
5,9,0.914182,0.109797,0.035000,0.000000,1.000000,0.000000,1.000000
5,10,0.096887,0.190868,0.035000,0.000000,1.000000,0.000000,1.000000
5,11,0.206902,0.183554,0.035000,0.000000,1.000000,0.000000,1.000000
5,12,0.301198,0.194567,0.035000,0.000000,1.000000,0.000000,1.000000
5,13,0.374546,0.206273,0.035000,0.000000,1.000000,0.000000,1.000000
5,14,0.469426,0.199930,0.035000,0.000000,1.000000,0.000000,1.000000
5,15,0.579279,0.185694,0.035000,0.000000,1.000000,0.000000,1.000000
5,16,0.663444,0.186358,0.035000,0.000000,1.000000,0.000000,1.000000
5,17,0.739765,0.200859,0.035000,0.000000,1.000000,0.000000,1.000000
5,18,0.843951,0.205979,0.035000,0.000000,1.000000,0.000000,1.000000
5,19,0.948248,0.193521,0.035000,0.000000,1.000000,0.000000,1.000000
5,20,0.086650,0.278431,0.035000,0.000000,1.000000,0.000000,1.000000
5,21,0.170682,0.286864,0.035000,0.000000,1.000000,0.000000,1.000000
5,22,0.280491,0.300318,0.035000,0.000000,1.000000,0.000000,1.000000
5,23,0.375517,0.297252,0.035000,0.000000,1.000000,0.000000,1.000000
5,24,0.448868,0.282574,0.035000,0.000000,1.000000,0.000000,1.000000
5,25,0.543017,0.279786,0.035000,0.000000,1.000000,0.000000,1.000000
5,26,0.653070,0.293351,0.035000,0.000000,1.000000,0.000000,1.000000
5,27,0.737911,0.301551,0.035000,0.000000,1.000000,0.000000,1.000000
5,28,0.813845,0.291256,0.035000,0.000000,1.000000,0.000000,1.000000
5,29,0.917462,0.278950,0.035000,0.000000,1.000000,0.000000,1.000000
5,30,0.120304,0.379336,0.035000,0.000000,1.000000,0.000000,1.000000
5,31,0.197123,0.393790,0.035000,0.000000,1.000000,0.000000,1.000000
5,32,0.280494,0.394170,0.035000,0.000000,1.000000,0.000000,1.000000
5,33,0.390070,0.379868,0.035000,0.000000,1.000000,0.000000,1.000000
5,34,0.485822,0.373782,0.035000,0.000000,1.000000,0.000000,1.000000
5,35,0.559204,0.385657,0.035000,0.000000,1.000000,0.000000,1.000000
5,36,0.652619,0.396480,0.035000,0.000000,1.000000,0.000000,1.000000
5,37,0.762844,0.388922,0.035000,0.000000,1.000000,0.000000,1.000000
5,38,0.848372,0.375084,0.035000,0.000000,1.000000,0.000000,1.000000
5,39,0.923943,0.377123,0.035000,0.000000,1.000000,0.000000,1.000000
5,40,0.088974,0.486773,0.035000,0.000000,1.000000,0.000000,1.000000
5,41,0.194342,0.490579,0.035000,0.000000,1.000000,0.000000,1.000000
5,42,0.271601,0.477447,0.035000,0.000000,1.000000,0.000000,1.000000
5,43,0.354324,0.468402,0.035000,0.000000,1.000000,0.000000,1.000000
5,44,0.463639,0.477927,0.035000,0.000000,1.000000,0.000000,1.000000
5,45,0.560111,0.490771,0.035000,0.000000,1.000000,0.000000,1.000000
5,46,0.633555,0.486369,0.035000,0.000000,1.000000,0.000000,1.000000
5,47,0.726233,0.471770,0.035000,0.000000,1.000000,0.000000,1.000000
5,48,0.836601,0.470348,0.035000,0.000000,1.000000,0.000000,1.000000
5,49,0.922825,0.484380,0.035000,0.000000,1.000000,0.000000,1.000000
5,50,0.096060,0.586399,0.035000,0.000000,1.000000,0.000000,1.000000
5,51,0.198488,0.575167,0.035000,0.000000,1.000000,0.000000,1.000000
5,52,0.304359,0.563667,0.035000,0.000000,1.000000,0.000000,1.000000
5,53,0.382082,0.570312,0.035000,0.000000,1.000000,0.000000,1.000000
5,54,0.464173,0.584462,0.035000,0.000000,1.000000,0.000000,1.000000
5,55,0.573200,0.583463,0.035000,0.000000,1.000000,0.000000,1.000000
5,56,0.670384,0.568913,0.035000,0.000000,1.000000,0.000000,1.000000
5,57,0.743918,0.564109,0.035000,0.000000,1.000000,0.000000,1.000000
5,58,0.835859,0.576742,0.035000,0.000000,1.000000,0.000000,1.000000
5,59,0.946341,0.586586,0.035000,0.000000,1.000000,0.000000,1.000000
5,60,0.095272,0.672879,0.035000,0.000000,1.000000,0.000000,1.000000
5,61,0.170196,0.659563,0.035000,0.000000,1.000000,0.000000,1.000000
5,62,0.272004,0.662958,0.035000,0.000000,1.000000,0.000000,1.000000
5,63,0.378358,0.677628,0.035000,0.000000,1.000000,0.000000,1.000000
5,64,0.456567,0.680085,0.035000,0.000000,1.000000,0.000000,1.000000
5,65,0.538040,0.666395,0.035000,0.000000,1.000000,0.000000,1.000000
5,66,0.646752,0.658477,0.035000,0.000000,1.000000,0.000000,1.000000
5,67,0.744641,0.669008,0.035000,0.000000,1.000000,0.000000,1.000000
5,68,0.818295,0.681128,0.035000,0.000000,1.000000,0.000000,1.000000
5,69,0.909497,0.675430,0.035000,0.000000,1.000000,0.000000,1.000000
5,70,0.118065,0.756038,0.035000,0.000000,1.000000,0.000000,1.000000
5,71,0.205710,0.755995,0.035000,0.000000,1.000000,0.000000,1.000000
5,72,0.280350,0.770369,0.035000,0.000000,1.000000,0.000000,1.000000
5,73,0.381523,0.776147,0.035000,0.000000,1.000000,0.000000,1.000000
5,74,0.488337,0.764077,0.035000,0.000000,1.000000,0.000000,1.000000
5,75,0.567053,0.753485,0.035000,0.000000,1.000000,0.000000,1.000000
5,76,0.647926,0.761329,0.035000,0.000000,1.000000,0.000000,1.000000
5,77,0.756297,0.775051,0.035000,0.000000,1.000000,0.000000,1.000000
5,78,0.854882,0.772680,0.035000,0.000000,1.000000,0.000000,1.000000
5,79,0.928683,0.758013,0.035000,0.000000,1.000000,0.000000,1.000000
5,80,0.081149,0.849533,0.035000,0.000000,1.000000,0.000000,1.000000
5,81,0.191773,0.862812,0.035000,0.000000,1.000000,0.000000,1.000000
5,82,0.280139,0.871589,0.035000,0.000000,1.000000,0.000000,1.000000
5,83,0.354523,0.861811,0.035000,0.000000,1.000000,0.000000,1.000000
5,84,0.455046,0.849133,0.035000,0.000000,1.000000,0.000000,1.000000
5,85,0.562297,0.853855,0.035000,0.000000,1.000000,0.000000,1.000000
5,86,0.641541,0.868415,0.035000,0.000000,1.000000,0.000000,1.000000
5,87,0.721831,0.869502,0.035000,0.000000,1.000000,0.000000,1.000000
5,88,0.829836,0.855375,0.035000,0.000000,1.000000,0.000000,1.000000
5,89,0.929105,0.848653,0.035000,0.000000,1.000000,0.000000,1.000000
6,0,0.101182,0.108399,0.035000,0.000000,1.000000,0.000000,1.000000
6,1,0.190909,0.089859,0.035000,0.000000,1.000000,0.000000,1.000000
6,2,0.261152,0.087487,0.035000,0.000000,1.000000,0.000000,1.000000
6,3,0.359850,0.105218,0.035000,0.000000,1.000000,0.000000,1.000000
6,4,0.473671,0.114546,0.035000,0.000000,1.000000,0.000000,1.000000
6,5,0.551802,0.100584,0.035000,0.000000,1.000000,0.000000,1.000000
6,6,0.625829,0.085688,0.035000,0.000000,1.000000,0.000000,1.000000
6,7,0.736686,0.093706,0.035000,0.000000,1.000000,0.000000,1.000000
6,8,0.841207,0.111804,0.035000,0.000000,1.000000,0.000000,1.000000
6,9,0.911252,0.110999,0.035000,0.000000,1.000000,0.000000,1.000000
6,10,0.094508,0.187586,0.035000,0.000000,1.000000,0.000000,1.000000
6,11,0.210711,0.181041,0.035000,0.000000,1.000000,0.000000,1.000000
6,12,0.301999,0.196749,0.035000,0.000000,1.000000,0.000000,1.000000
6,13,0.370891,0.209792,0.035000,0.000000,1.000000,0.000000,1.000000
6,14,0.469263,0.199016,0.035000,0.000000,1.000000,0.000000,1.000000
6,15,0.583500,0.181907,0.035000,0.000000,1.000000,0.000000,1.000000
6,16,0.662436,0.185761,0.035000,0.000000,1.000000,0.000000,1.000000
6,17,0.735824,0.204407,0.035000,0.000000,1.000000,0.000000,1.000000
6,18,0.846053,0.207991,0.035000,0.000000,1.000000,0.000000,1.000000
6,19,0.951606,0.190775,0.035000,0.000000,1.000000,0.000000,1.000000
6,20,0.083616,0.275323,0.035000,0.000000,1.000000,0.000000,1.000000
6,21,0.168166,0.288370,0.035000,0.000000,1.000000,0.000000,1.000000
6,22,0.284223,0.304027,0.035000,0.000000,1.000000,0.000000,1.000000
6,23,0.376997,0.297225,0.035000,0.000000,1.000000,0.000000,1.000000
6,24,0.444725,0.278855,0.035000,0.000000,1.000000,0.000000,1.000000
6,25,0.542686,0.278330,0.035000,0.000000,1.000000,0.000000,1.000000
6,26,0.657304,0.296489,0.035000,0.000000,1.000000,0.000000,1.000000
6,27,0.737067,0.304259,0.035000,0.000000,1.000000,0.000000,1.000000
6,28,0.809845,0.289199,0.035000,0.000000,1.000000,0.000000,1.000000
6,29,0.919417,0.275421,0.035000,0.000000,1.000000,0.000000,1.000000
6,30,0.123762,0.379986,0.035000,0.000000,1.000000,0.000000,1.000000
6,31,0.194209,0.397579,0.035000,0.000000,1.000000,0.000000,1.000000
6,32,0.277845,0.395032,0.035000,0.000000,1.000000,0.000000,1.000000
6,33,0.393719,0.376423,0.035000,0.000000,1.000000,0.000000,1.000000
6,34,0.487279,0.371504,0.035000,0.000000,1.000000,0.000000,1.000000
6,35,0.555280,0.388254,0.035000,0.000000,1.000000,0.000000,1.000000
6,36,0.652121,0.399734,0.035000,0.000000,1.000000,0.000000,1.000000
6,37,0.767085,0.387667,0.035000,0.000000,1.000000,0.000000,1.000000
6,38,0.847692,0.371330,0.035000,0.000000,1.000000,0.000000,1.000000
6,39,0.919890,0.376880,0.035000,0.000000,1.000000,0.000000,1.000000
6,40,0.090778,0.490431,0.035000,0.000000,1.000000,0.000000,1.000000
6,41,0.197894,0.492281,0.035000,0.000000,1.000000,0.000000,1.000000
6,42,0.268811,0.474468,0.035000,0.000000,1.000000,0.000000,1.000000
6,43,0.351546,0.465512,0.035000,0.000000,1.000000,0.000000,1.000000
6,44,0.467200,0.479753,0.035000,0.000000,1.000000,0.000000,1.000000
6,45,0.560818,0.494497,0.035000,0.000000,1.000000,0.000000,1.000000
6,46,0.630580,0.485879,0.035000,0.000000,1.000000,0.000000,1.000000
6,47,0.725569,0.467999,0.035000,0.000000,1.000000,0.000000,1.000000
6,48,0.840842,0.469226,0.035000,0.000000,1.000000,0.000000,1.000000
6,49,0.922312,0.487704,0.035000,0.000000,1.000000,0.000000,1.000000
6,50,0.091961,0.588847,0.035000,0.000000,1.000000,0.000000,1.000000
6,51,0.200139,0.572820,0.035000,0.000000,1.000000,0.000000,1.000000
6,52,0.308000,0.560284,0.035000,0.000000,1.000000,0.000000,1.000000
6,53,0.379421,0.571310,0.035000,0.000000,1.000000,0.000000,1.000000
6,54,0.461270,0.588244,0.035000,0.000000,1.000000,0.000000,1.000000
6,55,0.576667,0.583973,0.035000,0.000000,1.000000,0.000000,1.000000
6,56,0.671014,0.565409,0.035000,0.000000,1.000000,0.000000,1.000000
6,57,0.741224,0.562098,0.035000,0.000000,1.000000,0.000000,1.000000
6,58,0.835030,0.579547,0.035000,0.000000,1.000000,0.000000,1.000000
6,59,0.950576,0.589643,0.035000,0.000000,1.000000,0.000000,1.000000
6,60,0.094925,0.671293,0.035000,0.000000,1.000000,0.000000,1.000000
6,61,0.166057,0.655873,0.035000,0.000000,1.000000,0.000000,1.000000
6,62,0.273499,0.663071,0.035000,0.000000,1.000000,0.000000,1.000000
6,63,0.382082,0.681363,0.035000,0.000000,1.000000,0.000000,1.000000
6,64,0.454038,0.681461,0.035000,0.000000,1.000000,0.000000,1.000000
6,65,0.535017,0.663209,0.035000,0.000000,1.000000,0.000000,1.000000
6,66,0.650120,0.655830,0.035000,0.000000,1.000000,0.000000,1.000000
6,67,0.746154,0.671026,0.035000,0.000000,1.000000,0.000000,1.000000
6,68,0.814924,0.684737,0.035000,0.000000,1.000000,0.000000,1.000000
6,69,0.908504,0.674695,0.035000,0.000000,1.000000,0.000000,1.000000
6,70,0.122287,0.752249,0.035000,0.000000,1.000000,0.000000,1.000000
6,71,0.205531,0.755218,0.035000,0.000000,1.000000,0.000000,1.000000
6,72,0.276178,0.773850,0.035000,0.000000,1.000000,0.000000,1.000000
6,73,0.382860,0.778312,0.035000,0.000000,1.000000,0.000000,1.000000
6,74,0.492139,0.761460,0.035000,0.000000,1.000000,0.000000,1.000000
6,75,0.564662,0.750276,0.035000,0.000000,1.000000,0.000000,1.000000
6,76,0.644788,0.762666,0.035000,0.000000,1.000000,0.000000,1.000000
6,77,0.759560,0.778793,0.035000,0.000000,1.000000,0.000000,1.000000
6,78,0.857114,0.772836,0.035000,0.000000,1.000000,0.000000,1.000000
6,79,0.924801,0.754333,0.035000,0.000000,1.000000,0.000000,1.000000
6,80,0.079994,0.847909,0.035000,0.000000,1.000000,0.000000,1.000000
6,81,0.195976,0.865844,0.035000,0.000000,1.000000,0.000000,1.000000
6,82,0.280128,0.874422,0.035000,0.000000,1.000000,0.000000,1.000000
6,83,0.350323,0.859909,0.035000,0.000000,1.000000,0.000000,1.000000
6,84,0.456223,0.845542,0.035000,0.000000,1.000000,0.000000,1.000000
6,85,0.566170,0.854324,0.035000,0.000000,1.000000,0.000000,1.000000
6,86,0.639290,0.872194,0.035000,0.000000,1.000000,0.000000,1.000000
6,87,0.718582,0.870540,0.035000,0.000000,1.000000,0.000000,1.000000
6,88,0.832989,0.852011,0.035000,0.000000,1.000000,0.000000,1.000000
6,89,0.931478,0.846273,0.035000,0.000000,1.000000,0.000000,1.000000
7,0,0.105507,0.107516,0.035000,0.000000,1.000000,0.000000,1.000000
7,1,0.188325,0.086234,0.035000,0.000000,1.000000,0.000000,1.000000
7,2,0.259511,0.086755,0.035000,0.000000,1.000000,0.000000,1.000000
7,3,0.360923,0.108720,0.035000,0.000000,1.000000,0.000000,1.000000
7,4,0.477736,0.116554,0.035000,0.000000,1.000000,0.000000,1.000000
7,5,0.549600,0.097883,0.035000,0.000000,1.000000,0.000000,1.000000
7,6,0.622375,0.082602,0.035000,0.000000,1.000000,0.000000,1.000000
7,7,0.739846,0.095177,0.035000,0.000000,1.000000,0.000000,1.000000
7,8,0.840345,0.115508,0.035000,0.000000,1.000000,0.000000,1.000000
7,9,0.910816,0.110962,0.035000,0.000000,1.000000,0.000000,1.000000
7,10,0.093006,0.183912,0.035000,0.000000,1.000000,0.000000,1.000000
7,11,0.215003,0.179581,0.035000,0.000000,1.000000,0.000000,1.000000
7,12,0.299690,0.199353,0.035000,0.000000,1.000000,0.000000,1.000000
7,13,0.369132,0.212973,0.035000,0.000000,1.000000,0.000000,1.000000
7,14,0.470167,0.196999,0.035000,0.000000,1.000000,0.000000,1.000000
7,15,0.587627,0.178409,0.035000,0.000000,1.000000,0.000000,1.000000
7,16,0.660386,0.186383,0.035000,0.000000,1.000000,0.000000,1.000000
7,17,0.732266,0.208154,0.035000,0.000000,1.000000,0.000000,1.000000
7,18,0.849090,0.208864,0.035000,0.000000,1.000000,0.000000,1.000000
7,19,0.954322,0.187377,0.035000,0.000000,1.000000,0.000000,1.000000
7,20,0.079825,0.273095,0.035000,0.000000,1.000000,0.000000,1.000000
7,21,0.166502,0.290880,0.035000,0.000000,1.000000,0.000000,1.000000
7,22,0.288476,0.307256,0.035000,0.000000,1.000000,0.000000,1.000000
7,23,0.375348,0.296589,0.035000,0.000000,1.000000,0.000000,1.000000
7,24,0.442471,0.274553,0.035000,0.000000,1.000000,0.000000,1.000000
7,25,0.543420,0.278068,0.035000,0.000000,1.000000,0.000000,1.000000
7,26,0.661488,0.300102,0.035000,0.000000,1.000000,0.000000,1.000000
7,27,0.735172,0.305961,0.035000,0.000000,1.000000,0.000000,1.000000
7,28,0.806187,0.286265,0.035000,0.000000,1.000000,0.000000,1.000000
7,29,0.922326,0.272549,0.035000,0.000000,1.000000,0.000000,1.000000
7,30,0.124900,0.381302,0.035000,0.000000,1.000000,0.000000,1.000000
7,31,0.192221,0.401636,0.035000,0.000000,1.000000,0.000000,1.000000
7,32,0.276022,0.394674,0.035000,0.000000,1.000000,0.000000,1.000000
7,33,0.397926,0.372695,0.035000,0.000000,1.000000,0.000000,1.000000
7,34,0.485734,0.369842,0.035000,0.000000,1.000000,0.000000,1.000000
7,35,0.553092,0.392063,0.035000,0.000000,1.000000,0.000000,1.000000
7,36,0.652684,0.402171,0.035000,0.000000,1.000000,0.000000,1.000000
7,37,0.771318,0.385361,0.035000,0.000000,1.000000,0.000000,1.000000
7,38,0.845956,0.367973,0.035000,0.000000,1.000000,0.000000,1.000000
7,39,0.916140,0.377847,0.035000,0.000000,1.000000,0.000000,1.000000
7,40,0.093556,0.494173,0.035000,0.000000,1.000000,0.000000,1.000000
7,41,0.199763,0.493145,0.035000,0.000000,1.000000,0.000000,1.000000
7,42,0.266317,0.470598,0.035000,0.000000,1.000000,0.000000,1.000000
7,43,0.349567,0.463577,0.035000,0.000000,1.000000,0.000000,1.000000
7,44,0.471354,0.482513,0.035000,0.000000,1.000000,0.000000,1.000000
7,45,0.558937,0.497801,0.035000,0.000000,1.000000,0.000000,1.000000
7,46,0.628904,0.484062,0.035000,0.000000,1.000000,0.000000,1.000000
7,47,0.725958,0.464345,0.035000,0.000000,1.000000,0.000000,1.000000
7,48,0.845117,0.469318,0.035000,0.000000,1.000000,0.000000,1.000000
7,49,0.920736,0.491394,0.035000,0.000000,1.000000,0.000000,1.000000
7,50,0.088123,0.590227,0.035000,0.000000,1.000000,0.000000,1.000000
7,51,0.202780,0.569680,0.035000,0.000000,1.000000,0.000000,1.000000
7,52,0.309265,0.557305,0.035000,0.000000,1.000000,0.000000,1.000000
7,53,0.377759,0.573745,0.035000,0.000000,1.000000,0.000000,1.000000
7,54,0.459137,0.591711,0.035000,0.000000,1.000000,0.000000,1.000000
7,55,0.580761,0.583267,0.035000,0.000000,1.000000,0.000000,1.000000
7,56,0.668975,0.561830,0.035000,0.000000,1.000000,0.000000,1.000000
7,57,0.739889,0.561139,0.035000,0.000000,1.000000,0.000000,1.000000
7,58,0.835246,0.582981,0.035000,0.000000,1.000000,0.000000,1.000000
7,59,0.954887,0.591801,0.035000,0.000000,1.000000,0.000000,1.000000
7,60,0.093513,0.668721,0.035000,0.000000,1.000000,0.000000,1.000000
7,61,0.162138,0.652689,0.035000,0.000000,1.000000,0.000000,1.000000
7,62,0.275999,0.664374,0.035000,0.000000,1.000000,0.000000,1.000000
7,63,0.382786,0.685098,0.035000,0.000000,1.000000,0.000000,1.000000
7,64,0.453164,0.681606,0.035000,0.000000,1.000000,0.000000,1.000000
7,65,0.532734,0.659575,0.035000,0.000000,1.000000,0.000000,1.000000
7,66,0.654148,0.654205,0.035000,0.000000,1.000000,0.000000,1.000000
7,67,0.744414,0.673445,0.035000,0.000000,1.000000,0.000000,1.000000
7,68,0.813476,0.688120,0.035000,0.000000,1.000000,0.000000,1.000000
7,69,0.908547,0.672832,0.035000,0.000000,1.000000,0.000000,1.000000
7,70,0.126628,0.748689,0.035000,0.000000,1.000000,0.000000,1.000000
7,71,0.204284,0.755661,0.035000,0.000000,1.000000,0.000000,1.000000
7,72,0.272184,0.777585,0.035000,0.000000,1.000000,0.000000,1.000000
7,73,0.385216,0.779359,0.035000,0.000000,1.000000,0.000000,1.000000
7,74,0.493687,0.758425,0.035000,0.000000,1.000000,0.000000,1.000000
7,75,0.563171,0.747623,0.035000,0.000000,1.000000,0.000000,1.000000
7,76,0.642358,0.765039,0.035000,0.000000,1.000000,0.000000,1.000000
7,77,0.763517,0.782110,0.035000,0.000000,1.000000,0.000000,1.000000
7,78,0.856018,0.772459,0.035000,0.000000,1.000000,0.000000,1.000000
7,79,0.922902,0.749925,0.035000,0.000000,1.000000,0.000000,1.000000
7,80,0.079863,0.847468,0.035000,0.000000,1.000000,0.000000,1.000000
7,81,0.200339,0.869404,0.035000,0.000000,1.000000,0.000000,1.000000
7,82,0.278994,0.876298,0.035000,0.000000,1.000000,0.000000,1.000000
7,83,0.346315,0.857076,0.035000,0.000000,1.000000,0.000000,1.000000
7,84,0.458430,0.842557,0.035000,0.000000,1.000000,0.000000,1.000000
7,85,0.569317,0.855861,0.035000,0.000000,1.000000,0.000000,1.000000
7,86,0.636428,0.875918,0.035000,0.000000,1.000000,0.000000,1.000000
7,87,0.716010,0.870363,0.035000,0.000000,1.000000,0.000000,1.000000
7,88,0.836867,0.848306,0.035000,0.000000,1.000000,0.000000,1.000000
7,89,0.932974,0.844972,0.035000,0.000000,1.000000,0.000000,1.000000
8,0,0.109893,0.105532,0.035000,0.000000,1.000000,0.000000,1.000000
8,1,0.185006,0.083030,0.035000,0.000000,1.000000,0.000000,1.000000
8,2,0.257719,0.087318,0.035000,0.000000,1.000000,0.000000,1.000000
8,3,0.363065,0.112291,0.035000,0.000000,1.000000,0.000000,1.000000
8,4,0.480756,0.117478,0.035000,0.000000,1.000000,0.000000,1.000000
8,5,0.546977,0.094450,0.035000,0.000000,1.000000,0.000000,1.000000
8,6,0.619726,0.080539,0.035000,0.000000,1.000000,0.000000,1.000000
8,7,0.743698,0.097622,0.035000,0.000000,1.000000,0.000000,1.000000
8,8,0.838997,0.118573,0.035000,0.000000,1.000000,0.000000,1.000000
8,9,0.909454,0.109702,0.035000,0.000000,1.000000,0.000000,1.000000
8,10,0.092616,0.180382,0.035000,0.000000,1.000000,0.000000,1.000000
8,11,0.219402,0.179406,0.035000,0.000000,1.000000,0.000000,1.000000
8,12,0.296627,0.202398,0.035000,0.000000,1.000000,0.000000,1.000000
8,13,0.367195,0.214943,0.035000,0.000000,1.000000,0.000000,1.000000
8,14,0.472155,0.194159,0.035000,0.000000,1.000000,0.000000,1.000000
8,15,0.589744,0.175495,0.035000,0.000000,1.000000,0.000000,1.000000
8,16,0.658895,0.188377,0.035000,0.000000,1.000000,0.000000,1.000000
8,17,0.729479,0.211547,0.035000,0.000000,1.000000,0.000000,1.000000
8,18,0.852855,0.208450,0.035000,0.000000,1.000000,0.000000,1.000000
8,19,0.956064,0.183818,0.035000,0.000000,1.000000,0.000000,1.000000
8,20,0.075577,0.272090,0.035000,0.000000,1.000000,0.000000,1.000000
8,21,0.165939,0.294038,0.035000,0.000000,1.000000,0.000000,1.000000
8,22,0.292880,0.309521,0.035000,0.000000,1.000000,0.000000,1.000000
8,23,0.372787,0.294857,0.035000,0.000000,1.000000,0.000000,1.000000
8,24,0.440152,0.270867,0.035000,0.000000,1.000000,0.000000,1.000000
8,25,0.545251,0.279061,0.035000,0.000000,1.000000,0.000000,1.000000
8,26,0.663625,0.303569,0.035000,0.000000,1.000000,0.000000,1.000000
8,27,0.733887,0.306482,0.035000,0.000000,1.000000,0.000000,1.000000
8,28,0.803268,0.282876,0.035000,0.000000,1.000000,0.000000,1.000000
8,29,0.925998,0.270769,0.035000,0.000000,1.000000,0.000000,1.000000
8,30,0.124051,0.383224,0.035000,0.000000,1.000000,0.000000,1.000000
8,31,0.190771,0.405242,0.035000,0.000000,1.000000,0.000000,1.000000
8,32,0.275287,0.393131,0.035000,0.000000,1.000000,0.000000,1.000000
8,33,0.402328,0.369231,0.035000,0.000000,1.000000,0.000000,1.000000
8,34,0.483374,0.369550,0.035000,0.000000,1.000000,0.000000,1.000000
8,35,0.550698,0.396045,0.035000,0.000000,1.000000,0.000000,1.000000
8,36,0.654355,0.403417,0.035000,0.000000,1.000000,0.000000,1.000000
8,37,0.775122,0.382330,0.035000,0.000000,1.000000,0.000000,1.000000
8,38,0.843229,0.365518,0.035000,0.000000,1.000000,0.000000,1.000000
8,39,0.913092,0.379898,0.035000,0.000000,1.000000,0.000000,1.000000
8,40,0.097128,0.497447,0.035000,0.000000,1.000000,0.000000,1.000000
8,41,0.199353,0.493149,0.035000,0.000000,1.000000,0.000000,1.000000
8,42,0.264640,0.466277,0.035000,0.000000,1.000000,0.000000,1.000000
8,43,0.348660,0.462899,0.035000,0.000000,1.000000,0.000000,1.000000
8,44,0.475748,0.485814,0.035000,0.000000,1.000000,0.000000,1.000000
8,45,0.556319,0.500025,0.035000,0.000000,1.000000,0.000000,1.000000
8,46,0.626902,0.481328,0.035000,0.000000,1.000000,0.000000,1.000000
8,47,0.727467,0.461351,0.035000,0.000000,1.000000,0.000000,1.000000
8,48,0.849006,0.470628,0.035000,0.000000,1.000000,0.000000,1.000000
8,49,0.918149,0.494911,0.035000,0.000000,1.000000,0.000000,1.000000
8,50,0.084952,0.590320,0.035000,0.000000,1.000000,0.000000,1.000000
8,51,0.206247,0.566200,0.035000,0.000000,1.000000,0.000000,1.000000
8,52,0.308787,0.555320,0.035000,0.000000,1.000000,0.000000,1.000000
8,53,0.376364,0.577138,0.035000,0.000000,1.000000,0.000000,1.000000
8,54,0.458061,0.594344,0.035000,0.000000,1.000000,0.000000,1.000000
8,55,0.585140,0.581428,0.035000,0.000000,1.000000,0.000000,1.000000
8,56,0.666250,0.558608,0.035000,0.000000,1.000000,0.000000,1.000000
8,57,0.738134,0.561490,0.035000,0.000000,1.000000,0.000000,1.000000
8,58,0.836590,0.586546,0.035000,0.000000,1.000000,0.000000,1.000000
8,59,0.958855,0.592727,0.035000,0.000000,1.000000,0.000000,1.000000
8,60,0.090594,0.665636,0.035000,0.000000,1.000000,0.000000,1.000000
8,61,0.159323,0.650377,0.035000,0.000000,1.000000,0.000000,1.000000
8,62,0.279357,0.666691,0.035000,0.000000,1.000000,0.000000,1.000000
8,63,0.382009,0.688261,0.035000,0.000000,1.000000,0.000000,1.000000
8,64,0.452287,0.680497,0.035000,0.000000,1.000000,0.000000,1.000000
8,65,0.531490,0.656023,0.035000,0.000000,1.000000,0.000000,1.000000
8,66,0.658505,0.653859,0.035000,0.000000,1.000000,0.000000,1.000000
8,67,0.741975,0.676376,0.035000,0.000000,1.000000,0.000000,1.000000
8,68,0.811583,0.690311,0.035000,0.000000,1.000000,0.000000,1.000000
8,69,0.909724,0.670100,0.035000,0.000000,1.000000,0.000000,1.000000
8,70,0.130668,0.745891,0.035000,0.000000,1.000000,0.000000,1.000000
8,71,0.201986,0.757278,0.035000,0.000000,1.000000,0.000000,1.000000
8,72,0.268781,0.781028,0.035000,0.000000,1.000000,0.000000,1.000000
8,73,0.388458,0.779116,0.035000,0.000000,1.000000,0.000000,1.000000
8,74,0.492892,0.755404,0.035000,0.000000,1.000000,0.000000,1.000000
8,75,0.562532,0.745935,0.035000,0.000000,1.000000,0.000000,1.000000
8,76,0.640948,0.768112,0.035000,0.000000,1.000000,0.000000,1.000000
8,77,0.767845,0.784505,0.035000,0.000000,1.000000,0.000000,1.000000
8,78,0.854074,0.770937,0.035000,0.000000,1.000000,0.000000,1.000000
8,79,0.920670,0.746088,0.035000,0.000000,1.000000,0.000000,1.000000
8,80,0.080871,0.848294,0.035000,0.000000,1.000000,0.000000,1.000000
8,81,0.204445,0.872973,0.035000,0.000000,1.000000,0.000000,1.000000
8,82,0.276312,0.877047,0.035000,0.000000,1.000000,0.000000,1.000000
8,83,0.343338,0.853595,0.035000,0.000000,1.000000,0.000000,1.000000
8,84,0.461552,0.840630,0.035000,0.000000,1.000000,0.000000,1.000000
8,85,0.568910,0.857518,0.035000,0.000000,1.000000,0.000000,1.000000
8,86,0.635624,0.879771,0.035000,0.000000,1.000000,0.000000,1.000000
8,87,0.714436,0.868977,0.035000,0.000000,1.000000,0.000000,1.000000
8,88,0.841159,0.844804,0.035000,0.000000,1.000000,0.000000,1.000000
8,89,0.933357,0.844961,0.035000,0.000000,1.000000,0.000000,1.000000
9,0,0.113924,0.102797,0.035000,0.000000,1.000000,0.000000,1.000000
9,1,0.180938,0.080747,0.035000,0.000000,1.000000,0.000000,1.000000
9,2,0.256244,0.089020,0.035000,0.000000,1.000000,0.000000,1.000000
9,3,0.366117,0.115375,0.035000,0.000000,1.000000,0.000000,1.000000
9,4,0.480825,0.117767,0.035000,0.000000,1.000000,0.000000,1.000000
9,5,0.545737,0.090294,0.035000,0.000000,1.000000,0.000000,1.000000
9,6,0.618170,0.079779,0.035000,0.000000,1.000000,0.000000,1.000000
9,7,0.747904,0.100626,0.035000,0.000000,1.000000,0.000000,1.000000
9,8,0.836890,0.120554,0.035000,0.000000,1.000000,0.000000,1.000000
9,9,0.907635,0.107456,0.035000,0.000000,1.000000,0.000000,1.000000
9,10,0.093425,0.177537,0.035000,0.000000,1.000000,0.000000,1.000000
9,11,0.223491,0.180494,0.035000,0.000000,1.000000,0.000000,1.000000
9,12,0.292784,0.205324,0.035000,0.000000,1.000000,0.000000,1.000000
9,13,0.365546,0.215517,0.035000,0.000000,1.000000,0.000000,1.000000
9,14,0.475083,0.190967,0.035000,0.000000,1.000000,0.000000,1.000000
9,15,0.589587,0.173565,0.035000,0.000000,1.000000,0.000000,1.000000
9,16,0.658100,0.191409,0.035000,0.000000,1.000000,0.000000,1.000000
9,17,0.727766,0.214076,0.035000,0.000000,1.000000,0.000000,1.000000
9,18,0.857019,0.206863,0.035000,0.000000,1.000000,0.000000,1.000000
9,19,0.956622,0.180656,0.035000,0.000000,1.000000,0.000000,1.000000
9,20,0.071259,0.272416,0.035000,0.000000,1.000000,0.000000,1.000000
9,21,0.166579,0.297329,0.035000,0.000000,1.000000,0.000000,1.000000
9,22,0.297021,0.310508,0.035000,0.000000,1.000000,0.000000,1.000000
9,23,0.369378,0.292404,0.035000,0.000000,1.000000,0.000000,1.000000
9,24,0.438127,0.268279,0.035000,0.000000,1.000000,0.000000,1.000000
9,25,0.548052,0.281103,0.035000,0.000000,1.000000,0.000000,1.000000
9,26,0.663098,0.306328,0.035000,0.000000,1.000000,0.000000,1.000000
9,27,0.733684,0.305818,0.035000,0.000000,1.000000,0.000000,1.000000
9,28,0.801399,0.279574,0.035000,0.000000,1.000000,0.000000,1.000000
9,29,0.930113,0.270315,0.035000,0.000000,1.000000,0.000000,1.000000
9,30,0.122365,0.385676,0.035000,0.000000,1.000000,0.000000,1.000000
9,31,0.188868,0.407610,0.035000,0.000000,1.000000,0.000000,1.000000
9,32,0.275758,0.390688,0.035000,0.000000,1.000000,0.000000,1.000000
9,33,0.406514,0.366557,0.035000,0.000000,1.000000,0.000000,1.000000
9,34,0.480146,0.370540,0.035000,0.000000,1.000000,0.000000,1.000000
9,35,0.548561,0.399654,0.035000,0.000000,1.000000,0.000000,1.000000
9,36,0.657023,0.403326,0.035000,0.000000,1.000000,0.000000,1.000000
9,37,0.774684,0.379918,0.035000,0.000000,1.000000,0.000000,1.000000
9,38,0.843160,0.363462,0.035000,0.000000,1.000000,0.000000,1.000000
9,39,0.911071,0.382675,0.035000,0.000000,1.000000,0.000000,1.000000
9,40,0.101188,0.499764,0.035000,0.000000,1.000000,0.000000,1.000000
9,41,0.198147,0.491935,0.035000,0.000000,1.000000,0.000000,1.000000
9,42,0.262432,0.462582,0.035000,0.000000,1.000000,0.000000,1.000000
9,43,0.348961,0.463532,0.035000,0.000000,1.000000,0.000000,1.000000
9,44,0.479973,0.489123,0.035000,0.000000,1.000000,0.000000,1.000000
9,45,0.552882,0.500906,0.035000,0.000000,1.000000,0.000000,1.000000
9,46,0.625050,0.478099,0.035000,0.000000,1.000000,0.000000,1.000000
9,47,0.729999,0.459454,0.035000,0.000000,1.000000,0.000000,1.000000
9,48,0.850763,0.472390,0.035000,0.000000,1.000000,0.000000,1.000000
9,49,0.916109,0.498233,0.035000,0.000000,1.000000,0.000000,1.000000
9,50,0.082782,0.589161,0.035000,0.000000,1.000000,0.000000,1.000000
9,51,0.210246,0.562932,0.035000,0.000000,1.000000,0.000000,1.000000
9,52,0.307561,0.554746,0.035000,0.000000,1.000000,0.000000,1.000000
9,53,0.374359,0.580778,0.035000,0.000000,1.000000,0.000000,1.000000
9,54,0.458192,0.595769,0.035000,0.000000,1.000000,0.000000,1.000000
9,55,0.589397,0.578786,0.035000,0.000000,1.000000,0.000000,1.000000
9,56,0.662736,0.556253,0.035000,0.000000,1.000000,0.000000,1.000000
9,57,0.736443,0.563020,0.035000,0.000000,1.000000,0.000000,1.000000
9,58,0.838981,0.589684,0.035000,0.000000,1.000000,0.000000,1.000000
9,59,0.962084,0.592326,0.035000,0.000000,1.000000,0.000000,1.000000
9,60,0.086699,0.662479,0.035000,0.000000,1.000000,0.000000,1.000000
9,61,0.157613,0.649321,0.035000,0.000000,1.000000,0.000000,1.000000
9,62,0.283288,0.669625,0.035000,0.000000,1.000000,0.000000,1.000000
9,63,0.380564,0.690379,0.035000,0.000000,1.000000,0.000000,1.000000
9,64,0.450686,0.678362,0.035000,0.000000,1.000000,0.000000,1.000000
9,65,0.531450,0.653099,0.035000,0.000000,1.000000,0.000000,1.000000
9,66,0.662788,0.654794,0.035000,0.000000,1.000000,0.000000,1.000000
9,67,0.738720,0.679261,0.035000,0.000000,1.000000,0.000000,1.000000
9,68,0.809726,0.691102,0.035000,0.000000,1.000000,0.000000,1.000000
9,69,0.911972,0.666954,0.035000,0.000000,1.000000,0.000000,1.000000
9,70,0.132146,0.743902,0.035000,0.000000,1.000000,0.000000,1.000000
9,71,0.200532,0.760076,0.035000,0.000000,1.000000,0.000000,1.000000
9,72,0.266464,0.783708,0.035000,0.000000,1.000000,0.000000,1.000000
9,73,0.392315,0.777671,0.035000,0.000000,1.000000,0.000000,1.000000
9,74,0.491456,0.752643,0.035000,0.000000,1.000000,0.000000,1.000000
9,75,0.561114,0.745657,0.035000,0.000000,1.000000,0.000000,1.000000
9,76,0.640737,0.771384,0.035000,0.000000,1.000000,0.000000,1.000000
9,77,0.772146,0.785643,0.035000,0.000000,1.000000,0.000000,1.000000
9,78,0.851258,0.768628,0.035000,0.000000,1.000000,0.000000,1.000000
9,79,0.918475,0.743318,0.035000,0.000000,1.000000,0.000000,1.000000
9,80,0.082971,0.850209,0.035000,0.000000,1.000000,0.000000,1.000000
9,81,0.205080,0.875877,0.035000,0.000000,1.000000,0.000000,1.000000
9,82,0.275612,0.876590,0.035000,0.000000,1.000000,0.000000,1.000000
9,83,0.341195,0.850158,0.035000,0.000000,1.000000,0.000000,1.000000
9,84,0.465329,0.840018,0.035000,0.000000,1.000000,0.000000,1.000000
9,85,0.567807,0.859794,0.035000,0.000000,1.000000,0.000000,1.000000
9,86,0.634069,0.882394,0.035000,0.000000,1.000000,0.000000,1.000000
9,87,0.714054,0.866645,0.035000,0.000000,1.000000,0.000000,1.000000
9,88,0.845473,0.842039,0.035000,0.000000,1.000000,0.000000,1.000000
9,89,0.932542,0.846191,0.035000,0.000000,1.000000,0.000000,1.000000
10,0,0.113345,0.101106,0.035000,0.000000,1.000000,0.000000,1.000000
10,1,0.180128,0.078436,0.035000,0.000000,1.000000,0.000000,1.000000
10,2,0.255472,0.091474,0.035000,0.000000,1.000000,0.000000,1.000000
10,3,0.369787,0.117491,0.035000,0.000000,1.000000,0.000000,1.000000
10,4,0.480100,0.116805,0.035000,0.000000,1.000000,0.000000,1.000000
10,5,0.543828,0.086785,0.035000,0.000000,1.000000,0.000000,1.000000
10,6,0.617865,0.080351,0.035000,0.000000,1.000000,0.000000,1.000000
10,7,0.752056,0.103642,0.035000,0.000000,1.000000,0.000000,1.000000
10,8,0.833919,0.121204,0.035000,0.000000,1.000000,0.000000,1.000000
10,9,0.905842,0.104673,0.035000,0.000000,1.000000,0.000000,1.000000
10,10,0.095360,0.175804,0.035000,0.000000,1.000000,0.000000,1.000000
10,11,0.224973,0.181836,0.035000,0.000000,1.000000,0.000000,1.000000
10,12,0.290191,0.208313,0.035000,0.000000,1.000000,0.000000,1.000000
10,13,0.364581,0.214766,0.035000,0.000000,1.000000,0.000000,1.000000
10,14,0.478673,0.187988,0.035000,0.000000,1.000000,0.000000,1.000000
10,15,0.588710,0.173057,0.035000,0.000000,1.000000,0.000000,1.000000
10,16,0.656534,0.194706,0.035000,0.000000,1.000000,0.000000,1.000000
10,17,0.727297,0.215379,0.035000,0.000000,1.000000,0.000000,1.000000
10,18,0.861179,0.204458,0.035000,0.000000,1.000000,0.000000,1.000000
10,19,0.955936,0.178394,0.035000,0.000000,1.000000,0.000000,1.000000
10,20,0.067289,0.273918,0.035000,0.000000,1.000000,0.000000,1.000000
10,21,0.168367,0.300191,0.035000,0.000000,1.000000,0.000000,1.000000
10,22,0.299352,0.310486,0.035000,0.000000,1.000000,0.000000,1.000000
10,23,0.366390,0.289439,0.035000,0.000000,1.000000,0.000000,1.000000
10,24,0.436797,0.267062,0.035000,0.000000,1.000000,0.000000,1.000000
10,25,0.551555,0.283775,0.035000,0.000000,1.000000,0.000000,1.000000
10,26,0.661947,0.308062,0.035000,0.000000,1.000000,0.000000,1.000000
10,27,0.732587,0.304076,0.035000,0.000000,1.000000,0.000000,1.000000
10,28,0.800767,0.276907,0.035000,0.000000,1.000000,0.000000,1.000000
10,29,0.934274,0.271163,0.035000,0.000000,1.000000,0.000000,1.000000
10,30,0.119655,0.388067,0.035000,0.000000,1.000000,0.000000,1.000000
10,31,0.187038,0.408574,0.035000,0.000000,1.000000,0.000000,1.000000
10,32,0.277395,0.387823,0.035000,0.000000,1.000000,0.000000,1.000000
10,33,0.408123,0.364897,0.035000,0.000000,1.000000,0.000000,1.000000
10,34,0.478114,0.372648,0.035000,0.000000,1.000000,0.000000,1.000000
10,35,0.547087,0.402381,0.035000,0.000000,1.000000,0.000000,1.000000
10,36,0.660435,0.402013,0.035000,0.000000,1.000000,0.000000,1.000000
10,37,0.773564,0.377739,0.035000,0.000000,1.000000,0.000000,1.000000
10,38,0.842231,0.362866,0.035000,0.000000,1.000000,0.000000,1.000000
10,39,0.910277,0.385656,0.035000,0.000000,1.000000,0.000000,1.000000
10,40,0.105344,0.500806,0.035000,0.000000,1.000000,0.000000,1.000000
10,41,0.195999,0.489914,0.035000,0.000000,1.000000,0.000000,1.000000
10,42,0.260165,0.459972,0.035000,0.000000,1.000000,0.000000,1.000000
10,43,0.350446,0.465273,0.035000,0.000000,1.000000,0.000000,1.000000
10,44,0.481228,0.491528,0.035000,0.000000,1.000000,0.000000,1.000000
10,45,0.551102,0.500786,0.035000,0.000000,1.000000,0.000000,1.000000
10,46,0.623771,0.474917,0.035000,0.000000,1.000000,0.000000,1.000000
10,47,0.733314,0.458891,0.035000,0.000000,1.000000,0.000000,1.000000
10,48,0.850013,0.474123,0.035000,0.000000,1.000000,0.000000,1.000000
10,49,0.915011,0.500967,0.035000,0.000000,1.000000,0.000000,1.000000
10,50,0.081827,0.587039,0.035000,0.000000,1.000000,0.000000,1.000000
10,51,0.214390,0.560410,0.035000,0.000000,1.000000,0.000000,1.000000
10,52,0.305418,0.555496,0.035000,0.000000,1.000000,0.000000,1.000000
10,53,0.372217,0.584111,0.035000,0.000000,1.000000,0.000000,1.000000
10,54,0.459522,0.595837,0.035000,0.000000,1.000000,0.000000,1.000000
10,55,0.592362,0.576085,0.035000,0.000000,1.000000,0.000000,1.000000
10,56,0.659254,0.554877,0.035000,0.000000,1.000000,0.000000,1.000000
10,57,0.735254,0.565361,0.035000,0.000000,1.000000,0.000000,1.000000
10,58,0.842194,0.591901,0.035000,0.000000,1.000000,0.000000,1.000000
10,59,0.964257,0.590764,0.035000,0.000000,1.000000,0.000000,1.000000
10,60,0.082366,0.659760,0.035000,0.000000,1.000000,0.000000,1.000000
10,61,0.157016,0.649630,0.035000,0.000000,1.000000,0.000000,1.000000
10,62,0.287413,0.672635,0.035000,0.000000,1.000000,0.000000,1.000000
10,63,0.378260,0.691178,0.035000,0.000000,1.000000,0.000000,1.000000
10,64,0.448843,0.675632,0.035000,0.000000,1.000000,0.000000,1.000000
10,65,0.532623,0.651249,0.035000,0.000000,1.000000,0.000000,1.000000
10,66,0.666579,0.656759,0.035000,0.000000,1.000000,0.000000,1.000000
10,67,0.734701,0.681545,0.035000,0.000000,1.000000,0.000000,1.000000
10,68,0.808346,0.690538,0.035000,0.000000,1.000000,0.000000,1.000000
10,69,0.915078,0.663956,0.035000,0.000000,1.000000,0.000000,1.000000
10,70,0.131631,0.743069,0.035000,0.000000,1.000000,0.000000,1.000000
10,71,0.198705,0.763187,0.035000,0.000000,1.000000,0.000000,1.000000
10,72,0.266098,0.785467,0.035000,0.000000,1.000000,0.000000,1.000000
10,73,0.396415,0.775357,0.035000,0.000000,1.000000,0.000000,1.000000
10,74,0.489090,0.750675,0.035000,0.000000,1.000000,0.000000,1.000000
10,75,0.559476,0.746643,0.035000,0.000000,1.000000,0.000000,1.000000
10,76,0.641751,0.774288,0.035000,0.000000,1.000000,0.000000,1.000000
10,77,0.776002,0.785428,0.035000,0.000000,1.000000,0.000000,1.000000
10,78,0.847612,0.766070,0.035000,0.000000,1.000000,0.000000,1.000000
10,79,0.916758,0.741908,0.035000,0.000000,1.000000,0.000000,1.000000
10,80,0.085965,0.852810,0.035000,0.000000,1.000000,0.000000,1.000000
10,81,0.204123,0.877743,0.035000,0.000000,1.000000,0.000000,1.000000
10,82,0.274956,0.875050,0.035000,0.000000,1.000000,0.000000,1.000000
10,83,0.340154,0.847318,0.035000,0.000000,1.000000,0.000000,1.000000
10,84,0.469398,0.840726,0.035000,0.000000,1.000000,0.000000,1.000000
10,85,0.565626,0.862061,0.035000,0.000000,1.000000,0.000000,1.000000
10,86,0.632396,0.883636,0.035000,0.000000,1.000000,0.000000,1.000000
10,87,0.714908,0.863828,0.035000,0.000000,1.000000,0.000000,1.000000
10,88,0.849388,0.840421,0.035000,0.000000,1.000000,0.000000,1.000000
10,89,0.930602,0.848362,0.035000,0.000000,1.000000,0.000000,1.000000
11,0,0.111999,0.099654,0.035000,0.000000,1.000000,0.000000,1.000000
11,1,0.178699,0.077567,0.035000,0.000000,1.000000,0.000000,1.000000
11,2,0.255675,0.094142,0.035000,0.000000,1.000000,0.000000,1.000000
11,3,0.373689,0.118333,0.035000,0.000000,1.000000,0.000000,1.000000
11,4,0.478408,0.115025,0.035000,0.000000,1.000000,0.000000,1.000000
11,5,0.541723,0.084372,0.035000,0.000000,1.000000,0.000000,1.000000
11,6,0.618814,0.082029,0.035000,0.000000,1.000000,0.000000,1.000000
11,7,0.755736,0.106108,0.035000,0.000000,1.000000,0.000000,1.000000
11,8,0.830140,0.120527,0.035000,0.000000,1.000000,0.000000,1.000000
11,9,0.904518,0.101913,0.035000,0.000000,1.000000,0.000000,1.000000
11,10,0.098199,0.175403,0.035000,0.000000,1.000000,0.000000,1.000000
11,11,0.223964,0.183129,0.035000,0.000000,1.000000,0.000000,1.000000
11,12,0.288677,0.210778,0.035000,0.000000,1.000000,0.000000,1.000000
11,13,0.364582,0.213010,0.035000,0.000000,1.000000,0.000000,1.000000
11,14,0.482545,0.185754,0.035000,0.000000,1.000000,0.000000,1.000000
11,15,0.586914,0.173862,0.035000,0.000000,1.000000,0.000000,1.000000
11,16,0.654677,0.197703,0.035000,0.000000,1.000000,0.000000,1.000000
11,17,0.728092,0.215327,0.035000,0.000000,1.000000,0.000000,1.000000
11,18,0.864914,0.201756,0.035000,0.000000,1.000000,0.000000,1.000000
11,19,0.954104,0.177368,0.035000,0.000000,1.000000,0.000000,1.000000
11,20,0.064062,0.276211,0.035000,0.000000,1.000000,0.000000,1.000000
11,21,0.171094,0.302132,0.035000,0.000000,1.000000,0.000000,1.000000
11,22,0.298559,0.309933,0.035000,0.000000,1.000000,0.000000,1.000000
11,23,0.365065,0.286249,0.035000,0.000000,1.000000,0.000000,1.000000
11,24,0.436448,0.267242,0.035000,0.000000,1.000000,0.000000,1.000000
11,25,0.555390,0.286522,0.035000,0.000000,1.000000,0.000000,1.000000
11,26,0.659944,0.308510,0.035000,0.000000,1.000000,0.000000,1.000000
11,27,0.731086,0.301710,0.035000,0.000000,1.000000,0.000000,1.000000
11,28,0.801408,0.275313,0.035000,0.000000,1.000000,0.000000,1.000000
11,29,0.938058,0.273038,0.035000,0.000000,1.000000,0.000000,1.000000
11,30,0.116102,0.389887,0.035000,0.000000,1.000000,0.000000,1.000000
11,31,0.185585,0.408156,0.035000,0.000000,1.000000,0.000000,1.000000
11,32,0.280006,0.385106,0.035000,0.000000,1.000000,0.000000,1.000000
11,33,0.407129,0.364446,0.035000,0.000000,1.000000,0.000000,1.000000
11,34,0.477211,0.375335,0.035000,0.000000,1.000000,0.000000,1.000000
11,35,0.546578,0.403865,0.035000,0.000000,1.000000,0.000000,1.000000
11,36,0.664228,0.399834,0.035000,0.000000,1.000000,0.000000,1.000000
11,37,0.771618,0.376297,0.035000,0.000000,1.000000,0.000000,1.000000
11,38,0.840828,0.363586,0.035000,0.000000,1.000000,0.000000,1.000000
11,39,0.910763,0.388269,0.035000,0.000000,1.000000,0.000000,1.000000
11,40,0.109172,0.500496,0.035000,0.000000,1.000000,0.000000,1.000000
11,41,0.192928,0.487641,0.035000,0.000000,1.000000,0.000000,1.000000
11,42,0.258290,0.458727,0.035000,0.000000,1.000000,0.000000,1.000000
11,43,0.352937,0.467698,0.035000,0.000000,1.000000,0.000000,1.000000
11,44,0.479925,0.492683,0.035000,0.000000,1.000000,0.000000,1.000000
11,45,0.550446,0.499795,0.035000,0.000000,1.000000,0.000000,1.000000
11,46,0.623388,0.472338,0.035000,0.000000,1.000000,0.000000,1.000000
11,47,0.737058,0.459646,0.035000,0.000000,1.000000,0.000000,1.000000
11,48,0.848413,0.475961,0.035000,0.000000,1.000000,0.000000,1.000000
11,49,0.913422,0.502206,0.035000,0.000000,1.000000,0.000000,1.000000
11,50,0.082157,0.584434,0.035000,0.000000,1.000000,0.000000,1.000000
11,51,0.218255,0.559033,0.035000,0.000000,1.000000,0.000000,1.000000
11,52,0.302356,0.557240,0.035000,0.000000,1.000000,0.000000,1.000000
11,53,0.370400,0.586619,0.035000,0.000000,1.000000,0.000000,1.000000
11,54,0.461889,0.594658,0.035000,0.000000,1.000000,0.000000,1.000000
11,55,0.591095,0.574712,0.035000,0.000000,1.000000,0.000000,1.000000
11,56,0.658594,0.553788,0.035000,0.000000,1.000000,0.000000,1.000000
11,57,0.734905,0.567984,0.035000,0.000000,1.000000,0.000000,1.000000
11,58,0.845884,0.592868,0.035000,0.000000,1.000000,0.000000,1.000000
11,59,0.964865,0.588437,0.035000,0.000000,1.000000,0.000000,1.000000
11,60,0.077981,0.657967,0.035000,0.000000,1.000000,0.000000,1.000000
11,61,0.157629,0.651099,0.035000,0.000000,1.000000,0.000000,1.000000
11,62,0.291310,0.675157,0.035000,0.000000,1.000000,0.000000,1.000000
11,63,0.375069,0.690637,0.035000,0.000000,1.000000,0.000000,1.000000
11,64,0.447230,0.672861,0.035000,0.000000,1.000000,0.000000,1.000000
11,65,0.534863,0.650718,0.035000,0.000000,1.000000,0.000000,1.000000
11,66,0.666937,0.658332,0.035000,0.000000,1.000000,0.000000,1.000000
11,67,0.732691,0.683751,0.035000,0.000000,1.000000,0.000000,1.000000
11,68,0.807794,0.688916,0.035000,0.000000,1.000000,0.000000,1.000000
11,69,0.918707,0.661648,0.035000,0.000000,1.000000,0.000000,1.000000
11,70,0.130154,0.743560,0.035000,0.000000,1.000000,0.000000,1.000000
11,71,0.196555,0.766125,0.035000,0.000000,1.000000,0.000000,1.000000
11,72,0.266886,0.785824,0.035000,0.000000,1.000000,0.000000,1.000000
11,73,0.400338,0.772682,0.035000,0.000000,1.000000,0.000000,1.000000
11,74,0.485856,0.749858,0.035000,0.000000,1.000000,0.000000,1.000000
11,75,0.557989,0.748530,0.035000,0.000000,1.000000,0.000000,1.000000
11,76,0.643860,0.776320,0.035000,0.000000,1.000000,0.000000,1.000000
11,77,0.777635,0.784441,0.035000,0.000000,1.000000,0.000000,1.000000
11,78,0.844729,0.763425,0.035000,0.000000,1.000000,0.000000,1.000000
11,79,0.915876,0.741912,0.035000,0.000000,1.000000,0.000000,1.000000
11,80,0.089529,0.855551,0.035000,0.000000,1.000000,0.000000,1.000000
11,81,0.202448,0.878337,0.035000,0.000000,1.000000,0.000000,1.000000
11,82,0.273622,0.872816,0.035000,0.000000,1.000000,0.000000,1.000000
11,83,0.340344,0.845525,0.035000,0.000000,1.000000,0.000000,1.000000
11,84,0.473340,0.842501,0.035000,0.000000,1.000000,0.000000,1.000000
11,85,0.562561,0.863833,0.035000,0.000000,1.000000,0.000000,1.000000
11,86,0.630830,0.883457,0.035000,0.000000,1.000000,0.000000,1.000000
11,87,0.716883,0.861095,0.035000,0.000000,1.000000,0.000000,1.000000
11,88,0.852517,0.840146,0.035000,0.000000,1.000000,0.000000,1.000000
11,89,0.927759,0.850986,0.035000,0.000000,1.000000,0.000000,1.000000
12,0,0.109922,0.098873,0.035000,0.000000,1.000000,0.000000,1.000000
12,1,0.176788,0.078047,0.035000,0.000000,1.000000,0.000000,1.000000
12,2,0.256970,0.096444,0.035000,0.000000,1.000000,0.000000,1.000000
12,3,0.377395,0.117842,0.035000,0.000000,1.000000,0.000000,1.000000
12,4,0.475738,0.112997,0.035000,0.000000,1.000000,0.000000,1.000000
12,5,0.539889,0.083322,0.035000,0.000000,1.000000,0.000000,1.000000
12,6,0.620862,0.084371,0.035000,0.000000,1.000000,0.000000,1.000000
12,7,0.757506,0.107385,0.035000,0.000000,1.000000,0.000000,1.000000
12,8,0.826827,0.118967,0.035000,0.000000,1.000000,0.000000,1.000000
12,9,0.904014,0.099736,0.035000,0.000000,1.000000,0.000000,1.000000
12,10,0.101600,0.176300,0.035000,0.000000,1.000000,0.000000,1.000000
12,11,0.222185,0.184540,0.035000,0.000000,1.000000,0.000000,1.000000
12,12,0.286677,0.211778,0.035000,0.000000,1.000000,0.000000,1.000000
12,13,0.365684,0.210752,0.035000,0.000000,1.000000,0.000000,1.000000
12,14,0.486272,0.184657,0.035000,0.000000,1.000000,0.000000,1.000000
12,15,0.584165,0.175631,0.035000,0.000000,1.000000,0.000000,1.000000
12,16,0.653004,0.199883,0.035000,0.000000,1.000000,0.000000,1.000000
12,17,0.730015,0.214050,0.035000,0.000000,1.000000,0.000000,1.000000
12,18,0.867840,0.199336,0.035000,0.000000,1.000000,0.000000,1.000000
12,19,0.951369,0.177680,0.035000,0.000000,1.000000,0.000000,1.000000
12,20,0.061895,0.278755,0.035000,0.000000,1.000000,0.000000,1.000000
12,21,0.174430,0.302835,0.035000,0.000000,1.000000,0.000000,1.000000
12,22,0.297022,0.308492,0.035000,0.000000,1.000000,0.000000,1.000000
12,23,0.363163,0.284095,0.035000,0.000000,1.000000,0.000000,1.000000
12,24,0.437228,0.268590,0.035000,0.000000,1.000000,0.000000,1.000000
12,25,0.559132,0.288775,0.035000,0.000000,1.000000,0.000000,1.000000
12,26,0.657031,0.307663,0.035000,0.000000,1.000000,0.000000,1.000000
12,27,0.729667,0.299291,0.035000,0.000000,1.000000,0.000000,1.000000
12,28,0.803202,0.275023,0.035000,0.000000,1.000000,0.000000,1.000000
12,29,0.941075,0.275464,0.035000,0.000000,1.000000,0.000000,1.000000
12,30,0.111886,0.390700,0.035000,0.000000,1.000000,0.000000,1.000000
12,31,0.184884,0.406676,0.035000,0.000000,1.000000,0.000000,1.000000
12,32,0.283272,0.383080,0.035000,0.000000,1.000000,0.000000,1.000000
12,33,0.405458,0.365302,0.035000,0.000000,1.000000,0.000000,1.000000
12,34,0.475629,0.377830,0.035000,0.000000,1.000000,0.000000,1.000000
12,35,0.547195,0.403973,0.035000,0.000000,1.000000,0.000000,1.000000
12,36,0.667978,0.397310,0.035000,0.000000,1.000000,0.000000,1.000000
12,37,0.768765,0.375960,0.035000,0.000000,1.000000,0.000000,1.000000
12,38,0.839444,0.365222,0.035000,0.000000,1.000000,0.000000,1.000000
12,39,0.912425,0.390012,0.035000,0.000000,1.000000,0.000000,1.000000
12,40,0.112275,0.499017,0.035000,0.000000,1.000000,0.000000,1.000000
12,41,0.189108,0.485702,0.035000,0.000000,1.000000,0.000000,1.000000
12,42,0.257184,0.458881,0.035000,0.000000,1.000000,0.000000,1.000000
12,43,0.356127,0.470250,0.035000,0.000000,1.000000,0.000000,1.000000
12,44,0.478027,0.492647,0.035000,0.000000,1.000000,0.000000,1.000000
12,45,0.549038,0.498057,0.035000,0.000000,1.000000,0.000000,1.000000
12,46,0.624085,0.470805,0.035000,0.000000,1.000000,0.000000,1.000000
12,47,0.740812,0.461447,0.035000,0.000000,1.000000,0.000000,1.000000
12,48,0.845870,0.477325,0.035000,0.000000,1.000000,0.000000,1.000000
12,49,0.911832,0.502023,0.035000,0.000000,1.000000,0.000000,1.000000
12,50,0.083684,0.581924,0.035000,0.000000,1.000000,0.000000,1.000000
12,51,0.221439,0.558982,0.035000,0.000000,1.000000,0.000000,1.000000
12,52,0.298533,0.559465,0.035000,0.000000,1.000000,0.000000,1.000000
12,53,0.369297,0.587929,0.035000,0.000000,1.000000,0.000000,1.000000
12,54,0.464998,0.592585,0.035000,0.000000,1.000000,0.000000,1.000000
12,55,0.589267,0.573943,0.035000,0.000000,1.000000,0.000000,1.000000
12,56,0.657146,0.554089,0.035000,0.000000,1.000000,0.000000,1.000000
12,57,0.735603,0.570308,0.035000,0.000000,1.000000,0.000000,1.000000
12,58,0.849635,0.592498,0.035000,0.000000,1.000000,0.000000,1.000000
12,59,0.963694,0.585889,0.035000,0.000000,1.000000,0.000000,1.000000
12,60,0.073960,0.657407,0.035000,0.000000,1.000000,0.000000,1.000000
12,61,0.159394,0.653302,0.035000,0.000000,1.000000,0.000000,1.000000
12,62,0.294570,0.676717,0.035000,0.000000,1.000000,0.000000,1.000000
12,63,0.371125,0.688990,0.035000,0.000000,1.000000,0.000000,1.000000
12,64,0.446256,0.670615,0.035000,0.000000,1.000000,0.000000,1.000000
12,65,0.537886,0.651498,0.035000,0.000000,1.000000,0.000000,1.000000
12,66,0.665341,0.659603,0.035000,0.000000,1.000000,0.000000,1.000000
12,67,0.731252,0.684996,0.035000,0.000000,1.000000,0.000000,1.000000
12,68,0.808287,0.686725,0.035000,0.000000,1.000000,0.000000,1.000000
12,69,0.922450,0.660441,0.035000,0.000000,1.000000,0.000000,1.000000
12,70,0.127753,0.745090,0.035000,0.000000,1.000000,0.000000,1.000000
12,71,0.194391,0.768312,0.035000,0.000000,1.000000,0.000000,1.000000
12,72,0.268795,0.784892,0.035000,0.000000,1.000000,0.000000,1.000000
12,73,0.403669,0.770225,0.035000,0.000000,1.000000,0.000000,1.000000
12,74,0.481867,0.750329,0.035000,0.000000,1.000000,0.000000,1.000000
12,75,0.557075,0.750780,0.035000,0.000000,1.000000,0.000000,1.000000
12,76,0.646793,0.777141,0.035000,0.000000,1.000000,0.000000,1.000000
12,77,0.776271,0.783222,0.035000,0.000000,1.000000,0.000000,1.000000
12,78,0.843411,0.761054,0.035000,0.000000,1.000000,0.000000,1.000000
12,79,0.916056,0.743124,0.035000,0.000000,1.000000,0.000000,1.000000
12,80,0.093257,0.857860,0.035000,0.000000,1.000000,0.000000,1.000000
12,81,0.199897,0.877625,0.035000,0.000000,1.000000,0.000000,1.000000
12,82,0.272104,0.870452,0.035000,0.000000,1.000000,0.000000,1.000000
12,83,0.341735,0.845034,0.035000,0.000000,1.000000,0.000000,1.000000
12,84,0.476737,0.844887,0.035000,0.000000,1.000000,0.000000,1.000000
12,85,0.558710,0.864655,0.035000,0.000000,1.000000,0.000000,1.000000
12,86,0.629801,0.882157,0.035000,0.000000,1.000000,0.000000,1.000000
12,87,0.719720,0.858996,0.035000,0.000000,1.000000,0.000000,1.000000
12,88,0.854557,0.841151,0.035000,0.000000,1.000000,0.000000,1.000000
12,89,0.924355,0.853485,0.035000,0.000000,1.000000,0.000000,1.000000
13,0,0.106989,0.099129,0.035000,0.000000,1.000000,0.000000,1.000000
13,1,0.174875,0.079453,0.035000,0.000000,1.000000,0.000000,1.000000
13,2,0.259316,0.097882,0.035000,0.000000,1.000000,0.000000,1.000000
13,3,0.380491,0.116218,0.035000,0.000000,1.000000,0.000000,1.000000
13,4,0.472237,0.111312,0.035000,0.000000,1.000000,0.000000,1.000000
13,5,0.538727,0.083649,0.035000,0.000000,1.000000,0.000000,1.000000
13,6,0.623722,0.086811,0.035000,0.000000,1.000000,0.000000,1.000000
13,7,0.755407,0.106925,0.035000,0.000000,1.000000,0.000000,1.000000
13,8,0.825983,0.117279,0.035000,0.000000,1.000000,0.000000,1.000000
13,9,0.904549,0.098582,0.035000,0.000000,1.000000,0.000000,1.000000
13,10,0.105147,0.178204,0.035000,0.000000,1.000000,0.000000,1.000000
13,11,0.219359,0.185427,0.035000,0.000000,1.000000,0.000000,1.000000
13,12,0.284806,0.211460,0.035000,0.000000,1.000000,0.000000,1.000000
13,13,0.367859,0.208579,0.035000,0.000000,1.000000,0.000000,1.000000
13,14,0.489435,0.184863,0.035000,0.000000,1.000000,0.000000,1.000000
13,15,0.580589,0.177843,0.035000,0.000000,1.000000,0.000000,1.000000
13,16,0.651933,0.200881,0.035000,0.000000,1.000000,0.000000,1.000000
13,17,0.732788,0.211916,0.035000,0.000000,1.000000,0.000000,1.000000
13,18,0.869663,0.197716,0.035000,0.000000,1.000000,0.000000,1.000000
13,19,0.948090,0.179168,0.035000,0.000000,1.000000,0.000000,1.000000
13,20,0.060982,0.280968,0.035000,0.000000,1.000000,0.000000,1.000000
13,21,0.177963,0.302229,0.035000,0.000000,1.000000,0.000000,1.000000
13,22,0.294589,0.306738,0.035000,0.000000,1.000000,0.000000,1.000000
13,23,0.361162,0.283255,0.035000,0.000000,1.000000,0.000000,1.000000
13,24,0.439123,0.270662,0.035000,0.000000,1.000000,0.000000,1.000000
13,25,0.562357,0.290069,0.035000,0.000000,1.000000,0.000000,1.000000
13,26,0.653309,0.305768,0.035000,0.000000,1.000000,0.000000,1.000000
13,27,0.728764,0.297388,0.035000,0.000000,1.000000,0.000000,1.000000
13,28,0.805885,0.276012,0.035000,0.000000,1.000000,0.000000,1.000000
13,29,0.943018,0.277866,0.035000,0.000000,1.000000,0.000000,1.000000
13,30,0.107313,0.390290,0.035000,0.000000,1.000000,0.000000,1.000000
13,31,0.185186,0.404640,0.035000,0.000000,1.000000,0.000000,1.000000
13,32,0.286785,0.382148,0.035000,0.000000,1.000000,0.000000,1.000000
13,33,0.402933,0.367122,0.035000,0.000000,1.000000,0.000000,1.000000
13,34,0.473855,0.379596,0.035000,0.000000,1.000000,0.000000,1.000000
13,35,0.548941,0.402830,0.035000,0.000000,1.000000,0.000000,1.000000
13,36,0.671261,0.395027,0.035000,0.000000,1.000000,0.000000,1.000000
13,37,0.765091,0.376853,0.035000,0.000000,1.000000,0.000000,1.000000
13,38,0.838522,0.367220,0.035000,0.000000,1.000000,0.000000,1.000000
13,39,0.915013,0.390558,0.035000,0.000000,1.000000,0.000000,1.000000
13,40,0.114334,0.496778,0.035000,0.000000,1.000000,0.000000,1.000000
13,41,0.184843,0.484599,0.035000,0.000000,1.000000,0.000000,1.000000
13,42,0.257106,0.460210,0.035000,0.000000,1.000000,0.000000,1.000000
13,43,0.359615,0.472353,0.035000,0.000000,1.000000,0.000000,1.000000
13,44,0.475333,0.491389,0.035000,0.000000,1.000000,0.000000,1.000000
13,45,0.547366,0.496158,0.035000,0.000000,1.000000,0.000000,1.000000
13,46,0.625888,0.470558,0.035000,0.000000,1.000000,0.000000,1.000000
13,47,0.744146,0.463822,0.035000,0.000000,1.000000,0.000000,1.000000
13,48,0.842457,0.477762,0.035000,0.000000,1.000000,0.000000,1.000000
13,49,0.910686,0.500736,0.035000,0.000000,1.000000,0.000000,1.000000
13,50,0.086174,0.580059,0.035000,0.000000,1.000000,0.000000,1.000000
13,51,0.223612,0.560178,0.035000,0.000000,1.000000,0.000000,1.000000
13,52,0.294237,0.561582,0.035000,0.000000,1.000000,0.000000,1.000000
13,53,0.369186,0.587893,0.035000,0.000000,1.000000,0.000000,1.000000
13,54,0.468455,0.590138,0.035000,0.000000,1.000000,0.000000,1.000000
13,55,0.586659,0.574167,0.035000,0.000000,1.000000,0.000000,1.000000
13,56,0.655395,0.555377,0.035000,0.000000,1.000000,0.000000,1.000000
13,57,0.737393,0.571820,0.035000,0.000000,1.000000,0.000000,1.000000
13,58,0.853016,0.590965,0.035000,0.000000,1.000000,0.000000,1.000000
13,59,0.961448,0.583701,0.035000,0.000000,1.000000,0.000000,1.000000
13,60,0.070696,0.658142,0.035000,0.000000,1.000000,0.000000,1.000000
13,61,0.162101,0.655679,0.035000,0.000000,1.000000,0.000000,1.000000
13,62,0.296853,0.677035,0.035000,0.000000,1.000000,0.000000,1.000000
13,63,0.366700,0.686682,0.035000,0.000000,1.000000,0.000000,1.000000
13,64,0.446216,0.669353,0.035000,0.000000,1.000000,0.000000,1.000000
13,65,0.541307,0.653326,0.035000,0.000000,1.000000,0.000000,1.000000
13,66,0.662956,0.660499,0.035000,0.000000,1.000000,0.000000,1.000000
13,67,0.729464,0.684817,0.035000,0.000000,1.000000,0.000000,1.000000
13,68,0.809888,0.684552,0.035000,0.000000,1.000000,0.000000,1.000000
13,69,0.925872,0.660528,0.035000,0.000000,1.000000,0.000000,1.000000
13,70,0.124461,0.747146,0.035000,0.000000,1.000000,0.000000,1.000000
13,71,0.192658,0.769359,0.035000,0.000000,1.000000,0.000000,1.000000
13,72,0.271636,0.783020,0.035000,0.000000,1.000000,0.000000,1.000000
13,73,0.406058,0.768519,0.035000,0.000000,1.000000,0.000000,1.000000
13,74,0.477379,0.751961,0.035000,0.000000,1.000000,0.000000,1.000000
13,75,0.557047,0.752803,0.035000,0.000000,1.000000,0.000000,1.000000
13,76,0.650173,0.776651,0.035000,0.000000,1.000000,0.000000,1.000000
13,77,0.774113,0.781603,0.035000,0.000000,1.000000,0.000000,1.000000
13,78,0.841682,0.759992,0.035000,0.000000,1.000000,0.000000,1.000000
13,79,0.917374,0.745119,0.035000,0.000000,1.000000,0.000000,1.000000
13,80,0.096715,0.859253,0.035000,0.000000,1.000000,0.000000,1.000000
13,81,0.196482,0.875826,0.035000,0.000000,1.000000,0.000000,1.000000
13,82,0.270873,0.868538,0.035000,0.000000,1.000000,0.000000,1.000000
13,83,0.344146,0.845846,0.035000,0.000000,1.000000,0.000000,1.000000
13,84,0.479228,0.847311,0.035000,0.000000,1.000000,0.000000,1.000000
13,85,0.554316,0.864281,0.035000,0.000000,1.000000,0.000000,1.000000
13,86,0.629635,0.880229,0.035000,0.000000,1.000000,0.000000,1.000000
13,87,0.723054,0.857956,0.035000,0.000000,1.000000,0.000000,1.000000
13,88,0.853328,0.842763,0.035000,0.000000,1.000000,0.000000,1.000000
13,89,0.922807,0.855674,0.035000,0.000000,1.000000,0.000000,1.000000
14,0,0.103244,0.100539,0.035000,0.000000,1.000000,0.000000,1.000000
14,1,0.173408,0.081216,0.035000,0.000000,1.000000,0.000000,1.000000
14,2,0.262517,0.098140,0.035000,0.000000,1.000000,0.000000,1.000000
14,3,0.382633,0.113883,0.035000,0.000000,1.000000,0.000000,1.000000
14,4,0.468191,0.110464,0.035000,0.000000,1.000000,0.000000,1.000000
14,5,0.538528,0.085114,0.035000,0.000000,1.000000,0.000000,1.000000
14,6,0.627003,0.088775,0.035000,0.000000,1.000000,0.000000,1.000000
14,7,0.752594,0.105301,0.035000,0.000000,1.000000,0.000000,1.000000
14,8,0.824704,0.115464,0.035000,0.000000,1.000000,0.000000,1.000000
14,9,0.906186,0.098681,0.035000,0.000000,1.000000,0.000000,1.000000
14,10,0.108402,0.180636,0.035000,0.000000,1.000000,0.000000,1.000000
14,11,0.215707,0.185424,0.035000,0.000000,1.000000,0.000000,1.000000
14,12,0.283324,0.210078,0.035000,0.000000,1.000000,0.000000,1.000000
14,13,0.370927,0.207044,0.035000,0.000000,1.000000,0.000000,1.000000
14,14,0.491679,0.186275,0.035000,0.000000,1.000000,0.000000,1.000000
14,15,0.576454,0.179904,0.035000,0.000000,1.000000,0.000000,1.000000
14,16,0.651772,0.200564,0.035000,0.000000,1.000000,0.000000,1.000000
14,17,0.736032,0.209454,0.035000,0.000000,1.000000,0.000000,1.000000
14,18,0.870219,0.197247,0.035000,0.000000,1.000000,0.000000,1.000000
14,19,0.944692,0.181442,0.035000,0.000000,1.000000,0.000000,1.000000
14,20,0.061368,0.282345,0.035000,0.000000,1.000000,0.000000,1.000000
14,21,0.181254,0.300504,0.035000,0.000000,1.000000,0.000000,1.000000
14,22,0.291274,0.305270,0.035000,0.000000,1.000000,0.000000,1.000000
14,23,0.359522,0.283758,0.035000,0.000000,1.000000,0.000000,1.000000
14,24,0.441961,0.272887,0.035000,0.000000,1.000000,0.000000,1.000000
14,25,0.564701,0.290134,0.035000,0.000000,1.000000,0.000000,1.000000
14,26,0.649026,0.303281,0.035000,0.000000,1.000000,0.000000,1.000000
14,27,0.728707,0.296455,0.035000,0.000000,1.000000,0.000000,1.000000
14,28,0.809086,0.278002,0.035000,0.000000,1.000000,0.000000,1.000000
14,29,0.943707,0.279682,0.035000,0.000000,1.000000,0.000000,1.000000
14,30,0.102771,0.388702,0.035000,0.000000,1.000000,0.000000,1.000000
14,31,0.186589,0.402642,0.035000,0.000000,1.000000,0.000000,1.000000
14,32,0.290107,0.382488,0.035000,0.000000,1.000000,0.000000,1.000000
14,33,0.399544,0.369389,0.035000,0.000000,1.000000,0.000000,1.000000
14,34,0.472358,0.380253,0.035000,0.000000,1.000000,0.000000,1.000000
14,35,0.551662,0.400802,0.035000,0.000000,1.000000,0.000000,1.000000
14,36,0.673700,0.393509,0.035000,0.000000,1.000000,0.000000,1.000000
14,37,0.760827,0.378839,0.035000,0.000000,1.000000,0.000000,1.000000
14,38,0.838409,0.368984,0.035000,0.000000,1.000000,0.000000,1.000000
14,39,0.918166,0.389822,0.035000,0.000000,1.000000,0.000000,1.000000
14,40,0.112869,0.494713,0.035000,0.000000,1.000000,0.000000,1.000000
14,41,0.182806,0.484262,0.035000,0.000000,1.000000,0.000000,1.000000
14,42,0.258166,0.462277,0.035000,0.000000,1.000000,0.000000,1.000000
14,43,0.362963,0.473532,0.035000,0.000000,1.000000,0.000000,1.000000
14,44,0.471809,0.489140,0.035000,0.000000,1.000000,0.000000,1.000000
14,45,0.545907,0.494682,0.035000,0.000000,1.000000,0.000000,1.000000
14,46,0.628663,0.471584,0.035000,0.000000,1.000000,0.000000,1.000000
14,47,0.746677,0.466195,0.035000,0.000000,1.000000,0.000000,1.000000
14,48,0.838395,0.477040,0.035000,0.000000,1.000000,0.000000,1.000000
14,49,0.910339,0.498853,0.035000,0.000000,1.000000,0.000000,1.000000
14,50,0.089275,0.579251,0.035000,0.000000,1.000000,0.000000,1.000000
14,51,0.221754,0.562239,0.035000,0.000000,1.000000,0.000000,1.000000
14,52,0.292655,0.563098,0.035000,0.000000,1.000000,0.000000,1.000000
14,53,0.370195,0.586627,0.035000,0.000000,1.000000,0.000000,1.000000
14,54,0.471824,0.587904,0.035000,0.000000,1.000000,0.000000,1.000000
14,55,0.583216,0.575534,0.035000,0.000000,1.000000,0.000000,1.000000
14,56,0.653819,0.557093,0.035000,0.000000,1.000000,0.000000,1.000000
14,57,0.740162,0.572179,0.035000,0.000000,1.000000,0.000000,1.000000
14,58,0.855634,0.588670,0.035000,0.000000,1.000000,0.000000,1.000000
14,59,0.958364,0.582372,0.035000,0.000000,1.000000,0.000000,1.000000
14,60,0.068502,0.659970,0.035000,0.000000,1.000000,0.000000,1.000000
14,61,0.165416,0.657649,0.035000,0.000000,1.000000,0.000000,1.000000
14,62,0.294801,0.675655,0.035000,0.000000,1.000000,0.000000,1.000000
14,63,0.365291,0.684710,0.035000,0.000000,1.000000,0.000000,1.000000
14,64,0.447262,0.669329,0.035000,0.000000,1.000000,0.000000,1.000000
14,65,0.544691,0.655736,0.035000,0.000000,1.000000,0.000000,1.000000
14,66,0.659716,0.660551,0.035000,0.000000,1.000000,0.000000,1.000000
14,67,0.727808,0.683528,0.035000,0.000000,1.000000,0.000000,1.000000
14,68,0.812499,0.682959,0.035000,0.000000,1.000000,0.000000,1.000000
14,69,0.928574,0.661842,0.035000,0.000000,1.000000,0.000000,1.000000
14,70,0.120469,0.749133,0.035000,0.000000,1.000000,0.000000,1.000000
14,71,0.191725,0.769106,0.035000,0.000000,1.000000,0.000000,1.000000
14,72,0.275093,0.780732,0.035000,0.000000,1.000000,0.000000,1.000000
14,73,0.405457,0.768329,0.035000,0.000000,1.000000,0.000000,1.000000
14,74,0.474554,0.753995,0.035000,0.000000,1.000000,0.000000,1.000000
14,75,0.558078,0.754072,0.035000,0.000000,1.000000,0.000000,1.000000
14,76,0.653567,0.775013,0.035000,0.000000,1.000000,0.000000,1.000000
14,77,0.771079,0.780191,0.035000,0.000000,1.000000,0.000000,1.000000
14,78,0.840026,0.760295,0.035000,0.000000,1.000000,0.000000,1.000000
14,79,0.919744,0.747334,0.035000,0.000000,1.000000,0.000000,1.000000
14,80,0.099497,0.859437,0.035000,0.000000,1.000000,0.000000,1.000000
14,81,0.192371,0.873380,0.035000,0.000000,1.000000,0.000000,1.000000
14,82,0.270322,0.867545,0.035000,0.000000,1.000000,0.000000,1.000000
14,83,0.347263,0.847706,0.035000,0.000000,1.000000,0.000000,1.000000
14,84,0.480557,0.849205,0.035000,0.000000,1.000000,0.000000,1.000000
14,85,0.549729,0.862726,0.035000,0.000000,1.000000,0.000000,1.000000
14,86,0.630521,0.878264,0.035000,0.000000,1.000000,0.000000,1.000000
14,87,0.726453,0.858178,0.035000,0.000000,1.000000,0.000000,1.000000
14,88,0.850670,0.844824,0.035000,0.000000,1.000000,0.000000,1.000000
14,89,0.921688,0.856814,0.035000,0.000000,1.000000,0.000000,1.000000
15,0,0.098883,0.102959,0.035000,0.000000,1.000000,0.000000,1.000000
15,1,0.172745,0.082737,0.035000,0.000000,1.000000,0.000000,1.000000
15,2,0.266252,0.097148,0.035000,0.000000,1.000000,0.000000,1.000000
15,3,0.383589,0.111393,0.035000,0.000000,1.000000,0.000000,1.000000
15,4,0.463977,0.110752,0.035000,0.000000,1.000000,0.000000,1.000000
15,5,0.539440,0.087267,0.035000,0.000000,1.000000,0.000000,1.000000
15,6,0.630266,0.089798,0.035000,0.000000,1.000000,0.000000,1.000000
15,7,0.748988,0.102754,0.035000,0.000000,1.000000,0.000000,1.000000
15,8,0.823481,0.114104,0.035000,0.000000,1.000000,0.000000,1.000000
15,9,0.908828,0.100003,0.035000,0.000000,1.000000,0.000000,1.000000
15,10,0.110960,0.183014,0.035000,0.000000,1.000000,0.000000,1.000000
15,11,0.211409,0.184306,0.035000,0.000000,1.000000,0.000000,1.000000
15,12,0.282606,0.208148,0.035000,0.000000,1.000000,0.000000,1.000000
15,13,0.374577,0.206551,0.035000,0.000000,1.000000,0.000000,1.000000
15,14,0.492759,0.188556,0.035000,0.000000,1.000000,0.000000,1.000000
15,15,0.572125,0.181275,0.035000,0.000000,1.000000,0.000000,1.000000
15,16,0.652690,0.199063,0.035000,0.000000,1.000000,0.000000,1.000000
15,17,0.739309,0.207252,0.035000,0.000000,1.000000,0.000000,1.000000
15,18,0.869496,0.198036,0.035000,0.000000,1.000000,0.000000,1.000000
15,19,0.941616,0.183959,0.035000,0.000000,1.000000,0.000000,1.000000
15,20,0.062946,0.282560,0.035000,0.000000,1.000000,0.000000,1.000000
15,21,0.183892,0.298073,0.035000,0.000000,1.000000,0.000000,1.000000
15,22,0.287249,0.304593,0.035000,0.000000,1.000000,0.000000,1.000000
15,23,0.358623,0.285378,0.035000,0.000000,1.000000,0.000000,1.000000
15,24,0.445443,0.274683,0.035000,0.000000,1.000000,0.000000,1.000000
15,25,0.565903,0.288960,0.035000,0.000000,1.000000,0.000000,1.000000
15,26,0.644534,0.300770,0.035000,0.000000,1.000000,0.000000,1.000000
15,27,0.729686,0.296734,0.035000,0.000000,1.000000,0.000000,1.000000
15,28,0.812371,0.280518,0.035000,0.000000,1.000000,0.000000,1.000000
15,29,0.943110,0.280483,0.035000,0.000000,1.000000,0.000000,1.000000
15,30,0.098673,0.386231,0.035000,0.000000,1.000000,0.000000,1.000000
15,31,0.189030,0.401240,0.035000,0.000000,1.000000,0.000000,1.000000
15,32,0.292820,0.384015,0.035000,0.000000,1.000000,0.000000,1.000000
15,33,0.395444,0.371513,0.035000,0.000000,1.000000,0.000000,1.000000
15,34,0.471535,0.379651,0.035000,0.000000,1.000000,0.000000,1.000000
15,35,0.555068,0.398418,0.035000,0.000000,1.000000,0.000000,1.000000
15,36,0.675022,0.393115,0.035000,0.000000,1.000000,0.000000,1.000000
15,37,0.756316,0.381546,0.035000,0.000000,1.000000,0.000000,1.000000
15,38,0.839311,0.369993,0.035000,0.000000,1.000000,0.000000,1.000000
15,39,0.921454,0.387982,0.035000,0.000000,1.000000,0.000000,1.000000
15,40,0.109687,0.493094,0.035000,0.000000,1.000000,0.000000,1.000000
15,41,0.181561,0.485061,0.035000,0.000000,1.000000,0.000000,1.000000
15,42,0.260311,0.464511,0.035000,0.000000,1.000000,0.000000,1.000000
15,43,0.365748,0.473509,0.035000,0.000000,1.000000,0.000000,1.000000
15,44,0.467582,0.486339,0.035000,0.000000,1.000000,0.000000,1.000000
15,45,0.545070,0.494100,0.035000,0.000000,1.000000,0.000000,1.000000
15,46,0.632139,0.473610,0.035000,0.000000,1.000000,0.000000,1.000000
15,47,0.748117,0.468003,0.035000,0.000000,1.000000,0.000000,1.000000
15,48,0.834023,0.475186,0.035000,0.000000,1.000000,0.000000,1.000000
15,49,0.911012,0.496969,0.035000,0.000000,1.000000,0.000000,1.000000
15,50,0.092560,0.579691,0.035000,0.000000,1.000000,0.000000,1.000000
15,51,0.218693,0.564717,0.035000,0.000000,1.000000,0.000000,1.000000
15,52,0.291313,0.563560,0.035000,0.000000,1.000000,0.000000,1.000000
15,53,0.372292,0.584485,0.035000,0.000000,1.000000,0.000000,1.000000
15,54,0.474675,0.586413,0.035000,0.000000,1.000000,0.000000,1.000000
15,55,0.579051,0.577925,0.035000,0.000000,1.000000,0.000000,1.000000
15,56,0.652836,0.558633,0.035000,0.000000,1.000000,0.000000,1.000000
15,57,0.743655,0.571288,0.035000,0.000000,1.000000,0.000000,1.000000
15,58,0.857191,0.586161,0.035000,0.000000,1.000000,0.000000,1.000000
15,59,0.954790,0.582215,0.035000,0.000000,1.000000,0.000000,1.000000
15,60,0.067570,0.662470,0.035000,0.000000,1.000000,0.000000,1.000000
15,61,0.168926,0.658728,0.035000,0.000000,1.000000,0.000000,1.000000
15,62,0.291669,0.673261,0.035000,0.000000,1.000000,0.000000,1.000000
15,63,0.363975,0.683192,0.035000,0.000000,1.000000,0.000000,1.000000
15,64,0.449383,0.670542,0.035000,0.000000,1.000000,0.000000,1.000000
15,65,0.547605,0.658154,0.035000,0.000000,1.000000,0.000000,1.000000
15,66,0.655716,0.659508,0.035000,0.000000,1.000000,0.000000,1.000000
15,67,0.726708,0.681632,0.035000,0.000000,1.000000,0.000000,1.000000
15,68,0.815876,0.682371,0.035000,0.000000,1.000000,0.000000,1.000000
15,69,0.930243,0.664067,0.035000,0.000000,1.000000,0.000000,1.000000
15,70,0.116092,0.750498,0.035000,0.000000,1.000000,0.000000,1.000000
15,71,0.191833,0.767654,0.035000,0.000000,1.000000,0.000000,1.000000
15,72,0.278765,0.778617,0.035000,0.000000,1.000000,0.000000,1.000000
15,73,0.402295,0.769677,0.035000,0.000000,1.000000,0.000000,1.000000
15,74,0.473273,0.756021,0.035000,0.000000,1.000000,0.000000,1.000000
15,75,0.560177,0.754235,0.035000,0.000000,1.000000,0.000000,1.000000
15,76,0.656539,0.772619,0.035000,0.000000,1.000000,0.000000,1.000000
15,77,0.767250,0.779508,0.035000,0.000000,1.000000,0.000000,1.000000
15,78,0.838880,0.761759,0.035000,0.000000,1.000000,0.000000,1.000000
15,79,0.922934,0.749181,0.035000,0.000000,1.000000,0.000000,1.000000
15,80,0.101277,0.858372,0.035000,0.000000,1.000000,0.000000,1.000000
15,81,0.187862,0.870848,0.035000,0.000000,1.000000,0.000000,1.000000
15,82,0.270722,0.867741,0.035000,0.000000,1.000000,0.000000,1.000000
15,83,0.350685,0.850156,0.035000,0.000000,1.000000,0.000000,1.000000
15,84,0.477850,0.849592,0.035000,0.000000,1.000000,0.000000,1.000000
15,85,0.548115,0.860788,0.035000,0.000000,1.000000,0.000000,1.000000
15,86,0.632487,0.876832,0.035000,0.000000,1.000000,0.000000,1.000000
15,87,0.729478,0.859606,0.035000,0.000000,1.000000,0.000000,1.000000
15,88,0.847159,0.846832,0.035000,0.000000,1.000000,0.000000,1.000000
15,89,0.920949,0.856645,0.035000,0.000000,1.000000,0.000000,1.000000
16,0,0.094223,0.106009,0.035000,0.000000,1.000000,0.000000,1.000000
16,1,0.173117,0.083498,0.035000,0.000000,1.000000,0.000000,1.000000
16,2,0.270119,0.095101,0.035000,0.000000,1.000000,0.000000,1.000000
16,3,0.383277,0.109327,0.035000,0.000000,1.000000,0.000000,1.000000
16,4,0.460015,0.112222,0.035000,0.000000,1.000000,0.000000,1.000000
16,5,0.541447,0.089534,0.035000,0.000000,1.000000,0.000000,1.000000
16,6,0.633077,0.089618,0.035000,0.000000,1.000000,0.000000,1.000000
16,7,0.744677,0.099731,0.035000,0.000000,1.000000,0.000000,1.000000
16,8,0.822752,0.113656,0.035000,0.000000,1.000000,0.000000,1.000000
16,9,0.912230,0.102266,0.035000,0.000000,1.000000,0.000000,1.000000
16,10,0.112506,0.184783,0.035000,0.000000,1.000000,0.000000,1.000000
16,11,0.206771,0.182115,0.035000,0.000000,1.000000,0.000000,1.000000
16,12,0.282898,0.206267,0.035000,0.000000,1.000000,0.000000,1.000000
16,13,0.378412,0.207276,0.035000,0.000000,1.000000,0.000000,1.000000
16,14,0.492574,0.191192,0.035000,0.000000,1.000000,0.000000,1.000000
16,15,0.568019,0.181574,0.035000,0.000000,1.000000,0.000000,1.000000
16,16,0.654694,0.196744,0.035000,0.000000,1.000000,0.000000,1.000000
16,17,0.742180,0.205829,0.035000,0.000000,1.000000,0.000000,1.000000
16,18,0.867635,0.199929,0.035000,0.000000,1.000000,0.000000,1.000000
16,19,0.939262,0.186137,0.035000,0.000000,1.000000,0.000000,1.000000
16,20,0.065460,0.281536,0.035000,0.000000,1.000000,0.000000,1.000000
16,21,0.185548,0.295487,0.035000,0.000000,1.000000,0.000000,1.000000
16,22,0.282813,0.305019,0.035000,0.000000,1.000000,0.000000,1.000000
16,23,0.358727,0.287673,0.035000,0.000000,1.000000,0.000000,1.000000
16,24,0.449174,0.275577,0.035000,0.000000,1.000000,0.000000,1.000000
16,25,0.565845,0.286791,0.035000,0.000000,1.000000,0.000000,1.000000
16,26,0.640243,0.298802,0.035000,0.000000,1.000000,0.000000,1.000000
16,27,0.731731,0.298209,0.035000,0.000000,1.000000,0.000000,1.000000
16,28,0.815298,0.282983,0.035000,0.000000,1.000000,0.000000,1.000000
16,29,0.941355,0.280056,0.035000,0.000000,1.000000,0.000000,1.000000
16,30,0.095399,0.383361,0.035000,0.000000,1.000000,0.000000,1.000000
16,31,0.192296,0.400849,0.035000,0.000000,1.000000,0.000000,1.000000
16,32,0.294585,0.386402,0.035000,0.000000,1.000000,0.000000,1.000000
16,33,0.390917,0.372953,0.035000,0.000000,1.000000,0.000000,1.000000
16,34,0.471668,0.377906,0.035000,0.000000,1.000000,0.000000,1.000000
16,35,0.558773,0.396265,0.035000,0.000000,1.000000,0.000000,1.000000
16,36,0.675092,0.393963,0.035000,0.000000,1.000000,0.000000,1.000000
16,37,0.751963,0.384446,0.035000,0.000000,1.000000,0.000000,1.000000
16,38,0.841278,0.369904,0.035000,0.000000,1.000000,0.000000,1.000000
16,39,0.924433,0.385444,0.035000,0.000000,1.000000,0.000000,1.000000
16,40,0.105730,0.492274,0.035000,0.000000,1.000000,0.000000,1.000000
16,41,0.180668,0.486938,0.035000,0.000000,1.000000,0.000000,1.000000
16,42,0.263340,0.466332,0.035000,0.000000,1.000000,0.000000,1.000000
16,43,0.367618,0.472261,0.035000,0.000000,1.000000,0.000000,1.000000
16,44,0.462920,0.483547,0.035000,0.000000,1.000000,0.000000,1.000000
16,45,0.545153,0.494670,0.035000,0.000000,1.000000,0.000000,1.000000
16,46,0.635941,0.476169,0.035000,0.000000,1.000000,0.000000,1.000000
16,47,0.748315,0.468808,0.035000,0.000000,1.000000,0.000000,1.000000
16,48,0.829743,0.472482,0.035000,0.000000,1.000000,0.000000,1.000000
16,49,0.912769,0.495650,0.035000,0.000000,1.000000,0.000000,1.000000
16,50,0.095586,0.581304,0.035000,0.000000,1.000000,0.000000,1.000000
16,51,0.214839,0.567037,0.035000,0.000000,1.000000,0.000000,1.000000
16,52,0.290289,0.562798,0.035000,0.000000,1.000000,0.000000,1.000000
16,53,0.375292,0.581991,0.035000,0.000000,1.000000,0.000000,1.000000
16,54,0.476649,0.586032,0.035000,0.000000,1.000000,0.000000,1.000000
16,55,0.574416,0.580986,0.035000,0.000000,1.000000,0.000000,1.000000
16,56,0.652756,0.559465,0.035000,0.000000,1.000000,0.000000,1.000000
16,57,0.747506,0.569313,0.035000,0.000000,1.000000,0.000000,1.000000
16,58,0.857515,0.584018,0.035000,0.000000,1.000000,0.000000,1.000000
16,59,0.951147,0.583294,0.035000,0.000000,1.000000,0.000000,1.000000
16,60,0.067944,0.665090,0.035000,0.000000,1.000000,0.000000,1.000000
16,61,0.172190,0.658629,0.035000,0.000000,1.000000,0.000000,1.000000
16,62,0.287758,0.670327,0.035000,0.000000,1.000000,0.000000,1.000000
16,63,0.362924,0.682560,0.035000,0.000000,1.000000,0.000000,1.000000
16,64,0.452414,0.672734,0.035000,0.000000,1.000000,0.000000,1.000000
16,65,0.549678,0.660015,0.035000,0.000000,1.000000,0.000000,1.000000
16,66,0.651199,0.657382,0.035000,0.000000,1.000000,0.000000,1.000000
16,67,0.726489,0.679720,0.035000,0.000000,1.000000,0.000000,1.000000
16,68,0.819663,0.682990,0.035000,0.000000,1.000000,0.000000,1.000000
16,69,0.930695,0.666704,0.035000,0.000000,1.000000,0.000000,1.000000
16,70,0.111721,0.750837,0.035000,0.000000,1.000000,0.000000,1.000000
16,71,0.193074,0.765345,0.035000,0.000000,1.000000,0.000000,1.000000
16,72,0.282216,0.777213,0.035000,0.000000,1.000000,0.000000,1.000000
16,73,0.398364,0.772055,0.035000,0.000000,1.000000,0.000000,1.000000
16,74,0.472201,0.757841,0.035000,0.000000,1.000000,0.000000,1.000000
16,75,0.563198,0.753181,0.035000,0.000000,1.000000,0.000000,1.000000
16,76,0.658708,0.770010,0.035000,0.000000,1.000000,0.000000,1.000000
16,77,0.762857,0.779891,0.035000,0.000000,1.000000,0.000000,1.000000
16,78,0.838580,0.763960,0.035000,0.000000,1.000000,0.000000,1.000000
16,79,0.926595,0.750169,0.035000,0.000000,1.000000,0.000000,1.000000
16,80,0.101854,0.856278,0.035000,0.000000,1.000000,0.000000,1.000000
16,81,0.183338,0.868802,0.035000,0.000000,1.000000,0.000000,1.000000
16,82,0.272190,0.869140,0.035000,0.000000,1.000000,0.000000,1.000000
16,83,0.353971,0.852622,0.035000,0.000000,1.000000,0.000000,1.000000
16,84,0.474074,0.848795,0.035000,0.000000,1.000000,0.000000,1.000000
16,85,0.546949,0.858371,0.035000,0.000000,1.000000,0.000000,1.000000
16,86,0.635400,0.876369,0.035000,0.000000,1.000000,0.000000,1.000000
16,87,0.731740,0.861935,0.035000,0.000000,1.000000,0.000000,1.000000
16,88,0.843016,0.848229,0.035000,0.000000,1.000000,0.000000,1.000000
16,89,0.920955,0.855265,0.035000,0.000000,1.000000,0.000000,1.000000
17,0,0.089655,0.109162,0.035000,0.000000,1.000000,0.000000,1.000000
17,1,0.174602,0.083171,0.035000,0.000000,1.000000,0.000000,1.000000
17,2,0.273687,0.092414,0.035000,0.000000,1.000000,0.000000,1.000000
17,3,0.381767,0.108165,0.035000,0.000000,1.000000,0.000000,1.000000
17,4,0.456711,0.114657,0.035000,0.000000,1.000000,0.000000,1.000000
17,5,0.544380,0.091339,0.035000,0.000000,1.000000,0.000000,1.000000
17,6,0.635060,0.088231,0.035000,0.000000,1.000000,0.000000,1.000000
17,7,0.739896,0.096792,0.035000,0.000000,1.000000,0.000000,1.000000
17,8,0.822850,0.114362,0.035000,0.000000,1.000000,0.000000,1.000000
17,9,0.916039,0.104993,0.035000,0.000000,1.000000,0.000000,1.000000
17,10,0.112851,0.185520,0.035000,0.000000,1.000000,0.000000,1.000000
17,11,0.202179,0.179142,0.035000,0.000000,1.000000,0.000000,1.000000
17,12,0.284295,0.204992,0.035000,0.000000,1.000000,0.000000,1.000000
17,13,0.382000,0.209131,0.035000,0.000000,1.000000,0.000000,1.000000
17,14,0.491177,0.193603,0.035000,0.000000,1.000000,0.000000,1.000000
17,15,0.564544,0.180659,0.035000,0.000000,1.000000,0.000000,1.000000
17,16,0.657634,0.194137,0.035000,0.000000,1.000000,0.000000,1.000000
17,17,0.744261,0.205536,0.035000,0.000000,1.000000,0.000000,1.000000
17,18,0.864918,0.202540,0.035000,0.000000,1.000000,0.000000,1.000000
17,19,0.937934,0.187472,0.035000,0.000000,1.000000,0.000000,1.000000
17,20,0.068545,0.279457,0.035000,0.000000,1.000000,0.000000,1.000000
17,21,0.186020,0.293323,0.035000,0.000000,1.000000,0.000000,1.000000
17,22,0.278353,0.306602,0.035000,0.000000,1.000000,0.000000,1.000000
17,23,0.359944,0.290077,0.035000,0.000000,1.000000,0.000000,1.000000
17,24,0.452721,0.275295,0.035000,0.000000,1.000000,0.000000,1.000000
17,25,0.564564,0.284079,0.035000,0.000000,1.000000,0.000000,1.000000
17,26,0.636561,0.297824,0.035000,0.000000,1.000000,0.000000,1.000000
17,27,0.734712,0.300608,0.035000,0.000000,1.000000,0.000000,1.000000
17,28,0.817475,0.284842,0.035000,0.000000,1.000000,0.000000,1.000000
17,29,0.938709,0.278454,0.035000,0.000000,1.000000,0.000000,1.000000
17,30,0.093246,0.380664,0.035000,0.000000,1.000000,0.000000,1.000000
17,31,0.196053,0.401655,0.035000,0.000000,1.000000,0.000000,1.000000
17,32,0.295182,0.389141,0.035000,0.000000,1.000000,0.000000,1.000000
17,33,0.386337,0.373322,0.035000,0.000000,1.000000,0.000000,1.000000
17,34,0.472888,0.375371,0.035000,0.000000,1.000000,0.000000,1.000000
17,35,0.562346,0.394870,0.035000,0.000000,1.000000,0.000000,1.000000
17,36,0.673929,0.395910,0.035000,0.000000,1.000000,0.000000,1.000000
17,37,0.748179,0.386965,0.035000,0.000000,1.000000,0.000000,1.000000
17,38,0.844196,0.368626,0.035000,0.000000,1.000000,0.000000,1.000000
17,39,0.926702,0.382752,0.035000,0.000000,1.000000,0.000000,1.000000
17,40,0.101189,0.492568,0.035000,0.000000,1.000000,0.000000,1.000000
17,41,0.180500,0.489462,0.035000,0.000000,1.000000,0.000000,1.000000
17,42,0.266925,0.467260,0.035000,0.000000,1.000000,0.000000,1.000000
17,43,0.368340,0.470024,0.035000,0.000000,1.000000,0.000000,1.000000
17,44,0.458187,0.481324,0.035000,0.000000,1.000000,0.000000,1.000000
17,45,0.546307,0.496391,0.035000,0.000000,1.000000,0.000000,1.000000
17,46,0.639641,0.478686,0.035000,0.000000,1.000000,0.000000,1.000000
17,47,0.747271,0.468393,0.035000,0.000000,1.000000,0.000000,1.000000
17,48,0.825972,0.469402,0.035000,0.000000,1.000000,0.000000,1.000000
17,49,0.915512,0.495316,0.035000,0.000000,1.000000,0.000000,1.000000
17,50,0.097943,0.583771,0.035000,0.000000,1.000000,0.000000,1.000000
17,51,0.210371,0.568658,0.035000,0.000000,1.000000,0.000000,1.000000
17,52,0.289965,0.560915,0.035000,0.000000,1.000000,0.000000,1.000000
17,53,0.378881,0.579729,0.035000,0.000000,1.000000,0.000000,1.000000
17,54,0.477494,0.586886,0.035000,0.000000,1.000000,0.000000,1.000000
17,55,0.569667,0.584201,0.035000,0.000000,1.000000,0.000000,1.000000
17,56,0.653746,0.559236,0.035000,0.000000,1.000000,0.000000,1.000000
17,57,0.751294,0.566650,0.035000,0.000000,1.000000,0.000000,1.000000
17,58,0.856593,0.582738,0.035000,0.000000,1.000000,0.000000,1.000000
17,59,0.947869,0.585413,0.035000,0.000000,1.000000,0.000000,1.000000
17,60,0.069510,0.667254,0.035000,0.000000,1.000000,0.000000,1.000000
17,61,0.174800,0.657319,0.035000,0.000000,1.000000,0.000000,1.000000
17,62,0.283226,0.667406,0.035000,0.000000,1.000000,0.000000,1.000000
17,63,0.362533,0.683079,0.035000,0.000000,1.000000,0.000000,1.000000
17,64,0.456056,0.675445,0.035000,0.000000,1.000000,0.000000,1.000000
17,65,0.550645,0.660879,0.035000,0.000000,1.000000,0.000000,1.000000
17,66,0.646513,0.654439,0.035000,0.000000,1.000000,0.000000,1.000000
17,67,0.727334,0.678362,0.035000,0.000000,1.000000,0.000000,1.000000
17,68,0.823442,0.684757,0.035000,0.000000,1.000000,0.000000,1.000000
17,69,0.929895,0.669175,0.035000,0.000000,1.000000,0.000000,1.000000
17,70,0.107775,0.749976,0.035000,0.000000,1.000000,0.000000,1.000000
17,71,0.195377,0.762696,0.035000,0.000000,1.000000,0.000000,1.000000
17,72,0.285033,0.776895,0.035000,0.000000,1.000000,0.000000,1.000000
17,73,0.393804,0.775113,0.035000,0.000000,1.000000,0.000000,1.000000
17,74,0.471747,0.758925,0.035000,0.000000,1.000000,0.000000,1.000000
17,75,0.566857,0.751065,0.035000,0.000000,1.000000,0.000000,1.000000
17,76,0.659795,0.767768,0.035000,0.000000,1.000000,0.000000,1.000000
17,77,0.758241,0.781428,0.035000,0.000000,1.000000,0.000000,1.000000
17,78,0.839327,0.766339,0.035000,0.000000,1.000000,0.000000,1.000000
17,79,0.930310,0.750002,0.035000,0.000000,1.000000,0.000000,1.000000
17,80,0.101178,0.853588,0.035000,0.000000,1.000000,0.000000,1.000000
17,81,0.179213,0.867707,0.035000,0.000000,1.000000,0.000000,1.000000
17,82,0.274684,0.871496,0.035000,0.000000,1.000000,0.000000,1.000000
17,83,0.356696,0.854540,0.035000,0.000000,1.000000,0.000000,1.000000
17,84,0.469634,0.846879,0.035000,0.000000,1.000000,0.000000,1.000000
17,85,0.546368,0.856002,0.035000,0.000000,1.000000,0.000000,1.000000
17,86,0.638990,0.877089,0.035000,0.000000,1.000000,0.000000,1.000000
17,87,0.732946,0.864674,0.035000,0.000000,1.000000,0.000000,1.000000
17,88,0.838579,0.848607,0.035000,0.000000,1.000000,0.000000,1.000000
17,89,0.921931,0.853009,0.035000,0.000000,1.000000,0.000000,1.000000
18,0,0.085591,0.111853,0.035000,0.000000,1.000000,0.000000,1.000000
18,1,0.177115,0.081680,0.035000,0.000000,1.000000,0.000000,1.000000
18,2,0.276553,0.089635,0.035000,0.000000,1.000000,0.000000,1.000000
18,3,0.379280,0.108194,0.035000,0.000000,1.000000,0.000000,1.000000
18,4,0.454402,0.117626,0.035000,0.000000,1.000000,0.000000,1.000000
18,5,0.547938,0.092215,0.035000,0.000000,1.000000,0.000000,1.000000
18,6,0.635950,0.085891,0.035000,0.000000,1.000000,0.000000,1.000000
18,7,0.734986,0.094486,0.035000,0.000000,1.000000,0.000000,1.000000
18,8,0.823965,0.116202,0.035000,0.000000,1.000000,0.000000,1.000000
18,9,0.919835,0.107611,0.035000,0.000000,1.000000,0.000000,1.000000
18,10,0.111961,0.185028,0.035000,0.000000,1.000000,0.000000,1.000000
18,11,0.198046,0.175868,0.035000,0.000000,1.000000,0.000000,1.000000
18,12,0.286732,0.204730,0.035000,0.000000,1.000000,0.000000,1.000000
18,13,0.384934,0.211781,0.035000,0.000000,1.000000,0.000000,1.000000
18,14,0.488775,0.195260,0.035000,0.000000,1.000000,0.000000,1.000000
18,15,0.562043,0.178650,0.035000,0.000000,1.000000,0.000000,1.000000
18,16,0.661222,0.191823,0.035000,0.000000,1.000000,0.000000,1.000000
18,17,0.745274,0.206478,0.035000,0.000000,1.000000,0.000000,1.000000
18,18,0.861730,0.205333,0.035000,0.000000,1.000000,0.000000,1.000000
18,19,0.937806,0.187644,0.035000,0.000000,1.000000,0.000000,1.000000
18,20,0.071769,0.276733,0.035000,0.000000,1.000000,0.000000,1.000000
18,21,0.185253,0.292064,0.035000,0.000000,1.000000,0.000000,1.000000
18,22,0.274283,0.309138,0.035000,0.000000,1.000000,0.000000,1.000000
18,23,0.362224,0.292013,0.035000,0.000000,1.000000,0.000000,1.000000
18,24,0.455668,0.273824,0.035000,0.000000,1.000000,0.000000,1.000000
18,25,0.562250,0.281389,0.035000,0.000000,1.000000,0.000000,1.000000
18,26,0.633838,0.298070,0.035000,0.000000,1.000000,0.000000,1.000000
18,27,0.738359,0.303462,0.035000,0.000000,1.000000,0.000000,1.000000
18,28,0.818608,0.285668,0.035000,0.000000,1.000000,0.000000,1.000000
18,29,0.935546,0.275976,0.035000,0.000000,1.000000,0.000000,1.000000
18,30,0.092385,0.378680,0.035000,0.000000,1.000000,0.000000,1.000000
18,31,0.199891,0.403578,0.035000,0.000000,1.000000,0.000000,1.000000
18,32,0.294541,0.391656,0.035000,0.000000,1.000000,0.000000,1.000000
18,33,0.382118,0.372472,0.035000,0.000000,1.000000,0.000000,1.000000
18,34,0.475166,0.372565,0.035000,0.000000,1.000000,0.000000,1.000000
18,35,0.565363,0.394589,0.035000,0.000000,1.000000,0.000000,1.000000
18,36,0.671706,0.398575,0.035000,0.000000,1.000000,0.000000,1.000000
18,37,0.745322,0.388606,0.035000,0.000000,1.000000,0.000000,1.000000
18,38,0.847813,0.366327,0.035000,0.000000,1.000000,0.000000,1.000000
18,39,0.927954,0.380482,0.035000,0.000000,1.000000,0.000000,1.000000
18,40,0.096381,0.494037,0.035000,0.000000,1.000000,0.000000,1.000000
18,41,0.181298,0.492075,0.035000,0.000000,1.000000,0.000000,1.000000
18,42,0.270658,0.467016,0.035000,0.000000,1.000000,0.000000,1.000000
18,43,0.367824,0.467243,0.035000,0.000000,1.000000,0.000000,1.000000
18,44,0.453789,0.480114,0.035000,0.000000,1.000000,0.000000,1.000000
18,45,0.548521,0.499006,0.035000,0.000000,1.000000,0.000000,1.000000
18,46,0.642818,0.480604,0.035000,0.000000,1.000000,0.000000,1.000000
18,47,0.745143,0.466801,0.035000,0.000000,1.000000,0.000000,1.000000
18,48,0.823079,0.466510,0.035000,0.000000,1.000000,0.000000,1.000000
18,49,0.918998,0.496165,0.035000,0.000000,1.000000,0.000000,1.000000
18,50,0.099313,0.586591,0.035000,0.000000,1.000000,0.000000,1.000000
18,51,0.205593,0.569194,0.035000,0.000000,1.000000,0.000000,1.000000
18,52,0.290597,0.558254,0.035000,0.000000,1.000000,0.000000,1.000000
18,53,0.382658,0.578226,0.035000,0.000000,1.000000,0.000000,1.000000
18,54,0.477105,0.588840,0.035000,0.000000,1.000000,0.000000,1.000000
18,55,0.565209,0.587005,0.035000,0.000000,1.000000,0.000000,1.000000
18,56,0.655812,0.557842,0.035000,0.000000,1.000000,0.000000,1.000000
18,57,0.754595,0.563837,0.035000,0.000000,1.000000,0.000000,1.000000
18,58,0.854563,0.582630,0.035000,0.000000,1.000000,0.000000,1.000000
18,59,0.945348,0.588154,0.035000,0.000000,1.000000,0.000000,1.000000
18,60,0.072012,0.668488,0.035000,0.000000,1.000000,0.000000,1.000000
18,61,0.176428,0.655024,0.035000,0.000000,1.000000,0.000000,1.000000
18,62,0.278364,0.665057,0.035000,0.000000,1.000000,0.000000,1.000000
18,63,0.363073,0.684756,0.035000,0.000000,1.000000,0.000000,1.000000
18,64,0.459919,0.678108,0.035000,0.000000,1.000000,0.000000,1.000000
18,65,0.550384,0.660521,0.035000,0.000000,1.000000,0.000000,1.000000
18,66,0.642062,0.651143,0.035000,0.000000,1.000000,0.000000,1.000000
18,67,0.729266,0.677984,0.035000,0.000000,1.000000,0.000000,1.000000
18,68,0.826783,0.687362,0.035000,0.000000,1.000000,0.000000,1.000000
18,69,0.927966,0.670940,0.035000,0.000000,1.000000,0.000000,1.000000
18,70,0.104636,0.748006,0.035000,0.000000,1.000000,0.000000,1.000000
18,71,0.198524,0.760287,0.035000,0.000000,1.000000,0.000000,1.000000
18,72,0.286881,0.777798,0.035000,0.000000,1.000000,0.000000,1.000000
18,73,0.388888,0.778339,0.035000,0.000000,1.000000,0.000000,1.000000
18,74,0.472198,0.758923,0.035000,0.000000,1.000000,0.000000,1.000000
18,75,0.570772,0.748271,0.035000,0.000000,1.000000,0.000000,1.000000
18,76,0.659662,0.766389,0.035000,0.000000,1.000000,0.000000,1.000000
18,77,0.753804,0.783940,0.035000,0.000000,1.000000,0.000000,1.000000
18,78,0.841163,0.768314,0.035000,0.000000,1.000000,0.000000,1.000000
18,79,0.933646,0.748637,0.035000,0.000000,1.000000,0.000000,1.000000
18,80,0.099354,0.850860,0.035000,0.000000,1.000000,0.000000,1.000000
18,81,0.175873,0.867824,0.035000,0.000000,1.000000,0.000000,1.000000
18,82,0.278008,0.874359,0.035000,0.000000,1.000000,0.000000,1.000000
18,83,0.358511,0.855465,0.035000,0.000000,1.000000,0.000000,1.000000
18,84,0.464795,0.844109,0.035000,0.000000,1.000000,0.000000,1.000000
18,85,0.546673,0.854239,0.035000,0.000000,1.000000,0.000000,1.000000
18,86,0.642885,0.878941,0.035000,0.000000,1.000000,0.000000,1.000000
18,87,0.732941,0.867248,0.035000,0.000000,1.000000,0.000000,1.000000
18,88,0.834250,0.847785,0.035000,0.000000,1.000000,0.000000,1.000000
18,89,0.923949,0.850392,0.035000,0.000000,1.000000,0.000000,1.000000
19,0,0.082402,0.113600,0.035000,0.000000,1.000000,0.000000,1.000000
19,1,0.180423,0.079210,0.035000,0.000000,1.000000,0.000000,1.000000
19,2,0.278398,0.087335,0.035000,0.000000,1.000000,0.000000,1.000000
19,3,0.376160,0.109444,0.035000,0.000000,1.000000,0.000000,1.000000
19,4,0.453311,0.120577,0.035000,0.000000,1.000000,0.000000,1.000000
19,5,0.551729,0.091904,0.035000,0.000000,1.000000,0.000000,1.000000
19,6,0.635622,0.083053,0.035000,0.000000,1.000000,0.000000,1.000000
19,7,0.730345,0.093244,0.035000,0.000000,1.000000,0.000000,1.000000
19,8,0.826127,0.118901,0.035000,0.000000,1.000000,0.000000,1.000000
19,9,0.923189,0.109571,0.035000,0.000000,1.000000,0.000000,1.000000
19,10,0.109955,0.183370,0.035000,0.000000,1.000000,0.000000,1.000000
19,11,0.194750,0.172855,0.035000,0.000000,1.000000,0.000000,1.000000
19,12,0.289993,0.205657,0.035000,0.000000,1.000000,0.000000,1.000000
19,13,0.386879,0.214722,0.035000,0.000000,1.000000,0.000000,1.000000
19,14,0.485698,0.195794,0.035000,0.000000,1.000000,0.000000,1.000000
19,15,0.560752,0.175905,0.035000,0.000000,1.000000,0.000000,1.000000
19,16,0.665077,0.190316,0.035000,0.000000,1.000000,0.000000,1.000000
19,17,0.745075,0.208499,0.035000,0.000000,1.000000,0.000000,1.000000
19,18,0.858511,0.207733,0.035000,0.000000,1.000000,0.000000,1.000000
19,19,0.938898,0.186580,0.035000,0.000000,1.000000,0.000000,1.000000
19,20,0.074685,0.273908,0.035000,0.000000,1.000000,0.000000,1.000000
19,21,0.183352,0.292001,0.035000,0.000000,1.000000,0.000000,1.000000
19,22,0.270991,0.312205,0.035000,0.000000,1.000000,0.000000,1.000000
19,23,0.365366,0.293015,0.035000,0.000000,1.000000,0.000000,1.000000
19,24,0.457671,0.271406,0.035000,0.000000,1.000000,0.000000,1.000000
19,25,0.559221,0.279280,0.035000,0.000000,1.000000,0.000000,1.000000
19,26,0.632321,0.299518,0.035000,0.000000,1.000000,0.000000,1.000000
19,27,0.742301,0.306204,0.035000,0.000000,1.000000,0.000000,1.000000
19,28,0.818540,0.285258,0.035000,0.000000,1.000000,0.000000,1.000000
19,29,0.932303,0.273110,0.035000,0.000000,1.000000,0.000000,1.000000
19,30,0.092839,0.377802,0.035000,0.000000,1.000000,0.000000,1.000000
19,31,0.203380,0.406296,0.035000,0.000000,1.000000,0.000000,1.000000
19,32,0.292747,0.393415,0.035000,0.000000,1.000000,0.000000,1.000000
19,33,0.378650,0.370516,0.035000,0.000000,1.000000,0.000000,1.000000
19,34,0.478318,0.370067,0.035000,0.000000,1.000000,0.000000,1.000000
19,35,0.567471,0.395538,0.035000,0.000000,1.000000,0.000000,1.000000
19,36,0.668729,0.401429,0.035000,0.000000,1.000000,0.000000,1.000000
19,37,0.743653,0.389048,0.035000,0.000000,1.000000,0.000000,1.000000
19,38,0.851765,0.363405,0.035000,0.000000,1.000000,0.000000,1.000000
19,39,0.928016,0.379119,0.035000,0.000000,1.000000,0.000000,1.000000
19,40,0.091693,0.496481,0.035000,0.000000,1.000000,0.000000,1.000000
19,41,0.183148,0.494205,0.035000,0.000000,1.000000,0.000000,1.000000
19,42,0.274106,0.465579,0.035000,0.000000,1.000000,0.000000,1.000000
19,43,0.366141,0.464479,0.035000,0.000000,1.000000,0.000000,1.000000
19,44,0.450120,0.480157,0.035000,0.000000,1.000000,0.000000,1.000000
19,45,0.551631,0.502056,0.035000,0.000000,1.000000,0.000000,1.000000
19,46,0.645107,0.481494,0.035000,0.000000,1.000000,0.000000,1.000000
19,47,0.742223,0.464325,0.035000,0.000000,1.000000,0.000000,1.000000
19,48,0.821339,0.464344,0.035000,0.000000,1.000000,0.000000,1.000000
19,49,0.922874,0.498126,0.035000,0.000000,1.000000,0.000000,1.000000
19,50,0.099504,0.589191,0.035000,0.000000,1.000000,0.000000,1.000000
19,51,0.200887,0.568490,0.035000,0.000000,1.000000,0.000000,1.000000
19,52,0.292287,0.555329,0.035000,0.000000,1.000000,0.000000,1.000000
19,53,0.386192,0.577843,0.035000,0.000000,1.000000,0.000000,1.000000
19,54,0.475534,0.591521,0.035000,0.000000,1.000000,0.000000,1.000000
19,55,0.561440,0.588902,0.035000,0.000000,1.000000,0.000000,1.000000
19,56,0.658804,0.555441,0.035000,0.000000,1.000000,0.000000,1.000000
19,57,0.757036,0.561449,0.035000,0.000000,1.000000,0.000000,1.000000
19,58,0.851705,0.583755,0.035000,0.000000,1.000000,0.000000,1.000000
19,59,0.943883,0.590966,0.035000,0.000000,1.000000,0.000000,1.000000
19,60,0.075083,0.668514,0.035000,0.000000,1.000000,0.000000,1.000000
19,61,0.176870,0.652183,0.035000,0.000000,1.000000,0.000000,1.000000
19,62,0.273545,0.663728,0.035000,0.000000,1.000000,0.000000,1.000000
19,63,0.364664,0.687339,0.035000,0.000000,1.000000,0.000000,1.000000
19,64,0.463573,0.680165,0.035000,0.000000,1.000000,0.000000,1.000000
19,65,0.548929,0.658978,0.035000,0.000000,1.000000,0.000000,1.000000
19,66,0.638250,0.648052,0.035000,0.000000,1.000000,0.000000,1.000000
19,67,0.732150,0.678787,0.035000,0.000000,1.000000,0.000000,1.000000
19,68,0.829307,0.690313,0.035000,0.000000,1.000000,0.000000,1.000000
19,69,0.925175,0.671609,0.035000,0.000000,1.000000,0.000000,1.000000
19,70,0.102604,0.745264,0.035000,0.000000,1.000000,0.000000,1.000000
19,71,0.202176,0.758643,0.035000,0.000000,1.000000,0.000000,1.000000
19,72,0.287545,0.779795,0.035000,0.000000,1.000000,0.000000,1.000000
19,73,0.383982,0.781168,0.035000,0.000000,1.000000,0.000000,1.000000
19,74,0.473691,0.757725,0.035000,0.000000,1.000000,0.000000,1.000000
19,75,0.574517,0.745334,0.035000,0.000000,1.000000,0.000000,1.000000
19,76,0.658324,0.766187,0.035000,0.000000,1.000000,0.000000,1.000000
19,77,0.749954,0.787025,0.035000,0.000000,1.000000,0.000000,1.000000
19,78,0.843970,0.769401,0.035000,0.000000,1.000000,0.000000,1.000000
19,79,0.936214,0.746290,0.035000,0.000000,1.000000,0.000000,1.000000
19,80,0.096633,0.848659,0.035000,0.000000,1.000000,0.000000,1.000000
19,81,0.173627,0.869156,0.035000,0.000000,1.000000,0.000000,1.000000
19,82,0.281840,0.877165,0.035000,0.000000,1.000000,0.000000,1.000000
19,83,0.359180,0.855167,0.035000,0.000000,1.000000,0.000000,1.000000
19,84,0.459914,0.840948,0.035000,0.000000,1.000000,0.000000,1.000000
19,85,0.548020,0.853503,0.035000,0.000000,1.000000,0.000000,1.000000
19,86,0.646659,0.881625,0.035000,0.000000,1.000000,0.000000,1.000000
19,87,0.731723,0.869115,0.035000,0.000000,1.000000,0.000000,1.000000
19,88,0.830442,0.845849,0.035000,0.000000,1.000000,0.000000,1.000000
19,89,0.926914,0.847994,0.035000,0.000000,1.000000,0.000000,1.000000
20,0,0.080370,0.114105,0.035000,0.000000,1.000000,0.000000,1.000000
20,1,0.184179,0.076170,0.035000,0.000000,1.000000,0.000000,1.000000
20,2,0.279025,0.085986,0.035000,0.000000,1.000000,0.000000,1.000000
20,3,0.372826,0.111688,0.035000,0.000000,1.000000,0.000000,1.000000
20,4,0.453513,0.122952,0.035000,0.000000,1.000000,0.000000,1.000000
20,5,0.555320,0.090404,0.035000,0.000000,1.000000,0.000000,1.000000
20,6,0.634110,0.080283,0.035000,0.000000,1.000000,0.000000,1.000000
20,7,0.726373,0.093279,0.035000,0.000000,1.000000,0.000000,1.000000
20,8,0.829207,0.121989,0.035000,0.000000,1.000000,0.000000,1.000000
20,9,0.925724,0.110463,0.035000,0.000000,1.000000,0.000000,1.000000
20,10,0.107099,0.180857,0.035000,0.000000,1.000000,0.000000,1.000000
20,11,0.192585,0.170628,0.035000,0.000000,1.000000,0.000000,1.000000
20,12,0.293740,0.207682,0.035000,0.000000,1.000000,0.000000,1.000000
20,13,0.387625,0.217381,0.035000,0.000000,1.000000,0.000000,1.000000
20,14,0.482359,0.195075,0.035000,0.000000,1.000000,0.000000,1.000000
20,15,0.560763,0.172946,0.035000,0.000000,1.000000,0.000000,1.000000
20,16,0.668770,0.189959,0.035000,0.000000,1.000000,0.000000,1.000000
20,17,0.743682,0.211212,0.035000,0.000000,1.000000,0.000000,1.000000
20,18,0.855699,0.209247,0.035000,0.000000,1.000000,0.000000,1.000000
20,19,0.941071,0.184471,0.035000,0.000000,1.000000,0.000000,1.000000
20,20,0.076894,0.271553,0.035000,0.000000,1.000000,0.000000,1.000000
20,21,0.180566,0.293171,0.035000,0.000000,1.000000,0.000000,1.000000
20,22,0.268787,0.315254,0.035000,0.000000,1.000000,0.000000,1.000000
20,23,0.369042,0.292819,0.035000,0.000000,1.000000,0.000000,1.000000
20,24,0.458499,0.268491,0.035000,0.000000,1.000000,0.000000,1.000000
20,25,0.555883,0.278191,0.035000,0.000000,1.000000,0.000000,1.000000
20,26,0.632115,0.301889,0.035000,0.000000,1.000000,0.000000,1.000000
20,27,0.746115,0.308286,0.035000,0.000000,1.000000,0.000000,1.000000
20,28,0.817268,0.283670,0.035000,0.000000,1.000000,0.000000,1.000000
20,29,0.929423,0.270429,0.035000,0.000000,1.000000,0.000000,1.000000
20,30,0.094471,0.378198,0.035000,0.000000,1.000000,0.000000,1.000000
20,31,0.206125,0.409307,0.035000,0.000000,1.000000,0.000000,1.000000
20,32,0.290036,0.394049,0.035000,0.000000,1.000000,0.000000,1.000000
20,33,0.376252,0.367808,0.035000,0.000000,1.000000,0.000000,1.000000
20,34,0.482032,0.368388,0.035000,0.000000,1.000000,0.000000,1.000000
20,35,0.568426,0.397568,0.035000,0.000000,1.000000,0.000000,1.000000
20,36,0.665397,0.403897,0.035000,0.000000,1.000000,0.000000,1.000000
20,37,0.743292,0.388218,0.035000,0.000000,1.000000,0.000000,1.000000
20,38,0.855632,0.360398,0.035000,0.000000,1.000000,0.000000,1.000000
20,39,0.926867,0.378957,0.035000,0.000000,1.000000,0.000000,1.000000
20,40,0.087532,0.499479,0.035000,0.000000,1.000000,0.000000,1.000000
20,41,0.185971,0.495386,0.035000,0.000000,1.000000,0.000000,1.000000
20,42,0.276865,0.463184,0.035000,0.000000,1.000000,0.000000,1.000000
20,43,0.363509,0.462291,0.035000,0.000000,1.000000,0.000000,1.000000
20,44,0.447506,0.481429,0.035000,0.000000,1.000000,0.000000,1.000000
20,45,0.555335,0.504980,0.035000,0.000000,1.000000,0.000000,1.000000
20,46,0.646253,0.481145,0.035000,0.000000,1.000000,0.000000,1.000000
20,47,0.738903,0.461448,0.035000,0.000000,1.000000,0.000000,1.000000
20,48,0.820892,0.463300,0.035000,0.000000,1.000000,0.000000,1.000000
20,49,0.926721,0.500883,0.035000,0.000000,1.000000,0.000000,1.000000
20,50,0.098480,0.591038,0.035000,0.000000,1.000000,0.000000,1.000000
20,51,0.196663,0.566658,0.035000,0.000000,1.000000,0.000000,1.000000
20,52,0.294974,0.552711,0.035000,0.000000,1.000000,0.000000,1.000000
20,53,0.389073,0.578700,0.035000,0.000000,1.000000,0.000000,1.000000
20,54,0.472986,0.594402,0.035000,0.000000,1.000000,0.000000,1.000000
20,55,0.558901,0.588408,0.035000,0.000000,1.000000,0.000000,1.000000
20,56,0.662434,0.552423,0.035000,0.000000,1.000000,0.000000,1.000000
20,57,0.758350,0.559971,0.035000,0.000000,1.000000,0.000000,1.000000
20,58,0.848402,0.585909,0.035000,0.000000,1.000000,0.000000,1.000000
20,59,0.943643,0.593282,0.035000,0.000000,1.000000,0.000000,1.000000
20,60,0.078289,0.667308,0.035000,0.000000,1.000000,0.000000,1.000000
20,61,0.176077,0.649352,0.035000,0.000000,1.000000,0.000000,1.000000
20,62,0.269175,0.663660,0.035000,0.000000,1.000000,0.000000,1.000000
20,63,0.367264,0.690374,0.035000,0.000000,1.000000,0.000000,1.000000
20,64,0.466604,0.681186,0.035000,0.000000,1.000000,0.000000,1.000000
20,65,0.546261,0.657701,0.035000,0.000000,1.000000,0.000000,1.000000
20,66,0.635422,0.645702,0.035000,0.000000,1.000000,0.000000,1.000000
20,67,0.735712,0.680710,0.035000,0.000000,1.000000,0.000000,1.000000
20,68,0.830731,0.693039,0.035000,0.000000,1.000000,0.000000,1.000000
20,69,0.921893,0.671026,0.035000,0.000000,1.000000,0.000000,1.000000
20,70,0.101851,0.742256,0.035000,0.000000,1.000000,0.000000,1.000000
20,71,0.205919,0.758129,0.035000,0.000000,1.000000,0.000000,1.000000
20,72,0.286957,0.782522,0.035000,0.000000,1.000000,0.000000,1.000000
20,73,0.379491,0.783101,0.035000,0.000000,1.000000,0.000000,1.000000
20,74,0.476203,0.755489,0.035000,0.000000,1.000000,0.000000,1.000000
20,75,0.577676,0.742823,0.035000,0.000000,1.000000,0.000000,1.000000
20,76,0.655954,0.767228,0.035000,0.000000,1.000000,0.000000,1.000000
20,77,0.747047,0.790146,0.035000,0.000000,1.000000,0.000000,1.000000
20,78,0.847489,0.769310,0.035000,0.000000,1.000000,0.000000,1.000000
20,79,0.937715,0.743393,0.035000,0.000000,1.000000,0.000000,1.000000
20,80,0.093378,0.847443,0.035000,0.000000,1.000000,0.000000,1.000000
20,81,0.172659,0.871452,0.035000,0.000000,1.000000,0.000000,1.000000
20,82,0.285779,0.879360,0.035000,0.000000,1.000000,0.000000,1.000000
20,83,0.358617,0.853675,0.035000,0.000000,1.000000,0.000000,1.000000
20,84,0.455397,0.837957,0.035000,0.000000,1.000000,0.000000,1.000000
20,85,0.550400,0.853995,0.035000,0.000000,1.000000,0.000000,1.000000
20,86,0.649891,0.884657,0.035000,0.000000,1.000000,0.000000,1.000000
20,87,0.729448,0.869883,0.035000,0.000000,1.000000,0.000000,1.000000
20,88,0.827524,0.843126,0.035000,0.000000,1.000000,0.000000,1.000000
20,89,0.930587,0.846345,0.035000,0.000000,1.000000,0.000000,1.000000
21,0,0.079438,0.112780,0.035000,0.000000,1.000000,0.000000,1.000000
21,1,0.187967,0.073103,0.035000,0.000000,1.000000,0.000000,1.000000
21,2,0.278388,0.085861,0.035000,0.000000,1.000000,0.000000,1.000000
21,3,0.369722,0.114487,0.035000,0.000000,1.000000,0.000000,1.000000
21,4,0.454930,0.124304,0.035000,0.000000,1.000000,0.000000,1.000000
21,5,0.558297,0.087972,0.035000,0.000000,1.000000,0.000000,1.000000
21,6,0.631601,0.078134,0.035000,0.000000,1.000000,0.000000,1.000000
21,7,0.723409,0.094547,0.035000,0.000000,1.000000,0.000000,1.000000
21,8,0.832935,0.124903,0.035000,0.000000,1.000000,0.000000,1.000000
21,9,0.927155,0.110096,0.035000,0.000000,1.000000,0.000000,1.000000
21,10,0.103970,0.178523,0.035000,0.000000,1.000000,0.000000,1.000000
21,11,0.191718,0.169564,0.035000,0.000000,1.000000,0.000000,1.000000
21,12,0.297564,0.210472,0.035000,0.000000,1.000000,0.000000,1.000000
21,13,0.387107,0.219236,0.035000,0.000000,1.000000,0.000000,1.000000
21,14,0.479204,0.193234,0.035000,0.000000,1.000000,0.000000,1.000000
21,15,0.562012,0.170344,0.035000,0.000000,1.000000,0.000000,1.000000
21,16,0.671883,0.190851,0.035000,0.000000,1.000000,0.000000,1.000000
21,17,0.741265,0.214081,0.035000,0.000000,1.000000,0.000000,1.000000
21,18,0.853678,0.209563,0.035000,0.000000,1.000000,0.000000,1.000000
21,19,0.944049,0.181728,0.035000,0.000000,1.000000,0.000000,1.000000
21,20,0.078089,0.270143,0.035000,0.000000,1.000000,0.000000,1.000000
21,21,0.177256,0.295351,0.035000,0.000000,1.000000,0.000000,1.000000
21,22,0.267856,0.317728,0.035000,0.000000,1.000000,0.000000,1.000000
21,23,0.372848,0.291419,0.035000,0.000000,1.000000,0.000000,1.000000
21,24,0.458071,0.265639,0.035000,0.000000,1.000000,0.000000,1.000000
21,25,0.552681,0.278351,0.035000,0.000000,1.000000,0.000000,1.000000
21,26,0.633174,0.304710,0.035000,0.000000,1.000000,0.000000,1.000000
21,27,0.749380,0.309293,0.035000,0.000000,1.000000,0.000000,1.000000
21,28,0.814947,0.281210,0.035000,0.000000,1.000000,0.000000,1.000000
21,29,0.927295,0.268470,0.035000,0.000000,1.000000,0.000000,1.000000
21,30,0.097009,0.379772,0.035000,0.000000,1.000000,0.000000,1.000000
21,31,0.207818,0.412041,0.035000,0.000000,1.000000,0.000000,1.000000
21,32,0.287060,0.391741,0.035000,0.000000,1.000000,0.000000,1.000000
21,33,0.375124,0.364866,0.035000,0.000000,1.000000,0.000000,1.000000
21,34,0.485910,0.367875,0.035000,0.000000,1.000000,0.000000,1.000000
21,35,0.568126,0.400297,0.035000,0.000000,1.000000,0.000000,1.000000
21,36,0.662153,0.405482,0.035000,0.000000,1.000000,0.000000,1.000000
21,37,0.744211,0.386304,0.035000,0.000000,1.000000,0.000000,1.000000
21,38,0.858612,0.357748,0.035000,0.000000,1.000000,0.000000,1.000000
21,39,0.925026,0.380165,0.035000,0.000000,1.000000,0.000000,1.000000
21,40,0.084267,0.502484,0.035000,0.000000,1.000000,0.000000,1.000000
21,41,0.189472,0.494612,0.035000,0.000000,1.000000,0.000000,1.000000
21,42,0.278310,0.461955,0.035000,0.000000,1.000000,0.000000,1.000000
21,43,0.360268,0.461123,0.035000,0.000000,1.000000,0.000000,1.000000
21,44,0.446159,0.483658,0.035000,0.000000,1.000000,0.000000,1.000000
21,45,0.559245,0.507232,0.035000,0.000000,1.000000,0.000000,1.000000
21,46,0.646140,0.479609,0.035000,0.000000,1.000000,0.000000,1.000000
21,47,0.735623,0.458742,0.035000,0.000000,1.000000,0.000000,1.000000
21,48,0.821726,0.463547,0.035000,0.000000,1.000000,0.000000,1.000000
21,49,0.930114,0.503940,0.035000,0.000000,1.000000,0.000000,1.000000
21,50,0.096362,0.591757,0.035000,0.000000,1.000000,0.000000,1.000000
21,51,0.193364,0.564785,0.035000,0.000000,1.000000,0.000000,1.000000
21,52,0.298444,0.550918,0.035000,0.000000,1.000000,0.000000,1.000000
21,53,0.390968,0.580653,0.035000,0.000000,1.000000,0.000000,1.000000
21,54,0.469787,0.596909,0.035000,0.000000,1.000000,0.000000,1.000000
21,55,0.557682,0.586215,0.035000,0.000000,1.000000,0.000000,1.000000
21,56,0.666319,0.549319,0.035000,0.000000,1.000000,0.000000,1.000000
21,57,0.758406,0.559703,0.035000,0.000000,1.000000,0.000000,1.000000
21,58,0.845089,0.588671,0.035000,0.000000,1.000000,0.000000,1.000000
21,59,0.944640,0.594634,0.035000,0.000000,1.000000,0.000000,1.000000
21,60,0.081185,0.665105,0.035000,0.000000,1.000000,0.000000,1.000000
21,61,0.174153,0.647092,0.035000,0.000000,1.000000,0.000000,1.000000
21,62,0.265635,0.664837,0.035000,0.000000,1.000000,0.000000,1.000000
21,63,0.370676,0.693300,0.035000,0.000000,1.000000,0.000000,1.000000
21,64,0.468673,0.680956,0.035000,0.000000,1.000000,0.000000,1.000000
21,65,0.542834,0.656404,0.035000,0.000000,1.000000,0.000000,1.000000
21,66,0.633820,0.644488,0.035000,0.000000,1.000000,0.000000,1.000000
21,67,0.739577,0.683443,0.035000,0.000000,1.000000,0.000000,1.000000
21,68,0.830907,0.695010,0.035000,0.000000,1.000000,0.000000,1.000000
21,69,0.918554,0.669294,0.035000,0.000000,1.000000,0.000000,1.000000
21,70,0.102397,0.739553,0.035000,0.000000,1.000000,0.000000,1.000000
21,71,0.209321,0.758870,0.035000,0.000000,1.000000,0.000000,1.000000
21,72,0.285209,0.785456,0.035000,0.000000,1.000000,0.000000,1.000000
21,73,0.375798,0.783813,0.035000,0.000000,1.000000,0.000000,1.000000
21,74,0.479553,0.752600,0.035000,0.000000,1.000000,0.000000,1.000000
21,75,0.579899,0.741227,0.035000,0.000000,1.000000,0.000000,1.000000
21,76,0.652855,0.769315,0.035000,0.000000,1.000000,0.000000,1.000000
21,77,0.745340,0.792740,0.035000,0.000000,1.000000,0.000000,1.000000
21,78,0.851353,0.768007,0.035000,0.000000,1.000000,0.000000,1.000000
21,79,0.937985,0.740500,0.035000,0.000000,1.000000,0.000000,1.000000
21,80,0.090019,0.847464,0.035000,0.000000,1.000000,0.000000,1.000000
21,81,0.173007,0.874253,0.035000,0.000000,1.000000,0.000000,1.000000
21,82,0.289396,0.880512,0.035000,0.000000,1.000000,0.000000,1.000000
21,83,0.356893,0.851271,0.035000,0.000000,1.000000,0.000000,1.000000
21,84,0.451633,0.835676,0.035000,0.000000,1.000000,0.000000,1.000000
21,85,0.553648,0.855654,0.035000,0.000000,1.000000,0.000000,1.000000
21,86,0.652223,0.887467,0.035000,0.000000,1.000000,0.000000,1.000000
21,87,0.726405,0.869389,0.035000,0.000000,1.000000,0.000000,1.000000
21,88,0.825768,0.840122,0.035000,0.000000,1.000000,0.000000,1.000000
21,89,0.934617,0.845815,0.035000,0.000000,1.000000,0.000000,1.000000
22,0,0.079508,0.109577,0.035000,0.000000,1.000000,0.000000,1.000000
22,1,0.191357,0.070570,0.035000,0.000000,1.000000,0.000000,1.000000
22,2,0.276597,0.086983,0.035000,0.000000,1.000000,0.000000,1.000000
22,3,0.367261,0.117281,0.035000,0.000000,1.000000,0.000000,1.000000
22,4,0.457163,0.123834,0.035000,0.000000,1.000000,0.000000,1.000000
22,5,0.559505,0.085167,0.035000,0.000000,1.000000,0.000000,1.000000
22,6,0.629222,0.076934,0.035000,0.000000,1.000000,0.000000,1.000000
22,7,0.721693,0.096755,0.035000,0.000000,1.000000,0.000000,1.000000
22,8,0.836941,0.127103,0.035000,0.000000,1.000000,0.000000,1.000000
22,9,0.927336,0.108545,0.035000,0.000000,1.000000,0.000000,1.000000
22,10,0.101103,0.177202,0.035000,0.000000,1.000000,0.000000,1.000000
22,11,0.192168,0.169812,0.035000,0.000000,1.000000,0.000000,1.000000
22,12,0.301033,0.213521,0.035000,0.000000,1.000000,0.000000,1.000000
22,13,0.385439,0.219782,0.035000,0.000000,1.000000,0.000000,1.000000
22,14,0.476821,0.191196,0.035000,0.000000,1.000000,0.000000,1.000000
22,15,0.564287,0.168604,0.035000,0.000000,1.000000,0.000000,1.000000
22,16,0.673177,0.192506,0.035000,0.000000,1.000000,0.000000,1.000000
22,17,0.739014,0.216855,0.035000,0.000000,1.000000,0.000000,1.000000
22,18,0.852725,0.208620,0.035000,0.000000,1.000000,0.000000,1.000000
22,19,0.947452,0.178899,0.035000,0.000000,1.000000,0.000000,1.000000
22,20,0.078097,0.269958,0.035000,0.000000,1.000000,0.000000,1.000000
22,21,0.173851,0.298106,0.035000,0.000000,1.000000,0.000000,1.000000
22,22,0.268236,0.319177,0.035000,0.000000,1.000000,0.000000,1.000000
22,23,0.376329,0.289216,0.035000,0.000000,1.000000,0.000000,1.000000
22,24,0.456462,0.263405,0.035000,0.000000,1.000000,0.000000,1.000000
22,25,0.550037,0.279724,0.035000,0.000000,1.000000,0.000000,1.000000
22,26,0.635297,0.307412,0.035000,0.000000,1.000000,0.000000,1.000000
22,27,0.750465,0.309614,0.035000,0.000000,1.000000,0.000000,1.000000
22,28,0.813139,0.277786,0.035000,0.000000,1.000000,0.000000,1.000000
22,29,0.926213,0.267623,0.035000,0.000000,1.000000,0.000000,1.000000
22,30,0.100073,0.382185,0.035000,0.000000,1.000000,0.000000,1.000000
22,31,0.208280,0.413975,0.035000,0.000000,1.000000,0.000000,1.000000
22,32,0.283931,0.388354,0.035000,0.000000,1.000000,0.000000,1.000000
22,33,0.375317,0.362263,0.035000,0.000000,1.000000,0.000000,1.000000
22,34,0.489523,0.368629,0.035000,0.000000,1.000000,0.000000,1.000000
22,35,0.566631,0.403194,0.035000,0.000000,1.000000,0.000000,1.000000
22,36,0.659425,0.405869,0.035000,0.000000,1.000000,0.000000,1.000000
22,37,0.746223,0.383717,0.035000,0.000000,1.000000,0.000000,1.000000
22,38,0.859005,0.355498,0.035000,0.000000,1.000000,0.000000,1.000000
22,39,0.924100,0.382956,0.035000,0.000000,1.000000,0.000000,1.000000
22,40,0.082175,0.504936,0.035000,0.000000,1.000000,0.000000,1.000000
22,41,0.193300,0.491770,0.035000,0.000000,1.000000,0.000000,1.000000
22,42,0.278559,0.460717,0.035000,0.000000,1.000000,0.000000,1.000000
22,43,0.356836,0.461207,0.035000,0.000000,1.000000,0.000000,1.000000
22,44,0.446146,0.486369,0.035000,0.000000,1.000000,0.000000,1.000000
22,45,0.562932,0.508396,0.035000,0.000000,1.000000,0.000000,1.000000
22,46,0.644810,0.477186,0.035000,0.000000,1.000000,0.000000,1.000000
22,47,0.732814,0.456747,0.035000,0.000000,1.000000,0.000000,1.000000
22,48,0.823674,0.464996,0.035000,0.000000,1.000000,0.000000,1.000000
22,49,0.932675,0.506729,0.035000,0.000000,1.000000,0.000000,1.000000
22,50,0.093411,0.591205,0.035000,0.000000,1.000000,0.000000,1.000000
22,51,0.191290,0.563493,0.035000,0.000000,1.000000,0.000000,1.000000
22,52,0.302367,0.550295,0.035000,0.000000,1.000000,0.000000,1.000000
22,53,0.391666,0.583327,0.035000,0.000000,1.000000,0.000000,1.000000
22,54,0.466350,0.598542,0.035000,0.000000,1.000000,0.000000,1.000000
22,55,0.557758,0.583136,0.035000,0.000000,1.000000,0.000000,1.000000
22,56,0.670031,0.546695,0.035000,0.000000,1.000000,0.000000,1.000000
22,57,0.757228,0.560693,0.035000,0.000000,1.000000,0.000000,1.000000
22,58,0.842205,0.591490,0.035000,0.000000,1.000000,0.000000,1.000000
22,59,0.946733,0.594754,0.035000,0.000000,1.000000,0.000000,1.000000
22,60,0.083369,0.662352,0.035000,0.000000,1.000000,0.000000,1.000000
22,61,0.171349,0.645850,0.035000,0.000000,1.000000,0.000000,1.000000
22,62,0.263225,0.666991,0.035000,0.000000,1.000000,0.000000,1.000000
22,63,0.374578,0.695569,0.035000,0.000000,1.000000,0.000000,1.000000
22,64,0.469553,0.679522,0.035000,0.000000,1.000000,0.000000,1.000000
22,65,0.539162,0.655027,0.035000,0.000000,1.000000,0.000000,1.000000
22,66,0.633546,0.644585,0.035000,0.000000,1.000000,0.000000,1.000000
22,67,0.743318,0.686492,0.035000,0.000000,1.000000,0.000000,1.000000
22,68,0.829841,0.695845,0.035000,0.000000,1.000000,0.000000,1.000000
22,69,0.915598,0.666760,0.035000,0.000000,1.000000,0.000000,1.000000
22,70,0.104108,0.737671,0.035000,0.000000,1.000000,0.000000,1.000000
22,71,0.211985,0.760727,0.035000,0.000000,1.000000,0.000000,1.000000
22,72,0.282539,0.788024,0.035000,0.000000,1.000000,0.000000,1.000000
22,73,0.373621,0.781767,0.035000,0.000000,1.000000,0.000000,1.000000
22,74,0.483432,0.749593,0.035000,0.000000,1.000000,0.000000,1.000000
22,75,0.580946,0.740849,0.035000,0.000000,1.000000,0.000000,1.000000
22,76,0.649424,0.772031,0.035000,0.000000,1.000000,0.000000,1.000000
22,77,0.744951,0.794343,0.035000,0.000000,1.000000,0.000000,1.000000
22,78,0.855140,0.765718,0.035000,0.000000,1.000000,0.000000,1.000000
22,79,0.937012,0.738172,0.035000,0.000000,1.000000,0.000000,1.000000
22,80,0.086995,0.848715,0.035000,0.000000,1.000000,0.000000,1.000000
22,81,0.174551,0.876996,0.035000,0.000000,1.000000,0.000000,1.000000
22,82,0.291625,0.880722,0.035000,0.000000,1.000000,0.000000,1.000000
22,83,0.354490,0.849563,0.035000,0.000000,1.000000,0.000000,1.000000
22,84,0.448944,0.834510,0.035000,0.000000,1.000000,0.000000,1.000000
22,85,0.557468,0.858168,0.035000,0.000000,1.000000,0.000000,1.000000
22,86,0.653399,0.889525,0.035000,0.000000,1.000000,0.000000,1.000000
22,87,0.722985,0.867733,0.035000,0.000000,1.000000,0.000000,1.000000
22,88,0.825311,0.837406,0.035000,0.000000,1.000000,0.000000,1.000000
22,89,0.938590,0.846538,0.035000,0.000000,1.000000,0.000000,1.000000
23,0,0.080810,0.105921,0.035000,0.000889,0.999111,0.000889,0.999111
23,1,0.193962,0.069033,0.035000,0.000889,0.999111,0.000889,0.999111
23,2,0.273908,0.089114,0.035000,0.000889,0.999111,0.000889,0.999111
23,3,0.365770,0.119510,0.035000,0.000889,0.999111,0.000889,0.999111
23,4,0.459625,0.120780,0.035000,0.000889,0.999111,0.000889,0.999111
23,5,0.557642,0.082685,0.035000,0.000889,0.999111,0.000889,0.999111
23,6,0.628454,0.076761,0.035000,0.000889,0.999111,0.000889,0.999111
23,7,0.721322,0.099415,0.035000,0.000889,0.999111,0.000889,0.999111
23,8,0.840802,0.128189,0.035000,0.000889,0.999111,0.000889,0.999111
23,9,0.926275,0.106130,0.035000,0.000889,0.999111,0.000889,0.999111
23,10,0.098549,0.176427,0.035000,0.000889,0.999111,0.000889,0.999111
23,11,0.193798,0.171259,0.035000,0.000889,0.999111,0.000889,0.999111
23,12,0.303754,0.216259,0.035000,0.000889,0.999111,0.000889,0.999111
23,13,0.383067,0.217361,0.035000,0.000889,0.999111,0.000889,0.999111
23,14,0.475789,0.190268,0.035000,0.000889,0.999111,0.000889,0.999111
23,15,0.567249,0.168056,0.035000,0.000889,0.999111,0.000889,0.999111
23,16,0.671863,0.194331,0.035000,0.000889,0.999111,0.000889,0.999111
23,17,0.737876,0.219243,0.035000,0.000889,0.999111,0.000889,0.999111
23,18,0.852980,0.206616,0.035000,0.000889,0.999111,0.000889,0.999111
23,19,0.950845,0.176553,0.035000,0.000889,0.999111,0.000889,0.999111
23,20,0.076901,0.271026,0.035000,0.000889,0.999111,0.000889,0.999111
23,21,0.170790,0.300878,0.035000,0.000889,0.999111,0.000889,0.999111
23,22,0.269312,0.317084,0.035000,0.000889,0.999111,0.000889,0.999111
23,23,0.378879,0.288200,0.035000,0.000889,0.999111,0.000889,0.999111
23,24,0.453896,0.262221,0.035000,0.000889,0.999111,0.000889,0.999111
23,25,0.548304,0.282027,0.035000,0.000889,0.999111,0.000889,0.999111
23,26,0.638157,0.309448,0.035000,0.000889,0.999111,0.000889,0.999111
23,27,0.749971,0.308927,0.035000,0.000889,0.999111,0.000889,0.999111
23,28,0.811379,0.274364,0.035000,0.000889,0.999111,0.000889,0.999111
23,29,0.926330,0.268050,0.035000,0.000889,0.999111,0.000889,0.999111
23,30,0.103221,0.384927,0.035000,0.000889,0.999111,0.000889,0.999111
23,31,0.207485,0.414749,0.035000,0.000889,0.999111,0.000889,0.999111
23,32,0.281550,0.386705,0.035000,0.000889,0.999111,0.000889,0.999111
23,33,0.376728,0.360508,0.035000,0.000889,0.999111,0.000889,0.999111
23,34,0.492463,0.370490,0.035000,0.000889,0.999111,0.000889,0.999111
23,35,0.564149,0.405686,0.035000,0.000889,0.999111,0.000889,0.999111
23,36,0.657574,0.404990,0.035000,0.000889,0.999111,0.000889,0.999111
23,37,0.749015,0.381006,0.035000,0.000889,0.999111,0.000889,0.999111
23,38,0.858569,0.354589,0.035000,0.000889,0.999111,0.000889,0.999111
23,39,0.922447,0.386242,0.035000,0.000889,0.999111,0.000889,0.999111
23,40,0.081404,0.506381,0.035000,0.000889,0.999111,0.000889,0.999111
23,41,0.197145,0.488184,0.035000,0.000889,0.999111,0.000889,0.999111
23,42,0.277597,0.459841,0.035000,0.000889,0.999111,0.000889,0.999111
23,43,0.353655,0.462515,0.035000,0.000889,0.999111,0.000889,0.999111
23,44,0.447380,0.488993,0.035000,0.000889,0.999111,0.000889,0.999111
23,45,0.565985,0.508276,0.035000,0.000889,0.999111,0.000889,0.999111
23,46,0.642457,0.474364,0.035000,0.000889,0.999111,0.000889,0.999111
23,47,0.730848,0.455857,0.035000,0.000889,0.999111,0.000889,0.999111
23,48,0.826435,0.467311,0.035000,0.000889,0.999111,0.000889,0.999111
23,49,0.934123,0.508726,0.035000,0.000889,0.999111,0.000889,0.999111
23,50,0.089999,0.589503,0.035000,0.000889,0.999111,0.000889,0.999111
23,51,0.190505,0.562280,0.035000,0.000889,0.999111,0.000889,0.999111
23,52,0.306334,0.550952,0.035000,0.000889,0.999111,0.000889,0.999111
23,53,0.391106,0.586191,0.035000,0.000889,0.999111,0.000889,0.999111
23,54,0.463117,0.598979,0.035000,0.000889,0.999111,0.000889,0.999111
23,55,0.559063,0.579548,0.035000,0.000889,0.999111,0.000889,0.999111
23,56,0.673155,0.545027,0.035000,0.000889,0.999111,0.000889,0.999111
23,57,0.754994,0.562728,0.035000,0.000889,0.999111,0.000889,0.999111
23,58,0.840127,0.593800,0.035000,0.000889,0.999111,0.000889,0.999111
23,59,0.949640,0.593626,0.035000,0.000889,0.999111,0.000889,0.999111
23,60,0.084539,0.659607,0.035000,0.000889,0.999111,0.000889,0.999111
23,61,0.168029,0.645862,0.035000,0.000889,0.999111,0.000889,0.999111
23,62,0.262122,0.669650,0.035000,0.000889,0.999111,0.000889,0.999111
23,63,0.378571,0.696761,0.035000,0.000889,0.999111,0.000889,0.999111
23,64,0.469167,0.677178,0.035000,0.000889,0.999111,0.000889,0.999111
23,65,0.535681,0.654148,0.035000,0.000889,0.999111,0.000889,0.999111
23,66,0.634546,0.645906,0.035000,0.000889,0.999111,0.000889,0.999111
23,67,0.746516,0.689290,0.035000,0.000889,0.999111,0.000889,0.999111
23,68,0.827696,0.695398,0.035000,0.000889,0.999111,0.000889,0.999111
23,69,0.913412,0.663940,0.035000,0.000889,0.999111,0.000889,0.999111
23,70,0.106711,0.736962,0.035000,0.000889,0.999111,0.000889,0.999111
23,71,0.213604,0.763328,0.035000,0.000889,0.999111,0.000889,0.999111
23,72,0.279300,0.789723,0.035000,0.000889,0.999111,0.000889,0.999111
23,73,0.372693,0.778778,0.035000,0.000889,0.999111,0.000889,0.999111
23,74,0.487445,0.747035,0.035000,0.000889,0.999111,0.000889,0.999111
23,75,0.580723,0.741741,0.035000,0.000889,0.999111,0.000889,0.999111
23,76,0.646101,0.774825,0.035000,0.000889,0.999111,0.000889,0.999111
23,77,0.745846,0.794685,0.035000,0.000889,0.999111,0.000889,0.999111
23,78,0.858426,0.762878,0.035000,0.000889,0.999111,0.000889,0.999111
23,79,0.934941,0.736858,0.035000,0.000889,0.999111,0.000889,0.999111
23,80,0.084704,0.850937,0.035000,0.000889,0.999111,0.000889,0.999111
23,81,0.177030,0.879125,0.035000,0.000889,0.999111,0.000889,0.999111
23,82,0.291216,0.880479,0.035000,0.000889,0.999111,0.000889,0.999111
23,83,0.353137,0.847037,0.035000,0.000889,0.999111,0.000889,0.999111
23,84,0.447537,0.834640,0.035000,0.000889,0.999111,0.000889,0.999111
23,85,0.561472,0.861045,0.035000,0.000889,0.999111,0.000889,0.999111
23,86,0.653310,0.890445,0.035000,0.000889,0.999111,0.000889,0.999111
23,87,0.719625,0.865255,0.035000,0.000889,0.999111,0.000889,0.999111
23,88,0.826137,0.835498,0.035000,0.000889,0.999111,0.000889,0.999111
23,89,0.942084,0.848382,0.035000,0.000889,0.999111,0.000889,0.999111
24,0,0.083044,0.102340,0.035000,0.002667,0.997333,0.002667,0.997333
24,1,0.195488,0.068755,0.035000,0.002667,0.997333,0.002667,0.997333
24,2,0.270685,0.091807,0.035000,0.002667,0.997333,0.002667,0.997333
24,3,0.365452,0.120726,0.035000,0.002667,0.997333,0.002667,0.997333
24,4,0.462390,0.117029,0.035000,0.002667,0.997333,0.002667,0.997333
24,5,0.554919,0.080795,0.035000,0.002667,0.997333,0.002667,0.997333
24,6,0.627447,0.077853,0.035000,0.002667,0.997333,0.002667,0.997333
24,7,0.722240,0.101952,0.035000,0.002667,0.997333,0.002667,0.997333
24,8,0.844100,0.127983,0.035000,0.002667,0.997333,0.002667,0.997333
24,9,0.924135,0.103350,0.035000,0.002667,0.997333,0.002667,0.997333
24,10,0.096707,0.176610,0.035000,0.002667,0.997333,0.002667,0.997333
24,11,0.196331,0.173549,0.035000,0.002667,0.997333,0.002667,0.997333
24,12,0.305420,0.218171,0.035000,0.002667,0.997333,0.002667,0.997333
24,13,0.380082,0.214073,0.035000,0.002667,0.997333,0.002667,0.997333
24,14,0.475829,0.189409,0.035000,0.002667,0.997333,0.002667,0.997333
24,15,0.570481,0.168789,0.035000,0.002667,0.997333,0.002667,0.997333
24,16,0.669629,0.196433,0.035000,0.002667,0.997333,0.002667,0.997333
24,17,0.736507,0.220296,0.035000,0.002667,0.997333,0.002667,0.997333
24,18,0.854423,0.203971,0.035000,0.002667,0.997333,0.002667,0.997333
24,19,0.953795,0.175161,0.035000,0.002667,0.997333,0.002667,0.997333
24,20,0.074639,0.273116,0.035000,0.002667,0.997333,0.002667,0.997333
24,21,0.168468,0.303103,0.035000,0.002667,0.997333,0.002667,0.997333
24,22,0.271293,0.313608,0.035000,0.002667,0.997333,0.002667,0.997333
24,23,0.380443,0.286977,0.035000,0.002667,0.997333,0.002667,0.997333
24,24,0.450715,0.262304,0.035000,0.002667,0.997333,0.002667,0.997333
24,25,0.547711,0.284781,0.035000,0.002667,0.997333,0.002667,0.997333
24,26,0.641343,0.310405,0.035000,0.002667,0.997333,0.002667,0.997333
24,27,0.748459,0.307240,0.035000,0.002667,0.997333,0.002667,0.997333
24,28,0.809434,0.271786,0.035000,0.002667,0.997333,0.002667,0.997333
24,29,0.927646,0.269649,0.035000,0.002667,0.997333,0.002667,0.997333
24,30,0.106011,0.387419,0.035000,0.002667,0.997333,0.002667,0.997333
24,31,0.205561,0.414234,0.035000,0.002667,0.997333,0.002667,0.997333
24,32,0.279859,0.385135,0.035000,0.002667,0.997333,0.002667,0.997333
24,33,0.379111,0.359938,0.035000,0.002667,0.997333,0.002667,0.997333
24,34,0.494402,0.373069,0.035000,0.002667,0.997333,0.002667,0.997333
24,35,0.561011,0.407281,0.035000,0.002667,0.997333,0.002667,0.997333
24,36,0.656846,0.403037,0.035000,0.002667,0.997333,0.002667,0.997333
24,37,0.752182,0.378745,0.035000,0.002667,0.997333,0.002667,0.997333
24,38,0.857130,0.355038,0.035000,0.002667,0.997333,0.002667,0.997333
24,39,0.920547,0.389482,0.035000,0.002667,0.997333,0.002667,0.997333
24,40,0.081952,0.506563,0.035000,0.002667,0.997333,0.002667,0.997333
24,41,0.200576,0.484271,0.035000,0.002667,0.997333,0.002667,0.997333
24,42,0.275530,0.459800,0.035000,0.002667,0.997333,0.002667,0.997333
24,43,0.351135,0.464769,0.035000,0.002667,0.997333,0.002667,0.997333
24,44,0.449627,0.490977,0.035000,0.002667,0.997333,0.002667,0.997333
24,45,0.568104,0.506543,0.035000,0.002667,0.997333,0.002667,0.997333
24,46,0.639402,0.471717,0.035000,0.002667,0.997333,0.002667,0.997333
24,47,0.729986,0.456241,0.035000,0.002667,0.997333,0.002667,0.997333
24,48,0.829613,0.469982,0.035000,0.002667,0.997333,0.002667,0.997333
24,49,0.934316,0.509564,0.035000,0.002667,0.997333,0.002667,0.997333
24,50,0.086556,0.587010,0.035000,0.002667,0.997333,0.002667,0.997333
24,51,0.191027,0.561693,0.035000,0.002667,0.997333,0.002667,0.997333
24,52,0.309920,0.552733,0.035000,0.002667,0.997333,0.002667,0.997333
24,53,0.389381,0.588671,0.035000,0.002667,0.997333,0.002667,0.997333
24,54,0.460503,0.598146,0.035000,0.002667,0.997333,0.002667,0.997333
24,55,0.561344,0.576362,0.035000,0.002667,0.997333,0.002667,0.997333
24,56,0.675341,0.544605,0.035000,0.002667,0.997333,0.002667,0.997333
24,57,0.752015,0.565382,0.035000,0.002667,0.997333,0.002667,0.997333
24,58,0.839131,0.595136,0.035000,0.002667,0.997333,0.002667,0.997333
24,59,0.952977,0.591495,0.035000,0.002667,0.997333,0.002667,0.997333
24,60,0.084522,0.657433,0.035000,0.002667,0.997333,0.002667,0.997333
24,61,0.164620,0.647108,0.035000,0.002667,0.997333,0.002667,0.997333
24,62,0.262357,0.672245,0.035000,0.002667,0.997333,0.002667,0.997333
24,63,0.382227,0.696671,0.035000,0.002667,0.997333,0.002667,0.997333
24,64,0.466428,0.674811,0.035000,0.002667,0.997333,0.002667,0.997333
24,65,0.533972,0.653798,0.035000,0.002667,0.997333,0.002667,0.997333
24,66,0.636619,0.648120,0.035000,0.002667,0.997333,0.002667,0.997333
24,67,0.748811,0.691309,0.035000,0.002667,0.997333,0.002667,0.997333
24,68,0.824768,0.693783,0.035000,0.002667,0.997333,0.002667,0.997333
24,69,0.912285,0.661409,0.035000,0.002667,0.997333,0.002667,0.997333
24,70,0.109825,0.737541,0.035000,0.002667,0.997333,0.002667,0.997333
24,71,0.212079,0.765372,0.035000,0.002667,0.997333,0.002667,0.997333
24,72,0.277838,0.790998,0.035000,0.002667,0.997333,0.002667,0.997333
24,73,0.373060,0.775256,0.035000,0.002667,0.997333,0.002667,0.997333
24,74,0.491167,0.745410,0.035000,0.002667,0.997333,0.002667,0.997333
24,75,0.579293,0.743699,0.035000,0.002667,0.997333,0.002667,0.997333
24,76,0.643312,0.777129,0.035000,0.002667,0.997333,0.002667,0.997333
24,77,0.747837,0.793749,0.035000,0.002667,0.997333,0.002667,0.997333
24,78,0.860842,0.760046,0.035000,0.002667,0.997333,0.002667,0.997333
24,79,0.932053,0.736801,0.035000,0.002667,0.997333,0.002667,0.997333
24,80,0.083447,0.853667,0.035000,0.002667,0.997333,0.002667,0.997333
24,81,0.180072,0.880209,0.035000,0.002667,0.997333,0.002667,0.997333
24,82,0.289915,0.879144,0.035000,0.002667,0.997333,0.002667,0.997333
24,83,0.351319,0.845164,0.035000,0.002667,0.997333,0.002667,0.997333
24,84,0.447476,0.835990,0.035000,0.002667,0.997333,0.002667,0.997333
24,85,0.565232,0.863711,0.035000,0.002667,0.997333,0.002667,0.997333
24,86,0.651999,0.890077,0.035000,0.002667,0.997333,0.002667,0.997333
24,87,0.716755,0.862469,0.035000,0.002667,0.997333,0.002667,0.997333
24,88,0.828078,0.834757,0.035000,0.002667,0.997333,0.002667,0.997333
24,89,0.944725,0.850980,0.035000,0.002667,0.997333,0.002667,0.997333
25,0,0.085807,0.099382,0.035000,0.004444,0.995556,0.004444,0.995556
25,1,0.195774,0.069748,0.035000,0.004444,0.995556,0.004444,0.995556
25,2,0.267361,0.094500,0.035000,0.004444,0.995556,0.004444,0.995556
25,3,0.366355,0.120692,0.035000,0.004444,0.995556,0.004444,0.995556
25,4,0.464999,0.113008,0.035000,0.004444,0.995556,0.004444,0.995556
25,5,0.551355,0.079925,0.035000,0.004444,0.995556,0.004444,0.995556
25,6,0.626680,0.079904,0.035000,0.004444,0.995556,0.004444,0.995556
25,7,0.724242,0.103820,0.035000,0.004444,0.995556,0.004444,0.995556
25,8,0.846478,0.126569,0.035000,0.004444,0.995556,0.004444,0.995556
25,9,0.921211,0.100781,0.035000,0.004444,0.995556,0.004444,0.995556
25,10,0.095874,0.177925,0.035000,0.004444,0.995556,0.004444,0.995556
25,11,0.199384,0.176163,0.035000,0.004444,0.995556,0.004444,0.995556
25,12,0.305855,0.218905,0.035000,0.004444,0.995556,0.004444,0.995556
25,13,0.376917,0.210253,0.035000,0.004444,0.995556,0.004444,0.995556
25,14,0.477020,0.189164,0.035000,0.004444,0.995556,0.004444,0.995556
25,15,0.573536,0.170627,0.035000,0.004444,0.995556,0.004444,0.995556
25,16,0.666486,0.198220,0.035000,0.004444,0.995556,0.004444,0.995556
25,17,0.735383,0.219978,0.035000,0.004444,0.995556,0.004444,0.995556
25,18,0.856881,0.201237,0.035000,0.004444,0.995556,0.004444,0.995556
25,19,0.955923,0.174999,0.035000,0.004444,0.995556,0.004444,0.995556
25,20,0.071591,0.275785,0.035000,0.004444,0.995556,0.004444,0.995556
25,21,0.167186,0.304331,0.035000,0.004444,0.995556,0.004444,0.995556
25,22,0.273910,0.309492,0.035000,0.004444,0.995556,0.004444,0.995556
25,23,0.380821,0.286143,0.035000,0.004444,0.995556,0.004444,0.995556
25,24,0.447341,0.263613,0.035000,0.004444,0.995556,0.004444,0.995556
25,25,0.548345,0.287414,0.035000,0.004444,0.995556,0.004444,0.995556
25,26,0.644406,0.310097,0.035000,0.004444,0.995556,0.004444,0.995556
25,27,0.745936,0.305067,0.035000,0.004444,0.995556,0.004444,0.995556
25,28,0.807770,0.270420,0.035000,0.004444,0.995556,0.004444,0.995556
25,29,0.930004,0.272078,0.035000,0.004444,0.995556,0.004444,0.995556
25,30,0.108051,0.389137,0.035000,0.004444,0.995556,0.004444,0.995556
25,31,0.202874,0.411069,0.035000,0.004444,0.995556,0.004444,0.995556
25,32,0.279073,0.383714,0.035000,0.004444,0.995556,0.004444,0.995556
25,33,0.382103,0.360646,0.035000,0.004444,0.995556,0.004444,0.995556
25,34,0.495133,0.375827,0.035000,0.004444,0.995556,0.004444,0.995556
25,35,0.557631,0.407668,0.035000,0.004444,0.995556,0.004444,0.995556
25,36,0.657343,0.400424,0.035000,0.004444,0.995556,0.004444,0.995556
25,37,0.755275,0.377412,0.035000,0.004444,0.995556,0.004444,0.995556
25,38,0.854678,0.356605,0.035000,0.004444,0.995556,0.004444,0.995556
25,39,0.918872,0.392121,0.035000,0.004444,0.995556,0.004444,0.995556
25,40,0.083661,0.505486,0.035000,0.004444,0.995556,0.004444,0.995556
25,41,0.203115,0.482065,0.035000,0.004444,0.995556,0.004444,0.995556
25,42,0.272608,0.460850,0.035000,0.004444,0.995556,0.004444,0.995556
25,43,0.349599,0.467493,0.035000,0.004444,0.995556,0.004444,0.995556
25,44,0.452533,0.491904,0.035000,0.004444,0.995556,0.004444,0.995556
25,45,0.569092,0.503256,0.035000,0.004444,0.995556,0.004444,0.995556
25,46,0.636053,0.469784,0.035000,0.004444,0.995556,0.004444,0.995556
25,47,0.730345,0.457805,0.035000,0.004444,0.995556,0.004444,0.995556
25,48,0.832762,0.472430,0.035000,0.004444,0.995556,0.004444,0.995556
25,49,0.933263,0.509109,0.035000,0.004444,0.995556,0.004444,0.995556
25,50,0.083518,0.584248,0.035000,0.004444,0.995556,0.004444,0.995556
25,51,0.192717,0.562107,0.035000,0.004444,0.995556,0.004444,0.995556
25,52,0.312733,0.555253,0.035000,0.004444,0.995556,0.004444,0.995556
25,53,0.386732,0.590270,0.035000,0.004444,0.995556,0.004444,0.995556
25,54,0.458844,0.596229,0.035000,0.004444,0.995556,0.004444,0.995556
25,55,0.564238,0.574382,0.035000,0.004444,0.995556,0.004444,0.995556
25,56,0.676351,0.545465,0.035000,0.004444,0.995556,0.004444,0.995556
25,57,0.748693,0.568097,0.035000,0.004444,0.995556,0.004444,0.995556
25,58,0.839353,0.595235,0.035000,0.004444,0.995556,0.004444,0.995556
25,59,0.956309,0.588810,0.035000,0.004444,0.995556,0.004444,0.995556
25,60,0.083302,0.656274,0.035000,0.004444,0.995556,0.004444,0.995556
25,61,0.161562,0.649316,0.035000,0.004444,0.995556,0.004444,0.995556
25,62,0.263805,0.674220,0.035000,0.004444,0.995556,0.004444,0.995556
25,63,0.385149,0.695355,0.035000,0.004444,0.995556,0.004444,0.995556
25,64,0.462722,0.672598,0.035000,0.004444,0.995556,0.004444,0.995556
25,65,0.533219,0.654573,0.035000,0.004444,0.995556,0.004444,0.995556
25,66,0.639433,0.650718,0.035000,0.004444,0.995556,0.004444,0.995556
25,67,0.749951,0.692178,0.035000,0.004444,0.995556,0.004444,0.995556
25,68,0.821452,0.691356,0.035000,0.004444,0.995556,0.004444,0.995556
25,69,0.912368,0.659685,0.035000,0.004444,0.995556,0.004444,0.995556
25,70,0.113011,0.739259,0.035000,0.004444,0.995556,0.004444,0.995556
25,71,0.209213,0.767018,0.035000,0.004444,0.995556,0.004444,0.995556
25,72,0.276765,0.791033,0.035000,0.004444,0.995556,0.004444,0.995556
25,73,0.374620,0.771721,0.035000,0.004444,0.995556,0.004444,0.995556
25,74,0.494194,0.745014,0.035000,0.004444,0.995556,0.004444,0.995556
25,75,0.576866,0.746296,0.035000,0.004444,0.995556,0.004444,0.995556
25,76,0.641414,0.778474,0.035000,0.004444,0.995556,0.004444,0.995556
25,77,0.750608,0.791776,0.035000,0.004444,0.995556,0.004444,0.995556
25,78,0.861839,0.757867,0.035000,0.004444,0.995556,0.004444,0.995556
25,79,0.929018,0.737902,0.035000,0.004444,0.995556,0.004444,0.995556
25,80,0.083391,0.856337,0.035000,0.004444,0.995556,0.004444,0.995556
25,81,0.183241,0.880035,0.035000,0.004444,0.995556,0.004444,0.995556
25,82,0.287633,0.877224,0.035000,0.004444,0.995556,0.004444,0.995556
25,83,0.349518,0.844355,0.035000,0.004444,0.995556,0.004444,0.995556
25,84,0.448669,0.838236,0.035000,0.004444,0.995556,0.004444,0.995556
25,85,0.568341,0.865633,0.035000,0.004444,0.995556,0.004444,0.995556
25,86,0.649664,0.888528,0.035000,0.004444,0.995556,0.004444,0.995556
25,87,0.714743,0.859952,0.035000,0.004444,0.995556,0.004444,0.995556
25,88,0.830830,0.835303,0.035000,0.004444,0.995556,0.004444,0.995556
25,89,0.946237,0.853807,0.035000,0.004444,0.995556,0.004444,0.995556
26,0,0.088648,0.097493,0.035000,0.006222,0.993778,0.006222,0.993778
26,1,0.194813,0.071765,0.035000,0.006222,0.993778,0.006222,0.993778
26,2,0.264376,0.096630,0.035000,0.006222,0.993778,0.006222,0.993778
26,3,0.368372,0.119427,0.035000,0.006222,0.993778,0.006222,0.993778
26,4,0.467028,0.109254,0.035000,0.006222,0.993778,0.006222,0.993778
26,5,0.547126,0.080289,0.035000,0.006222,0.993778,0.006222,0.993778
26,6,0.626552,0.082422,0.035000,0.006222,0.993778,0.006222,0.993778
26,7,0.726996,0.104613,0.035000,0.006222,0.993778,0.006222,0.993778
26,8,0.847689,0.124277,0.035000,0.006222,0.993778,0.006222,0.993778
26,9,0.917898,0.098957,0.035000,0.006222,0.993778,0.006222,0.993778
26,10,0.096208,0.180277,0.035000,0.006222,0.993778,0.006222,0.993778
26,11,0.202518,0.178518,0.035000,0.006222,0.993778,0.006222,0.993778
26,12,0.305034,0.218348,0.035000,0.006222,0.993778,0.006222,0.993778
26,13,0.374020,0.206399,0.035000,0.006222,0.993778,0.006222,0.993778
26,14,0.479282,0.189898,0.035000,0.006222,0.993778,0.006222,0.993778
26,15,0.575994,0.173169,0.035000,0.006222,0.993778,0.006222,0.993778
26,16,0.662601,0.199188,0.035000,0.006222,0.993778,0.006222,0.993778
26,17,0.734905,0.218510,0.035000,0.006222,0.993778,0.006222,0.993778
26,18,0.860049,0.198984,0.035000,0.006222,0.993778,0.006222,0.993778
26,19,0.956958,0.176088,0.035000,0.006222,0.993778,0.006222,0.993778
26,20,0.068135,0.278472,0.035000,0.006222,0.993778,0.006222,0.993778
26,21,0.167109,0.304314,0.035000,0.006222,0.993778,0.006222,0.993778
26,22,0.276715,0.305148,0.035000,0.006222,0.993778,0.006222,0.993778
26,23,0.378279,0.286730,0.035000,0.006222,0.993778,0.006222,0.993778
26,24,0.445905,0.265288,0.035000,0.006222,0.993778,0.006222,0.993778
26,25,0.550129,0.289378,0.035000,0.006222,0.993778,0.006222,0.993778
26,26,0.646920,0.308595,0.035000,0.006222,0.993778,0.006222,0.993778
26,27,0.742568,0.303000,0.035000,0.006222,0.993778,0.006222,0.993778
26,28,0.806786,0.270410,0.035000,0.006222,0.993778,0.006222,0.993778
26,29,0.933110,0.274823,0.035000,0.006222,0.993778,0.006222,0.993778
26,30,0.109051,0.389716,0.035000,0.006222,0.993778,0.006222,0.993778
26,31,0.199699,0.407236,0.035000,0.006222,0.993778,0.006222,0.993778
26,32,0.279389,0.382975,0.035000,0.006222,0.993778,0.006222,0.993778
26,33,0.385271,0.362467,0.035000,0.006222,0.993778,0.006222,0.993778
26,34,0.492582,0.377163,0.035000,0.006222,0.993778,0.006222,0.993778
26,35,0.556470,0.407812,0.035000,0.006222,0.993778,0.006222,0.993778
26,36,0.659007,0.397704,0.035000,0.006222,0.993778,0.006222,0.993778
26,37,0.757864,0.377291,0.035000,0.006222,0.993778,0.006222,0.993778
26,38,0.851361,0.358840,0.035000,0.006222,0.993778,0.006222,0.993778
26,39,0.917832,0.393713,0.035000,0.006222,0.993778,0.006222,0.993778
26,40,0.086238,0.503407,0.035000,0.006222,0.993778,0.006222,0.993778
26,41,0.202870,0.480983,0.035000,0.006222,0.993778,0.006222,0.993778
26,42,0.270894,0.462485,0.035000,0.006222,0.993778,0.006222,0.993778
26,43,0.349246,0.470116,0.035000,0.006222,0.993778,0.006222,0.993778
26,44,0.455671,0.491576,0.035000,0.006222,0.993778,0.006222,0.993778
26,45,0.568795,0.499709,0.035000,0.006222,0.993778,0.006222,0.993778
26,46,0.632854,0.468956,0.035000,0.006222,0.993778,0.006222,0.993778
26,47,0.731886,0.460212,0.035000,0.006222,0.993778,0.006222,0.993778
26,48,0.835448,0.474124,0.035000,0.006222,0.993778,0.006222,0.993778
26,49,0.931130,0.507491,0.035000,0.006222,0.993778,0.006222,0.993778
26,50,0.081270,0.581795,0.035000,0.006222,0.993778,0.006222,0.993778
26,51,0.195299,0.563649,0.035000,0.006222,0.993778,0.006222,0.993778
26,52,0.314473,0.557975,0.035000,0.006222,0.993778,0.006222,0.993778
26,53,0.383517,0.590670,0.035000,0.006222,0.993778,0.006222,0.993778
26,54,0.458353,0.593637,0.035000,0.006222,0.993778,0.006222,0.993778
26,55,0.567407,0.573273,0.035000,0.006222,0.993778,0.006222,0.993778
26,56,0.676094,0.547388,0.035000,0.006222,0.993778,0.006222,0.993778
26,57,0.745469,0.570305,0.035000,0.006222,0.993778,0.006222,0.993778
26,58,0.840768,0.594088,0.035000,0.006222,0.993778,0.006222,0.993778
26,59,0.958778,0.586136,0.035000,0.006222,0.993778,0.006222,0.993778
26,60,0.081022,0.656363,0.035000,0.006222,0.993778,0.006222,0.993778
26,61,0.159249,0.652012,0.035000,0.006222,0.993778,0.006222,0.993778
26,62,0.266200,0.675152,0.035000,0.006222,0.993778,0.006222,0.993778
26,63,0.387024,0.693118,0.035000,0.006222,0.993778,0.006222,0.993778
26,64,0.458574,0.671018,0.035000,0.006222,0.993778,0.006222,0.993778
26,65,0.533466,0.656472,0.035000,0.006222,0.993778,0.006222,0.993778
26,66,0.642574,0.653119,0.035000,0.006222,0.993778,0.006222,0.993778
26,67,0.748817,0.691783,0.035000,0.006222,0.993778,0.006222,0.993778
26,68,0.819197,0.688608,0.035000,0.006222,0.993778,0.006222,0.993778
26,69,0.913655,0.659120,0.035000,0.006222,0.993778,0.006222,0.993778
26,70,0.115827,0.741734,0.035000,0.006222,0.993778,0.006222,0.993778
26,71,0.205527,0.767921,0.035000,0.006222,0.993778,0.006222,0.993778
26,72,0.276095,0.789852,0.035000,0.006222,0.993778,0.006222,0.993778
26,73,0.377127,0.768726,0.035000,0.006222,0.993778,0.006222,0.993778
26,74,0.496201,0.745895,0.035000,0.006222,0.993778,0.006222,0.993778
26,75,0.573780,0.748978,0.035000,0.006222,0.993778,0.006222,0.993778
26,76,0.640651,0.778589,0.035000,0.006222,0.993778,0.006222,0.993778
26,77,0.753752,0.789214,0.035000,0.006222,0.993778,0.006222,0.993778
26,78,0.859320,0.757382,0.035000,0.006222,0.993778,0.006222,0.993778
26,79,0.928246,0.739300,0.035000,0.006222,0.993778,0.006222,0.993778
26,80,0.084550,0.858391,0.035000,0.006222,0.993778,0.006222,0.993778
26,81,0.186092,0.878648,0.035000,0.006222,0.993778,0.006222,0.993778
26,82,0.284441,0.875315,0.035000,0.006222,0.993778,0.006222,0.993778
26,83,0.348179,0.844795,0.035000,0.006222,0.993778,0.006222,0.993778
26,84,0.450879,0.840875,0.035000,0.006222,0.993778,0.006222,0.993778
26,85,0.570463,0.866430,0.035000,0.006222,0.993778,0.006222,0.993778
26,86,0.646627,0.886148,0.035000,0.006222,0.993778,0.006222,0.993778
26,87,0.713845,0.858225,0.035000,0.006222,0.993778,0.006222,0.993778
26,88,0.833996,0.836995,0.035000,0.006222,0.993778,0.006222,0.993778
26,89,0.946480,0.856287,0.035000,0.006222,0.993778,0.006222,0.993778
27,0,0.091121,0.096923,0.035000,0.008000,0.992000,0.008000,0.992000
27,1,0.192752,0.074353,0.035000,0.008000,0.992000,0.008000,0.992000
27,2,0.262126,0.097752,0.035000,0.008000,0.992000,0.008000,0.992000
27,3,0.371251,0.117203,0.035000,0.008000,0.992000,0.008000,0.992000
27,4,0.468141,0.106291,0.035000,0.008000,0.992000,0.008000,0.992000
27,5,0.542534,0.081839,0.035000,0.008000,0.992000,0.008000,0.992000
27,6,0.627332,0.084826,0.035000,0.008000,0.992000,0.008000,0.992000
27,7,0.730085,0.104152,0.035000,0.008000,0.992000,0.008000,0.992000
27,8,0.847624,0.121611,0.035000,0.008000,0.992000,0.008000,0.992000
27,9,0.914638,0.098255,0.035000,0.008000,0.992000,0.008000,0.992000
27,10,0.097709,0.183333,0.035000,0.008000,0.992000,0.008000,0.992000
27,11,0.205288,0.180092,0.035000,0.008000,0.992000,0.008000,0.992000
27,12,0.302718,0.216714,0.035000,0.008000,0.992000,0.008000,0.992000
27,13,0.372166,0.202996,0.035000,0.008000,0.992000,0.008000,0.992000
27,14,0.482386,0.191725,0.035000,0.008000,0.992000,0.008000,0.992000
27,15,0.577516,0.175870,0.035000,0.008000,0.992000,0.008000,0.992000
27,16,0.658273,0.199026,0.035000,0.008000,0.992000,0.008000,0.992000
27,17,0.735352,0.216329,0.035000,0.008000,0.992000,0.008000,0.992000
27,18,0.863529,0.197682,0.035000,0.008000,0.992000,0.008000,0.992000
27,19,0.956769,0.178192,0.035000,0.008000,0.992000,0.008000,0.992000
27,20,0.064707,0.280614,0.035000,0.008000,0.992000,0.008000,0.992000
27,21,0.168250,0.303064,0.035000,0.008000,0.992000,0.008000,0.992000
27,22,0.279255,0.301104,0.035000,0.008000,0.992000,0.008000,0.992000
27,23,0.374750,0.288365,0.035000,0.008000,0.992000,0.008000,0.992000
27,24,0.444994,0.267458,0.035000,0.008000,0.992000,0.008000,0.992000
27,25,0.552843,0.290266,0.035000,0.008000,0.992000,0.008000,0.992000
27,26,0.648534,0.306220,0.035000,0.008000,0.992000,0.008000,0.992000
27,27,0.738653,0.301588,0.035000,0.008000,0.992000,0.008000,0.992000
27,28,0.806766,0.271637,0.035000,0.008000,0.992000,0.008000,0.992000
27,29,0.936577,0.277305,0.035000,0.008000,0.992000,0.008000,0.992000
27,30,0.108857,0.389033,0.035000,0.008000,0.992000,0.008000,0.992000
27,31,0.196465,0.403357,0.035000,0.008000,0.992000,0.008000,0.992000
27,32,0.280851,0.383279,0.035000,0.008000,0.992000,0.008000,0.992000
27,33,0.388168,0.365003,0.035000,0.008000,0.992000,0.008000,0.992000
27,34,0.489094,0.377728,0.035000,0.008000,0.992000,0.008000,0.992000
27,35,0.555695,0.406766,0.035000,0.008000,0.992000,0.008000,0.992000
27,36,0.661631,0.395446,0.035000,0.008000,0.992000,0.008000,0.992000
27,37,0.759588,0.378412,0.035000,0.008000,0.992000,0.008000,0.992000
27,38,0.847463,0.361173,0.035000,0.008000,0.992000,0.008000,0.992000
27,39,0.917726,0.394016,0.035000,0.008000,0.992000,0.008000,0.992000
27,40,0.089289,0.500787,0.035000,0.008000,0.992000,0.008000,0.992000
27,41,0.200370,0.481148,0.035000,0.008000,0.992000,0.008000,0.992000
27,42,0.270134,0.464642,0.035000,0.008000,0.992000,0.008000,0.992000
27,43,0.350122,0.472087,0.035000,0.008000,0.992000,0.008000,0.992000
27,44,0.458591,0.490057,0.035000,0.008000,0.992000,0.008000,0.992000
27,45,0.566375,0.496885,0.035000,0.008000,0.992000,0.008000,0.992000
27,46,0.631149,0.468969,0.035000,0.008000,0.992000,0.008000,0.992000
27,47,0.734417,0.462951,0.035000,0.008000,0.992000,0.008000,0.992000
27,48,0.837300,0.474695,0.035000,0.008000,0.992000,0.008000,0.992000
27,49,0.928216,0.505076,0.035000,0.008000,0.992000,0.008000,0.992000
27,50,0.080095,0.580165,0.035000,0.008000,0.992000,0.008000,0.992000
27,51,0.198390,0.566183,0.035000,0.008000,0.992000,0.008000,0.992000
27,52,0.314967,0.560321,0.035000,0.008000,0.992000,0.008000,0.992000
27,53,0.380160,0.589803,0.035000,0.008000,0.992000,0.008000,0.992000
27,54,0.459095,0.590919,0.035000,0.008000,0.992000,0.008000,0.992000
27,55,0.570402,0.573334,0.035000,0.008000,0.992000,0.008000,0.992000
27,56,0.674633,0.549936,0.035000,0.008000,0.992000,0.008000,0.992000
27,57,0.742772,0.571545,0.035000,0.008000,0.992000,0.008000,0.992000
27,58,0.843202,0.591945,0.035000,0.008000,0.992000,0.008000,0.992000
27,59,0.957000,0.584035,0.035000,0.008000,0.992000,0.008000,0.992000
27,60,0.077959,0.657677,0.035000,0.008000,0.992000,0.008000,0.992000
27,61,0.157979,0.654626,0.035000,0.008000,0.992000,0.008000,0.992000
27,62,0.269165,0.674834,0.035000,0.008000,0.992000,0.008000,0.992000
27,63,0.387474,0.690509,0.035000,0.008000,0.992000,0.008000,0.992000
27,64,0.454571,0.670422,0.035000,0.008000,0.992000,0.008000,0.992000
27,65,0.534817,0.659172,0.035000,0.008000,0.992000,0.008000,0.992000
27,66,0.645593,0.654788,0.035000,0.008000,0.992000,0.008000,0.992000
27,67,0.745912,0.690235,0.035000,0.008000,0.992000,0.008000,0.992000
27,68,0.817978,0.686131,0.035000,0.008000,0.992000,0.008000,0.992000
27,69,0.915988,0.659825,0.035000,0.008000,0.992000,0.008000,0.992000
27,70,0.117883,0.744431,0.035000,0.008000,0.992000,0.008000,0.992000
27,71,0.201246,0.767740,0.035000,0.008000,0.992000,0.008000,0.992000
27,72,0.276182,0.787877,0.035000,0.008000,0.992000,0.008000,0.992000
27,73,0.380221,0.766740,0.035000,0.008000,0.992000,0.008000,0.992000
27,74,0.496986,0.747838,0.035000,0.008000,0.992000,0.008000,0.992000
27,75,0.570450,0.751174,0.035000,0.008000,0.992000,0.008000,0.992000
27,76,0.641121,0.777459,0.035000,0.008000,0.992000,0.008000,0.992000
27,77,0.756821,0.786630,0.035000,0.008000,0.992000,0.008000,0.992000
27,78,0.855946,0.758036,0.035000,0.008000,0.992000,0.008000,0.992000
27,79,0.927537,0.741320,0.035000,0.008000,0.992000,0.008000,0.992000
27,80,0.086778,0.859403,0.035000,0.008000,0.992000,0.008000,0.992000
27,81,0.188225,0.876344,0.035000,0.008000,0.992000,0.008000,0.992000
27,82,0.280563,0.873978,0.035000,0.008000,0.992000,0.008000,0.992000
27,83,0.347654,0.846408,0.035000,0.008000,0.992000,0.008000,0.992000
27,84,0.453751,0.843325,0.035000,0.008000,0.992000,0.008000,0.992000
27,85,0.571380,0.865952,0.035000,0.008000,0.992000,0.008000,0.992000
27,86,0.643299,0.883456,0.035000,0.008000,0.992000,0.008000,0.992000
27,87,0.714178,0.857647,0.035000,0.008000,0.992000,0.008000,0.992000
27,88,0.837129,0.839457,0.035000,0.008000,0.992000,0.008000,0.992000
27,89,0.945469,0.857915,0.035000,0.008000,0.992000,0.008000,0.992000
28,0,0.092836,0.097669,0.035000,0.009778,0.990222,0.009778,0.990222
28,1,0.189877,0.076944,0.035000,0.009778,0.990222,0.009778,0.990222
28,2,0.260912,0.097631,0.035000,0.009778,0.990222,0.009778,0.990222
28,3,0.374627,0.114493,0.035000,0.009778,0.990222,0.009778,0.990222
28,4,0.468132,0.104519,0.035000,0.009778,0.990222,0.009778,0.990222
28,5,0.537964,0.084274,0.035000,0.009778,0.990222,0.009778,0.990222
28,6,0.629136,0.086568,0.035000,0.009778,0.990222,0.009778,0.990222
28,7,0.733058,0.102522,0.035000,0.009778,0.990222,0.009778,0.990222
28,8,0.845423,0.119460,0.035000,0.009778,0.990222,0.009778,0.990222
28,9,0.912773,0.098512,0.035000,0.009778,0.990222,0.009778,0.990222
28,10,0.100224,0.186588,0.035000,0.009778,0.990222,0.009778,0.990222
28,11,0.207304,0.180529,0.035000,0.009778,0.990222,0.009778,0.990222
28,12,0.299598,0.214311,0.035000,0.009778,0.990222,0.009778,0.990222
28,13,0.371255,0.200594,0.035000,0.009778,0.990222,0.009778,0.990222
28,14,0.485987,0.194492,0.035000,0.009778,0.990222,0.009778,0.990222
28,15,0.577887,0.178154,0.035000,0.009778,0.990222,0.009778,0.990222
28,16,0.653887,0.197669,0.035000,0.009778,0.990222,0.009778,0.990222
28,17,0.736852,0.214002,0.035000,0.009778,0.990222,0.009778,0.990222
28,18,0.866883,0.197603,0.035000,0.009778,0.990222,0.009778,0.990222
28,19,0.955222,0.180865,0.035000,0.009778,0.990222,0.009778,0.990222
28,20,0.061738,0.281759,0.035000,0.009778,0.990222,0.009778,0.990222
28,21,0.170463,0.300848,0.035000,0.009778,0.990222,0.009778,0.990222
28,22,0.281123,0.297879,0.035000,0.009778,0.990222,0.009778,0.990222
28,23,0.370586,0.290997,0.035000,0.009778,0.990222,0.009778,0.990222
28,24,0.444834,0.269582,0.035000,0.009778,0.990222,0.009778,0.990222
28,25,0.556142,0.289892,0.035000,0.009778,0.990222,0.009778,0.990222
28,26,0.649017,0.303471,0.035000,0.009778,0.990222,0.009778,0.990222
28,27,0.734578,0.301225,0.035000,0.009778,0.990222,0.009778,0.990222
28,28,0.807845,0.273742,0.035000,0.009778,0.990222,0.009778,0.990222
28,29,0.939965,0.279003,0.035000,0.009778,0.990222,0.009778,0.990222
28,30,0.107474,0.387223,0.035000,0.009778,0.990222,0.009778,0.990222
28,31,0.193612,0.399981,0.035000,0.009778,0.990222,0.009778,0.990222
28,32,0.283341,0.384736,0.035000,0.009778,0.990222,0.009778,0.990222
28,33,0.390389,0.367714,0.035000,0.009778,0.990222,0.009778,0.990222
28,34,0.484947,0.377231,0.035000,0.009778,0.990222,0.009778,0.990222
28,35,0.555608,0.404935,0.035000,0.009778,0.990222,0.009778,0.990222
28,36,0.664884,0.394127,0.035000,0.009778,0.990222,0.009778,0.990222
28,37,0.760199,0.380549,0.035000,0.009778,0.990222,0.009778,0.990222
28,38,0.843363,0.363027,0.035000,0.009778,0.990222,0.009778,0.990222
28,39,0.918709,0.393039,0.035000,0.009778,0.990222,0.009778,0.990222
28,40,0.092370,0.498196,0.035000,0.009778,0.990222,0.009778,0.990222
28,41,0.197035,0.482378,0.035000,0.009778,0.990222,0.009778,0.990222
28,42,0.269338,0.467273,0.035000,0.009778,0.990222,0.009778,0.990222
28,43,0.352116,0.472992,0.035000,0.009778,0.990222,0.009778,0.990222
28,44,0.460880,0.487660,0.035000,0.009778,0.990222,0.009778,0.990222
28,45,0.562669,0.495023,0.035000,0.009778,0.990222,0.009778,0.990222
28,46,0.630678,0.470006,0.035000,0.009778,0.990222,0.009778,0.990222
28,47,0.737618,0.465445,0.035000,0.009778,0.990222,0.009778,0.990222
28,48,0.838058,0.474009,0.035000,0.009778,0.990222,0.009778,0.990222
28,49,0.924917,0.502391,0.035000,0.009778,0.990222,0.009778,0.990222
28,50,0.080142,0.579697,0.035000,0.009778,0.990222,0.009778,0.990222
28,51,0.201549,0.569336,0.035000,0.009778,0.990222,0.009778,0.990222
28,52,0.313061,0.561297,0.035000,0.009778,0.990222,0.009778,0.990222
28,53,0.378239,0.588356,0.035000,0.009778,0.990222,0.009778,0.990222
28,54,0.460974,0.588649,0.035000,0.009778,0.990222,0.009778,0.990222
28,55,0.572803,0.574609,0.035000,0.009778,0.990222,0.009778,0.990222
28,56,0.672183,0.552550,0.035000,0.009778,0.990222,0.009778,0.990222
28,57,0.740959,0.571555,0.035000,0.009778,0.990222,0.009778,0.990222
28,58,0.846346,0.589258,0.035000,0.009778,0.990222,0.009778,0.990222
28,59,0.955222,0.582947,0.035000,0.009778,0.990222,0.009778,0.990222
28,60,0.074497,0.659936,0.035000,0.009778,0.990222,0.009778,0.990222
28,61,0.157917,0.656606,0.035000,0.009778,0.990222,0.009778,0.990222
28,62,0.272262,0.673324,0.035000,0.009778,0.990222,0.009778,0.990222
28,63,0.384415,0.688721,0.035000,0.009778,0.990222,0.009778,0.990222
28,64,0.453181,0.670376,0.035000,0.009778,0.990222,0.009778,0.990222
28,65,0.537213,0.662173,0.035000,0.009778,0.990222,0.009778,0.990222
28,66,0.648064,0.655350,0.035000,0.009778,0.990222,0.009778,0.990222
28,67,0.742220,0.687871,0.035000,0.009778,0.990222,0.009778,0.990222
28,68,0.817379,0.684465,0.035000,0.009778,0.990222,0.009778,0.990222
28,69,0.919071,0.661648,0.035000,0.009778,0.990222,0.009778,0.990222
28,70,0.118892,0.746772,0.035000,0.009778,0.990222,0.009778,0.990222
28,71,0.196711,0.766381,0.035000,0.009778,0.990222,0.009778,0.990222
28,72,0.277247,0.785671,0.035000,0.009778,0.990222,0.009778,0.990222
28,73,0.383470,0.766044,0.035000,0.009778,0.990222,0.009778,0.990222
28,74,0.496495,0.750416,0.035000,0.009778,0.990222,0.009778,0.990222
28,75,0.567320,0.752416,0.035000,0.009778,0.990222,0.009778,0.990222
28,76,0.642763,0.775323,0.035000,0.009778,0.990222,0.009778,0.990222
28,77,0.759382,0.784590,0.035000,0.009778,0.990222,0.009778,0.990222
28,78,0.851846,0.759830,0.035000,0.009778,0.990222,0.009778,0.990222
28,79,0.927326,0.743373,0.035000,0.009778,0.990222,0.009778,0.990222
28,80,0.089794,0.859161,0.035000,0.009778,0.990222,0.009778,0.990222
28,81,0.189339,0.873608,0.035000,0.009778,0.990222,0.009778,0.990222
28,82,0.276336,0.873635,0.035000,0.009778,0.990222,0.009778,0.990222
28,83,0.348167,0.848872,0.035000,0.009778,0.990222,0.009778,0.990222
28,84,0.456854,0.845052,0.035000,0.009778,0.990222,0.009778,0.990222
28,85,0.571019,0.864310,0.035000,0.009778,0.990222,0.009778,0.990222
28,86,0.640123,0.881032,0.035000,0.009778,0.990222,0.009778,0.990222
28,87,0.715697,0.858335,0.035000,0.009778,0.990222,0.009778,0.990222
28,88,0.839795,0.842157,0.035000,0.009778,0.990222,0.009778,0.990222
28,89,0.943372,0.858360,0.035000,0.009778,0.990222,0.009778,0.990222
29,0,0.093513,0.099471,0.035000,0.011556,0.988444,0.011556,0.988444
29,1,0.186575,0.078975,0.035000,0.011556,0.988444,0.011556,0.988444
29,2,0.260897,0.096291,0.035000,0.011556,0.988444,0.011556,0.988444
29,3,0.378074,0.111867,0.035000,0.011556,0.988444,0.011556,0.988444
29,4,0.466350,0.104277,0.035000,0.011556,0.988444,0.011556,0.988444
29,5,0.534424,0.086952,0.035000,0.011556,0.988444,0.011556,0.988444
29,6,0.631919,0.087245,0.035000,0.011556,0.988444,0.011556,0.988444
29,7,0.735488,0.100051,0.035000,0.011556,0.988444,0.011556,0.988444
29,8,0.841900,0.118149,0.035000,0.011556,0.988444,0.011556,0.988444
29,9,0.912053,0.099818,0.035000,0.011556,0.988444,0.011556,0.988444
29,10,0.103461,0.189477,0.035000,0.011556,0.988444,0.011556,0.988444
29,11,0.208277,0.179716,0.035000,0.011556,0.988444,0.011556,0.988444
29,12,0.296052,0.211675,0.035000,0.011556,0.988444,0.011556,0.988444
29,13,0.371470,0.199500,0.035000,0.011556,0.988444,0.011556,0.988444
29,14,0.489669,0.197818,0.035000,0.011556,0.988444,0.011556,0.988444
29,15,0.577042,0.179536,0.035000,0.011556,0.988444,0.011556,0.988444
29,16,0.649859,0.195321,0.035000,0.011556,0.988444,0.011556,0.988444
29,17,0.739372,0.212108,0.035000,0.011556,0.988444,0.011556,0.988444
29,18,0.869687,0.198765,0.035000,0.011556,0.988444,0.011556,0.988444
29,19,0.953444,0.183543,0.035000,0.011556,0.988444,0.011556,0.988444
29,20,0.059604,0.281665,0.035000,0.011556,0.988444,0.011556,0.988444
29,21,0.173466,0.298132,0.035000,0.011556,0.988444,0.011556,0.988444
29,22,0.282010,0.295871,0.035000,0.011556,0.988444,0.011556,0.988444
29,23,0.366116,0.294362,0.035000,0.011556,0.988444,0.011556,0.988444
29,24,0.445659,0.271100,0.035000,0.011556,0.988444,0.011556,0.988444
29,25,0.559608,0.288335,0.035000,0.011556,0.988444,0.011556,0.988444
29,26,0.648287,0.300926,0.035000,0.011556,0.988444,0.011556,0.988444
29,27,0.730767,0.302074,0.035000,0.011556,0.988444,0.011556,0.988444
29,28,0.810001,0.276201,0.035000,0.011556,0.988444,0.011556,0.988444
29,29,0.942847,0.279556,0.035000,0.011556,0.988444,0.011556,0.988444
29,30,0.105061,0.384661,0.035000,0.011556,0.988444,0.011556,0.988444
29,31,0.191528,0.397590,0.035000,0.011556,0.988444,0.011556,0.988444
29,32,0.286602,0.387191,0.035000,0.011556,0.988444,0.011556,0.988444
29,33,0.391618,0.370023,0.035000,0.011556,0.988444,0.011556,0.988444
29,34,0.480460,0.375593,0.035000,0.011556,0.988444,0.011556,0.988444
29,35,0.556462,0.402892,0.035000,0.011556,0.988444,0.011556,0.988444
29,36,0.668352,0.394024,0.035000,0.011556,0.988444,0.011556,0.988444
29,37,0.759599,0.383260,0.035000,0.011556,0.988444,0.011556,0.988444
29,38,0.839484,0.363942,0.035000,0.011556,0.988444,0.011556,0.988444
29,39,0.920774,0.391051,0.035000,0.011556,0.988444,0.011556,0.988444
29,40,0.095040,0.496192,0.035000,0.011556,0.988444,0.011556,0.988444
29,41,0.192953,0.484665,0.035000,0.011556,0.988444,0.011556,0.988444
29,42,0.268959,0.469805,0.035000,0.011556,0.988444,0.011556,0.988444
29,43,0.354973,0.472641,0.035000,0.011556,0.988444,0.011556,0.988444
29,44,0.462209,0.484880,0.035000,0.011556,0.988444,0.011556,0.988444
29,45,0.558527,0.494266,0.035000,0.011556,0.988444,0.011556,0.988444
29,46,0.631171,0.471958,0.035000,0.011556,0.988444,0.011556,0.988444
29,47,0.741082,0.467166,0.035000,0.011556,0.988444,0.011556,0.988444
29,48,0.837604,0.472196,0.035000,0.011556,0.988444,0.011556,0.988444
29,49,0.921673,0.500016,0.035000,0.011556,0.988444,0.011556,0.988444
29,50,0.081401,0.580493,0.035000,0.011556,0.988444,0.011556,0.988444
29,51,0.204336,0.572586,0.035000,0.011556,0.988444,0.011556,0.988444
29,52,0.309520,0.560866,0.035000,0.011556,0.988444,0.011556,0.988444
29,53,0.377525,0.586468,0.035000,0.011556,0.988444,0.011556,0.988444
29,54,0.463751,0.587304,0.035000,0.011556,0.988444,0.011556,0.988444
29,55,0.574271,0.576880,0.035000,0.011556,0.988444,0.011556,0.988444
29,56,0.669080,0.554661,0.035000,0.011556,0.988444,0.011556,0.988444
29,57,0.740274,0.570331,0.035000,0.011556,0.988444,0.011556,0.988444
29,58,0.849802,0.586595,0.035000,0.011556,0.988444,0.011556,0.988444
29,59,0.953444,0.583104,0.035000,0.011556,0.988444,0.011556,0.988444
29,60,0.071068,0.662667,0.035000,0.011556,0.988444,0.011556,0.988444
29,61,0.159071,0.657531,0.035000,0.011556,0.988444,0.011556,0.988444
29,62,0.275044,0.670928,0.035000,0.011556,0.988444,0.011556,0.988444
29,63,0.380563,0.687515,0.035000,0.011556,0.988444,0.011556,0.988444
29,64,0.452199,0.671573,0.035000,0.011556,0.988444,0.011556,0.988444
29,65,0.540445,0.664906,0.035000,0.011556,0.988444,0.011556,0.988444
29,66,0.649635,0.654661,0.035000,0.011556,0.988444,0.011556,0.988444
29,67,0.738032,0.685216,0.035000,0.011556,0.988444,0.011556,0.988444
29,68,0.817691,0.683957,0.035000,0.011556,0.988444,0.011556,0.988444
29,69,0.922512,0.664205,0.035000,0.011556,0.988444,0.011556,0.988444
29,70,0.118702,0.748256,0.035000,0.011556,0.988444,0.011556,0.988444
29,71,0.192323,0.764014,0.035000,0.011556,0.988444,0.011556,0.988444
29,72,0.279347,0.783820,0.035000,0.011556,0.988444,0.011556,0.988444
29,73,0.386431,0.766671,0.035000,0.011556,0.988444,0.011556,0.988444
29,74,0.494790,0.753069,0.035000,0.011556,0.988444,0.011556,0.988444
29,75,0.564846,0.752437,0.035000,0.011556,0.988444,0.011556,0.988444
29,76,0.645367,0.772633,0.035000,0.011556,0.988444,0.011556,0.988444
29,77,0.761076,0.783541,0.035000,0.011556,0.988444,0.011556,0.988444
29,78,0.847283,0.762505,0.035000,0.011556,0.988444,0.011556,0.988444
29,79,0.927930,0.744890,0.035000,0.011556,0.988444,0.011556,0.988444
29,80,0.093215,0.857715,0.035000,0.011556,0.988444,0.011556,0.988444
29,81,0.189267,0.871016,0.035000,0.011556,0.988444,0.011556,0.988444
29,82,0.272168,0.874478,0.035000,0.011556,0.988444,0.011556,0.988444
29,83,0.349782,0.851686,0.035000,0.011556,0.988444,0.011556,0.988444
29,84,0.459738,0.845674,0.035000,0.011556,0.988444,0.011556,0.988444
29,85,0.569466,0.861858,0.035000,0.011556,0.988444,0.011556,0.988444
29,86,0.637523,0.879395,0.035000,0.011556,0.988444,0.011556,0.988444
29,87,0.718208,0.860146,0.035000,0.011556,0.988444,0.011556,0.988444
29,88,0.841625,0.844517,0.035000,0.011556,0.988444,0.011556,0.988444
29,89,0.940492,0.857539,0.035000,0.011556,0.988444,0.011556,0.988444
30,0,0.093016,0.101867,0.035000,0.013333,0.986667,0.013333,0.986667
30,1,0.183285,0.080003,0.035000,0.013333,0.986667,0.013333,0.986667
30,2,0.262092,0.094009,0.035000,0.013333,0.986667,0.013333,0.986667
30,3,0.381152,0.109877,0.035000,0.013333,0.986667,0.013333,0.986667
30,4,0.462456,0.105609,0.035000,0.013333,0.986667,0.013333,0.986667
30,5,0.532741,0.089183,0.035000,0.013333,0.986667,0.013333,0.986667
30,6,0.635480,0.086681,0.035000,0.013333,0.986667,0.013333,0.986667
30,7,0.737024,0.097244,0.035000,0.013333,0.986667,0.013333,0.986667
30,8,0.837857,0.117892,0.035000,0.013333,0.986667,0.013333,0.986667
30,9,0.912264,0.101976,0.035000,0.013333,0.986667,0.013333,0.986667
30,10,0.107033,0.191494,0.035000,0.013333,0.986667,0.013333,0.986667
30,11,0.208057,0.177801,0.035000,0.013333,0.986667,0.013333,0.986667
30,12,0.292508,0.209386,0.035000,0.013333,0.986667,0.013333,0.986667
30,13,0.372847,0.199773,0.035000,0.013333,0.986667,0.013333,0.986667
30,14,0.492996,0.201175,0.035000,0.013333,0.986667,0.013333,0.986667
30,15,0.575074,0.179717,0.035000,0.013333,0.986667,0.013333,0.986667
30,16,0.646584,0.192398,0.035000,0.013333,0.986667,0.013333,0.986667
30,17,0.742722,0.211122,0.035000,0.013333,0.986667,0.013333,0.986667
30,18,0.871587,0.200927,0.035000,0.013333,0.986667,0.013333,0.986667
30,19,0.951667,0.185665,0.035000,0.013333,0.986667,0.013333,0.986667
30,20,0.058571,0.280349,0.035000,0.013333,0.986667,0.013333,0.986667
30,21,0.176875,0.295486,0.035000,0.013333,0.986667,0.013333,0.986667
30,22,0.281744,0.295263,0.035000,0.013333,0.986667,0.013333,0.986667
30,23,0.361742,0.298000,0.035000,0.013333,0.986667,0.013333,0.986667
30,24,0.447540,0.271598,0.035000,0.013333,0.986667,0.013333,0.986667
30,25,0.562801,0.285919,0.035000,0.013333,0.986667,0.013333,0.986667
30,26,0.646418,0.299119,0.035000,0.013333,0.986667,0.013333,0.986667
30,27,0.727627,0.304030,0.035000,0.013333,0.986667,0.013333,0.986667
30,28,0.813053,0.278427,0.035000,0.013333,0.986667,0.013333,0.986667
30,29,0.944859,0.278847,0.035000,0.013333,0.986667,0.013333,0.986667
30,30,0.101911,0.381876,0.035000,0.013333,0.986667,0.013333,0.986667
30,31,0.190500,0.396494,0.035000,0.013333,0.986667,0.013333,0.986667
30,32,0.290265,0.390260,0.035000,0.013333,0.986667,0.013333,0.986667
30,33,0.391672,0.371439,0.035000,0.013333,0.986667,0.013333,0.986667
30,34,0.476027,0.373001,0.035000,0.013333,0.986667,0.013333,0.986667
30,35,0.558352,0.401223,0.035000,0.013333,0.986667,0.013333,0.986667
30,36,0.671594,0.395164,0.035000,0.013333,0.986667,0.013333,0.986667
30,37,0.757845,0.385987,0.035000,0.013333,0.986667,0.013333,0.986667
30,38,0.836237,0.363660,0.035000,0.013333,0.986667,0.013333,0.986667
30,39,0.923759,0.388516,0.035000,0.013333,0.986667,0.013333,0.986667
30,40,0.096918,0.495211,0.035000,0.013333,0.986667,0.013333,0.986667
30,41,0.188360,0.487742,0.035000,0.013333,0.986667,0.013333,0.986667
30,42,0.269343,0.471687,0.035000,0.013333,0.986667,0.013333,0.986667
30,43,0.358326,0.471102,0.035000,0.013333,0.986667,0.013333,0.986667
30,44,0.462379,0.482293,0.035000,0.013333,0.986667,0.013333,0.986667
30,45,0.554345,0.494773,0.035000,0.013333,0.986667,0.013333,0.986667
30,46,0.632735,0.474299,0.035000,0.013333,0.986667,0.013333,0.986667
30,47,0.744369,0.467751,0.035000,0.013333,0.986667,0.013333,0.986667
30,48,0.835981,0.469621,0.035000,0.013333,0.986667,0.013333,0.986667
30,49,0.918917,0.498463,0.035000,0.013333,0.986667,0.013333,0.986667
30,50,0.083708,0.582389,0.035000,0.013333,0.986667,0.013333,0.986667
30,51,0.206360,0.575370,0.035000,0.013333,0.986667,0.013333,0.986667
30,52,0.305367,0.559287,0.035000,0.013333,0.986667,0.013333,0.986667
30,53,0.377582,0.584361,0.035000,0.013333,0.986667,0.013333,0.986667
30,54,0.467069,0.587171,0.035000,0.013333,0.986667,0.013333,0.986667
30,55,0.574592,0.579718,0.035000,0.013333,0.986667,0.013333,0.986667
30,56,0.665742,0.555806,0.035000,0.013333,0.986667,0.013333,0.986667
30,57,0.740813,0.568126,0.035000,0.013333,0.986667,0.013333,0.986667
30,58,0.853128,0.584515,0.035000,0.013333,0.986667,0.013333,0.986667
30,59,0.951667,0.584475,0.035000,0.013333,0.986667,0.013333,0.986667
30,60,0.068106,0.665299,0.035000,0.013333,0.986667,0.013333,0.986667
30,61,0.161295,0.657203,0.035000,0.013333,0.986667,0.013333,0.986667
30,62,0.277112,0.668136,0.035000,0.013333,0.986667,0.013333,0.986667
30,63,0.376124,0.687304,0.035000,0.013333,0.986667,0.013333,0.986667
30,64,0.451986,0.673670,0.035000,0.013333,0.986667,0.013333,0.986667
30,65,0.544182,0.666846,0.035000,0.013333,0.986667,0.013333,0.986667
30,66,0.650078,0.652843,0.035000,0.013333,0.986667,0.013333,0.986667
30,67,0.733730,0.682851,0.035000,0.013333,0.986667,0.013333,0.986667
30,68,0.819057,0.684714,0.035000,0.013333,0.986667,0.013333,0.986667
30,69,0.925873,0.666962,0.035000,0.013333,0.986667,0.013333,0.986667
30,70,0.117321,0.748561,0.035000,0.013333,0.986667,0.013333,0.986667
30,71,0.188495,0.761038,0.035000,0.013333,0.986667,0.013333,0.986667
30,72,0.282381,0.782818,0.035000,0.013333,0.986667,0.013333,0.986667
30,73,0.388699,0.768395,0.035000,0.013333,0.986667,0.013333,0.986667
30,74,0.492026,0.755228,0.035000,0.013333,0.986667,0.013333,0.986667
30,75,0.563455,0.751224,0.035000,0.013333,0.986667,0.013333,0.986667
30,76,0.648598,0.769951,0.035000,0.013333,0.986667,0.013333,0.986667
30,77,0.761658,0.783723,0.035000,0.013333,0.986667,0.013333,0.986667
30,78,0.842623,0.765602,0.035000,0.013333,0.986667,0.013333,0.986667
30,79,0.929521,0.745433,0.035000,0.013333,0.986667,0.013333,0.986667
30,80,0.096605,0.855367,0.035000,0.013333,0.986667,0.013333,0.986667
30,81,0.187998,0.869110,0.035000,0.013333,0.986667,0.013333,0.986667
30,82,0.268476,0.876433,0.035000,0.013333,0.986667,0.013333,0.986667
30,83,0.352405,0.854274,0.035000,0.013333,0.986667,0.013333,0.986667
30,84,0.461990,0.845042,0.035000,0.013333,0.986667,0.013333,0.986667
30,85,0.566952,0.859115,0.035000,0.013333,0.986667,0.013333,0.986667
30,86,0.635843,0.878902,0.035000,0.013333,0.986667,0.013333,0.986667
30,87,0.721388,0.862703,0.035000,0.013333,0.986667,0.013333,0.986667
30,88,0.842358,0.846031,0.035000,0.013333,0.986667,0.013333,0.986667
30,89,0.937226,0.855627,0.035000,0.013333,0.986667,0.013333,0.986667
31,0,0.091362,0.104283,0.035000,0.015111,0.984889,0.015111,0.984889
31,1,0.180441,0.079796,0.035000,0.015111,0.984889,0.015111,0.984889
31,2,0.264351,0.091258,0.035000,0.015111,0.984889,0.015111,0.984889
31,3,0.383471,0.108942,0.035000,0.015111,0.984889,0.015111,0.984889
31,4,0.457983,0.107854,0.035000,0.015111,0.984889,0.015111,0.984889
31,5,0.531932,0.090765,0.035000,0.015111,0.984889,0.015111,0.984889
31,6,0.639497,0.084963,0.035000,0.015111,0.984889,0.015111,0.984889
31,7,0.737436,0.094678,0.035000,0.015111,0.984889,0.015111,0.984889
31,8,0.833679,0.118840,0.035000,0.015111,0.984889,0.015111,0.984889
31,9,0.913544,0.104456,0.035000,0.015111,0.984889,0.015111,0.984889
31,10,0.110504,0.192301,0.035000,0.015111,0.984889,0.015111,0.984889
31,11,0.206649,0.175165,0.035000,0.015111,0.984889,0.015111,0.984889
31,12,0.289399,0.207946,0.035000,0.015111,0.984889,0.015111,0.984889
31,13,0.375265,0.201214,0.035000,0.015111,0.984889,0.015111,0.984889
31,14,0.495575,0.204006,0.035000,0.015111,0.984889,0.015111,0.984889
31,15,0.572224,0.178652,0.035000,0.015111,0.984889,0.015111,0.984889
31,16,0.644374,0.189450,0.035000,0.015111,0.984889,0.015111,0.984889
31,17,0.746589,0.211320,0.035000,0.015111,0.984889,0.015111,0.984889
31,18,0.872342,0.203640,0.035000,0.015111,0.984889,0.015111,0.984889
31,19,0.949889,0.186782,0.035000,0.015111,0.984889,0.015111,0.984889
31,20,0.058768,0.278082,0.035000,0.015111,0.984889,0.015111,0.984889
31,21,0.180254,0.293463,0.035000,0.015111,0.984889,0.015111,0.984889
31,22,0.280309,0.295986,0.035000,0.015111,0.984889,0.015111,0.984889
31,23,0.357876,0.301362,0.035000,0.015111,0.984889,0.015111,0.984889
31,24,0.450389,0.270889,0.035000,0.015111,0.984889,0.015111,0.984889
31,25,0.565314,0.283146,0.035000,0.015111,0.984889,0.015111,0.984889
31,26,0.643637,0.298429,0.035000,0.015111,0.984889,0.015111,0.984889
31,27,0.725490,0.306750,0.035000,0.015111,0.984889,0.015111,0.984889
31,28,0.816695,0.279895,0.035000,0.015111,0.984889,0.015111,0.984889
31,29,0.945747,0.277017,0.035000,0.015111,0.984889,0.015111,0.984889
31,30,0.098417,0.379443,0.035000,0.015111,0.984889,0.015111,0.984889
31,31,0.190675,0.396762,0.035000,0.015111,0.984889,0.015111,0.984889
31,32,0.293906,0.393413,0.035000,0.015111,0.984889,0.015111,0.984889
31,33,0.390522,0.371659,0.035000,0.015111,0.984889,0.015111,0.984889
31,34,0.472063,0.369860,0.035000,0.015111,0.984889,0.015111,0.984889
31,35,0.561208,0.400416,0.035000,0.015111,0.984889,0.015111,0.984889
31,36,0.674198,0.397312,0.035000,0.015111,0.984889,0.015111,0.984889
31,37,0.755147,0.388165,0.035000,0.015111,0.984889,0.015111,0.984889
31,38,0.833963,0.362185,0.035000,0.015111,0.984889,0.015111,0.984889
31,39,0.927370,0.386010,0.035000,0.015111,0.984889,0.015111,0.984889
31,40,0.097729,0.495471,0.035000,0.015111,0.984889,0.015111,0.984889
31,41,0.183599,0.491148,0.035000,0.015111,0.984889,0.015111,0.984889
31,42,0.270692,0.472506,0.035000,0.015111,0.984889,0.015111,0.984889
31,43,0.361748,0.468694,0.035000,0.015111,0.984889,0.015111,0.984889
31,44,0.461343,0.480434,0.035000,0.015111,0.984889,0.015111,0.984889
31,45,0.550545,0.496439,0.035000,0.015111,0.984889,0.015111,0.984889
31,46,0.635312,0.476441,0.035000,0.015111,0.984889,0.015111,0.984889
31,47,0.747061,0.467074,0.035000,0.015111,0.984889,0.015111,0.984889
31,48,0.833383,0.466811,0.035000,0.015111,0.984889,0.015111,0.984889
31,49,0.917016,0.498071,0.035000,0.015111,0.984889,0.015111,0.984889
31,50,0.086765,0.584992,0.035000,0.015111,0.984889,0.015111,0.984889
31,51,0.207334,0.577205,0.035000,0.015111,0.984889,0.015111,0.984889
31,52,0.300945,0.556740,0.035000,0.015111,0.984889,0.015111,0.984889
31,53,0.378625,0.582623,0.035000,0.015111,0.984889,0.015111,0.984889
31,54,0.470503,0.588283,0.035000,0.015111,0.984889,0.015111,0.984889
31,55,0.573702,0.582566,0.035000,0.015111,0.984889,0.015111,0.984889
31,56,0.662614,0.555729,0.035000,0.015111,0.984889,0.015111,0.984889
31,57,0.742515,0.565396,0.035000,0.015111,0.984889,0.015111,0.984889
31,58,0.855903,0.583456,0.035000,0.015111,0.984889,0.015111,0.984889
31,59,0.949889,0.586778,0.035000,0.015111,0.984889,0.015111,0.984889
31,60,0.065982,0.667281,0.035000,0.015111,0.984889,0.015111,0.984889
31,61,0.164305,0.655684,0.035000,0.015111,0.984889,0.015111,0.984889
31,62,0.278164,0.665523,0.035000,0.015111,0.984889,0.015111,0.984889
31,63,0.371426,0.688270,0.035000,0.015111,0.984889,0.015111,0.984889
31,64,0.452767,0.676148,0.035000,0.015111,0.984889,0.015111,0.984889
31,65,0.548016,0.667628,0.035000,0.015111,0.984889,0.015111,0.984889
31,66,0.649310,0.650256,0.035000,0.015111,0.984889,0.015111,0.984889
31,67,0.729732,0.681292,0.035000,0.015111,0.984889,0.015111,0.984889
31,68,0.821457,0.686579,0.035000,0.015111,0.984889,0.015111,0.984889
31,69,0.928726,0.669341,0.035000,0.015111,0.984889,0.015111,0.984889
31,70,0.114910,0.747613,0.035000,0.015111,0.984889,0.015111,0.984889
31,71,0.185587,0.757990,0.035000,0.015111,0.984889,0.015111,0.984889
31,72,0.286102,0.782969,0.035000,0.015111,0.984889,0.015111,0.984889
31,73,0.389963,0.770777,0.035000,0.015111,0.984889,0.015111,0.984889
31,74,0.488722,0.756429,0.035000,0.015111,0.984889,0.015111,0.984889
31,75,0.563202,0.749023,0.035000,0.015111,0.984889,0.015111,0.984889
31,76,0.652043,0.767839,0.035000,0.015111,0.984889,0.015111,0.984889
31,77,0.761030,0.785115,0.035000,0.015111,0.984889,0.015111,0.984889
31,78,0.838273,0.768561,0.035000,0.015111,0.984889,0.015111,0.984889
31,79,0.932105,0.744787,0.035000,0.015111,0.984889,0.015111,0.984889
31,80,0.099532,0.852603,0.035000,0.015111,0.984889,0.015111,0.984889
31,81,0.185676,0.868292,0.035000,0.015111,0.984889,0.015111,0.984889
31,82,0.265637,0.879183,0.035000,0.015111,0.984889,0.015111,0.984889
31,83,0.355795,0.856106,0.035000,0.015111,0.984889,0.015111,0.984889
31,84,0.463282,0.843271,0.035000,0.015111,0.984889,0.015111,0.984889
31,85,0.563829,0.856659,0.035000,0.015111,0.984889,0.015111,0.984889
31,86,0.635311,0.879667,0.035000,0.015111,0.984889,0.015111,0.984889
31,87,0.724830,0.865473,0.035000,0.015111,0.984889,0.015111,0.984889
31,88,0.841881,0.846371,0.035000,0.015111,0.984889,0.015111,0.984889
31,89,0.934017,0.853028,0.035000,0.015111,0.984889,0.015111,0.984889
32,0,0.088728,0.106153,0.035000,0.016889,0.983111,0.016889,0.983111
32,1,0.178419,0.078382,0.035000,0.016889,0.983111,0.016889,0.983111
32,2,0.267389,0.088609,0.035000,0.016889,0.983111,0.016889,0.983111
32,3,0.383882,0.109253,0.035000,0.016889,0.983111,0.016889,0.983111
32,4,0.454109,0.110526,0.035000,0.016889,0.983111,0.016889,0.983111
32,5,0.532207,0.091296,0.035000,0.016889,0.983111,0.016889,0.983111
32,6,0.643568,0.082423,0.035000,0.016889,0.983111,0.016889,0.983111
32,7,0.736641,0.092878,0.035000,0.016889,0.983111,0.016889,0.983111
32,8,0.829788,0.120879,0.035000,0.016889,0.983111,0.016889,0.983111
32,9,0.915871,0.106672,0.035000,0.016889,0.983111,0.016889,0.983111
32,10,0.113450,0.191798,0.035000,0.016889,0.983111,0.016889,0.983111
32,11,0.204216,0.172342,0.035000,0.016889,0.983111,0.016889,0.983111
32,12,0.287105,0.207679,0.035000,0.016889,0.983111,0.016889,0.983111
32,13,0.378461,0.203403,0.035000,0.016889,0.983111,0.016889,0.983111
32,14,0.497102,0.205842,0.035000,0.016889,0.983111,0.016889,0.983111
32,15,0.568846,0.176554,0.035000,0.016889,0.983111,0.016889,0.983111
32,16,0.643425,0.187040,0.035000,0.016889,0.983111,0.016889,0.983111
32,17,0.750574,0.212719,0.035000,0.016889,0.983111,0.016889,0.983111
32,18,0.871862,0.206342,0.035000,0.016889,0.983111,0.016889,0.983111
32,19,0.948111,0.186660,0.035000,0.016889,0.983111,0.016889,0.983111
32,20,0.060165,0.275331,0.035000,0.016889,0.983111,0.016889,0.983111
32,21,0.183170,0.292489,0.035000,0.016889,0.983111,0.016889,0.983111
32,22,0.277847,0.297718,0.035000,0.016889,0.983111,0.016889,0.983111
32,23,0.354890,0.303923,0.035000,0.016889,0.983111,0.016889,0.983111
32,24,0.453971,0.269046,0.035000,0.016889,0.983111,0.016889,0.983111
32,25,0.566828,0.280592,0.035000,0.016889,0.983111,0.016889,0.983111
32,26,0.640286,0.299002,0.035000,0.016889,0.983111,0.016889,0.983111
32,27,0.724568,0.309722,0.035000,0.016889,0.983111,0.016889,0.983111
32,28,0.820528,0.280245,0.035000,0.016889,0.983111,0.016889,0.983111
32,29,0.945402,0.274445,0.035000,0.016889,0.983111,0.016889,0.983111
32,30,0.095014,0.377867,0.035000,0.016889,0.983111,0.016889,0.983111
32,31,0.192045,0.398202,0.035000,0.016889,0.983111,0.016889,0.983111
32,32,0.297094,0.396087,0.035000,0.016889,0.983111,0.016889,0.983111
32,33,0.388299,0.370630,0.035000,0.016889,0.983111,0.016889,0.983111
32,34,0.468944,0.366712,0.035000,0.016889,0.983111,0.016889,0.983111
32,35,0.564815,0.400756,0.035000,0.016889,0.983111,0.016889,0.983111
32,36,0.675833,0.400024,0.035000,0.016889,0.983111,0.016889,0.983111
32,37,0.751838,0.389344,0.035000,0.016889,0.983111,0.016889,0.983111
32,38,0.832890,0.359776,0.035000,0.016889,0.983111,0.016889,0.983111
32,39,0.931216,0.384091,0.035000,0.016889,0.983111,0.016889,0.983111
32,40,0.097342,0.496932,0.035000,0.016889,0.983111,0.016889,0.983111
32,41,0.179072,0.494327,0.035000,0.016889,0.983111,0.016889,0.983111
32,42,0.273051,0.472076,0.035000,0.016889,0.983111,0.016889,0.983111
32,43,0.364798,0.465915,0.035000,0.016889,0.983111,0.016889,0.983111
32,44,0.459214,0.479689,0.035000,0.016889,0.983111,0.016889,0.983111
32,45,0.547519,0.498921,0.035000,0.016889,0.983111,0.016889,0.983111
32,46,0.638696,0.477851,0.035000,0.016889,0.983111,0.016889,0.983111
32,47,0.748814,0.465269,0.035000,0.016889,0.983111,0.016889,0.983111
32,48,0.830131,0.464342,0.035000,0.016889,0.983111,0.016889,0.983111
32,49,0.916224,0.498934,0.035000,0.016889,0.983111,0.016889,0.983111
32,50,0.090178,0.587762,0.035000,0.016889,0.983111,0.016889,0.983111
32,51,0.207112,0.577792,0.035000,0.016889,0.983111,0.016889,0.983111
32,52,0.296661,0.553629,0.035000,0.016889,0.983111,0.016889,0.983111
32,53,0.380709,0.581742,0.035000,0.016889,0.983111,0.016889,0.983111
32,54,0.473614,0.590411,0.035000,0.016889,0.983111,0.016889,0.983111
32,55,0.571696,0.584864,0.035000,0.016889,0.983111,0.016889,0.983111
32,56,0.660109,0.554430,0.035000,0.016889,0.983111,0.016889,0.983111
32,57,0.745168,0.562707,0.035000,0.016889,0.983111,0.016889,0.983111
32,58,0.857771,0.583642,0.035000,0.016889,0.983111,0.016889,0.983111
32,59,0.948111,0.589538,0.035000,0.016889,0.983111,0.016889,0.983111
32,60,0.064963,0.668199,0.035000,0.016889,0.983111,0.016889,0.983111
32,61,0.167715,0.653285,0.035000,0.016889,0.983111,0.016889,0.983111
32,62,0.278036,0.663628,0.035000,0.016889,0.983111,0.016889,0.983111
32,63,0.366862,0.690330,0.035000,0.016889,0.983111,0.016889,0.983111
32,64,0.454614,0.678421,0.035000,0.016889,0.983111,0.016889,0.983111
32,65,0.551516,0.667124,0.035000,0.016889,0.983111,0.016889,0.983111
32,66,0.647410,0.647422,0.035000,0.016889,0.983111,0.016889,0.983111
32,67,0.726439,0.680883,0.035000,0.016889,0.983111,0.016889,0.983111
32,68,0.824717,0.689165,0.035000,0.016889,0.983111,0.016889,0.983111
32,69,0.930707,0.670846,0.035000,0.016889,0.983111,0.016889,0.983111
32,70,0.111766,0.745600,0.035000,0.016889,0.983111,0.016889,0.983111
32,71,0.183861,0.755434,0.035000,0.016889,0.983111,0.016889,0.983111
32,72,0.290153,0.784318,0.035000,0.016889,0.983111,0.016889,0.983111
32,73,0.390044,0.773253,0.035000,0.016889,0.983111,0.016889,0.983111
32,74,0.485301,0.756408,0.035000,0.016889,0.983111,0.016889,0.983111
32,75,0.564151,0.746286,0.035000,0.016889,0.983111,0.016889,0.983111
32,76,0.655260,0.766740,0.035000,0.016889,0.983111,0.016889,0.983111
32,77,0.759252,0.787443,0.035000,0.016889,0.983111,0.016889,0.983111
32,78,0.834630,0.770837,0.035000,0.016889,0.983111,0.016889,0.983111
32,79,0.935531,0.742998,0.035000,0.016889,0.983111,0.016889,0.983111
32,80,0.101623,0.849999,0.035000,0.016889,0.983111,0.016889,0.983111
32,81,0.182585,0.868734,0.035000,0.016889,0.983111,0.016889,0.983111
32,82,0.263930,0.882230,0.035000,0.016889,0.983111,0.016889,0.983111
32,83,0.359599,0.856809,0.035000,0.016889,0.983111,0.016889,0.983111
32,84,0.463417,0.840715,0.035000,0.016889,0.983111,0.016889,0.983111
32,85,0.560520,0.855007,0.035000,0.016889,0.983111,0.016889,0.983111
32,86,0.636003,0.881541,0.035000,0.016889,0.983111,0.016889,0.983111
32,87,0.728093,0.867880,0.035000,0.016889,0.983111,0.016889,0.983111
32,88,0.840237,0.845457,0.035000,0.016889,0.983111,0.016889,0.983111
32,89,0.931296,0.850287,0.035000,0.016889,0.983111,0.016889,0.983111
33,0,0.085420,0.107033,0.035000,0.018667,0.981333,0.018667,0.981333
33,1,0.177488,0.076041,0.035000,0.018667,0.981333,0.018667,0.981333
33,2,0.270823,0.086613,0.035000,0.018667,0.981333,0.018667,0.981333
33,3,0.380996,0.110733,0.035000,0.018667,0.981333,0.018667,0.981333
33,4,0.452460,0.113063,0.035000,0.018667,0.981333,0.018667,0.981333
33,5,0.533623,0.090603,0.035000,0.018667,0.981333,0.018667,0.981333
33,6,0.647268,0.079568,0.035000,0.018667,0.981333,0.018667,0.981333
33,7,0.734718,0.092215,0.035000,0.018667,0.981333,0.018667,0.981333
33,8,0.826587,0.123654,0.035000,0.018667,0.981333,0.018667,0.981333
33,9,0.919069,0.108105,0.035000,0.018667,0.981333,0.018667,0.981333
33,10,0.115509,0.190150,0.035000,0.018667,0.981333,0.018667,0.981333
33,11,0.201054,0.169905,0.035000,0.018667,0.981333,0.018667,0.981333
33,12,0.285903,0.208659,0.035000,0.018667,0.981333,0.018667,0.981333
33,13,0.382064,0.205780,0.035000,0.018667,0.981333,0.018667,0.981333
33,14,0.497406,0.206403,0.035000,0.018667,0.981333,0.018667,0.981333
33,15,0.565364,0.173853,0.035000,0.018667,0.981333,0.018667,0.981333
33,16,0.643782,0.185626,0.035000,0.018667,0.981333,0.018667,0.981333
33,17,0.754250,0.215078,0.035000,0.018667,0.981333,0.018667,0.981333
33,18,0.870209,0.208470,0.035000,0.018667,0.981333,0.018667,0.981333
33,19,0.946333,0.185318,0.035000,0.018667,0.981333,0.018667,0.981333
33,20,0.062581,0.272668,0.035000,0.018667,0.981333,0.018667,0.981333
33,21,0.185250,0.292768,0.035000,0.018667,0.981333,0.018667,0.981333
33,22,0.274636,0.299958,0.035000,0.018667,0.981333,0.018667,0.981333
33,23,0.353059,0.305300,0.035000,0.018667,0.981333,0.018667,0.981333
33,24,0.457938,0.266392,0.035000,0.018667,0.981333,0.018667,0.981333
33,25,0.567151,0.278789,0.035000,0.018667,0.981333,0.018667,0.981333
33,26,0.636785,0.300724,0.035000,0.018667,0.981333,0.018667,0.981333
33,27,0.724929,0.312373,0.035000,0.018667,0.981333,0.018667,0.981333
33,28,0.824122,0.279357,0.035000,0.018667,0.981333,0.018667,0.981333
33,29,0.943870,0.271662,0.035000,0.018667,0.981333,0.018667,0.981333
33,30,0.092130,0.377473,0.035000,0.018667,0.981333,0.018667,0.981333
33,31,0.194445,0.400400,0.035000,0.018667,0.981333,0.018667,0.981333
33,32,0.299453,0.397802,0.035000,0.018667,0.981333,0.018667,0.981333
33,33,0.385270,0.368559,0.035000,0.018667,0.981333,0.018667,0.981333
33,34,0.466959,0.364115,0.035000,0.018667,0.981333,0.018667,0.981333
33,35,0.568834,0.402275,0.035000,0.018667,0.981333,0.018667,0.981333
33,36,0.676291,0.402740,0.035000,0.018667,0.981333,0.018667,0.981333
33,37,0.748331,0.389281,0.035000,0.018667,0.981333,0.018667,0.981333
33,38,0.833103,0.356893,0.035000,0.018667,0.981333,0.018667,0.981333
33,39,0.934869,0.383192,0.035000,0.018667,0.981333,0.018667,0.981333
33,40,0.095782,0.499301,0.035000,0.018667,0.981333,0.018667,0.981333
33,41,0.175182,0.496747,0.035000,0.018667,0.981333,0.018667,0.981333
33,42,0.276300,0.470472,0.035000,0.018667,0.981333,0.018667,0.981333
33,43,0.367088,0.463341,0.035000,0.018667,0.981333,0.018667,0.981333
33,44,0.456246,0.480210,0.035000,0.018667,0.981333,0.018667,0.981333
33,45,0.545571,0.501704,0.035000,0.018667,0.981333,0.018667,0.981333
33,46,0.642559,0.478163,0.035000,0.018667,0.981333,0.018667,0.981333
33,47,0.749406,0.462709,0.035000,0.018667,0.981333,0.018667,0.981333
33,48,0.826631,0.462721,0.035000,0.018667,0.981333,0.018667,0.981333
33,49,0.916653,0.500884,0.035000,0.018667,0.981333,0.018667,0.981333
33,50,0.093509,0.590124,0.035000,0.018667,0.981333,0.018667,0.981333
33,51,0.205702,0.577078,0.035000,0.018667,0.981333,0.018667,0.981333
33,52,0.292928,0.550491,0.035000,0.018667,0.981333,0.018667,0.981333
33,53,0.383729,0.582012,0.035000,0.018667,0.981333,0.018667,0.981333
33,54,0.476003,0.593119,0.035000,0.018667,0.981333,0.018667,0.981333
33,55,0.568815,0.586158,0.035000,0.018667,0.981333,0.018667,0.981333
33,56,0.658563,0.552165,0.035000,0.018667,0.981333,0.018667,0.981333
33,57,0.748437,0.560618,0.035000,0.018667,0.981333,0.018667,0.981333
33,58,0.858496,0.585040,0.035000,0.018667,0.981333,0.018667,0.981333
33,59,0.946333,0.592182,0.035000,0.018667,0.981333,0.018667,0.981333
33,60,0.065175,0.667859,0.035000,0.018667,0.981333,0.018667,0.981333
33,61,0.171089,0.650502,0.035000,0.018667,0.981333,0.018667,0.981333
33,62,0.276716,0.662839,0.035000,0.018667,0.981333,0.018667,0.981333
33,63,0.362841,0.693154,0.035000,0.018667,0.981333,0.018667,0.981333
33,64,0.457435,0.679959,0.035000,0.018667,0.981333,0.018667,0.981333
33,65,0.554284,0.665464,0.035000,0.018667,0.981333,0.018667,0.981333
33,66,0.644603,0.644916,0.035000,0.018667,0.981333,0.018667,0.981333
33,67,0.724176,0.681728,0.035000,0.018667,0.981333,0.018667,0.981333
33,68,0.828531,0.691935,0.035000,0.018667,0.981333,0.018667,0.981333
33,69,0.931543,0.670956,0.035000,0.018667,0.981333,0.018667,0.981333
33,70,0.108281,0.742932,0.035000,0.018667,0.981333,0.018667,0.981333
33,71,0.183446,0.753844,0.035000,0.018667,0.981333,0.018667,0.981333
33,72,0.294118,0.786655,0.035000,0.018667,0.981333,0.018667,0.981333
33,73,0.388915,0.775249,0.035000,0.018667,0.981333,0.018667,0.981333
33,74,0.482205,0.755158,0.035000,0.018667,0.981333,0.018667,0.981333
33,75,0.566207,0.743576,0.035000,0.018667,0.981333,0.018667,0.981333
33,76,0.657836,0.766885,0.035000,0.018667,0.981333,0.018667,0.981333
33,77,0.756536,0.790235,0.035000,0.018667,0.981333,0.018667,0.981333
33,78,0.832025,0.772017,0.035000,0.018667,0.981333,0.018667,0.981333
33,79,0.939536,0.740566,0.035000,0.018667,0.981333,0.018667,0.981333
33,80,0.102611,0.848095,0.035000,0.018667,0.981333,0.018667,0.981333
33,81,0.179107,0.870348,0.035000,0.018667,0.981333,0.018667,0.981333
33,82,0.263504,0.885004,0.035000,0.018667,0.981333,0.018667,0.981333
33,83,0.363398,0.856241,0.035000,0.018667,0.981333,0.018667,0.981333
33,84,0.462350,0.837894,0.035000,0.018667,0.981333,0.018667,0.981333
33,85,0.557471,0.854510,0.035000,0.018667,0.981333,0.018667,0.981333
33,86,0.637839,0.884144,0.035000,0.018667,0.981333,0.018667,0.981333
33,87,0.730757,0.869422,0.035000,0.018667,0.981333,0.018667,0.981333
33,88,0.837623,0.843469,0.035000,0.018667,0.981333,0.018667,0.981333
33,89,0.929431,0.847977,0.035000,0.018667,0.981333,0.018667,0.981333
34,0,0.081833,0.106694,0.035000,0.020444,0.979556,0.020444,0.979556
34,1,0.177776,0.073250,0.035000,0.020444,0.979556,0.020444,0.979556
34,2,0.274216,0.085682,0.035000,0.020444,0.979556,0.020444,0.979556
34,3,0.377328,0.113098,0.035000,0.020444,0.979556,0.020444,0.979556
34,4,0.450922,0.114893,0.035000,0.020444,0.979556,0.020444,0.979556
34,5,0.536076,0.088776,0.035000,0.020444,0.979556,0.020444,0.979556
34,6,0.650206,0.076972,0.035000,0.020444,0.979556,0.020444,0.979556
34,7,0.731892,0.092822,0.035000,0.020444,0.979556,0.020444,0.979556
34,8,0.824403,0.126649,0.035000,0.020444,0.979556,0.020444,0.979556
34,9,0.922829,0.108406,0.035000,0.020444,0.979556,0.020444,0.979556
34,10,0.116431,0.187748,0.035000,0.020444,0.979556,0.020444,0.979556
34,11,0.197554,0.168351,0.035000,0.020444,0.979556,0.020444,0.979556
34,12,0.285934,0.210699,0.035000,0.020444,0.979556,0.020444,0.979556
34,13,0.385647,0.207765,0.035000,0.020444,0.979556,0.020444,0.979556
34,14,0.497297,0.204360,0.035000,0.020444,0.979556,0.020444,0.979556
34,15,0.562217,0.171106,0.035000,0.020444,0.979556,0.020444,0.979556
34,16,0.645333,0.185465,0.035000,0.020444,0.979556,0.020444,0.979556
34,17,0.757216,0.217951,0.035000,0.020444,0.979556,0.020444,0.979556
34,18,0.867600,0.209584,0.035000,0.020444,0.979556,0.020444,0.979556
34,19,0.944556,0.183033,0.035000,0.020444,0.979556,0.020444,0.979556
34,20,0.065702,0.270643,0.035000,0.020444,0.979556,0.020444,0.979556
34,21,0.186228,0.294245,0.035000,0.020444,0.979556,0.020444,0.979556
34,22,0.271057,0.302116,0.035000,0.020444,0.979556,0.020444,0.979556
34,23,0.351837,0.303967,0.035000,0.020444,0.979556,0.020444,0.979556
34,24,0.461046,0.264725,0.035000,0.020444,0.979556,0.020444,0.979556
34,25,0.566243,0.278112,0.035000,0.020444,0.979556,0.020444,0.979556
34,26,0.633573,0.303237,0.035000,0.020444,0.979556,0.020444,0.979556
34,27,0.726483,0.314191,0.035000,0.020444,0.979556,0.020444,0.979556
34,28,0.827068,0.277379,0.035000,0.020444,0.979556,0.020444,0.979556
34,29,0.941350,0.269244,0.035000,0.020444,0.979556,0.020444,0.979556
34,30,0.090127,0.378342,0.035000,0.020444,0.979556,0.020444,0.979556
34,31,0.197578,0.402800,0.035000,0.020444,0.979556,0.020444,0.979556
34,32,0.300708,0.398270,0.035000,0.020444,0.979556,0.020444,0.979556
34,33,0.382501,0.367236,0.035000,0.020444,0.979556,0.020444,0.979556
34,34,0.466268,0.362529,0.035000,0.020444,0.979556,0.020444,0.979556
34,35,0.572860,0.404742,0.035000,0.020444,0.979556,0.020444,0.979556
34,36,0.675515,0.404897,0.035000,0.020444,0.979556,0.020444,0.979556
34,37,0.745065,0.387992,0.035000,0.020444,0.979556,0.020444,0.979556
34,38,0.834526,0.354102,0.035000,0.020444,0.979556,0.020444,0.979556
34,39,0.937914,0.383528,0.035000,0.020444,0.979556,0.020444,0.979556
34,40,0.093229,0.502094,0.035000,0.020444,0.979556,0.020444,0.979556
34,41,0.172274,0.498017,0.035000,0.020444,0.979556,0.020444,0.979556
34,42,0.280179,0.468013,0.035000,0.020444,0.979556,0.020444,0.979556
34,43,0.368323,0.461505,0.035000,0.020444,0.979556,0.020444,0.979556
34,44,0.452805,0.481888,0.035000,0.020444,0.979556,0.020444,0.979556
34,45,0.544880,0.504209,0.035000,0.020444,0.979556,0.020444,0.979556
34,46,0.646493,0.477249,0.035000,0.020444,0.979556,0.020444,0.979556
34,47,0.748762,0.459922,0.035000,0.020444,0.979556,0.020444,0.979556
34,48,0.823323,0.462278,0.035000,0.020444,0.979556,0.020444,0.979556
34,49,0.918257,0.503525,0.035000,0.020444,0.979556,0.020444,0.979556
34,50,0.096329,0.591589,0.035000,0.020444,0.979556,0.020444,0.979556
34,51,0.203267,0.575271,0.035000,0.020444,0.979556,0.020444,0.979556
34,52,0.290108,0.547887,0.035000,0.020444,0.979556,0.020444,0.979556
34,53,0.387434,0.583468,0.035000,0.020444,0.979556,0.020444,0.979556
34,54,0.477364,0.595845,0.035000,0.020444,0.979556,0.020444,0.979556
34,55,0.565415,0.586201,0.035000,0.020444,0.979556,0.020444,0.979556
34,56,0.658182,0.549394,0.035000,0.020444,0.979556,0.020444,0.979556
34,57,0.751907,0.559561,0.035000,0.020444,0.979556,0.020444,0.979556
34,58,0.857987,0.587361,0.035000,0.020444,0.979556,0.020444,0.979556
34,59,0.944556,0.594163,0.035000,0.020444,0.979556,0.020444,0.979556
34,60,0.066586,0.666331,0.035000,0.020444,0.979556,0.020444,0.979556
34,61,0.173995,0.647908,0.035000,0.020444,0.979556,0.020444,0.979556
34,62,0.274352,0.663317,0.035000,0.020444,0.979556,0.020444,0.979556
34,63,0.359729,0.696241,0.035000,0.020444,0.979556,0.020444,0.979556
34,64,0.460990,0.680391,0.035000,0.020444,0.979556,0.020444,0.979556
34,65,0.556010,0.663019,0.035000,0.020444,0.979556,0.020444,0.979556
34,66,0.641235,0.643249,0.035000,0.020444,0.979556,0.020444,0.979556
34,67,0.723152,0.683666,0.035000,0.020444,0.979556,0.020444,0.979556
34,68,0.832506,0.694313,0.035000,0.020444,0.979556,0.020444,0.979556
34,69,0.931039,0.668804,0.035000,0.020444,0.979556,0.020444,0.979556
34,70,0.104892,0.740158,0.035000,0.020444,0.979556,0.020444,0.979556
34,71,0.184314,0.753500,0.035000,0.020444,0.979556,0.020444,0.979556
34,72,0.297577,0.789550,0.035000,0.020444,0.979556,0.020444,0.979556
34,73,0.386709,0.776299,0.035000,0.020444,0.979556,0.020444,0.979556
34,74,0.479832,0.752929,0.035000,0.020444,0.979556,0.020444,0.979556
34,75,0.569129,0.741452,0.035000,0.020444,0.979556,0.020444,0.979556
34,76,0.659441,0.768246,0.035000,0.020444,0.979556,0.020444,0.979556
34,77,0.753214,0.792922,0.035000,0.020444,0.979556,0.020444,0.979556
34,78,0.830635,0.771306,0.035000,0.020444,0.979556,0.020444,0.979556
34,79,0.943823,0.738778,0.035000,0.020444,0.979556,0.020444,0.979556
34,80,0.102372,0.847288,0.035000,0.020444,0.979556,0.020444,0.979556
34,81,0.175679,0.872801,0.035000,0.020444,0.979556,0.020444,0.979556
34,82,0.264351,0.886983,0.035000,0.020444,0.979556,0.020444,0.979556
34,83,0.366764,0.854526,0.035000,0.020444,0.979556,0.020444,0.979556
34,84,0.460194,0.835384,0.035000,0.020444,0.979556,0.020444,0.979556
34,85,0.555089,0.855275,0.035000,0.020444,0.979556,0.020444,0.979556
34,86,0.640591,0.886943,0.035000,0.020444,0.979556,0.020444,0.979556
34,87,0.732481,0.869779,0.035000,0.020444,0.979556,0.020444,0.979556
34,88,0.834400,0.841416,0.035000,0.020444,0.979556,0.020444,0.979556
34,89,0.928674,0.846582,0.035000,0.020444,0.979556,0.020444,0.979556
35,0,0.078406,0.105167,0.035000,0.022222,0.977778,0.022222,0.977778
35,1,0.179252,0.070579,0.035000,0.022222,0.977778,0.022222,0.977778
35,2,0.277137,0.086011,0.035000,0.022222,0.977778,0.022222,0.977778
35,3,0.372964,0.115853,0.035000,0.022222,0.977778,0.022222,0.977778
35,4,0.449925,0.115627,0.035000,0.022222,0.977778,0.022222,0.977778
35,5,0.539317,0.086149,0.035000,0.022222,0.977778,0.022222,0.977778
35,6,0.652076,0.075160,0.035000,0.022222,0.977778,0.022222,0.977778
35,7,0.728509,0.094568,0.035000,0.022222,0.977778,0.022222,0.977778
35,8,0.823448,0.129291,0.035000,0.022222,0.977778,0.022222,0.977778
35,9,0.926757,0.107469,0.035000,0.022222,0.977778,0.022222,0.977778
35,10,0.116111,0.185135,0.035000,0.022222,0.977778,0.022222,0.977778
35,11,0.194153,0.167994,0.035000,0.022222,0.977778,0.022222,0.977778
35,12,0.287183,0.213390,0.035000,0.022222,0.977778,0.022222,0.977778
35,13,0.388778,0.208869,0.035000,0.022222,0.977778,0.022222,0.977778
35,14,0.496447,0.200669,0.035000,0.022222,0.977778,0.022222,0.977778
35,15,0.559802,0.168880,0.035000,0.022222,0.977778,0.022222,0.977778
35,16,0.647825,0.186560,0.035000,0.022222,0.977778,0.022222,0.977778
35,17,0.759152,0.220776,0.035000,0.022222,0.977778,0.022222,0.977778
35,18,0.864370,0.209451,0.035000,0.022222,0.977778,0.022222,0.977778
35,19,0.942778,0.180277,0.035000,0.022222,0.977778,0.022222,0.977778
35,20,0.069126,0.269676,0.035000,0.022222,0.977778,0.022222,0.977778
35,21,0.185980,0.296615,0.035000,0.022222,0.977778,0.022222,0.977778
35,22,0.267544,0.303640,0.035000,0.022222,0.977778,0.022222,0.977778
35,23,0.351778,0.301140,0.035000,0.022222,0.977778,0.022222,0.977778
35,24,0.463335,0.263890,0.035000,0.022222,0.977778,0.022222,0.977778
35,25,0.564223,0.278700,0.035000,0.022222,0.977778,0.022222,0.977778
35,26,0.631054,0.306023,0.035000,0.022222,0.977778,0.022222,0.977778
35,27,0.728994,0.314830,0.035000,0.022222,0.977778,0.022222,0.977778
35,28,0.829030,0.274687,0.035000,0.022222,0.977778,0.022222,0.977778
35,29,0.938169,0.267691,0.035000,0.022222,0.977778,0.022222,0.977778
35,30,0.089253,0.380291,0.035000,0.022222,0.977778,0.022222,0.977778
35,31,0.201051,0.404819,0.035000,0.022222,0.977778,0.022222,0.977778
35,32,0.300760,0.397284,0.035000,0.022222,0.977778,0.022222,0.977778
35,33,0.379862,0.366103,0.035000,0.022222,0.977778,0.022222,0.977778
35,34,0.466877,0.362212,0.035000,0.022222,0.977778,0.022222,0.977778
35,35,0.576467,0.407717,0.035000,0.022222,0.977778,0.022222,0.977778
35,36,0.673606,0.406047,0.035000,0.022222,0.977778,0.022222,0.977778
35,37,0.742451,0.385746,0.035000,0.022222,0.977778,0.022222,0.977778
35,38,0.836941,0.351952,0.035000,0.022222,0.977778,0.022222,0.977778
35,39,0.940006,0.385054,0.035000,0.022222,0.977778,0.022222,0.977778
35,40,0.089992,0.504739,0.035000,0.022222,0.977778,0.022222,0.977778
35,41,0.170594,0.497965,0.035000,0.022222,0.977778,0.022222,0.977778
35,42,0.284283,0.465366,0.035000,0.022222,0.977778,0.022222,0.977778
35,43,0.368345,0.460788,0.035000,0.022222,0.977778,0.022222,0.977778
35,44,0.449319,0.484373,0.035000,0.022222,0.977778,0.022222,0.977778
35,45,0.545475,0.505917,0.035000,0.022222,0.977778,0.022222,0.977778
35,46,0.650071,0.475244,0.035000,0.022222,0.977778,0.022222,0.977778
35,47,0.746968,0.457485,0.035000,0.022222,0.977778,0.022222,0.977778
35,48,0.820625,0.463101,0.035000,0.022222,0.977778,0.022222,0.977778
35,49,0.920836,0.506317,0.035000,0.022222,0.977778,0.022222,0.977778
35,50,0.098275,0.591853,0.035000,0.022222,0.977778,0.022222,0.977778
35,51,0.200106,0.572797,0.035000,0.022222,0.977778,0.022222,0.977778
35,52,0.288464,0.546281,0.035000,0.022222,0.977778,0.022222,0.977778
35,53,0.391467,0.585886,0.035000,0.022222,0.977778,0.022222,0.977778
35,54,0.477522,0.598026,0.035000,0.022222,0.977778,0.022222,0.977778
35,55,0.561920,0.585004,0.035000,0.022222,0.977778,0.022222,0.977778
35,56,0.659025,0.546681,0.035000,0.022222,0.977778,0.022222,0.977778
35,57,0.755139,0.559756,0.035000,0.022222,0.977778,0.022222,0.977778
35,58,0.856309,0.590126,0.035000,0.022222,0.977778,0.022222,0.977778
35,59,0.942778,0.595069,0.035000,0.022222,0.977778,0.022222,0.977778
35,60,0.069013,0.663930,0.035000,0.022222,0.977778,0.022222,0.977778
35,61,0.176060,0.646041,0.035000,0.022222,0.977778,0.022222,0.977778
35,62,0.271228,0.664960,0.035000,0.022222,0.977778,0.022222,0.977778
35,63,0.357796,0.699021,0.035000,0.022222,0.977778,0.022222,0.977778
35,64,0.464929,0.679583,0.035000,0.022222,0.977778,0.022222,0.977778
35,65,0.556510,0.660316,0.035000,0.022222,0.977778,0.022222,0.977778
35,66,0.637724,0.642757,0.035000,0.022222,0.977778,0.022222,0.977778
35,67,0.723428,0.686307,0.035000,0.022222,0.977778,0.022222,0.977778
35,68,0.836216,0.695806,0.035000,0.022222,0.977778,0.022222,0.977778
35,69,0.929372,0.665767,0.035000,0.022222,0.977778,0.022222,0.977778
35,70,0.102026,0.737848,0.035000,0.022222,0.977778,0.022222,0.977778
35,71,0.186286,0.754431,0.035000,0.022222,0.977778,0.022222,0.977778
35,72,0.300160,0.792451,0.035000,0.022222,0.977778,0.022222,0.977778
35,73,0.383699,0.776144,0.035000,0.022222,0.977778,0.022222,0.977778
35,74,0.478487,0.750177,0.035000,0.022222,0.977778,0.022222,0.977778
35,75,0.572562,0.740353,0.035000,0.022222,0.977778,0.022222,0.977778
35,76,0.659870,0.770543,0.035000,0.022222,0.977778,0.022222,0.977778
35,77,0.749701,0.794954,0.035000,0.022222,0.977778,0.022222,0.977778
35,78,0.830525,0.768660,0.035000,0.022222,0.977778,0.022222,0.977778
35,79,0.942778,0.737017,0.035000,0.022222,0.977778,0.022222,0.977778
35,80,0.100936,0.847745,0.035000,0.022222,0.977778,0.022222,0.977778
35,81,0.172730,0.875585,0.035000,0.022222,0.977778,0.022222,0.977778
35,82,0.266313,0.887801,0.035000,0.022222,0.977778,0.022222,0.977778
35,83,0.369316,0.852024,0.035000,0.022222,0.977778,0.022222,0.977778
35,84,0.457206,0.833698,0.035000,0.022222,0.977778,0.022222,0.977778
35,85,0.553695,0.857147,0.035000,0.022222,0.977778,0.022222,0.977778
35,86,0.643910,0.889362,0.035000,0.022222,0.977778,0.022222,0.977778
35,87,0.733044,0.868876,0.035000,0.022222,0.977778,0.022222,0.977778
35,88,0.830984,0.839950,0.035000,0.022222,0.977778,0.022222,0.977778
35,89,0.929136,0.846395,0.035000,0.022222,0.977778,0.022222,0.977778
36,0,0.075558,0.102736,0.035000,0.024000,0.976000,0.024000,0.976000
36,1,0.181733,0.068575,0.035000,0.024000,0.976000,0.024000,0.976000
36,2,0.279215,0.087530,0.035000,0.024000,0.976000,0.024000,0.976000
36,3,0.368138,0.118423,0.035000,0.024000,0.976000,0.024000,0.976000
36,4,0.449795,0.115101,0.035000,0.024000,0.976000,0.024000,0.976000
36,5,0.542989,0.083231,0.035000,0.024000,0.976000,0.024000,0.976000
36,6,0.652697,0.074495,0.035000,0.024000,0.976000,0.024000,0.976000
36,7,0.724985,0.097087,0.035000,0.024000,0.976000,0.024000,0.976000
36,8,0.823783,0.131075,0.035000,0.024000,0.976000,0.024000,0.976000
36,9,0.930426,0.105453,0.035000,0.024000,0.976000,0.024000,0.976000
36,10,0.114600,0.182890,0.035000,0.024000,0.976000,0.024000,0.976000
36,11,0.191278,0.168900,0.035000,0.024000,0.976000,0.024000,0.976000
36,12,0.289479,0.216184,0.035000,0.024000,0.976000,0.024000,0.976000
36,13,0.391082,0.208799,0.035000,0.024000,0.976000,0.024000,0.976000
36,14,0.494592,0.196620,0.035000,0.024000,0.976000,0.024000,0.976000
36,15,0.558423,0.167632,0.035000,0.024000,0.976000,0.024000,0.976000
36,16,0.650892,0.188657,0.035000,0.024000,0.976000,0.024000,0.976000
36,17,0.759862,0.222998,0.035000,0.024000,0.976000,0.024000,0.976000
36,18,0.860937,0.208101,0.035000,0.024000,0.976000,0.024000,0.976000
36,19,0.941000,0.177621,0.035000,0.024000,0.976000,0.024000,0.976000
36,20,0.072413,0.269967,0.035000,0.024000,0.976000,0.024000,0.976000
36,21,0.184536,0.299388,0.035000,0.024000,0.976000,0.024000,0.976000
36,22,0.264524,0.304124,0.035000,0.024000,0.976000,0.024000,0.976000
36,23,0.352967,0.297654,0.035000,0.024000,0.976000,0.024000,0.976000
36,24,0.464968,0.263563,0.035000,0.024000,0.976000,0.024000,0.976000
36,25,0.561351,0.280433,0.035000,0.024000,0.976000,0.024000,0.976000
36,26,0.629544,0.308502,0.035000,0.024000,0.976000,0.024000,0.976000
36,27,0.732054,0.313807,0.035000,0.024000,0.976000,0.024000,0.976000
36,28,0.829796,0.271812,0.035000,0.024000,0.976000,0.024000,0.976000
36,29,0.934736,0.267325,0.035000,0.024000,0.976000,0.024000,0.976000
36,30,0.089617,0.382914,0.035000,0.024000,0.976000,0.024000,0.976000
36,31,0.204425,0.405966,0.035000,0.024000,0.976000,0.024000,0.976000
36,32,0.299879,0.394061,0.035000,0.024000,0.976000,0.024000,0.976000
36,33,0.377536,0.365234,0.035000,0.024000,0.976000,0.024000,0.976000
36,34,0.468641,0.363173,0.035000,0.024000,0.976000,0.024000,0.976000
36,35,0.579272,0.410645,0.035000,0.024000,0.976000,0.024000,0.976000
36,36,0.670982,0.405356,0.035000,0.024000,0.976000,0.024000,0.976000
36,37,0.740871,0.383389,0.035000,0.024000,0.976000,0.024000,0.976000
36,38,0.840002,0.350867,0.035000,0.024000,0.976000,0.024000,0.976000
36,39,0.940916,0.387472,0.035000,0.024000,0.976000,0.024000,0.976000
36,40,0.086472,0.506693,0.035000,0.024000,0.976000,0.024000,0.976000
36,41,0.170246,0.496682,0.035000,0.024000,0.976000,0.024000,0.976000
36,42,0.287945,0.464108,0.035000,0.024000,0.976000,0.024000,0.976000
36,43,0.367153,0.461338,0.035000,0.024000,0.976000,0.024000,0.976000
36,44,0.446223,0.487148,0.035000,0.024000,0.976000,0.024000,0.976000
36,45,0.547229,0.506474,0.035000,0.024000,0.976000,0.024000,0.976000
36,46,0.652727,0.473118,0.035000,0.024000,0.976000,0.024000,0.976000
36,47,0.744253,0.455902,0.035000,0.024000,0.976000,0.024000,0.976000
36,48,0.818876,0.465015,0.035000,0.024000,0.976000,0.024000,0.976000
36,49,0.924067,0.508686,0.035000,0.024000,0.976000,0.024000,0.976000
36,50,0.099097,0.590862,0.035000,0.024000,0.976000,0.024000,0.976000
36,51,0.196613,0.570213,0.035000,0.024000,0.976000,0.024000,0.976000
36,52,0.288121,0.545939,0.035000,0.024000,0.976000,0.024000,0.976000
36,53,0.395410,0.588831,0.035000,0.024000,0.976000,0.024000,0.976000
36,54,0.476458,0.599210,0.035000,0.024000,0.976000,0.024000,0.976000
36,55,0.558768,0.582829,0.035000,0.024000,0.976000,0.024000,0.976000
36,56,0.660990,0.544584,0.035000,0.024000,0.976000,0.024000,0.976000
36,57,0.757720,0.561160,0.035000,0.024000,0.976000,0.024000,0.976000
36,58,0.853680,0.592762,0.035000,0.024000,0.976000,0.024000,0.976000
36,59,0.941000,0.594194,0.035000,0.024000,0.976000,0.024000,0.976000
36,60,0.072140,0.661154,0.035000,0.024000,0.976000,0.024000,0.976000
36,61,0.177021,0.645285,0.035000,0.024000,0.976000,0.024000,0.976000
36,62,0.267728,0.667424,0.035000,0.024000,0.976000,0.024000,0.976000
36,63,0.357180,0.700979,0.035000,0.024000,0.976000,0.024000,0.976000
36,64,0.468837,0.677667,0.035000,0.024000,0.976000,0.024000,0.976000
36,65,0.555751,0.657935,0.035000,0.024000,0.976000,0.024000,0.976000
36,66,0.634510,0.643534,0.035000,0.024000,0.976000,0.024000,0.976000
36,67,0.724911,0.689113,0.035000,0.024000,0.976000,0.024000,0.976000
36,68,0.839277,0.695884,0.035000,0.024000,0.976000,0.024000,0.976000
36,69,0.926634,0.662758,0.035000,0.024000,0.976000,0.024000,0.976000
36,70,0.100043,0.736478,0.035000,0.024000,0.976000,0.024000,0.976000
36,71,0.189051,0.756408,0.035000,0.024000,0.976000,0.024000,0.976000
36,72,0.301600,0.794796,0.035000,0.024000,0.976000,0.024000,0.976000
36,73,0.380260,0.774778,0.035000,0.024000,0.976000,0.024000,0.976000
36,74,0.478344,0.747466,0.035000,0.024000,0.976000,0.024000,0.976000
36,75,0.576083,0.740504,0.035000,0.024000,0.976000,0.024000,0.976000
36,76,0.659067,0.773299,0.035000,0.024000,0.976000,0.024000,0.976000
36,77,0.746437,0.795918,0.035000,0.024000,0.976000,0.024000,0.976000
36,78,0.831653,0.765520,0.035000,0.024000,0.976000,0.024000,0.976000
36,79,0.941000,0.735843,0.035000,0.024000,0.976000,0.024000,0.976000
36,80,0.098490,0.849370,0.035000,0.024000,0.976000,0.024000,0.976000
36,81,0.170630,0.878123,0.035000,0.024000,0.976000,0.024000,0.976000
36,82,0.269092,0.887328,0.035000,0.024000,0.976000,0.024000,0.976000
36,83,0.370770,0.849260,0.035000,0.024000,0.976000,0.024000,0.976000
36,84,0.453751,0.833179,0.035000,0.024000,0.976000,0.024000,0.976000
36,85,0.553480,0.859741,0.035000,0.024000,0.976000,0.024000,0.976000
36,86,0.647376,0.890903,0.035000,0.024000,0.976000,0.024000,0.976000
36,87,0.732373,0.866901,0.035000,0.024000,0.976000,0.024000,0.976000
36,88,0.827754,0.838739,0.035000,0.024000,0.976000,0.024000,0.976000
36,89,0.930769,0.847457,0.035000,0.024000,0.976000,0.024000,0.976000
37,0,0.073637,0.099877,0.035000,0.025778,0.974222,0.025778,0.974222
37,1,0.184906,0.067649,0.035000,0.025778,0.974222,0.025778,0.974222
37,2,0.280185,0.089923,0.035000,0.025778,0.974222,0.025778,0.974222
37,3,0.363189,0.120270,0.035000,0.025778,0.974222,0.025778,0.974222
37,4,0.450715,0.113418,0.035000,0.025778,0.974222,0.025778,0.974222
37,5,0.546668,0.080593,0.035000,0.025778,0.974222,0.025778,0.974222
37,6,0.652041,0.075104,0.035000,0.025778,0.974222,0.025778,0.974222
37,7,0.721762,0.099853,0.035000,0.025778,0.974222,0.025778,0.974222
37,8,0.825316,0.131667,0.035000,0.025778,0.974222,0.025778,0.974222
37,9,0.933427,0.102746,0.035000,0.025778,0.974222,0.025778,0.974222
37,10,0.112101,0.181510,0.035000,0.025778,0.974222,0.025778,0.974222
37,11,0.189290,0.170875,0.035000,0.025778,0.974222,0.025778,0.974222
37,12,0.292520,0.218511,0.035000,0.025778,0.974222,0.025778,0.974222
37,13,0.392283,0.207516,0.035000,0.025778,0.974222,0.025778,0.974222
37,14,0.492138,0.192736,0.035000,0.025778,0.974222,0.025778,0.974222
37,15,0.558251,0.167620,0.035000,0.025778,0.974222,0.025778,0.974222
37,16,0.654099,0.191297,0.035000,0.025778,0.974222,0.025778,0.974222
37,17,0.759297,0.224181,0.035000,0.025778,0.974222,0.025778,0.974222
37,18,0.857903,0.205466,0.035000,0.025778,0.974222,0.025778,0.974222
37,19,0.939222,0.175614,0.035000,0.025778,0.974222,0.025778,0.974222
37,20,0.075138,0.271454,0.035000,0.025778,0.974222,0.025778,0.974222
37,21,0.182083,0.301988,0.035000,0.025778,0.974222,0.025778,0.974222
37,22,0.262365,0.303392,0.035000,0.025778,0.974222,0.025778,0.974222
37,23,0.355088,0.293990,0.035000,0.025778,0.974222,0.025778,0.974222
37,24,0.465638,0.264151,0.035000,0.025778,0.974222,0.025778,0.974222
37,25,0.557996,0.282950,0.035000,0.025778,0.974222,0.025778,0.974222
37,26,0.629231,0.310163,0.035000,0.025778,0.974222,0.025778,0.974222
37,27,0.735165,0.310774,0.035000,0.025778,0.974222,0.025778,0.974222
37,28,0.829136,0.269676,0.035000,0.025778,0.974222,0.025778,0.974222
37,29,0.931493,0.268221,0.035000,0.025778,0.974222,0.025778,0.974222
37,30,0.091165,0.385665,0.035000,0.025778,0.974222,0.025778,0.974222
37,31,0.207274,0.405943,0.035000,0.025778,0.974222,0.025778,0.974222
37,32,0.297896,0.390400,0.035000,0.025778,0.974222,0.025778,0.974222
37,33,0.375922,0.365130,0.035000,0.025778,0.974222,0.025778,0.974222
37,34,0.471273,0.365161,0.035000,0.025778,0.974222,0.025778,0.974222
37,35,0.580980,0.412970,0.035000,0.025778,0.974222,0.025778,0.974222
37,36,0.668212,0.402116,0.035000,0.025778,0.974222,0.025778,0.974222
37,37,0.740601,0.382000,0.035000,0.025778,0.974222,0.025778,0.974222
37,38,0.843290,0.351050,0.035000,0.025778,0.974222,0.025778,0.974222
37,39,0.939222,0.390298,0.035000,0.025778,0.974222,0.025778,0.974222
37,40,0.083107,0.507555,0.035000,0.025778,0.974222,0.025778,0.974222
37,41,0.171183,0.494504,0.035000,0.025778,0.974222,0.025778,0.974222
37,42,0.291089,0.463405,0.035000,0.025778,0.974222,0.025778,0.974222
37,43,0.364898,0.463039,0.035000,0.025778,0.974222,0.025778,0.974222
37,44,0.443905,0.489634,0.035000,0.025778,0.974222,0.025778,0.974222
37,45,0.549873,0.505765,0.035000,0.025778,0.974222,0.025778,0.974222
37,46,0.653944,0.472127,0.035000,0.025778,0.974222,0.025778,0.974222
37,47,0.740968,0.455501,0.035000,0.025778,0.974222,0.025778,0.974222
37,48,0.818294,0.467618,0.035000,0.025778,0.974222,0.025778,0.974222
37,49,0.927540,0.510146,0.035000,0.025778,0.974222,0.025778,0.974222
37,50,0.098689,0.588822,0.035000,0.025778,0.974222,0.025778,0.974222
37,51,0.193223,0.568094,0.035000,0.025778,0.974222,0.025778,0.974222
37,52,0.289053,0.546876,0.035000,0.025778,0.974222,0.025778,0.974222
37,53,0.398842,0.591748,0.035000,0.025778,0.974222,0.025778,0.974222
37,54,0.474307,0.599154,0.035000,0.025778,0.974222,0.025778,0.974222
37,55,0.556354,0.580144,0.035000,0.025778,0.974222,0.025778,0.974222
37,56,0.663833,0.543531,0.035000,0.025778,0.974222,0.025778,0.974222
37,57,0.759324,0.563482,0.035000,0.025778,0.974222,0.025778,0.974222
37,58,0.850438,0.594724,0.035000,0.025778,0.974222,0.025778,0.974222
37,59,0.939222,0.591437,0.035000,0.025778,0.974222,0.025778,0.974222
37,60,0.075564,0.658579,0.035000,0.025778,0.974222,0.025778,0.974222
37,61,0.176755,0.645796,0.035000,0.025778,0.974222,0.025778,0.974222
37,62,0.264288,0.670193,0.035000,0.025778,0.974222,0.025778,0.974222
37,63,0.357869,0.701759,0.035000,0.025778,0.974222,0.025778,0.974222
37,64,0.472289,0.675010,0.035000,0.025778,0.974222,0.025778,0.974222
37,65,0.553858,0.656386,0.035000,0.025778,0.974222,0.025778,0.974222
37,66,0.631995,0.645412,0.035000,0.025778,0.974222,0.025778,0.974222
37,67,0.727358,0.691509,0.035000,0.025778,0.974222,0.025778,0.974222
37,68,0.841492,0.693246,0.035000,0.025778,0.974222,0.025778,0.974222
37,69,0.923114,0.660476,0.035000,0.025778,0.974222,0.025778,0.974222
37,70,0.099192,0.736329,0.035000,0.025778,0.974222,0.025778,0.974222
37,71,0.192206,0.758987,0.035000,0.025778,0.974222,0.025778,0.974222
37,72,0.301767,0.796134,0.035000,0.025778,0.974222,0.025778,0.974222
37,73,0.376825,0.772455,0.035000,0.025778,0.974222,0.025778,0.974222
37,74,0.479423,0.745354,0.035000,0.025778,0.974222,0.025778,0.974222
37,75,0.579254,0.741871,0.035000,0.025778,0.974222,0.025778,0.974222
37,76,0.657135,0.775944,0.035000,0.025778,0.974222,0.025778,0.974222
37,77,0.743838,0.795577,0.035000,0.025778,0.974222,0.025778,0.974222
37,78,0.833652,0.763593,0.035000,0.025778,0.974222,0.025778,0.974222
37,79,0.939222,0.735667,0.035000,0.025778,0.974222,0.025778,0.974222
37,80,0.095347,0.851827,0.035000,0.025778,0.974222,0.025778,0.974222
37,81,0.169643,0.879889,0.035000,0.025778,0.974222,0.025778,0.974222
37,82,0.272297,0.885695,0.035000,0.025778,0.974222,0.025778,0.974222
37,83,0.370975,0.846811,0.035000,0.025778,0.974222,0.025778,0.974222
37,84,0.450259,0.833930,0.035000,0.025778,0.974222,0.025778,0.974222
37,85,0.554482,0.862521,0.035000,0.025778,0.974222,0.025778,0.974222
37,86,0.650550,0.891252,0.035000,0.025778,0.974222,0.025778,0.974222
37,87,0.730547,0.864304,0.035000,0.025778,0.974222,0.025778,0.974222
37,88,0.825128,0.838291,0.035000,0.025778,0.974222,0.025778,0.974222
37,89,0.933371,0.849550,0.035000,0.025778,0.974222,0.025778,0.974222
38,0,0.072876,0.097160,0.035000,0.027556,0.972444,0.027556,0.972444
38,1,0.188368,0.067986,0.035000,0.027556,0.972444,0.027556,0.972444
38,2,0.279925,0.092693,0.035000,0.027556,0.972444,0.027556,0.972444
38,3,0.358516,0.121009,0.035000,0.027556,0.972444,0.027556,0.972444
38,4,0.452712,0.110920,0.035000,0.027556,0.972444,0.027556,0.972444
38,5,0.549924,0.078757,0.035000,0.027556,0.972444,0.027556,0.972444
38,6,0.650235,0.076850,0.035000,0.027556,0.972444,0.027556,0.972444
38,7,0.719240,0.102288,0.035000,0.027556,0.972444,0.027556,0.972444
38,8,0.827806,0.130975,0.035000,0.027556,0.972444,0.027556,0.972444
38,9,0.935431,0.099883,0.035000,0.027556,0.972444,0.027556,0.972444
38,10,0.108941,0.181309,0.035000,0.027556,0.972444,0.027556,0.972444
38,11,0.188435,0.173502,0.035000,0.027556,0.972444,0.027556,0.972444
38,12,0.295908,0.219896,0.035000,0.027556,0.972444,0.027556,0.972444
38,13,0.392246,0.205240,0.035000,0.027556,0.972444,0.027556,0.972444
38,14,0.489543,0.189553,0.035000,0.027556,0.972444,0.027556,0.972444
38,15,0.559305,0.168842,0.035000,0.027556,0.972444,0.027556,0.972444
38,16,0.657002,0.193912,0.035000,0.027556,0.972444,0.027556,0.972444
38,17,0.757569,0.224102,0.035000,0.027556,0.972444,0.027556,0.972444
38,18,0.855642,0.202104,0.035000,0.027556,0.972444,0.027556,0.972444
38,19,0.937444,0.174673,0.035000,0.027556,0.972444,0.027556,0.972444
38,20,0.076950,0.273827,0.035000,0.027556,0.972444,0.027556,0.972444
38,21,0.178936,0.303876,0.035000,0.027556,0.972444,0.027556,0.972444
38,22,0.261328,0.301532,0.035000,0.027556,0.972444,0.027556,0.972444
38,23,0.357731,0.290702,0.035000,0.027556,0.972444,0.027556,0.972444
38,24,0.465175,0.265822,0.035000,0.027556,0.972444,0.027556,0.972444
38,25,0.554590,0.285727,0.035000,0.027556,0.972444,0.027556,0.972444
38,26,0.630150,0.310660,0.035000,0.027556,0.972444,0.027556,0.972444
38,27,0.738035,0.307190,0.035000,0.027556,0.972444,0.027556,0.972444
38,28,0.827178,0.268692,0.035000,0.027556,0.972444,0.027556,0.972444
38,29,0.928857,0.270190,0.035000,0.027556,0.972444,0.027556,0.972444
38,30,0.093696,0.387971,0.035000,0.027556,0.972444,0.027556,0.972444
38,31,0.209239,0.404702,0.035000,0.027556,0.972444,0.027556,0.972444
38,32,0.295123,0.386832,0.035000,0.027556,0.972444,0.027556,0.972444
38,33,0.375311,0.366082,0.035000,0.027556,0.972444,0.027556,0.972444
38,34,0.474387,0.367720,0.035000,0.027556,0.972444,0.027556,0.972444
38,35,0.581429,0.414253,0.035000,0.027556,0.972444,0.027556,0.972444
38,36,0.665260,0.398214,0.035000,0.027556,0.972444,0.027556,0.972444
38,37,0.741540,0.381056,0.035000,0.027556,0.972444,0.027556,0.972444
38,38,0.846358,0.352445,0.035000,0.027556,0.972444,0.027556,0.972444
38,39,0.937444,0.392958,0.035000,0.027556,0.972444,0.027556,0.972444
38,40,0.080318,0.507151,0.035000,0.027556,0.972444,0.027556,0.972444
38,41,0.173203,0.491940,0.035000,0.027556,0.972444,0.027556,0.972444
38,42,0.292525,0.463646,0.035000,0.027556,0.972444,0.027556,0.972444
38,43,0.362695,0.465554,0.035000,0.027556,0.972444,0.027556,0.972444
38,44,0.442654,0.491315,0.035000,0.027556,0.972444,0.027556,0.972444
38,45,0.553032,0.503937,0.035000,0.027556,0.972444,0.027556,0.972444
38,46,0.654006,0.471232,0.035000,0.027556,0.972444,0.027556,0.972444
38,47,0.737534,0.456362,0.035000,0.027556,0.972444,0.027556,0.972444
38,48,0.818951,0.470366,0.035000,0.027556,0.972444,0.027556,0.972444
38,49,0.930814,0.510397,0.035000,0.027556,0.972444,0.027556,0.972444
38,50,0.097101,0.586158,0.035000,0.027556,0.972444,0.027556,0.972444
38,51,0.190364,0.566911,0.035000,0.027556,0.972444,0.027556,0.972444
38,52,0.291078,0.548849,0.035000,0.027556,0.972444,0.027556,0.972444
38,53,0.401396,0.594080,0.035000,0.027556,0.972444,0.027556,0.972444
38,54,0.471347,0.597870,0.035000,0.027556,0.972444,0.027556,0.972444
38,55,0.554981,0.577518,0.035000,0.027556,0.972444,0.027556,0.972444
38,56,0.667194,0.543733,0.035000,0.027556,0.972444,0.027556,0.972444
38,57,0.759746,0.566238,0.035000,0.027556,0.972444,0.027556,0.972444
38,58,0.846998,0.595605,0.035000,0.027556,0.972444,0.027556,0.972444
38,59,0.937444,0.587996,0.035000,0.027556,0.972444,0.027556,0.972444
38,60,0.078844,0.656740,0.035000,0.027556,0.972444,0.027556,0.972444
38,61,0.175295,0.647466,0.035000,0.027556,0.972444,0.027556,0.972444
38,62,0.261336,0.672691,0.035000,0.027556,0.972444,0.027556,0.972444
38,63,0.359674,0.701151,0.035000,0.027556,0.972444,0.027556,0.972444
38,64,0.474906,0.672138,0.035000,0.027556,0.972444,0.027556,0.972444
38,65,0.551096,0.656002,0.035000,0.027556,0.972444,0.027556,0.972444
38,66,0.630494,0.647994,0.035000,0.027556,0.972444,0.027556,0.972444
38,67,0.730414,0.693006,0.035000,0.027556,0.972444,0.027556,0.972444
38,68,0.842469,0.689800,0.035000,0.027556,0.972444,0.027556,0.972444
38,69,0.919397,0.658597,0.035000,0.027556,0.972444,0.027556,0.972444
38,70,0.099578,0.737428,0.035000,0.027556,0.972444,0.027556,0.972444
38,71,0.195304,0.761608,0.035000,0.027556,0.972444,0.027556,0.972444
38,72,0.300686,0.796217,0.035000,0.027556,0.972444,0.027556,0.972444
38,73,0.373849,0.769725,0.035000,0.027556,0.972444,0.027556,0.972444
38,74,0.481585,0.744275,0.035000,0.027556,0.972444,0.027556,0.972444
38,75,0.581681,0.744168,0.035000,0.027556,0.972444,0.027556,0.972444
38,76,0.654322,0.777928,0.035000,0.027556,0.972444,0.027556,0.972444
38,77,0.742402,0.793123,0.035000,0.027556,0.972444,0.027556,0.972444
38,78,0.836356,0.761725,0.035000,0.027556,0.972444,0.027556,0.972444
38,79,0.937444,0.736665,0.035000,0.027556,0.972444,0.027556,0.972444
38,80,0.091912,0.854604,0.035000,0.027556,0.972444,0.027556,0.972444
38,81,0.169888,0.880518,0.035000,0.027556,0.972444,0.027556,0.972444
38,82,0.275483,0.883270,0.035000,0.027556,0.972444,0.027556,0.972444
38,83,0.369937,0.845189,0.035000,0.027556,0.972444,0.027556,0.972444
38,84,0.447164,0.835788,0.035000,0.027556,0.972444,0.027556,0.972444
38,85,0.556583,0.864912,0.035000,0.027556,0.972444,0.027556,0.972444
38,86,0.653027,0.890339,0.035000,0.027556,0.972444,0.027556,0.972444
38,87,0.727629,0.862512,0.035000,0.027556,0.972444,0.027556,0.972444
38,88,0.823445,0.838918,0.035000,0.027556,0.972444,0.027556,0.972444
38,89,0.936618,0.852239,0.035000,0.027556,0.972444,0.027556,0.972444
39,0,0.073360,0.095129,0.035000,0.029333,0.970667,0.029333,0.970667
39,1,0.191680,0.069512,0.035000,0.029333,0.970667,0.029333,0.970667
39,2,0.278472,0.095262,0.035000,0.029333,0.970667,0.029333,0.970667
39,3,0.354516,0.120483,0.035000,0.029333,0.970667,0.029333,0.970667
39,4,0.455651,0.108121,0.035000,0.029333,0.970667,0.029333,0.970667
39,5,0.552374,0.078081,0.035000,0.029333,0.970667,0.029333,0.970667
39,6,0.647548,0.079363,0.035000,0.029333,0.970667,0.029333,0.970667
39,7,0.717734,0.103884,0.035000,0.029333,0.970667,0.029333,0.970667
39,8,0.830897,0.129170,0.035000,0.029333,0.970667,0.029333,0.970667
39,9,0.935667,0.097438,0.035000,0.029333,0.970667,0.029333,0.970667
39,10,0.105531,0.182351,0.035000,0.029333,0.970667,0.029333,0.970667
39,11,0.188817,0.176230,0.035000,0.029333,0.970667,0.029333,0.970667
39,12,0.299203,0.220058,0.035000,0.029333,0.970667,0.029333,0.970667
39,13,0.390990,0.202404,0.035000,0.029333,0.970667,0.029333,0.970667
39,14,0.487263,0.187502,0.035000,0.029333,0.970667,0.029333,0.970667
39,15,0.561446,0.171044,0.035000,0.029333,0.970667,0.029333,0.970667
39,16,0.659199,0.195943,0.035000,0.029333,0.970667,0.029333,0.970667
39,17,0.754930,0.222796,0.035000,0.029333,0.970667,0.029333,0.970667
39,18,0.854316,0.198944,0.035000,0.029333,0.970667,0.029333,0.970667
39,19,0.935667,0.174991,0.035000,0.029333,0.970667,0.029333,0.970667
39,20,0.077618,0.276592,0.035000,0.029333,0.970667,0.029333,0.970667
39,21,0.175498,0.304661,0.035000,0.029333,0.970667,0.029333,0.970667
39,22,0.261532,0.298876,0.035000,0.029333,0.970667,0.029333,0.970667
39,23,0.360438,0.288297,0.035000,0.029333,0.970667,0.029333,0.970667
39,24,0.463567,0.268475,0.035000,0.029333,0.970667,0.029333,0.970667
39,25,0.551569,0.288188,0.035000,0.029333,0.970667,0.029333,0.970667
39,26,0.632180,0.309891,0.035000,0.029333,0.970667,0.029333,0.970667
39,27,0.740252,0.303568,0.035000,0.029333,0.970667,0.029333,0.970667
39,28,0.824328,0.268818,0.035000,0.029333,0.970667,0.029333,0.970667
39,29,0.927167,0.272822,0.035000,0.029333,0.970667,0.029333,0.970667
39,30,0.096881,0.389352,0.035000,0.029333,0.970667,0.029333,0.970667
39,31,0.210071,0.402456,0.035000,0.029333,0.970667,0.029333,0.970667
39,32,0.291966,0.383902,0.035000,0.029333,0.970667,0.029333,0.970667
39,33,0.375852,0.368125,0.035000,0.029333,0.970667,0.029333,0.970667
39,34,0.477540,0.370281,0.035000,0.029333,0.970667,0.029333,0.970667
39,35,0.580611,0.414267,0.035000,0.029333,0.970667,0.029333,0.970667
39,36,0.662578,0.394078,0.035000,0.029333,0.970667,0.029333,0.970667
39,37,0.743588,0.381008,0.035000,0.029333,0.970667,0.029333,0.970667
39,38,0.848794,0.354747,0.035000,0.029333,0.970667,0.029333,0.970667
39,39,0.935667,0.394914,0.035000,0.029333,0.970667,0.029333,0.970667
39,40,0.078453,0.505570,0.035000,0.029333,0.970667,0.029333,0.970667
39,41,0.175980,0.489574,0.035000,0.029333,0.970667,0.029333,0.970667
39,42,0.291003,0.464978,0.035000,0.029333,0.970667,0.029333,0.970667
39,43,0.361926,0.468381,0.035000,0.029333,0.970667,0.029333,0.970667
39,44,0.442624,0.491840,0.035000,0.029333,0.970667,0.029333,0.970667
39,45,0.556268,0.501371,0.035000,0.029333,0.970667,0.029333,0.970667
39,46,0.652872,0.470973,0.035000,0.029333,0.970667,0.029333,0.970667
39,47,0.734393,0.458305,0.035000,0.029333,0.970667,0.029333,0.970667
39,48,0.820757,0.472685,0.035000,0.029333,0.970667,0.029333,0.970667
39,49,0.933473,0.509393,0.035000,0.029333,0.970667,0.029333,0.970667
39,50,0.094538,0.583424,0.035000,0.029333,0.970667,0.029333,0.970667
39,51,0.188394,0.566937,0.035000,0.029333,0.970667,0.029333,0.970667
39,52,0.293885,0.551406,0.035000,0.029333,0.970667,0.029333,0.970667
39,53,0.399938,0.595233,0.035000,0.029333,0.970667,0.029333,0.970667
39,54,0.470823,0.595776,0.035000,0.029333,0.970667,0.029333,0.970667
39,55,0.554819,0.575505,0.035000,0.029333,0.970667,0.029333,0.970667
39,56,0.670646,0.545145,0.035000,0.029333,0.970667,0.029333,0.970667
39,57,0.758934,0.568855,0.035000,0.029333,0.970667,0.029333,0.970667
39,58,0.843803,0.595224,0.035000,0.029333,0.970667,0.029333,0.970667
39,59,0.935667,0.584345,0.035000,0.029333,0.970667,0.029333,0.970667
39,60,0.081558,0.656017,0.035000,0.029333,0.970667,0.029333,0.970667
39,61,0.172830,0.649946,0.035000,0.029333,0.970667,0.029333,0.970667
39,62,0.259241,0.674396,0.035000,0.029333,0.970667,0.029333,0.970667
39,63,0.362027,0.698024,0.035000,0.029333,0.970667,0.029333,0.970667
39,64,0.476410,0.669625,0.035000,0.029333,0.970667,0.029333,0.970667
39,65,0.547839,0.656874,0.035000,0.029333,0.970667,0.029333,0.970667
39,66,0.630192,0.650738,0.035000,0.029333,0.970667,0.029333,0.970667
39,67,0.733650,0.693299,0.035000,0.029333,0.970667,0.029333,0.970667
39,68,0.842148,0.685928,0.035000,0.029333,0.970667,0.029333,0.970667
39,69,0.915917,0.657606,0.035000,0.029333,0.970667,0.029333,0.970667
39,70,0.101145,0.739543,0.035000,0.029333,0.970667,0.029333,0.970667
39,71,0.197912,0.763702,0.035000,0.029333,0.970667,0.029333,0.970667
39,72,0.298533,0.795053,0.035000,0.029333,0.970667,0.029333,0.970667
39,73,0.371976,0.768428,0.035000,0.029333,0.970667,0.029333,0.970667
39,74,0.484554,0.744450,0.035000,0.029333,0.970667,0.029333,0.970667
39,75,0.583063,0.746915,0.035000,0.029333,0.970667,0.029333,0.970667
39,76,0.650989,0.778840,0.035000,0.029333,0.970667,0.029333,0.970667
39,77,0.742124,0.789932,0.035000,0.029333,0.970667,0.029333,0.970667
39,78,0.839335,0.760473,0.035000,0.029333,0.970667,0.029333,0.970667
39,79,0.935667,0.738752,0.035000,0.029333,0.970667,0.029333,0.970667
39,80,0.088626,0.857123,0.035000,0.029333,0.970667,0.029333,0.970667
39,81,0.171330,0.879879,0.035000,0.029333,0.970667,0.029333,0.970667
39,82,0.278215,0.880582,0.035000,0.029333,0.970667,0.029333,0.970667
39,83,0.367814,0.844733,0.035000,0.029333,0.970667,0.029333,0.970667
39,84,0.444853,0.838362,0.035000,0.029333,0.970667,0.029333,0.970667
39,85,0.559520,0.866418,0.035000,0.029333,0.970667,0.029333,0.970667
39,86,0.654493,0.888358,0.035000,0.029333,0.970667,0.029333,0.970667
39,87,0.724175,0.861036,0.035000,0.029333,0.970667,0.029333,0.970667
39,88,0.822925,0.840675,0.035000,0.029333,0.970667,0.029333,0.970667
39,89,0.935667,0.854968,0.035000,0.029333,0.970667,0.029333,0.970667
40,0,0.075016,0.094189,0.035000,0.031111,0.968889,0.031111,0.968889
40,1,0.194419,0.071905,0.035000,0.031111,0.968889,0.031111,0.968889
40,2,0.276012,0.097098,0.035000,0.031111,0.968889,0.031111,0.968889
40,3,0.351529,0.118801,0.035000,0.031111,0.968889,0.031111,0.968889
40,4,0.459259,0.105599,0.035000,0.031111,0.968889,0.031111,0.968889
40,5,0.553733,0.078683,0.035000,0.031111,0.968889,0.031111,0.968889
40,6,0.644357,0.082112,0.035000,0.031111,0.968889,0.031111,0.968889
40,7,0.717429,0.104308,0.035000,0.031111,0.968889,0.031111,0.968889
40,8,0.834162,0.126649,0.035000,0.031111,0.968889,0.031111,0.968889
40,9,0.933889,0.095900,0.035000,0.031111,0.968889,0.031111,0.968889
40,10,0.102315,0.184439,0.035000,0.031111,0.968889,0.031111,0.968889
40,11,0.190382,0.178489,0.035000,0.031111,0.968889,0.031111,0.968889
40,12,0.301978,0.218970,0.035000,0.031111,0.968889,0.031111,0.968889
40,13,0.388690,0.199565,0.035000,0.031111,0.968889,0.031111,0.968889
40,14,0.485695,0.186812,0.035000,0.031111,0.968889,0.031111,0.968889
40,15,0.564397,0.173764,0.035000,0.031111,0.968889,0.031111,0.968889
40,16,0.660384,0.196953,0.035000,0.031111,0.968889,0.031111,0.968889
40,17,0.751745,0.220551,0.035000,0.031111,0.968889,0.031111,0.968889
40,18,0.854132,0.196520,0.035000,0.031111,0.968889,0.031111,0.968889
40,19,0.933889,0.176501,0.035000,0.031111,0.968889,0.031111,0.968889
40,20,0.077053,0.279173,0.035000,0.031111,0.968889,0.031111,0.968889
40,21,0.172210,0.304180,0.035000,0.031111,0.968889,0.031111,0.968889
40,22,0.262938,0.295929,0.035000,0.031111,0.968889,0.031111,0.968889
40,23,0.362760,0.287125,0.035000,0.031111,0.968889,0.031111,0.968889
40,24,0.460960,0.271768,0.035000,0.031111,0.968889,0.031111,0.968889
40,25,0.549323,0.289820,0.035000,0.031111,0.968889,0.031111,0.968889
40,26,0.635056,0.308017,0.035000,0.031111,0.968889,0.031111,0.968889
40,27,0.741496,0.300460,0.035000,0.031111,0.968889,0.031111,0.968889
40,28,0.820931,0.270136,0.035000,0.031111,0.968889,0.031111,0.968889
40,29,0.926641,0.275570,0.035000,0.031111,0.968889,0.031111,0.968889
40,30,0.100309,0.389520,0.035000,0.031111,0.968889,0.031111,0.968889
40,31,0.209667,0.399637,0.035000,0.031111,0.968889,0.031111,0.968889
40,32,0.288870,0.382053,0.035000,0.031111,0.968889,0.031111,0.968889
40,33,0.377537,0.371030,0.035000,0.031111,0.968889,0.031111,0.968889
40,34,0.480292,0.372281,0.035000,0.031111,0.968889,0.031111,0.968889
40,35,0.578671,0.413041,0.035000,0.031111,0.968889,0.031111,0.968889
40,36,0.660572,0.390242,0.035000,0.031111,0.968889,0.031111,0.968889
40,37,0.746498,0.382079,0.035000,0.031111,0.968889,0.031111,0.968889
40,38,0.850266,0.357464,0.035000,0.031111,0.968889,0.031111,0.968889
40,39,0.933889,0.395768,0.035000,0.031111,0.968889,0.031111,0.968889
40,40,0.077744,0.503143,0.035000,0.031111,0.968889,0.031111,0.968889
40,41,0.179100,0.487939,0.035000,0.031111,0.968889,0.031111,0.968889
40,42,0.288619,0.467344,0.035000,0.031111,0.968889,0.031111,0.968889
40,43,0.360818,0.470900,0.035000,0.031111,0.968889,0.031111,0.968889
40,44,0.443813,0.491099,0.035000,0.031111,0.968889,0.031111,0.968889
40,45,0.559141,0.498601,0.035000,0.031111,0.968889,0.031111,0.968889
40,46,0.650659,0.471706,0.035000,0.031111,0.968889,0.031111,0.968889
40,47,0.731947,0.460925,0.035000,0.031111,0.968889,0.031111,0.968889
40,48,0.823477,0.474091,0.035000,0.031111,0.968889,0.031111,0.968889
40,49,0.933889,0.507345,0.035000,0.031111,0.968889,0.031111,0.968889
40,50,0.091328,0.581189,0.035000,0.031111,0.968889,0.031111,0.968889
40,51,0.187560,0.568188,0.035000,0.031111,0.968889,0.031111,0.968889
40,52,0.297070,0.553980,0.035000,0.031111,0.968889,0.031111,0.968889
40,53,0.397592,0.595143,0.035000,0.031111,0.968889,0.031111,0.968889
40,54,0.469919,0.593170,0.035000,0.031111,0.968889,0.031111,0.968889
40,55,0.555882,0.574534,0.035000,0.031111,0.968889,0.031111,0.968889
40,56,0.673752,0.547468,0.035000,0.031111,0.968889,0.031111,0.968889
40,57,0.756996,0.570788,0.035000,0.031111,0.968889,0.031111,0.968889
40,58,0.841264,0.593661,0.035000,0.031111,0.968889,0.031111,0.968889
40,59,0.933889,0.581036,0.035000,0.031111,0.968889,0.031111,0.968889
40,60,0.083356,0.656561,0.035000,0.031111,0.968889,0.031111,0.968889
40,61,0.169676,0.652719,0.035000,0.031111,0.968889,0.031111,0.968889
40,62,0.258263,0.674953,0.035000,0.031111,0.968889,0.031111,0.968889
40,63,0.364862,0.694343,0.035000,0.031111,0.968889,0.031111,0.968889
40,64,0.475734,0.668115,0.035000,0.031111,0.968889,0.031111,0.968889
40,65,0.545441,0.658690,0.035000,0.031111,0.968889,0.031111,0.968889
40,66,0.631123,0.653070,0.035000,0.031111,0.968889,0.031111,0.968889
40,67,0.736620,0.692333,0.035000,0.031111,0.968889,0.031111,0.968889
40,68,0.840628,0.682151,0.035000,0.031111,0.968889,0.031111,0.968889
40,69,0.913087,0.657786,0.035000,0.031111,0.968889,0.031111,0.968889
40,70,0.103691,0.742233,0.035000,0.031111,0.968889,0.031111,0.968889
40,71,0.199664,0.764816,0.035000,0.031111,0.968889,0.031111,0.968889
40,72,0.295619,0.792906,0.035000,0.031111,0.968889,0.031111,0.968889
40,73,0.371149,0.767532,0.035000,0.031111,0.968889,0.031111,0.968889
40,74,0.487951,0.745837,0.035000,0.031111,0.968889,0.031111,0.968889
40,75,0.583230,0.749539,0.035000,0.031111,0.968889,0.031111,0.968889
40,76,0.647563,0.778492,0.035000,0.031111,0.968889,0.031111,0.968889
40,77,0.743060,0.786480,0.035000,0.031111,0.968889,0.031111,0.968889
40,78,0.842134,0.760238,0.035000,0.031111,0.968889,0.031111,0.968889
40,79,0.933889,0.741594,0.035000,0.031111,0.968889,0.031111,0.968889
40,80,0.085910,0.858862,0.035000,0.031111,0.968889,0.031111,0.968889
40,81,0.173780,0.878106,0.035000,0.031111,0.968889,0.031111,0.968889
40,82,0.280120,0.878210,0.035000,0.031111,0.968889,0.031111,0.968889
40,83,0.364902,0.845539,0.035000,0.031111,0.968889,0.031111,0.968889
40,84,0.443614,0.841115,0.035000,0.031111,0.968889,0.031111,0.968889
40,85,0.562923,0.866728,0.035000,0.031111,0.968889,0.031111,0.968889
40,86,0.654763,0.885723,0.035000,0.031111,0.968889,0.031111,0.968889
40,87,0.720602,0.860373,0.035000,0.031111,0.968889,0.031111,0.968889
40,88,0.823636,0.843356,0.035000,0.031111,0.968889,0.031111,0.968889
40,89,0.933889,0.857171,0.035000,0.031111,0.968889,0.031111,0.968889
41,0,0.077624,0.094520,0.035000,0.032889,0.967111,0.032889,0.967111
41,1,0.196238,0.074665,0.035000,0.032889,0.967111,0.032889,0.967111
41,2,0.272862,0.097817,0.035000,0.032889,0.967111,0.032889,0.967111
41,3,0.349792,0.116310,0.035000,0.032889,0.967111,0.032889,0.967111
41,4,0.463163,0.103872,0.035000,0.032889,0.967111,0.032889,0.967111
41,5,0.553853,0.080423,0.035000,0.032889,0.967111,0.032889,0.967111
41,6,0.641096,0.084521,0.035000,0.032889,0.967111,0.032889,0.967111
41,7,0.718358,0.103469,0.035000,0.032889,0.967111,0.032889,0.967111
41,8,0.837156,0.123957,0.035000,0.032889,0.967111,0.032889,0.967111
41,9,0.932111,0.095571,0.035000,0.032889,0.967111,0.032889,0.967111
41,10,0.099710,0.187153,0.035000,0.032889,0.967111,0.032889,0.967111
41,11,0.192925,0.179805,0.035000,0.032889,0.967111,0.032889,0.967111
41,12,0.303872,0.216864,0.035000,0.032889,0.967111,0.032889,0.967111
41,13,0.385650,0.197285,0.035000,0.032889,0.967111,0.032889,0.967111
41,14,0.485128,0.187459,0.035000,0.032889,0.967111,0.032889,0.967111
41,15,0.567777,0.176435,0.035000,0.032889,0.967111,0.032889,0.967111
41,16,0.660384,0.196721,0.035000,0.032889,0.967111,0.032889,0.967111
41,17,0.748446,0.217848,0.035000,0.032889,0.967111,0.032889,0.967111
41,18,0.855148,0.195233,0.035000,0.032889,0.967111,0.032889,0.967111
41,19,0.932111,0.178888,0.035000,0.032889,0.967111,0.032889,0.967111
41,20,0.075327,0.281034,0.035000,0.032889,0.967111,0.032889,0.967111
41,21,0.169494,0.302535,0.035000,0.032889,0.967111,0.032889,0.967111
41,22,0.265358,0.293264,0.035000,0.032889,0.967111,0.032889,0.967111
41,23,0.364316,0.287301,0.035000,0.032889,0.967111,0.032889,0.967111
41,24,0.457635,0.275196,0.035000,0.032889,0.967111,0.032889,0.967111
41,25,0.548140,0.290285,0.035000,0.032889,0.967111,0.032889,0.967111
41,26,0.638407,0.305429,0.035000,0.032889,0.967111,0.032889,0.967111
41,27,0.741575,0.298342,0.035000,0.032889,0.967111,0.032889,0.967111
41,28,0.817409,0.272461,0.035000,0.032889,0.967111,0.032889,0.967111
41,29,0.927347,0.277860,0.035000,0.032889,0.967111,0.032889,0.967111
41,30,0.103537,0.388439,0.035000,0.032889,0.967111,0.032889,0.967111
41,31,0.208084,0.396797,0.035000,0.032889,0.967111,0.032889,0.967111
41,32,0.286268,0.381527,0.035000,0.032889,0.967111,0.032889,0.967111
41,33,0.380203,0.374362,0.035000,0.032889,0.967111,0.032889,0.967111
41,34,0.482260,0.373278,0.035000,0.032889,0.967111,0.032889,0.967111
41,35,0.575893,0.410858,0.035000,0.032889,0.967111,0.032889,0.967111
41,36,0.659552,0.387229,0.035000,0.032889,0.967111,0.032889,0.967111
41,37,0.749912,0.384231,0.035000,0.032889,0.967111,0.032889,0.967111
41,38,0.850572,0.360020,0.035000,0.032889,0.967111,0.032889,0.967111
41,39,0.932111,0.395352,0.035000,0.032889,0.967111,0.032889,0.967111
41,40,0.078275,0.500378,0.035000,0.032889,0.967111,0.032889,0.967111
41,41,0.182115,0.487412,0.035000,0.032889,0.967111,0.032889,0.967111
41,42,0.285355,0.470401,0.035000,0.032889,0.967111,0.032889,0.967111
41,43,0.359860,0.472597,0.035000,0.032889,0.967111,0.032889,0.967111
41,44,0.446064,0.489247,0.035000,0.032889,0.967111,0.032889,0.967111
41,45,0.561258,0.496203,0.035000,0.032889,0.967111,0.032889,0.967111
41,46,0.647628,0.473537,0.035000,0.032889,0.967111,0.032889,0.967111
41,47,0.730512,0.463677,0.035000,0.032889,0.967111,0.032889,0.967111
41,48,0.826762,0.474289,0.035000,0.032889,0.967111,0.032889,0.967111
41,49,0.932111,0.504683,0.035000,0.032889,0.967111,0.032889,0.967111
41,50,0.087880,0.579918,0.035000,0.032889,0.967111,0.032889,0.967111
41,51,0.187963,0.570425,0.035000,0.032889,0.967111,0.032889,0.967111
41,52,0.300186,0.556008,0.035000,0.032889,0.967111,0.032889,0.967111
41,53,0.394368,0.593829,0.035000,0.032889,0.967111,0.032889,0.967111
41,54,0.469085,0.590622,0.035000,0.032889,0.967111,0.032889,0.967111
41,55,0.558031,0.574813,0.035000,0.032889,0.967111,0.032889,0.967111
41,56,0.676116,0.550216,0.035000,0.032889,0.967111,0.032889,0.967111
41,57,0.754180,0.571635,0.035000,0.032889,0.967111,0.032889,0.967111
41,58,0.839705,0.591242,0.035000,0.032889,0.967111,0.032889,0.967111
41,59,0.932111,0.578584,0.035000,0.032889,0.967111,0.032889,0.967111
41,60,0.084006,0.658257,0.035000,0.032889,0.967111,0.032889,0.967111
41,61,0.166236,0.655208,0.035000,0.032889,0.967111,0.032889,0.967111
41,62,0.258520,0.674244,0.035000,0.032889,0.967111,0.032889,0.967111
41,63,0.367728,0.690610,0.035000,0.032889,0.967111,0.032889,0.967111
41,64,0.472759,0.667954,0.035000,0.032889,0.967111,0.032889,0.967111
41,65,0.544470,0.661030,0.035000,0.032889,0.967111,0.032889,0.967111
41,66,0.633162,0.654501,0.035000,0.032889,0.967111,0.032889,0.967111
41,67,0.738917,0.690313,0.035000,0.032889,0.967111,0.032889,0.967111
41,68,0.838151,0.679012,0.035000,0.032889,0.967111,0.032889,0.967111
41,69,0.911236,0.659166,0.035000,0.032889,0.967111,0.032889,0.967111
41,70,0.106885,0.744935,0.035000,0.032889,0.967111,0.032889,0.967111
41,71,0.200312,0.764701,0.035000,0.032889,0.967111,0.032889,0.967111
41,72,0.292346,0.790241,0.035000,0.032889,0.967111,0.032889,0.967111
41,73,0.371510,0.767499,0.035000,0.032889,0.967111,0.032889,0.967111
41,74,0.491339,0.748145,0.035000,0.032889,0.967111,0.032889,0.967111
41,75,0.580552,0.750773,0.035000,0.032889,0.967111,0.032889,0.967111
41,76,0.646101,0.777677,0.035000,0.032889,0.967111,0.032889,0.967111
41,77,0.745104,0.783326,0.035000,0.032889,0.967111,0.032889,0.967111
41,78,0.844334,0.761192,0.035000,0.032889,0.967111,0.032889,0.967111
41,79,0.932111,0.744689,0.035000,0.032889,0.967111,0.032889,0.967111
41,80,0.084113,0.859458,0.035000,0.032889,0.967111,0.032889,0.967111
41,81,0.176919,0.875569,0.035000,0.032889,0.967111,0.032889,0.967111
41,82,0.280934,0.876665,0.035000,0.032889,0.967111,0.032889,0.967111
41,83,0.361592,0.847443,0.035000,0.032889,0.967111,0.032889,0.967111
41,84,0.443597,0.843469,0.035000,0.032889,0.967111,0.032889,0.967111
41,85,0.566363,0.865780,0.035000,0.032889,0.967111,0.032889,0.967111
41,86,0.652192,0.883600,0.035000,0.032889,0.967111,0.032889,0.967111
41,87,0.718960,0.860209,0.035000,0.032889,0.967111,0.032889,0.967111
41,88,0.825488,0.846538,0.035000,0.032889,0.967111,0.032889,0.967111
41,89,0.932111,0.858390,0.035000,0.032889,0.967111,0.032889,0.967111
42,0,0.080842,0.096041,0.035000,0.034667,0.965333,0.034667,0.965333
42,1,0.196904,0.077214,0.035000,0.034667,0.965333,0.034667,0.965333
42,2,0.269428,0.097270,0.035000,0.034667,0.965333,0.034667,0.965333
42,3,0.349404,0.113528,0.035000,0.034667,0.965333,0.034667,0.965333
42,4,0.466936,0.103297,0.035000,0.034667,0.965333,0.034667,0.965333
42,5,0.552740,0.082923,0.035000,0.034667,0.965333,0.034667,0.965333
42,6,0.638207,0.086083,0.035000,0.034667,0.965333,0.034667,0.965333
42,7,0.720395,0.101541,0.035000,0.034667,0.965333,0.034667,0.965333
42,8,0.839471,0.121669,0.035000,0.034667,0.965333,0.034667,0.965333
42,9,0.930333,0.096507,0.035000,0.034667,0.965333,0.034667,0.965333
42,10,0.098053,0.189945,0.035000,0.034667,0.965333,0.034667,0.965333
42,11,0.196117,0.179901,0.035000,0.034667,0.965333,0.034667,0.965333
42,12,0.304639,0.214182,0.035000,0.034667,0.965333,0.034667,0.965333
42,13,0.382271,0.196013,0.035000,0.034667,0.965333,0.034667,0.965333
42,14,0.485711,0.189165,0.035000,0.034667,0.965333,0.034667,0.965333
42,15,0.571150,0.178502,0.035000,0.034667,0.965333,0.034667,0.965333
42,16,0.659180,0.195284,0.035000,0.034667,0.965333,0.034667,0.965333
42,17,0.745476,0.215261,0.035000,0.034667,0.965333,0.034667,0.965333
42,18,0.857261,0.195262,0.035000,0.034667,0.965333,0.034667,0.965333
42,19,0.930333,0.181655,0.035000,0.034667,0.965333,0.034667,0.965333
42,20,0.072660,0.281786,0.035000,0.034667,0.965333,0.034667,0.965333
42,21,0.167698,0.300068,0.035000,0.034667,0.965333,0.034667,0.965333
42,22,0.268471,0.291401,0.035000,0.034667,0.965333,0.034667,0.965333
42,23,0.364831,0.288679,0.035000,0.034667,0.965333,0.034667,0.965333
42,24,0.453976,0.278198,0.035000,0.034667,0.965333,0.034667,0.965333
42,25,0.548171,0.289486,0.035000,0.034667,0.965333,0.034667,0.965333
42,26,0.641801,0.302665,0.035000,0.034667,0.965333,0.034667,0.965333
42,27,0.740454,0.297511,0.035000,0.034667,0.965333,0.034667,0.965333
42,28,0.814199,0.275389,0.035000,0.034667,0.965333,0.034667,0.965333
42,29,0.929196,0.279217,0.035000,0.034667,0.965333,0.034667,0.965333
42,30,0.106151,0.386335,0.035000,0.034667,0.965333,0.034667,0.965333
42,31,0.205525,0.394499,0.035000,0.034667,0.965333,0.034667,0.965333
42,32,0.284524,0.382312,0.035000,0.034667,0.965333,0.034667,0.965333
42,33,0.383552,0.377569,0.035000,0.034667,0.965333,0.034667,0.965333
42,34,0.483165,0.373042,0.035000,0.034667,0.965333,0.034667,0.965333
42,35,0.572662,0.408196,0.035000,0.034667,0.965333,0.034667,0.965333
42,36,0.659694,0.385427,0.035000,0.034667,0.965333,0.034667,0.965333
42,37,0.753402,0.387172,0.035000,0.034667,0.965333,0.034667,0.965333
42,38,0.849659,0.361874,0.035000,0.034667,0.965333,0.034667,0.965333
42,39,0.930333,0.393762,0.035000,0.034667,0.965333,0.034667,0.965333
42,40,0.079972,0.497853,0.035000,0.034667,0.965333,0.034667,0.965333
42,41,0.184595,0.488131,0.035000,0.034667,0.965333,0.034667,0.965333
42,42,0.281355,0.473642,0.035000,0.034667,0.965333,0.034667,0.965333
42,43,0.359470,0.473127,0.035000,0.034667,0.965333,0.034667,0.965333
42,44,0.449083,0.486668,0.035000,0.034667,0.965333,0.034667,0.965333
42,45,0.562329,0.494676,0.035000,0.034667,0.965333,0.034667,0.965333
42,46,0.644148,0.476304,0.035000,0.034667,0.965333,0.034667,0.965333
42,47,0.730270,0.465987,0.035000,0.034667,0.965333,0.034667,0.965333
42,48,0.830185,0.473238,0.035000,0.034667,0.965333,0.034667,0.965333
42,49,0.930333,0.501962,0.035000,0.034667,0.965333,0.034667,0.965333
42,50,0.084638,0.579876,0.035000,0.034667,0.965333,0.034667,0.965333
42,51,0.189546,0.573198,0.035000,0.034667,0.965333,0.034667,0.965333
42,52,0.302801,0.557041,0.035000,0.034667,0.965333,0.034667,0.965333
42,53,0.390393,0.591565,0.035000,0.034667,0.965333,0.034667,0.965333
42,54,0.468754,0.588690,0.035000,0.034667,0.965333,0.034667,0.965333
42,55,0.560986,0.576289,0.035000,0.034667,0.965333,0.034667,0.965333
42,56,0.677437,0.552813,0.035000,0.034667,0.965333,0.034667,0.965333
42,57,0.750848,0.571220,0.035000,0.034667,0.965333,0.034667,0.965333
42,58,0.839328,0.588471,0.035000,0.034667,0.965333,0.034667,0.965333
42,59,0.930333,0.577349,0.035000,0.034667,0.965333,0.034667,0.965333
42,60,0.083423,0.660753,0.035000,0.034667,0.965333,0.034667,0.965333
42,61,0.162953,0.656893,0.035000,0.034667,0.965333,0.034667,0.965333
42,62,0.259973,0.672416,0.035000,0.034667,0.965333,0.034667,0.965333
42,63,0.370179,0.687376,0.035000,0.034667,0.965333,0.034667,0.965333
42,64,0.468989,0.669019,0.035000,0.034667,0.965333,0.034667,0.965333
42,65,0.543975,0.663558,0.035000,0.034667,0.965333,0.034667,0.965333
42,66,0.636044,0.654730,0.035000,0.034667,0.965333,0.034667,0.965333
42,67,0.740223,0.687665,0.035000,0.034667,0.965333,0.034667,0.965333
42,68,0.835077,0.676958,0.035000,0.034667,0.965333,0.034667,0.965333
42,69,0.910578,0.661518,0.035000,0.034667,0.965333,0.034667,0.965333
42,70,0.110316,0.747087,0.035000,0.034667,0.965333,0.034667,0.965333
42,71,0.199748,0.763368,0.035000,0.034667,0.965333,0.034667,0.965333
42,72,0.289158,0.787629,0.035000,0.034667,0.965333,0.034667,0.965333
42,73,0.373044,0.768569,0.035000,0.034667,0.965333,0.034667,0.965333
42,74,0.494285,0.750893,0.035000,0.034667,0.965333,0.034667,0.965333
42,75,0.576781,0.750928,0.035000,0.034667,0.965333,0.034667,0.965333
42,76,0.645388,0.775998,0.035000,0.034667,0.965333,0.034667,0.965333
42,77,0.748009,0.780991,0.035000,0.034667,0.965333,0.034667,0.965333
42,78,0.845601,0.763240,0.035000,0.034667,0.965333,0.034667,0.965333
42,79,0.930333,0.747468,0.035000,0.034667,0.965333,0.034667,0.965333
42,80,0.083467,0.858788,0.035000,0.034667,0.965333,0.034667,0.965333
42,81,0.180344,0.872796,0.035000,0.034667,0.965333,0.034667,0.965333
42,82,0.280535,0.876282,0.035000,0.034667,0.965333,0.034667,0.965333
42,83,0.358326,0.850049,0.035000,0.034667,0.965333,0.034667,0.965333
42,84,0.444798,0.844933,0.035000,0.034667,0.965333,0.034667,0.965333
42,85,0.569402,0.863772,0.035000,0.034667,0.965333,0.034667,0.965333
42,86,0.648503,0.881951,0.035000,0.034667,0.965333,0.034667,0.965333
42,87,0.718051,0.861197,0.035000,0.034667,0.965333,0.034667,0.965333
42,88,0.828247,0.849674,0.035000,0.034667,0.965333,0.034667,0.965333
42,89,0.930333,0.858373,0.035000,0.034667,0.965333,0.034667,0.965333
43,0,0.084251,0.098423,0.035000,0.036444,0.963556,0.036444,0.963556
43,1,0.196335,0.079020,0.035000,0.036444,0.963556,0.036444,0.963556
43,2,0.266151,0.095571,0.035000,0.036444,0.963556,0.036444,0.963556
43,3,0.350307,0.111032,0.035000,0.036444,0.963556,0.036444,0.963556
43,4,0.470160,0.103990,0.035000,0.036444,0.963556,0.036444,0.963556
43,5,0.550555,0.085650,0.035000,0.036444,0.963556,0.036444,0.963556
43,6,0.636080,0.086470,0.035000,0.036444,0.963556,0.036444,0.963556
43,7,0.723275,0.098924,0.035000,0.036444,0.963556,0.036444,0.963556
43,8,0.840793,0.120275,0.035000,0.036444,0.963556,0.036444,0.963556
43,9,0.928556,0.098500,0.035000,0.036444,0.963556,0.036444,0.963556
43,10,0.097560,0.192245,0.035000,0.036444,0.963556,0.036444,0.963556
43,11,0.199544,0.178755,0.035000,0.036444,0.963556,0.036444,0.963556
43,12,0.304177,0.211486,0.035000,0.036444,0.963556,0.036444,0.963556
43,13,0.378994,0.195993,0.035000,0.036444,0.963556,0.036444,0.963556
43,14,0.487433,0.191455,0.035000,0.036444,0.963556,0.036444,0.963556
43,15,0.574083,0.179532,0.035000,0.036444,0.963556,0.036444,0.963556
43,16,0.656913,0.192933,0.035000,0.036444,0.963556,0.036444,0.963556
43,17,0.743231,0.213338,0.035000,0.036444,0.963556,0.036444,0.963556
43,18,0.859774,0.196607,0.035000,0.036444,0.963556,0.036444,0.963556
43,19,0.928556,0.184145,0.035000,0.036444,0.963556,0.036444,0.963556
43,20,0.071444,0.281274,0.035000,0.036444,0.963556,0.036444,0.963556
43,21,0.167053,0.297293,0.035000,0.036444,0.963556,0.036444,0.963556
43,22,0.271872,0.290700,0.035000,0.036444,0.963556,0.036444,0.963556
43,23,0.364177,0.290879,0.035000,0.036444,0.963556,0.036444,0.963556
43,24,0.450413,0.280281,0.035000,0.036444,0.963556,0.036444,0.963556
43,25,0.549414,0.287588,0.035000,0.036444,0.963556,0.036444,0.963556
43,26,0.644800,0.300301,0.035000,0.036444,0.963556,0.036444,0.963556
43,27,0.738253,0.298015,0.035000,0.036444,0.963556,0.036444,0.963556
43,28,0.811703,0.278377,0.035000,0.036444,0.963556,0.036444,0.963556
43,29,0.928556,0.279357,0.035000,0.036444,0.963556,0.036444,0.963556
43,30,0.107812,0.383643,0.035000,0.036444,0.963556,0.036444,0.963556
43,31,0.202323,0.393199,0.035000,0.036444,0.963556,0.036444,0.963556
43,32,0.283888,0.384141,0.035000,0.036444,0.963556,0.036444,0.963556
43,33,0.387192,0.380107,0.035000,0.036444,0.963556,0.036444,0.963556
43,34,0.482868,0.371602,0.035000,0.036444,0.963556,0.036444,0.963556
43,35,0.569419,0.405629,0.035000,0.036444,0.963556,0.036444,0.963556
43,36,0.661019,0.385011,0.035000,0.036444,0.963556,0.036444,0.963556
43,37,0.756533,0.390423,0.035000,0.036444,0.963556,0.036444,0.963556
43,38,0.847634,0.362633,0.035000,0.036444,0.963556,0.036444,0.963556
43,39,0.928556,0.391333,0.035000,0.036444,0.963556,0.036444,0.963556
43,40,0.082612,0.496095,0.035000,0.036444,0.963556,0.036444,0.963556
43,41,0.186187,0.489974,0.035000,0.036444,0.963556,0.036444,0.963556
43,42,0.276897,0.476501,0.035000,0.036444,0.963556,0.036444,0.963556
43,43,0.359949,0.472387,0.035000,0.036444,0.963556,0.036444,0.963556
43,44,0.452479,0.483897,0.035000,0.036444,0.963556,0.036444,0.963556
43,45,0.562201,0.494338,0.035000,0.036444,0.963556,0.036444,0.963556
43,46,0.640647,0.479617,0.035000,0.036444,0.963556,0.036444,0.963556
43,47,0.731255,0.467374,0.035000,0.036444,0.963556,0.036444,0.963556
43,48,0.833308,0.471153,0.035000,0.036444,0.963556,0.036444,0.963556
43,49,0.928556,0.499751,0.035000,0.036444,0.963556,0.036444,0.963556
43,50,0.082016,0.581071,0.035000,0.036444,0.963556,0.036444,0.963556
43,51,0.192104,0.575945,0.035000,0.036444,0.963556,0.036444,0.963556
43,52,0.304554,0.556843,0.035000,0.036444,0.963556,0.036444,0.963556
43,53,0.385931,0.588822,0.035000,0.036444,0.963556,0.036444,0.963556
43,54,0.469246,0.587796,0.035000,0.036444,0.963556,0.036444,0.963556
43,55,0.564365,0.578662,0.035000,0.036444,0.963556,0.036444,0.963556
43,56,0.677550,0.554718,0.035000,0.036444,0.963556,0.036444,0.963556
43,57,0.747430,0.569629,0.035000,0.036444,0.963556,0.036444,0.963556
43,58,0.840181,0.585925,0.035000,0.036444,0.963556,0.036444,0.963556
43,59,0.928556,0.577460,0.035000,0.036444,0.963556,0.036444,0.963556
43,60,0.081682,0.663530,0.035000,0.036444,0.963556,0.036444,0.963556
43,61,0.160247,0.657425,0.035000,0.036444,0.963556,0.036444,0.963556
43,62,0.262430,0.669848,0.035000,0.036444,0.963556,0.036444,0.963556
43,63,0.371838,0.685122,0.035000,0.036444,0.963556,0.036444,0.963556
43,64,0.464676,0.671137,0.035000,0.036444,0.963556,0.036444,0.963556
43,65,0.544288,0.665693,0.035000,0.036444,0.963556,0.036444,0.963556
43,66,0.639396,0.653707,0.035000,0.036444,0.963556,0.036444,0.963556
43,67,0.740352,0.684941,0.035000,0.036444,0.963556,0.036444,0.963556
43,68,0.831834,0.676239,0.035000,0.036444,0.963556,0.036444,0.963556
43,69,0.911175,0.664400,0.035000,0.036444,0.963556,0.036444,0.963556
43,70,0.113541,0.748239,0.035000,0.036444,0.963556,0.036444,0.963556
43,71,0.198027,0.761082,0.035000,0.036444,0.963556,0.036444,0.963556
43,72,0.286484,0.785626,0.035000,0.036444,0.963556,0.036444,0.963556
43,73,0.375579,0.770719,0.035000,0.036444,0.963556,0.036444,0.963556
43,74,0.496413,0.753505,0.035000,0.036444,0.963556,0.036444,0.963556
43,75,0.572446,0.749929,0.035000,0.036444,0.963556,0.036444,0.963556
43,76,0.645474,0.773844,0.035000,0.036444,0.963556,0.036444,0.963556
43,77,0.751414,0.779843,0.035000,0.036444,0.963556,0.036444,0.963556
43,78,0.845727,0.766043,0.035000,0.036444,0.963556,0.036444,0.963556
43,79,0.928556,0.749415,0.035000,0.036444,0.963556,0.036444,0.963556
43,80,0.084053,0.856990,0.035000,0.036444,0.963556,0.036444,0.963556
43,81,0.183611,0.870365,0.035000,0.036444,0.963556,0.036444,0.963556
43,82,0.278961,0.877155,0.035000,0.036444,0.963556,0.036444,0.963556
43,83,0.355537,0.852817,0.035000,0.036444,0.963556,0.036444,0.963556
43,84,0.447058,0.845201,0.035000,0.036444,0.963556,0.036444,0.963556
43,85,0.571655,0.861123,0.035000,0.036444,0.963556,0.036444,0.963556
43,86,0.644217,0.881151,0.035000,0.036444,0.963556,0.036444,0.963556
43,87,0.717930,0.863220,0.035000,0.036444,0.963556,0.036444,0.963556
43,88,0.831559,0.852212,0.035000,0.036444,0.963556,0.036444,0.963556
43,89,0.928556,0.857124,0.035000,0.036444,0.963556,0.036444,0.963556
44,0,0.087407,0.101163,0.035000,0.038222,0.961778,0.038222,0.961778
44,1,0.194606,0.079705,0.035000,0.038222,0.961778,0.038222,0.961778
44,2,0.263451,0.093073,0.035000,0.038222,0.961778,0.038222,0.961778
44,3,0.352297,0.109339,0.035000,0.038222,0.961778,0.038222,0.961778
44,4,0.472475,0.105804,0.035000,0.038222,0.961778,0.038222,0.961778
44,5,0.547593,0.088028,0.035000,0.038222,0.961778,0.038222,0.961778
44,6,0.635004,0.085596,0.035000,0.038222,0.961778,0.038222,0.961778
44,7,0.726624,0.096161,0.035000,0.038222,0.961778,0.038222,0.961778
44,8,0.840934,0.120078,0.035000,0.038222,0.961778,0.038222,0.961778
44,9,0.926778,0.101127,0.035000,0.038222,0.961778,0.038222,0.961778
44,10,0.098297,0.193586,0.035000,0.038222,0.961778,0.038222,0.961778
44,11,0.202765,0.176604,0.035000,0.038222,0.961778,0.038222,0.961778
44,12,0.302542,0.209340,0.035000,0.038222,0.961778,0.038222,0.961778
44,13,0.376245,0.197211,0.035000,0.038222,0.961778,0.038222,0.961778
44,14,0.490130,0.193748,0.035000,0.038222,0.961778,0.038222,0.961778
44,15,0.576197,0.179311,0.035000,0.038222,0.961778,0.038222,0.961778
44,16,0.653859,0.190149,0.035000,0.038222,0.961778,0.038222,0.961778
44,17,0.742015,0.212487,0.035000,0.038222,0.961778,0.038222,0.961778
44,18,0.858397,0.199676,0.035000,0.038222,0.961778,0.038222,0.961778
44,19,0.926778,0.185087,0.035000,0.038222,0.961778,0.038222,0.961778
44,20,0.073222,0.279602,0.035000,0.038222,0.961778,0.038222,0.961778
44,21,0.167642,0.294787,0.035000,0.038222,0.961778,0.038222,0.961778
44,22,0.275118,0.291280,0.035000,0.038222,0.961778,0.038222,0.961778
44,23,0.362386,0.293366,0.035000,0.038222,0.961778,0.038222,0.961778
44,24,0.447372,0.281120,0.035000,0.038222,0.961778,0.038222,0.961778
44,25,0.551709,0.284987,0.035000,0.038222,0.961778,0.038222,0.961778
44,26,0.647018,0.298828,0.035000,0.038222,0.961778,0.038222,0.961778
44,27,0.735235,0.299646,0.035000,0.038222,0.961778,0.038222,0.961778
44,28,0.810230,0.280860,0.035000,0.038222,0.961778,0.038222,0.961778
44,29,0.926778,0.278252,0.035000,0.038222,0.961778,0.038222,0.961778
44,30,0.108306,0.380924,0.035000,0.038222,0.961778,0.038222,0.961778
44,31,0.198889,0.393147,0.035000,0.038222,0.961778,0.038222,0.961778
44,32,0.284462,0.386547,0.035000,0.038222,0.961778,0.038222,0.961778
44,33,0.390689,0.381551,0.035000,0.038222,0.961778,0.038222,0.961778
44,34,0.481388,0.369243,0.035000,0.038222,0.961778,0.038222,0.961778
44,35,0.566600,0.403706,0.035000,0.038222,0.961778,0.038222,0.961778
44,36,0.663390,0.385896,0.035000,0.038222,0.961778,0.038222,0.961778
44,37,0.758911,0.393422,0.035000,0.038222,0.961778,0.038222,0.961778
44,38,0.844746,0.362131,0.035000,0.038222,0.961778,0.038222,0.961778
44,39,0.926778,0.388577,0.035000,0.038222,0.961778,0.038222,0.961778
44,40,0.085854,0.495470,0.035000,0.038222,0.961778,0.038222,0.961778
44,41,0.186656,0.492579,0.035000,0.038222,0.961778,0.038222,0.961778
44,42,0.272354,0.478476,0.035000,0.038222,0.961778,0.038222,0.961778
44,43,0.361451,0.470538,0.035000,0.038222,0.961778,0.038222,0.961778
44,44,0.455816,0.481511,0.035000,0.038222,0.961778,0.038222,0.961778
44,45,0.560875,0.495258,0.035000,0.038222,0.961778,0.038222,0.961778
44,46,0.637559,0.482948,0.035000,0.038222,0.961778,0.038222,0.961778
44,47,0.733339,0.467549,0.035000,0.038222,0.961778,0.038222,0.961778
44,48,0.835727,0.468468,0.035000,0.038222,0.961778,0.038222,0.961778
44,49,0.926778,0.498511,0.035000,0.038222,0.961778,0.038222,0.961778
44,50,0.080351,0.583255,0.035000,0.038222,0.961778,0.038222,0.961778
44,51,0.195303,0.578106,0.035000,0.038222,0.961778,0.038222,0.961778
44,52,0.305196,0.555437,0.035000,0.038222,0.961778,0.038222,0.961778
44,53,0.381345,0.586169,0.035000,0.038222,0.961778,0.038222,0.961778
44,54,0.470733,0.588147,0.035000,0.038222,0.961778,0.038222,0.961778
44,55,0.567731,0.581442,0.035000,0.038222,0.961778,0.038222,0.961778
44,56,0.675705,0.555390,0.035000,0.038222,0.961778,0.038222,0.961778
44,57,0.745100,0.567333,0.035000,0.038222,0.961778,0.038222,0.961778
44,58,0.842155,0.584134,0.035000,0.038222,0.961778,0.038222,0.961778
44,59,0.926778,0.578787,0.035000,0.038222,0.961778,0.038222,0.961778
44,60,0.079005,0.666008,0.035000,0.038222,0.961778,0.038222,0.961778
44,61,0.158466,0.656691,0.035000,0.038222,0.961778,0.038222,0.961778
44,62,0.265573,0.667073,0.035000,0.038222,0.961778,0.038222,0.961778
44,63,0.372437,0.684155,0.035000,0.038222,0.961778,0.038222,0.961778
44,64,0.460180,0.673908,0.035000,0.038222,0.961778,0.038222,0.961778
44,65,0.545597,0.666945,0.035000,0.038222,0.961778,0.038222,0.961778
44,66,0.642784,0.651643,0.035000,0.038222,0.961778,0.038222,0.961778
44,67,0.739271,0.682711,0.035000,0.038222,0.961778,0.038222,0.961778
44,68,0.828869,0.676857,0.035000,0.038222,0.961778,0.038222,0.961778
44,69,0.912930,0.667255,0.035000,0.038222,0.961778,0.038222,0.961778
44,70,0.116145,0.748151,0.035000,0.038222,0.961778,0.038222,0.961778
44,71,0.195354,0.758308,0.035000,0.038222,0.961778,0.038222,0.961778
44,72,0.284684,0.784659,0.035000,0.038222,0.961778,0.038222,0.961778
44,73,0.378814,0.773673,0.035000,0.038222,0.961778,0.038222,0.961778
44,74,0.497448,0.755438,0.035000,0.038222,0.961778,0.038222,0.961778
44,75,0.567894,0.747840,0.035000,0.038222,0.961778,0.038222,0.961778
44,76,0.646562,0.771807,0.035000,0.038222,0.961778,0.038222,0.961778
44,77,0.754892,0.780024,0.035000,0.038222,0.961778,0.038222,0.961778
44,78,0.844659,0.769094,0.035000,0.038222,0.961778,0.038222,0.961778
44,79,0.926778,0.750181,0.035000,0.038222,0.961778,0.038222,0.961778
44,80,0.085798,0.854439,0.035000,0.038222,0.961778,0.038222,0.961778
44,81,0.186300,0.868780,0.035000,0.038222,0.961778,0.038222,0.961778
44,82,0.276401,0.879113,0.035000,0.038222,0.961778,0.038222,0.961778
44,83,0.353593,0.855172,0.035000,0.038222,0.961778,0.038222,0.961778
44,84,0.450082,0.844213,0.035000,0.038222,0.961778,0.038222,0.961778
44,85,0.572838,0.858384,0.035000,0.038222,0.961778,0.038222,0.961778
44,86,0.639672,0.881492,0.035000,0.038222,0.961778,0.038222,0.961778
44,87,0.718811,0.865833,0.035000,0.038222,0.961778,0.038222,0.961778
44,88,0.835002,0.853705,0.035000,0.038222,0.961778,0.038222,0.961778
44,89,0.926778,0.854904,0.035000,0.038222,0.961778,0.038222,0.961778
45,0,0.089903,0.103684,0.035000,0.040000,0.960000,0.040000,0.960000
45,1,0.191939,0.079125,0.035000,0.040000,0.960000,0.040000,0.960000
45,2,0.261676,0.090295,0.035000,0.040000,0.960000,0.040000,0.960000
45,3,0.355040,0.108801,0.035000,0.040000,0.960000,0.040000,0.960000
45,4,0.473632,0.108360,0.035000,0.040000,0.960000,0.040000,0.960000
45,5,0.544249,0.089553,0.035000,0.040000,0.960000,0.040000,0.960000
45,6,0.635130,0.083642,0.035000,0.040000,0.960000,0.040000,0.960000
45,7,0.730009,0.093825,0.035000,0.040000,0.960000,0.040000,0.960000
45,8,0.839863,0.121127,0.035000,0.040000,0.960000,0.040000,0.960000
45,9,0.925000,0.103832,0.035000,0.040000,0.960000,0.040000,0.960000
45,10,0.100173,0.193696,0.035000,0.040000,0.960000,0.040000,0.960000
45,11,0.205365,0.173892,0.035000,0.040000,0.960000,0.040000,0.960000
45,12,0.299942,0.208192,0.035000,0.040000,0.960000,0.040000,0.960000
45,13,0.374382,0.199399,0.035000,0.040000,0.960000,0.040000,0.960000
45,14,0.493501,0.195480,0.035000,0.040000,0.960000,0.040000,0.960000
45,15,0.577220,0.177884,0.035000,0.040000,0.960000,0.040000,0.960000
45,16,0.650399,0.187505,0.035000,0.040000,0.960000,0.040000,0.960000
45,17,0.741994,0.212892,0.035000,0.040000,0.960000,0.040000,0.960000
45,18,0.857487,0.203147,0.035000,0.040000,0.960000,0.040000,0.960000
45,19,0.925000,0.184915,0.035000,0.040000,0.960000,0.040000,0.960000
45,20,0.075000,0.277119,0.035000,0.040000,0.960000,0.040000,0.960000
45,21,0.169388,0.293071,0.035000,0.040000,0.960000,0.040000,0.960000
45,22,0.277788,0.293001,0.035000,0.040000,0.960000,0.040000,0.960000
45,23,0.359641,0.295555,0.035000,0.040000,0.960000,0.040000,0.960000
45,24,0.445215,0.280637,0.035000,0.040000,0.960000,0.040000,0.960000
45,25,0.554762,0.282224,0.035000,0.040000,0.960000,0.040000,0.960000
45,26,0.648169,0.298553,0.035000,0.040000,0.960000,0.040000,0.960000
45,27,0.731771,0.301973,0.035000,0.040000,0.960000,0.040000,0.960000
45,28,0.809962,0.282370,0.035000,0.040000,0.960000,0.040000,0.960000
45,29,0.925000,0.276129,0.035000,0.040000,0.960000,0.040000,0.960000
45,30,0.107568,0.378742,0.035000,0.040000,0.960000,0.040000,0.960000
45,31,0.195665,0.394337,0.035000,0.040000,0.960000,0.040000,0.960000
45,32,0.286193,0.388955,0.035000,0.040000,0.960000,0.040000,0.960000
45,33,0.393622,0.381690,0.035000,0.040000,0.960000,0.040000,0.960000
45,34,0.478900,0.366439,0.035000,0.040000,0.960000,0.040000,0.960000
45,35,0.564586,0.402844,0.035000,0.040000,0.960000,0.040000,0.960000
45,36,0.666531,0.387752,0.035000,0.040000,0.960000,0.040000,0.960000
45,37,0.760239,0.395641,0.035000,0.040000,0.960000,0.040000,0.960000
45,38,0.841360,0.360468,0.035000,0.040000,0.960000,0.040000,0.960000
45,39,0.925000,0.386071,0.035000,0.040000,0.960000,0.040000,0.960000
45,40,0.089278,0.496111,0.035000,0.040000,0.960000,0.040000,0.960000
45,41,0.185917,0.495425,0.035000,0.040000,0.960000,0.040000,0.960000
45,42,0.268137,0.479234,0.035000,0.040000,0.960000,0.040000,0.960000
45,43,0.363965,0.467969,0.035000,0.040000,0.960000,0.040000,0.960000
45,44,0.458661,0.480006,0.035000,0.040000,0.960000,0.040000,0.960000
45,45,0.558509,0.497247,0.035000,0.040000,0.960000,0.040000,0.960000
45,46,0.635269,0.485739,0.035000,0.040000,0.960000,0.040000,0.960000
45,47,0.736257,0.466476,0.035000,0.040000,0.960000,0.040000,0.960000
45,48,0.837132,0.465739,0.035000,0.040000,0.960000,0.040000,0.960000
45,49,0.925000,0.498501,0.035000,0.040000,0.960000,0.040000,0.960000
45,50,0.079855,0.585975,0.035000,0.040000,0.960000,0.040000,0.960000
45,51,0.198733,0.579243,0.035000,0.040000,0.960000,0.040000,0.960000
45,52,0.304625,0.553100,0.035000,0.040000,0.960000,0.040000,0.960000
45,53,0.377046,0.584160,0.035000,0.040000,0.960000,0.040000,0.960000
45,54,0.473228,0.589685,0.035000,0.040000,0.960000,0.040000,0.960000
45,55,0.570652,0.584055,0.035000,0.040000,0.960000,0.040000,0.960000
45,56,0.672263,0.554699,0.035000,0.040000,0.960000,0.040000,0.960000
45,57,0.744036,0.564799,0.035000,0.040000,0.960000,0.040000,0.960000
45,58,0.844998,0.583470,0.035000,0.040000,0.960000,0.040000,0.960000
45,59,0.925000,0.580962,0.035000,0.040000,0.960000,0.040000,0.960000
45,60,0.075733,0.667674,0.035000,0.040000,0.960000,0.040000,0.960000
45,61,0.157838,0.654844,0.035000,0.040000,0.960000,0.040000,0.960000
45,62,0.268994,0.664668,0.035000,0.040000,0.960000,0.040000,0.960000
45,63,0.371851,0.684537,0.035000,0.040000,0.960000,0.040000,0.960000
45,64,0.455911,0.676792,0.035000,0.040000,0.960000,0.040000,0.960000
45,65,0.547929,0.667015,0.035000,0.040000,0.960000,0.040000,0.960000
45,66,0.645773,0.648964,0.035000,0.040000,0.960000,0.040000,0.960000
45,67,0.737104,0.681442,0.035000,0.040000,0.960000,0.040000,0.960000
45,68,0.826587,0.678555,0.035000,0.040000,0.960000,0.040000,0.960000
45,69,0.915603,0.669524,0.035000,0.040000,0.960000,0.040000,0.960000
45,70,0.117793,0.746839,0.035000,0.040000,0.960000,0.040000,0.960000
45,71,0.192057,0.755614,0.035000,0.040000,0.960000,0.040000,0.960000
45,72,0.284004,0.784940,0.035000,0.040000,0.960000,0.040000,0.960000
45,73,0.382352,0.776960,0.035000,0.040000,0.960000,0.040000,0.960000
45,74,0.495446,0.756507,0.035000,0.040000,0.960000,0.040000,0.960000
45,75,0.565345,0.744753,0.035000,0.040000,0.960000,0.040000,0.960000
45,76,0.648694,0.770435,0.035000,0.040000,0.960000,0.040000,0.960000
45,77,0.758005,0.781412,0.035000,0.040000,0.960000,0.040000,0.960000
45,78,0.842502,0.771822,0.035000,0.040000,0.960000,0.040000,0.960000
45,79,0.925000,0.749650,0.035000,0.040000,0.960000,0.040000,0.960000
45,80,0.088477,0.851665,0.035000,0.040000,0.960000,0.040000,0.960000
45,81,0.188064,0.868372,0.035000,0.040000,0.960000,0.040000,0.960000
45,82,0.273173,0.881757,0.035000,0.040000,0.960000,0.040000,0.960000
45,83,0.352754,0.856626,0.035000,0.040000,0.960000,0.040000,0.960000
45,84,0.453479,0.842175,0.035000,0.040000,0.960000,0.040000,0.960000
45,85,0.571486,0.855645,0.035000,0.040000,0.960000,0.040000,0.960000
45,86,0.636584,0.883491,0.035000,0.040000,0.960000,0.040000,0.960000
45,87,0.720754,0.868474,0.035000,0.040000,0.960000,0.040000,0.960000
45,88,0.838134,0.853916,0.035000,0.040000,0.960000,0.040000,0.960000
45,89,0.925000,0.852175,0.035000,0.040000,0.960000,0.040000,0.960000
46,0,0.091414,0.105453,0.035000,0.041778,0.958222,0.041778,0.958222
46,1,0.188677,0.077398,0.035000,0.041778,0.958222,0.041778,0.958222
46,2,0.261054,0.087814,0.035000,0.041778,0.958222,0.041778,0.958222
46,3,0.358120,0.109530,0.035000,0.041778,0.958222,0.041778,0.958222
46,4,0.473522,0.111126,0.035000,0.041778,0.958222,0.041778,0.958222
46,5,0.540961,0.089899,0.035000,0.041778,0.958222,0.041778,0.958222
46,6,0.636456,0.081010,0.035000,0.041778,0.958222,0.041778,0.958222
46,7,0.732993,0.092402,0.035000,0.041778,0.958222,0.041778,0.958222
46,8,0.837704,0.123215,0.035000,0.041778,0.958222,0.041778,0.958222
46,9,0.923222,0.106046,0.035000,0.041778,0.958222,0.041778,0.958222
46,10,0.102948,0.192561,0.035000,0.041778,0.958222,0.041778,0.958222
46,11,0.207007,0.171182,0.035000,0.041778,0.958222,0.041778,0.958222
46,12,0.296708,0.208284,0.035000,0.041778,0.958222,0.041778,0.958222
46,13,0.373650,0.202090,0.035000,0.041778,0.958222,0.041778,0.958222
46,14,0.497154,0.196215,0.035000,0.041778,0.958222,0.041778,0.958222
46,15,0.577020,0.175546,0.035000,0.041778,0.958222,0.041778,0.958222
46,16,0.646967,0.185545,0.035000,0.041778,0.958222,0.041778,0.958222
46,17,0.743182,0.214476,0.035000,0.041778,0.958222,0.041778,0.958222
46,18,0.857060,0.206329,0.035000,0.041778,0.958222,0.041778,0.958222
46,19,0.923222,0.183586,0.035000,0.041778,0.958222,0.041778,0.958222
46,20,0.076778,0.274340,0.035000,0.041778,0.958222,0.041778,0.958222
46,21,0.172069,0.292503,0.035000,0.041778,0.958222,0.041778,0.958222
46,22,0.279535,0.295487,0.035000,0.041778,0.958222,0.041778,0.958222
46,23,0.356257,0.296933,0.035000,0.041778,0.958222,0.041778,0.958222
46,24,0.444195,0.279011,0.035000,0.041778,0.958222,0.041778,0.958222
46,25,0.558183,0.279872,0.035000,0.041778,0.958222,0.041778,0.958222
46,26,0.648104,0.299533,0.035000,0.041778,0.958222,0.041778,0.958222
46,27,0.728290,0.304439,0.035000,0.041778,0.958222,0.041778,0.958222
46,28,0.810926,0.282633,0.035000,0.041778,0.958222,0.041778,0.958222
46,29,0.923222,0.273431,0.035000,0.041778,0.958222,0.041778,0.958222
46,30,0.105693,0.377551,0.035000,0.041778,0.958222,0.041778,0.958222
46,31,0.193066,0.396507,0.035000,0.041778,0.958222,0.041778,0.958222
46,32,0.288874,0.390799,0.035000,0.041778,0.958222,0.041778,0.958222
46,33,0.395638,0.380570,0.035000,0.041778,0.958222,0.041778,0.958222
46,34,0.475707,0.363763,0.035000,0.041778,0.958222,0.041778,0.958222
46,35,0.563650,0.403233,0.035000,0.041778,0.958222,0.041778,0.958222
46,36,0.670063,0.390070,0.035000,0.041778,0.958222,0.041778,0.958222
46,37,0.760352,0.396702,0.035000,0.041778,0.958222,0.041778,0.958222
46,38,0.837901,0.357984,0.035000,0.041778,0.958222,0.041778,0.958222
46,39,0.923222,0.384341,0.035000,0.041778,0.958222,0.041778,0.958222
46,40,0.092442,0.497886,0.035000,0.041778,0.958222,0.041778,0.958222
46,41,0.184042,0.497934,0.035000,0.041778,0.958222,0.041778,0.958222
46,42,0.264644,0.478686,0.035000,0.041778,0.958222,0.041778,0.958222
46,43,0.367325,0.465218,0.035000,0.041778,0.958222,0.041778,0.958222
46,44,0.460649,0.479693,0.035000,0.041778,0.958222,0.041778,0.958222
46,45,0.555397,0.499890,0.035000,0.041778,0.958222,0.041778,0.958222
46,46,0.634059,0.487524,0.035000,0.041778,0.958222,0.041778,0.958222
46,47,0.739634,0.464376,0.035000,0.041778,0.958222,0.041778,0.958222
46,48,0.837340,0.463534,0.035000,0.041778,0.958222,0.041778,0.958222
46,49,0.923222,0.499726,0.035000,0.041778,0.958222,0.041778,0.958222
46,50,0.080592,0.588665,0.035000,0.041778,0.958222,0.041778,0.958222
46,51,0.201950,0.579128,0.035000,0.041778,0.958222,0.041778,0.958222
46,52,0.302897,0.550304,0.035000,0.041778,0.958222,0.041778,0.958222
46,53,0.373433,0.583210,0.035000,0.041778,0.958222,0.041778,0.958222
46,54,0.476580,0.592104,0.035000,0.041778,0.958222,0.041778,0.958222
46,55,0.572750,0.585961,0.035000,0.041778,0.958222,0.041778,0.958222
46,56,0.668211,0.552874,0.035000,0.041778,0.958222,0.041778,0.958222
46,57,0.743830,0.562466,0.035000,0.041778,0.958222,0.041778,0.958222
46,58,0.848345,0.584073,0.035000,0.041778,0.958222,0.041778,0.958222
46,59,0.923222,0.583454,0.035000,0.041778,0.958222,0.041778,0.958222
46,60,0.076778,0.668180,0.035000,0.041778,0.958222,0.041778,0.958222
46,61,0.158443,0.652267,0.035000,0.041778,0.958222,0.041778,0.958222
46,62,0.272251,0.663132,0.035000,0.041778,0.958222,0.041778,0.958222
46,63,0.370117,0.686070,0.035000,0.041778,0.958222,0.041778,0.958222
46,64,0.452274,0.679217,0.035000,0.041778,0.958222,0.041778,0.958222
46,65,0.551151,0.665854,0.035000,0.041778,0.958222,0.041778,0.958222
46,66,0.647976,0.646226,0.035000,0.041778,0.958222,0.041778,0.958222
46,67,0.734118,0.681399,0.035000,0.041778,0.958222,0.041778,0.958222
46,68,0.825302,0.680871,0.035000,0.041778,0.958222,0.041778,0.958222
46,69,0.918838,0.670766,0.035000,0.041778,0.958222,0.041778,0.958222
46,70,0.118272,0.744576,0.035000,0.041778,0.958222,0.041778,0.958222
46,71,0.188548,0.753554,0.035000,0.041778,0.958222,0.041778,0.958222
46,72,0.284544,0.786419,0.035000,0.041778,0.958222,0.041778,0.958222
46,73,0.385756,0.780020,0.035000,0.041778,0.958222,0.041778,0.958222
46,74,0.492101,0.756331,0.035000,0.041778,0.958222,0.041778,0.958222
46,75,0.563536,0.741360,0.035000,0.041778,0.958222,0.041778,0.958222
46,76,0.651751,0.770117,0.035000,0.041778,0.958222,0.041778,0.958222
46,77,0.760363,0.783646,0.035000,0.041778,0.958222,0.041778,0.958222
46,78,0.839505,0.773715,0.035000,0.041778,0.958222,0.041778,0.958222
46,79,0.923222,0.747974,0.035000,0.041778,0.958222,0.041778,0.958222
46,80,0.091748,0.849245,0.035000,0.041778,0.958222,0.041778,0.958222
46,81,0.188676,0.869226,0.035000,0.041778,0.958222,0.041778,0.958222
46,82,0.269682,0.884547,0.035000,0.041778,0.958222,0.041778,0.958222
46,83,0.353136,0.856877,0.035000,0.041778,0.958222,0.041778,0.958222
46,84,0.456810,0.839508,0.035000,0.041778,0.958222,0.041778,0.958222
46,85,0.568793,0.853809,0.035000,0.041778,0.958222,0.041778,0.958222
46,86,0.634179,0.886489,0.035000,0.041778,0.958222,0.041778,0.958222
46,87,0.723654,0.870576,0.035000,0.041778,0.958222,0.041778,0.958222
46,88,0.840556,0.852860,0.035000,0.041778,0.958222,0.041778,0.958222
46,89,0.923222,0.849504,0.035000,0.041778,0.958222,0.041778,0.958222
47,0,0.091743,0.106099,0.035000,0.043556,0.956444,0.043556,0.956444
47,1,0.185240,0.078556,0.035000,0.043556,0.956444,0.043556,0.956444
47,2,0.261664,0.086146,0.035000,0.043556,0.956444,0.043556,0.956444
47,3,0.361085,0.111373,0.035000,0.043556,0.956444,0.043556,0.956444
47,4,0.472192,0.113523,0.035000,0.043556,0.956444,0.043556,0.956444
47,5,0.538161,0.088989,0.035000,0.043556,0.956444,0.043556,0.956444
47,6,0.638821,0.078556,0.035000,0.043556,0.956444,0.043556,0.956444
47,7,0.735192,0.092186,0.035000,0.043556,0.956444,0.043556,0.956444
47,8,0.834726,0.125913,0.035000,0.043556,0.956444,0.043556,0.956444
47,9,0.921444,0.107303,0.035000,0.043556,0.956444,0.043556,0.956444
47,10,0.106269,0.190422,0.035000,0.043556,0.956444,0.043556,0.956444
47,11,0.207481,0.169036,0.035000,0.043556,0.956444,0.043556,0.956444
47,12,0.293254,0.209598,0.035000,0.043556,0.956444,0.043556,0.956444
47,13,0.374147,0.204713,0.035000,0.043556,0.956444,0.043556,0.956444
47,14,0.500655,0.195737,0.035000,0.043556,0.956444,0.043556,0.956444
47,15,0.575043,0.172695,0.035000,0.043556,0.956444,0.043556,0.956444
47,16,0.644575,0.184761,0.035000,0.043556,0.956444,0.043556,0.956444
47,17,0.745436,0.216914,0.035000,0.043556,0.956444,0.043556,0.956444
47,18,0.856943,0.208542,0.035000,0.043556,0.956444,0.043556,0.956444
47,19,0.921444,0.181357,0.035000,0.043556,0.956444,0.043556,0.956444
47,20,0.078556,0.271843,0.035000,0.043556,0.956444,0.043556,0.956444
47,21,0.175340,0.293200,0.035000,0.043556,0.956444,0.043556,0.956444
47,22,0.280131,0.298205,0.035000,0.043556,0.956444,0.043556,0.956444
47,23,0.352633,0.297165,0.035000,0.043556,0.956444,0.043556,0.956444
47,24,0.444424,0.276649,0.035000,0.043556,0.956444,0.043556,0.956444
47,25,0.561533,0.278420,0.035000,0.043556,0.956444,0.043556,0.956444
47,26,0.646830,0.301566,0.035000,0.043556,0.956444,0.043556,0.956444
47,27,0.725227,0.306464,0.035000,0.043556,0.956444,0.043556,0.956444
47,28,0.812992,0.281630,0.035000,0.043556,0.956444,0.043556,0.956444
47,29,0.921444,0.270717,0.035000,0.043556,0.956444,0.043556,0.956444
47,30,0.102918,0.377598,0.035000,0.043556,0.956444,0.043556,0.956444
47,31,0.191427,0.399194,0.035000,0.043556,0.956444,0.043556,0.956444
47,32,0.292174,0.391644,0.035000,0.043556,0.956444,0.043556,0.956444
47,33,0.396499,0.378488,0.035000,0.043556,0.956444,0.043556,0.956444
47,34,0.472208,0.361761,0.035000,0.043556,0.956444,0.043556,0.956444
47,35,0.563926,0.404803,0.035000,0.043556,0.956444,0.043556,0.956444
47,36,0.673553,0.392261,0.035000,0.043556,0.956444,0.043556,0.956444
47,37,0.759706,0.394873,0.035000,0.043556,0.956444,0.043556,0.956444
47,38,0.834808,0.355191,0.035000,0.043556,0.956444,0.043556,0.956444
47,39,0.921444,0.383750,0.035000,0.043556,0.956444,0.043556,0.956444
47,40,0.094938,0.500427,0.035000,0.043556,0.956444,0.043556,0.956444
47,41,0.181253,0.499600,0.035000,0.043556,0.956444,0.043556,0.956444
47,42,0.262199,0.477002,0.035000,0.043556,0.956444,0.043556,0.956444
47,43,0.371231,0.462861,0.035000,0.043556,0.956444,0.043556,0.956444
47,44,0.461521,0.480639,0.035000,0.043556,0.956444,0.043556,0.956444
47,45,0.551928,0.502639,0.035000,0.043556,0.956444,0.043556,0.956444
47,46,0.633823,0.487518,0.035000,0.043556,0.956444,0.043556,0.956444
47,47,0.742573,0.463266,0.035000,0.043556,0.956444,0.043556,0.956444
47,48,0.836324,0.462309,0.035000,0.043556,0.956444,0.043556,0.956444
47,49,0.921444,0.501931,0.035000,0.043556,0.956444,0.043556,0.956444
47,50,0.082468,0.590765,0.035000,0.043556,0.956444,0.043556,0.956444
47,51,0.204539,0.577792,0.035000,0.043556,0.956444,0.043556,0.956444
47,52,0.300219,0.547618,0.035000,0.043556,0.956444,0.043556,0.956444
47,53,0.370840,0.583519,0.035000,0.043556,0.956444,0.043556,0.956444
47,54,0.480506,0.594914,0.035000,0.043556,0.956444,0.043556,0.956444
47,55,0.573755,0.586766,0.035000,0.043556,0.956444,0.043556,0.956444
47,56,0.664158,0.550758,0.035000,0.043556,0.956444,0.043556,0.956444
47,57,0.744674,0.560868,0.035000,0.043556,0.956444,0.043556,0.956444
47,58,0.851541,0.585817,0.035000,0.043556,0.956444,0.043556,0.956444
47,59,0.921444,0.585678,0.035000,0.043556,0.956444,0.043556,0.956444
47,60,0.078556,0.667421,0.035000,0.043556,0.956444,0.043556,0.956444
47,61,0.160204,0.649495,0.035000,0.043556,0.956444,0.043556,0.956444
47,62,0.274924,0.662783,0.035000,0.043556,0.956444,0.043556,0.956444
47,63,0.367423,0.688336,0.035000,0.043556,0.956444,0.043556,0.956444
47,64,0.449615,0.680705,0.035000,0.043556,0.956444,0.043556,0.956444
47,65,0.554991,0.663675,0.035000,0.043556,0.956444,0.043556,0.956444
47,66,0.649109,0.643997,0.035000,0.043556,0.956444,0.043556,0.956444
47,67,0.730685,0.682593,0.035000,0.043556,0.956444,0.043556,0.956444
47,68,0.825198,0.683232,0.035000,0.043556,0.956444,0.043556,0.956444
47,69,0.921444,0.670747,0.035000,0.043556,0.956444,0.043556,0.956444
47,70,0.116485,0.741692,0.035000,0.043556,0.956444,0.043556,0.956444
47,71,0.186299,0.752688,0.035000,0.043556,0.956444,0.043556,0.956444
47,72,0.286247,0.788795,0.035000,0.043556,0.956444,0.043556,0.956444
47,73,0.388604,0.782322,0.035000,0.043556,0.956444,0.043556,0.956444
47,74,0.488025,0.754944,0.035000,0.043556,0.956444,0.043556,0.956444
47,75,0.562386,0.738281,0.035000,0.043556,0.956444,0.043556,0.956444
47,76,0.655474,0.771008,0.035000,0.043556,0.956444,0.043556,0.956444
47,77,0.761668,0.786203,0.035000,0.043556,0.956444,0.043556,0.956444
47,78,0.836029,0.774426,0.035000,0.043556,0.956444,0.043556,0.956444
47,79,0.921444,0.745534,0.035000,0.043556,0.956444,0.043556,0.956444
47,80,0.095192,0.847681,0.035000,0.043556,0.956444,0.043556,0.956444
47,81,0.188056,0.871165,0.035000,0.043556,0.956444,0.043556,0.956444
47,82,0.266368,0.886908,0.035000,0.043556,0.956444,0.043556,0.956444
47,83,0.354697,0.855874,0.035000,0.043556,0.956444,0.043556,0.956444
47,84,0.459644,0.836765,0.035000,0.043556,0.956444,0.043556,0.956444
47,85,0.565264,0.853275,0.035000,0.043556,0.956444,0.043556,0.956444
47,86,0.632475,0.889923,0.035000,0.043556,0.956444,0.043556,0.956444
47,87,0.727264,0.871689,0.035000,0.043556,0.956444,0.043556,0.956444
47,88,0.841957,0.850809,0.035000,0.043556,0.956444,0.043556,0.956444
47,89,0.921444,0.847448,0.035000,0.043556,0.956444,0.043556,0.956444
48,0,0.090845,0.105480,0.035000,0.045333,0.954667,0.045333,0.954667
48,1,0.182069,0.080333,0.035000,0.045333,0.954667,0.045333,0.954667
48,2,0.263430,0.085638,0.035000,0.045333,0.954667,0.045333,0.954667
48,3,0.363509,0.113946,0.035000,0.045333,0.954667,0.045333,0.954667
48,4,0.469842,0.115053,0.035000,0.045333,0.954667,0.045333,0.954667
48,5,0.536216,0.087006,0.035000,0.045333,0.954667,0.045333,0.954667
48,6,0.641930,0.080333,0.035000,0.045333,0.954667,0.045333,0.954667
48,7,0.736320,0.093223,0.035000,0.045333,0.954667,0.045333,0.954667
48,8,0.831300,0.128668,0.035000,0.045333,0.954667,0.045333,0.954667
48,9,0.919667,0.107335,0.035000,0.045333,0.954667,0.045333,0.954667
48,10,0.109711,0.187730,0.035000,0.045333,0.954667,0.045333,0.954667
48,11,0.206723,0.167899,0.035000,0.045333,0.954667,0.045333,0.954667
48,12,0.290020,0.211864,0.035000,0.045333,0.954667,0.045333,0.954667
48,13,0.375811,0.206714,0.035000,0.045333,0.954667,0.045333,0.954667
48,14,0.503585,0.194091,0.035000,0.045333,0.954667,0.045333,0.954667
48,15,0.571853,0.169964,0.035000,0.045333,0.954667,0.045333,0.954667
48,16,0.643209,0.185270,0.035000,0.045333,0.954667,0.045333,0.954667
48,17,0.748474,0.219704,0.035000,0.045333,0.954667,0.045333,0.954667
48,18,0.856494,0.209443,0.035000,0.045333,0.954667,0.045333,0.954667
48,19,0.919667,0.178537,0.035000,0.045333,0.954667,0.045333,0.954667
48,20,0.080333,0.270147,0.035000,0.045333,0.954667,0.045333,0.954667
48,21,0.178783,0.295020,0.035000,0.045333,0.954667,0.045333,0.954667
48,22,0.279413,0.300584,0.035000,0.045333,0.954667,0.045333,0.954667
48,23,0.349291,0.296155,0.035000,0.045333,0.954667,0.045333,0.954667
48,24,0.445855,0.274100,0.035000,0.045333,0.954667,0.045333,0.954667
48,25,0.564383,0.278172,0.035000,0.045333,0.954667,0.045333,0.954667
48,26,0.644510,0.304228,0.035000,0.045333,0.954667,0.045333,0.954667
48,27,0.722965,0.307574,0.035000,0.045333,0.954667,0.045333,0.954667
48,28,0.815891,0.279599,0.035000,0.045333,0.954667,0.045333,0.954667
48,29,0.919667,0.268553,0.035000,0.045333,0.954667,0.045333,0.954667
48,30,0.099600,0.378873,0.035000,0.045333,0.954667,0.045333,0.954667
48,31,0.190959,0.401828,0.035000,0.045333,0.954667,0.045333,0.954667
48,32,0.295683,0.391266,0.035000,0.045333,0.954667,0.045333,0.954667
48,33,0.396111,0.375930,0.035000,0.045333,0.954667,0.045333,0.954667
48,34,0.468841,0.360840,0.035000,0.045333,0.954667,0.045333,0.954667
48,35,0.565389,0.407237,0.035000,0.045333,0.954667,0.045333,0.954667
48,36,0.676571,0.393781,0.035000,0.045333,0.954667,0.045333,0.954667
48,37,0.758026,0.391701,0.035000,0.045333,0.954667,0.045333,0.954667
48,38,0.832472,0.352666,0.035000,0.045333,0.954667,0.045333,0.954667
48,39,0.919667,0.384423,0.035000,0.045333,0.954667,0.045333,0.954667
48,40,0.096443,0.503206,0.035000,0.045333,0.954667,0.045333,0.954667
48,41,0.177891,0.500087,0.035000,0.045333,0.954667,0.045333,0.954667
48,42,0.261011,0.474580,0.035000,0.045333,0.954667,0.045333,0.954667
48,43,0.375297,0.461391,0.035000,0.045333,0.954667,0.045333,0.954667
48,44,0.461166,0.482646,0.035000,0.045333,0.954667,0.045333,0.954667
48,45,0.548540,0.504921,0.035000,0.045333,0.954667,0.045333,0.954667
48,46,0.633988,0.484548,0.035000,0.045333,0.954667,0.045333,0.954667
48,47,0.745060,0.462269,0.035000,0.045333,0.954667,0.045333,0.954667
48,48,0.834213,0.462319,0.035000,0.045333,0.954667,0.045333,0.954667
48,49,0.919667,0.504659,0.035000,0.045333,0.954667,0.045333,0.954667
48,50,0.085241,0.591840,0.035000,0.045333,0.954667,0.045333,0.954667
48,51,0.206168,0.575519,0.035000,0.045333,0.954667,0.045333,0.954667
48,52,0.296923,0.545593,0.035000,0.045333,0.954667,0.045333,0.954667
48,53,0.369491,0.585021,0.035000,0.045333,0.954667,0.045333,0.954667
48,54,0.484628,0.597540,0.035000,0.045333,0.954667,0.045333,0.954667
48,55,0.573536,0.586306,0.035000,0.045333,0.954667,0.045333,0.954667
48,56,0.661080,0.550005,0.035000,0.045333,0.954667,0.045333,0.954667
48,57,0.746600,0.560378,0.035000,0.045333,0.954667,0.045333,0.954667
48,58,0.849761,0.588361,0.035000,0.045333,0.954667,0.045333,0.954667
48,59,0.919667,0.587095,0.035000,0.045333,0.954667,0.045333,0.954667
48,60,0.080333,0.665555,0.035000,0.045333,0.954667,0.045333,0.954667
48,61,0.162895,0.647105,0.035000,0.045333,0.954667,0.045333,0.954667
48,62,0.276668,0.663695,0.035000,0.045333,0.954667,0.045333,0.954667
48,63,0.364084,0.690777,0.035000,0.045333,0.954667,0.045333,0.954667
48,64,0.448173,0.680969,0.035000,0.045333,0.954667,0.045333,0.954667
48,65,0.559077,0.660908,0.035000,0.045333,0.954667,0.045333,0.954667
48,66,0.649026,0.642739,0.035000,0.045333,0.954667,0.045333,0.954667
48,67,0.727236,0.684778,0.035000,0.045333,0.954667,0.045333,0.954667
48,68,0.826303,0.685069,0.035000,0.045333,0.954667,0.045333,0.954667
48,69,0.919667,0.669495,0.035000,0.045333,0.954667,0.045333,0.954667
48,70,0.113325,0.738863,0.035000,0.045333,0.954667,0.045333,0.954667
48,71,0.184929,0.753113,0.035000,0.045333,0.954667,0.045333,0.954667
48,72,0.288901,0.791581,0.035000,0.045333,0.954667,0.045333,0.954667
48,73,0.390542,0.783476,0.035000,0.045333,0.954667,0.045333,0.954667
48,74,0.483484,0.752679,0.035000,0.045333,0.954667,0.045333,0.954667
48,75,0.562192,0.736032,0.035000,0.045333,0.954667,0.045333,0.954667
48,76,0.659497,0.772999,0.035000,0.045333,0.954667,0.045333,0.954667
48,77,0.761759,0.788498,0.035000,0.045333,0.954667,0.045333,0.954667
48,78,0.832499,0.773846,0.035000,0.045333,0.954667,0.045333,0.954667
48,79,0.919667,0.742864,0.035000,0.045333,0.954667,0.045333,0.954667
48,80,0.098366,0.847299,0.035000,0.045333,0.954667,0.045333,0.954667
48,81,0.186282,0.873786,0.035000,0.045333,0.954667,0.045333,0.954667
48,82,0.263650,0.888356,0.035000,0.045333,0.954667,0.045333,0.954667
48,83,0.357244,0.853825,0.035000,0.045333,0.954667,0.045333,0.954667
48,84,0.461616,0.834516,0.035000,0.045333,0.954667,0.045333,0.954667
48,85,0.561163,0.854049,0.035000,0.045333,0.954667,0.045333,0.954667
48,86,0.631770,0.893252,0.035000,0.045333,0.954667,0.045333,0.954667
48,87,0.731225,0.871569,0.035000,0.045333,0.954667,0.045333,0.954667
48,88,0.842158,0.848232,0.035000,0.045333,0.954667,0.045333,0.954667
48,89,0.919667,0.846434,0.035000,0.045333,0.954667,0.045333,0.954667
49,0,0.088833,0.103723,0.035000,0.047111,0.952889,0.047111,0.952889
49,1,0.179571,0.082111,0.035000,0.047111,0.952889,0.047111,0.952889
49,2,0.266125,0.086396,0.035000,0.047111,0.952889,0.047111,0.952889
49,3,0.365039,0.116715,0.035000,0.047111,0.952889,0.047111,0.952889
49,4,0.466797,0.115396,0.035000,0.047111,0.952889,0.047111,0.952889
49,5,0.535383,0.084357,0.035000,0.047111,0.952889,0.047111,0.952889
49,6,0.645393,0.082111,0.035000,0.047111,0.952889,0.047111,0.952889
49,7,0.736232,0.095295,0.035000,0.047111,0.952889,0.047111,0.952889
49,8,0.827859,0.130912,0.035000,0.047111,0.952889,0.047111,0.952889
49,9,0.917889,0.105708,0.035000,0.047111,0.952889,0.047111,0.952889
49,10,0.112835,0.185048,0.035000,0.047111,0.952889,0.047111,0.952889
49,11,0.204830,0.168006,0.035000,0.047111,0.952889,0.047111,0.952889
49,12,0.287420,0.214611,0.035000,0.047111,0.952889,0.047111,0.952889
49,13,0.378434,0.207668,0.035000,0.047111,0.952889,0.047111,0.952889
49,14,0.503921,0.192186,0.035000,0.047111,0.952889,0.047111,0.952889
49,15,0.569736,0.167329,0.035000,0.047111,0.952889,0.047111,0.952889
49,16,0.642831,0.186941,0.035000,0.047111,0.952889,0.047111,0.952889
49,17,0.751912,0.222270,0.035000,0.047111,0.952889,0.047111,0.952889
49,18,0.855092,0.209048,0.035000,0.047111,0.952889,0.047111,0.952889
49,19,0.917889,0.175907,0.035000,0.047111,0.952889,0.047111,0.952889
49,20,0.082111,0.269604,0.035000,0.047111,0.952889,0.047111,0.952889
49,21,0.181955,0.297582,0.035000,0.047111,0.952889,0.047111,0.952889
49,22,0.276644,0.302168,0.035000,0.047111,0.952889,0.047111,0.952889
49,23,0.347462,0.294029,0.035000,0.047111,0.952889,0.047111,0.952889
49,24,0.448290,0.271943,0.035000,0.047111,0.952889,0.047111,0.952889
49,25,0.566367,0.279177,0.035000,0.047111,0.952889,0.047111,0.952889
49,26,0.641441,0.306967,0.035000,0.047111,0.952889,0.047111,0.952889
49,27,0.721785,0.307489,0.035000,0.047111,0.952889,0.047111,0.952889
49,28,0.819247,0.276988,0.035000,0.047111,0.952889,0.047111,0.952889
49,29,0.917889,0.267387,0.035000,0.047111,0.952889,0.047111,0.952889
49,30,0.096163,0.381111,0.035000,0.047111,0.952889,0.047111,0.952889
49,31,0.191722,0.403854,0.035000,0.047111,0.952889,0.047111,0.952889
49,32,0.298961,0.389705,0.035000,0.047111,0.952889,0.047111,0.952889
49,33,0.394538,0.373475,0.035000,0.047111,0.952889,0.047111,0.952889
49,34,0.466029,0.361184,0.035000,0.047111,0.952889,0.047111,0.952889
49,35,0.567862,0.410037,0.035000,0.047111,0.952889,0.047111,0.952889
49,36,0.678746,0.394237,0.035000,0.047111,0.952889,0.047111,0.952889
49,37,0.755479,0.387939,0.035000,0.047111,0.952889,0.047111,0.952889
49,38,0.831189,0.350932,0.035000,0.047111,0.952889,0.047111,0.952889
49,39,0.917889,0.386223,0.035000,0.047111,0.952889,0.047111,0.952889
49,40,0.096763,0.505647,0.035000,0.047111,0.952889,0.047111,0.952889
49,41,0.174373,0.499305,0.035000,0.047111,0.952889,0.047111,0.952889
49,42,0.261142,0.471966,0.035000,0.047111,0.952889,0.047111,0.952889
49,43,0.379096,0.461117,0.035000,0.047111,0.952889,0.047111,0.952889
49,44,0.459627,0.485296,0.035000,0.047111,0.952889,0.047111,0.952889
49,45,0.545662,0.506263,0.035000,0.047111,0.952889,0.047111,0.952889
49,46,0.635363,0.480838,0.035000,0.047111,0.952889,0.047111,0.952889
49,47,0.746829,0.461551,0.035000,0.047111,0.952889,0.047111,0.952889
49,48,0.831278,0.463561,0.035000,0.047111,0.952889,0.047111,0.952889
49,49,0.917889,0.507344,0.035000,0.047111,0.952889,0.047111,0.952889
49,50,0.088556,0.591666,0.035000,0.047111,0.952889,0.047111,0.952889
49,51,0.206626,0.572787,0.035000,0.047111,0.952889,0.047111,0.952889
49,52,0.293420,0.544639,0.035000,0.047111,0.952889,0.047111,0.952889
49,53,0.369464,0.587404,0.035000,0.047111,0.952889,0.047111,0.952889
49,54,0.488522,0.599446,0.035000,0.047111,0.952889,0.047111,0.952889
49,55,0.572121,0.584677,0.035000,0.047111,0.952889,0.047111,0.952889
49,56,0.658416,0.549202,0.035000,0.047111,0.952889,0.047111,0.952889
49,57,0.749481,0.561133,0.035000,0.047111,0.952889,0.047111,0.952889
49,58,0.848047,0.591192,0.035000,0.047111,0.952889,0.047111,0.952889
49,59,0.917889,0.587346,0.035000,0.047111,0.952889,0.047111,0.952889
49,60,0.082111,0.662969,0.035000,0.047111,0.952889,0.047111,0.952889
49,61,0.166171,0.645592,0.035000,0.047111,0.952889,0.047111,0.952889
49,62,0.277257,0.665676,0.035000,0.047111,0.952889,0.047111,0.952889
49,63,0.360505,0.692814,0.035000,0.047111,0.952889,0.047111,0.952889
49,64,0.448045,0.679971,0.035000,0.047111,0.952889,0.047111,0.952889
49,65,0.562988,0.658105,0.035000,0.047111,0.952889,0.047111,0.952889
49,66,0.647736,0.642712,0.035000,0.047111,0.952889,0.047111,0.952889
49,67,0.724207,0.687500,0.035000,0.047111,0.952889,0.047111,0.952889
49,68,0.828489,0.685932,0.035000,0.047111,0.952889,0.047111,0.952889
49,69,0.917889,0.667286,0.035000,0.047111,0.952889,0.047111,0.952889
49,70,0.109458,0.736700,0.035000,0.047111,0.952889,0.047111,0.952889
49,71,0.184341,0.754715,0.035000,0.047111,0.952889,0.047111,0.952889
49,72,0.292177,0.794202,0.035000,0.047111,0.952889,0.047111,0.952889
49,73,0.391331,0.783319,0.035000,0.047111,0.952889,0.047111,0.952889
49,74,0.478842,0.750046,0.035000,0.047111,0.952889,0.047111,0.952889
49,75,0.563103,0.734977,0.035000,0.047111,0.952889,0.047111,0.952889
49,76,0.663399,0.775742,0.035000,0.047111,0.952889,0.047111,0.952889
49,77,0.760628,0.790011,0.035000,0.047111,0.952889,0.047111,0.952889
49,78,0.829352,0.772129,0.035000,0.047111,0.952889,0.047111,0.952889
49,79,0.917889,0.740545,0.035000,0.047111,0.952889,0.047111,0.952889
49,80,0.100865,0.848178,0.035000,0.047111,0.952889,0.047111,0.952889
49,81,0.183580,0.876545,0.035000,0.047111,0.952889,0.047111,0.952889
49,82,0.261870,0.888594,0.035000,0.047111,0.952889,0.047111,0.952889
49,83,0.360455,0.851157,0.035000,0.047111,0.952889,0.047111,0.952889
49,84,0.462471,0.833227,0.035000,0.047111,0.952889,0.047111,0.952889
49,85,0.556858,0.855881,0.035000,0.047111,0.952889,0.047111,0.952889
49,86,0.632219,0.895928,0.035000,0.047111,0.952889,0.047111,0.952889
49,87,0.735121,0.870231,0.035000,0.047111,0.952889,0.047111,0.952889
49,88,0.841135,0.845704,0.035000,0.047111,0.952889,0.047111,0.952889
49,89,0.917889,0.846673,0.035000,0.047111,0.952889,0.047111,0.952889
50,0,0.085963,0.101189,0.035000,0.048889,0.951111,0.048889,0.951111
50,1,0.178068,0.083889,0.035000,0.048889,0.951111,0.048889,0.951111
50,2,0.269404,0.088261,0.035000,0.048889,0.951111,0.048889,0.951111
50,3,0.365446,0.119103,0.035000,0.048889,0.951111,0.048889,0.951111
50,4,0.463469,0.114480,0.035000,0.048889,0.951111,0.048889,0.951111
50,5,0.535774,0.083889,0.035000,0.048889,0.951111,0.048889,0.951111
50,6,0.648771,0.083889,0.035000,0.048889,0.951111,0.048889,0.951111
50,7,0.734937,0.097973,0.035000,0.048889,0.951111,0.048889,0.951111
50,8,0.824838,0.132183,0.035000,0.048889,0.951111,0.048889,0.951111
50,9,0.916111,0.102628,0.035000,0.048889,0.951111,0.048889,0.951111
50,10,0.115241,0.182939,0.035000,0.048889,0.951111,0.048889,0.951111
50,11,0.202044,0.169335,0.035000,0.048889,0.951111,0.048889,0.951111
50,12,0.285786,0.217271,0.035000,0.048889,0.951111,0.048889,0.951111
50,13,0.381681,0.207371,0.035000,0.048889,0.951111,0.048889,0.951111
50,14,0.502184,0.190228,0.035000,0.048889,0.951111,0.048889,0.951111
50,15,0.568322,0.165463,0.035000,0.048889,0.951111,0.048889,0.951111
50,16,0.643586,0.189449,0.035000,0.048889,0.951111,0.048889,0.951111
50,17,0.755316,0.224082,0.035000,0.048889,0.951111,0.048889,0.951111
50,18,0.852690,0.207479,0.035000,0.048889,0.951111,0.048889,0.951111
50,19,0.916111,0.174075,0.035000,0.048889,0.951111,0.048889,0.951111
50,20,0.083889,0.270327,0.035000,0.048889,0.951111,0.048889,0.951111
50,21,0.184451,0.300355,0.035000,0.048889,0.951111,0.048889,0.951111
50,22,0.273096,0.302567,0.035000,0.048889,0.951111,0.048889,0.951111
50,23,0.346439,0.291248,0.035000,0.048889,0.951111,0.048889,0.951111
50,24,0.451406,0.270669,0.035000,0.048889,0.951111,0.048889,0.951111
50,25,0.567231,0.281227,0.035000,0.048889,0.951111,0.048889,0.951111
50,26,0.638014,0.309213,0.035000,0.048889,0.951111,0.048889,0.951111
50,27,0.721830,0.306189,0.035000,0.048889,0.951111,0.048889,0.951111
50,28,0.822626,0.274360,0.035000,0.048889,0.951111,0.048889,0.951111
50,29,0.916111,0.267461,0.035000,0.048889,0.951111,0.048889,0.951111
50,30,0.093046,0.383846,0.035000,0.048889,0.951111,0.048889,0.951111
50,31,0.193619,0.404843,0.035000,0.048889,0.951111,0.048889,0.951111
50,32,0.301595,0.387252,0.035000,0.048889,0.951111,0.048889,0.951111
50,33,0.391994,0.371673,0.035000,0.048889,0.951111,0.048889,0.951111
50,34,0.464126,0.362716,0.035000,0.048889,0.951111,0.048889,0.951111
50,35,0.571036,0.412627,0.035000,0.048889,0.951111,0.048889,0.951111
50,36,0.679810,0.393468,0.035000,0.048889,0.951111,0.048889,0.951111
50,37,0.752460,0.384068,0.035000,0.048889,0.951111,0.048889,0.951111
50,38,0.831119,0.350345,0.035000,0.048889,0.951111,0.048889,0.951111
50,39,0.916111,0.388779,0.035000,0.048889,0.951111,0.048889,0.951111
50,40,0.095856,0.507243,0.035000,0.048889,0.951111,0.048889,0.951111
50,41,0.171140,0.497423,0.035000,0.048889,0.951111,0.048889,0.951111
50,42,0.262500,0.469739,0.035000,0.048889,0.951111,0.048889,0.951111
50,43,0.382223,0.462098,0.035000,0.048889,0.951111,0.048889,0.951111
50,44,0.457100,0.488040,0.035000,0.048889,0.951111,0.048889,0.951111
50,45,0.543656,0.506386,0.035000,0.048889,0.951111,0.048889,0.951111
50,46,0.637627,0.476784,0.035000,0.048889,0.951111,0.048889,0.951111
50,47,0.747586,0.461603,0.035000,0.048889,0.951111,0.048889,0.951111
50,48,0.827893,0.465777,0.035000,0.048889,0.951111,0.048889,0.951111
50,49,0.916111,0.509429,0.035000,0.048889,0.951111,0.048889,0.951111
50,50,0.091988,0.590280,0.035000,0.048889,0.951111,0.048889,0.951111
50,51,0.205852,0.570169,0.035000,0.048889,0.951111,0.048889,0.951111
50,52,0.290150,0.544949,0.035000,0.048889,0.951111,0.048889,0.951111
50,53,0.370684,0.590173,0.035000,0.048889,0.951111,0.048889,0.951111
50,54,0.491780,0.600241,0.035000,0.048889,0.951111,0.048889,0.951111
50,55,0.569689,0.582221,0.035000,0.048889,0.951111,0.048889,0.951111
50,56,0.656546,0.548918,0.035000,0.048889,0.951111,0.048889,0.951111
50,57,0.753051,0.563005,0.035000,0.048889,0.951111,0.048889,0.951111
50,58,0.846499,0.593693,0.035000,0.048889,0.951111,0.048889,0.951111
50,59,0.916111,0.586365,0.035000,0.048889,0.951111,0.048889,0.951111
50,60,0.083889,0.660200,0.035000,0.048889,0.951111,0.048889,0.951111
50,61,0.169613,0.645272,0.035000,0.048889,0.951111,0.048889,0.951111
50,62,0.276615,0.668316,0.035000,0.048889,0.951111,0.048889,0.951111
50,63,0.357123,0.693960,0.035000,0.048889,0.951111,0.048889,0.951111
50,64,0.449173,0.677935,0.035000,0.048889,0.951111,0.048889,0.951111
50,65,0.566308,0.655834,0.035000,0.048889,0.951111,0.048889,0.951111
50,66,0.645402,0.643921,0.035000,0.048889,0.951111,0.048889,0.951111
50,67,0.721980,0.690195,0.035000,0.048889,0.951111,0.048889,0.951111
50,68,0.831488,0.685586,0.035000,0.048889,0.951111,0.048889,0.951111
50,69,0.916111,0.664597,0.035000,0.048889,0.951111,0.048889,0.951111
50,70,0.105214,0.735617,0.035000,0.048889,0.951111,0.048889,0.951111
50,71,0.184772,0.757190,0.035000,0.048889,0.951111,0.048889,0.951111
50,72,0.295659,0.796118,0.035000,0.048889,0.951111,0.048889,0.951111
50,73,0.390880,0.781948,0.035000,0.048889,0.951111,0.048889,0.951111
50,74,0.474507,0.747627,0.035000,0.048889,0.951111,0.048889,0.951111
50,75,0.565108,0.735245,0.035000,0.048889,0.951111,0.048889,0.951111
50,76,0.666763,0.778720,0.035000,0.048889,0.951111,0.048889,0.951111
50,77,0.758424,0.790389,0.035000,0.048889,0.951111,0.048889,0.951111
50,78,0.826976,0.769660,0.035000,0.048889,0.951111,0.048889,0.951111
50,79,0.916111,0.739080,0.035000,0.048889,0.951111,0.048889,0.951111
50,80,0.102368,0.850136,0.035000,0.048889,0.951111,0.048889,0.951111
50,81,0.180296,0.878867,0.035000,0.048889,0.951111,0.048889,0.951111
50,82,0.261252,0.887578,0.035000,0.048889,0.951111,0.048889,0.951111
50,83,0.363923,0.848425,0.035000,0.048889,0.951111,0.048889,0.951111
50,84,0.462098,0.833166,0.035000,0.048889,0.951111,0.048889,0.951111
50,85,0.552764,0.858315,0.035000,0.048889,0.951111,0.048889,0.951111
50,86,0.633822,0.897519,0.035000,0.048889,0.951111,0.048889,0.951111
50,87,0.738528,0.867943,0.035000,0.048889,0.951111,0.048889,0.951111
50,88,0.839018,0.843780,0.035000,0.048889,0.951111,0.048889,0.951111
50,89,0.916111,0.848115,0.035000,0.048889,0.951111,0.048889,0.951111
51,0,0.085667,0.098401,0.035000,0.050667,0.949333,0.050667,0.949333
51,1,0.177752,0.085667,0.035000,0.050667,0.949333,0.050667,0.949333
51,2,0.272847,0.090846,0.035000,0.050667,0.949333,0.050667,0.949333
51,3,0.364647,0.120613,0.035000,0.050667,0.949333,0.050667,0.949333
51,4,0.460303,0.112495,0.035000,0.050667,0.949333,0.050667,0.949333
51,5,0.537345,0.085667,0.035000,0.050667,0.949333,0.050667,0.949333
51,6,0.651638,0.085667,0.035000,0.050667,0.949333,0.050667,0.949333
51,7,0.732600,0.100699,0.035000,0.050667,0.949333,0.050667,0.949333
51,8,0.822618,0.132221,0.035000,0.050667,0.949333,0.050667,0.949333
51,9,0.914333,0.099143,0.035000,0.050667,0.949333,0.050667,0.949333
51,10,0.116621,0.181843,0.035000,0.050667,0.949333,0.050667,0.949333
51,11,0.198720,0.171608,0.035000,0.050667,0.949333,0.050667,0.949333
51,12,0.285327,0.219290,0.035000,0.050667,0.949333,0.050667,0.949333
51,13,0.385139,0.205879,0.035000,0.050667,0.949333,0.050667,0.949333
51,14,0.499579,0.188312,0.035000,0.050667,0.949333,0.050667,0.949333
51,15,0.566737,0.165014,0.035000,0.050667,0.949333,0.050667,0.949333
51,16,0.645459,0.192287,0.035000,0.050667,0.949333,0.050667,0.949333
51,17,0.758254,0.224766,0.035000,0.050667,0.949333,0.050667,0.949333
51,18,0.849404,0.205096,0.035000,0.050667,0.949333,0.050667,0.949333
51,19,0.914333,0.172957,0.035000,0.050667,0.949333,0.050667,0.949333
51,20,0.085667,0.272165,0.035000,0.050667,0.949333,0.050667,0.949333
51,21,0.185951,0.302763,0.035000,0.050667,0.949333,0.050667,0.949333
51,22,0.269093,0.301702,0.035000,0.050667,0.949333,0.050667,0.949333
51,23,0.346468,0.288354,0.035000,0.050667,0.949333,0.050667,0.949333
51,24,0.454792,0.270579,0.035000,0.050667,0.949333,0.050667,0.949333
51,25,0.566865,0.283897,0.035000,0.050667,0.949333,0.050667,0.949333
51,26,0.634669,0.310500,0.035000,0.050667,0.949333,0.050667,0.949333
51,27,0.723090,0.303908,0.035000,0.050667,0.949333,0.050667,0.949333
51,28,0.825592,0.272281,0.035000,0.050667,0.949333,0.050667,0.949333
51,29,0.914333,0.268761,0.035000,0.050667,0.949333,0.050667,0.949333
51,30,0.090650,0.386511,0.035000,0.050667,0.949333,0.050667,0.949333
51,31,0.196409,0.404583,0.035000,0.050667,0.949333,0.050667,0.949333
51,32,0.303255,0.384389,0.035000,0.050667,0.949333,0.050667,0.949333
51,33,0.388816,0.370932,0.035000,0.050667,0.949333,0.050667,0.949333
51,34,0.463369,0.365112,0.035000,0.050667,0.949333,0.050667,0.949333
51,35,0.574511,0.414474,0.035000,0.050667,0.949333,0.050667,0.949333
51,36,0.679638,0.391579,0.035000,0.050667,0.949333,0.050667,0.949333
51,37,0.749416,0.380637,0.035000,0.050667,0.949333,0.050667,0.949333
51,38,0.832270,0.351026,0.035000,0.050667,0.949333,0.050667,0.949333
51,39,0.914333,0.391560,0.035000,0.050667,0.949333,0.050667,0.949333
51,40,0.093836,0.507663,0.035000,0.050667,0.949333,0.050667,0.949333
51,41,0.168596,0.494842,0.035000,0.050667,0.949333,0.050667,0.949333
51,42,0.264845,0.468390,0.035000,0.050667,0.949333,0.050667,0.949333
51,43,0.384347,0.464131,0.035000,0.050667,0.949333,0.050667,0.949333
51,44,0.453908,0.490306,0.035000,0.050667,0.949333,0.050667,0.949333
51,45,0.542775,0.505264,0.035000,0.050667,0.949333,0.050667,0.949333
51,46,0.640365,0.472914,0.035000,0.050667,0.949333,0.050667,0.949333
51,47,0.747179,0.462707,0.035000,0.050667,0.949333,0.050667,0.949333
51,48,0.824492,0.468505,0.035000,0.050667,0.949333,0.050667,0.949333
51,49,0.914333,0.510480,0.035000,0.050667,0.949333,0.050667,0.949333
51,50,0.095097,0.587968,0.035000,0.050667,0.949333,0.050667,0.949333
51,51,0.203946,0.568212,0.035000,0.050667,0.949333,0.050667,0.949333
51,52,0.287527,0.546453,0.035000,0.050667,0.949333,0.050667,0.949333
51,53,0.372927,0.592752,0.035000,0.050667,0.949333,0.050667,0.949333
51,54,0.494060,0.599767,0.035000,0.050667,0.949333,0.050667,0.949333
51,55,0.566552,0.579448,0.035000,0.050667,0.949333,0.050667,0.949333
51,56,0.655743,0.549556,0.035000,0.050667,0.949333,0.050667,0.949333
51,57,0.756937,0.565630,0.035000,0.050667,0.949333,0.050667,0.949333
51,58,0.844630,0.595319,0.035000,0.050667,0.949333,0.050667,0.949333
51,59,0.914333,0.584348,0.035000,0.050667,0.949333,0.050667,0.949333
51,60,0.085667,0.657825,0.035000,0.050667,0.949333,0.050667,0.949333
51,61,0.172779,0.646210,0.035000,0.050667,0.949333,0.050667,0.949333
51,62,0.274821,0.671064,0.035000,0.050667,0.949333,0.050667,0.949333
51,63,0.354354,0.693925,0.035000,0.050667,0.949333,0.050667,0.949333
51,64,0.451349,0.675297,0.035000,0.050667,0.949333,0.050667,0.949333
51,65,0.568688,0.654550,0.035000,0.050667,0.949333,0.050667,0.949333
51,66,0.642324,0.646114,0.035000,0.050667,0.949333,0.050667,0.949333
51,67,0.720834,0.692304,0.035000,0.050667,0.949333,0.050667,0.949333
51,68,0.834924,0.684053,0.035000,0.050667,0.949333,0.050667,0.949333
51,69,0.914333,0.662000,0.035000,0.050667,0.949333,0.050667,0.949333
51,70,0.100993,0.735810,0.035000,0.050667,0.949333,0.050667,0.949333
51,71,0.186303,0.760050,0.035000,0.050667,0.949333,0.050667,0.949333
51,72,0.298907,0.796934,0.035000,0.050667,0.949333,0.050667,0.949333
51,73,0.389252,0.779703,0.035000,0.050667,0.949333,0.050667,0.949333
51,74,0.470877,0.745952,0.035000,0.050667,0.949333,0.050667,0.949333
51,75,0.568041,0.736704,0.035000,0.050667,0.949333,0.050667,0.949333
51,76,0.669225,0.781362,0.035000,0.050667,0.949333,0.050667,0.949333
51,77,0.755433,0.789522,0.035000,0.050667,0.949333,0.050667,0.949333
51,78,0.825664,0.766979,0.035000,0.050667,0.949333,0.050667,0.949333
51,79,0.914333,0.738789,0.035000,0.050667,0.949333,0.050667,0.949333
51,80,0.102682,0.852765,0.035000,0.050667,0.949333,0.050667,0.949333
51,81,0.176851,0.880271,0.035000,0.050667,0.949333,0.050667,0.949333
51,82,0.261872,0.885521,0.035000,0.050667,0.949333,0.050667,0.949333
51,83,0.367208,0.846198,0.035000,0.050667,0.949333,0.050667,0.949333
51,84,0.460542,0.834344,0.035000,0.050667,0.949333,0.050667,0.949333
51,85,0.549290,0.860779,0.035000,0.050667,0.949333,0.050667,0.949333
51,86,0.636421,0.897800,0.035000,0.050667,0.949333,0.050667,0.949333
51,87,0.741075,0.865175,0.035000,0.050667,0.949333,0.050667,0.949333
51,88,0.836080,0.842889,0.035000,0.050667,0.949333,0.050667,0.949333
51,89,0.914333,0.850462,0.035000,0.050667,0.949333,0.050667,0.949333
52,0,0.087444,0.095936,0.035000,0.052444,0.947556,0.052444,0.947556
52,1,0.178665,0.087444,0.035000,0.052444,0.947556,0.052444,0.947556
52,2,0.276013,0.093614,0.035000,0.052444,0.947556,0.052444,0.947556
52,3,0.362721,0.120932,0.035000,0.052444,0.947556,0.052444,0.947556
52,4,0.457718,0.109852,0.035000,0.052444,0.947556,0.052444,0.947556
52,5,0.539897,0.087444,0.035000,0.052444,0.947556,0.052444,0.947556
52,6,0.653630,0.087444,0.035000,0.052444,0.947556,0.052444,0.947556
52,7,0.729519,0.102905,0.035000,0.052444,0.947556,0.052444,0.947556
52,8,0.821480,0.131021,0.035000,0.052444,0.947556,0.052444,0.947556
52,9,0.912556,0.095799,0.035000,0.052444,0.947556,0.052444,0.947556
52,10,0.116800,0.181992,0.035000,0.052444,0.947556,0.052444,0.947556
52,11,0.195284,0.174352,0.035000,0.052444,0.947556,0.052444,0.947556
52,12,0.286101,0.220250,0.035000,0.052444,0.947556,0.052444,0.947556
52,13,0.388365,0.203496,0.035000,0.052444,0.947556,0.052444,0.947556
52,14,0.496119,0.186996,0.035000,0.052444,0.947556,0.052444,0.947556
52,15,0.565451,0.165869,0.035000,0.052444,0.947556,0.052444,0.947556
52,16,0.648279,0.194883,0.035000,0.052444,0.947556,0.052444,0.947556
52,17,0.760352,0.224182,0.035000,0.052444,0.947556,0.052444,0.947556
52,18,0.845492,0.202423,0.035000,0.052444,0.947556,0.052444,0.947556
52,19,0.912556,0.172915,0.035000,0.052444,0.947556,0.052444,0.947556
52,20,0.087444,0.274737,0.035000,0.052444,0.947556,0.052444,0.947556
52,21,0.186261,0.304304,0.035000,0.052444,0.947556,0.052444,0.947556
52,22,0.265036,0.299757,0.035000,0.052444,0.947556,0.052444,0.947556
52,23,0.347638,0.285915,0.035000,0.052444,0.947556,0.052444,0.947556
52,24,0.458005,0.271721,0.035000,0.052444,0.947556,0.052444,0.947556
52,25,0.565316,0.286630,0.035000,0.052444,0.947556,0.052444,0.947556
52,26,0.631834,0.310560,0.035000,0.052444,0.947556,0.052444,0.947556
52,27,0.725396,0.301093,0.035000,0.052444,0.947556,0.052444,0.947556
52,28,0.827761,0.271197,0.035000,0.052444,0.947556,0.052444,0.947556
52,29,0.912556,0.271015,0.035000,0.052444,0.947556,0.052444,0.947556
52,30,0.089280,0.388550,0.035000,0.052444,0.947556,0.052444,0.947556
52,31,0.199733,0.403121,0.035000,0.052444,0.947556,0.052444,0.947556
52,32,0.303734,0.381686,0.035000,0.052444,0.947556,0.052444,0.947556
52,33,0.385420,0.371435,0.035000,0.052444,0.947556,0.052444,0.947556
52,34,0.463850,0.367869,0.035000,0.052444,0.947556,0.052444,0.947556
52,35,0.577848,0.415200,0.035000,0.052444,0.947556,0.052444,0.947556
52,36,0.677762,0.388996,0.035000,0.052444,0.947556,0.052444,0.947556
52,37,0.747288,0.378063,0.035000,0.052444,0.947556,0.052444,0.947556
52,38,0.834489,0.352831,0.035000,0.052444,0.947556,0.052444,0.947556
52,39,0.912556,0.393990,0.035000,0.052444,0.947556,0.052444,0.947556
52,40,0.090961,0.506819,0.035000,0.052444,0.947556,0.052444,0.947556
52,41,0.167058,0.492102,0.035000,0.052444,0.947556,0.052444,0.947556
52,42,0.267823,0.468227,0.035000,0.052444,0.947556,0.052444,0.947556
52,43,0.385132,0.466750,0.035000,0.052444,0.947556,0.052444,0.947556
52,44,0.450583,0.491670,0.035000,0.052444,0.947556,0.052444,0.947556
52,45,0.543129,0.503130,0.035000,0.052444,0.947556,0.052444,0.947556
52,46,0.643120,0.469761,0.035000,0.052444,0.947556,0.052444,0.947556
52,47,0.745611,0.464882,0.035000,0.052444,0.947556,0.052444,0.947556
52,48,0.821512,0.471179,0.035000,0.052444,0.947556,0.052444,0.947556
52,49,0.912556,0.510280,0.035000,0.052444,0.947556,0.052444,0.947556
52,50,0.097484,0.585213,0.035000,0.052444,0.947556,0.052444,0.947556
52,51,0.201149,0.567327,0.035000,0.052444,0.947556,0.052444,0.947556
52,52,0.285878,0.548832,0.035000,0.052444,0.947556,0.052444,0.947556
52,53,0.375846,0.594606,0.035000,0.052444,0.947556,0.052444,0.947556
52,54,0.495135,0.598129,0.035000,0.052444,0.947556,0.052444,0.947556
52,55,0.563111,0.576938,0.035000,0.052444,0.947556,0.052444,0.947556
52,56,0.656140,0.551275,0.035000,0.052444,0.947556,0.052444,0.947556
52,57,0.760717,0.568484,0.035000,0.052444,0.947556,0.052444,0.947556
52,58,0.841829,0.595776,0.035000,0.052444,0.947556,0.052444,0.947556
52,59,0.912556,0.581640,0.035000,0.052444,0.947556,0.052444,0.947556
52,60,0.087444,0.656337,0.035000,0.052444,0.947556,0.052444,0.947556
52,61,0.175263,0.648212,0.035000,0.052444,0.947556,0.052444,0.947556
52,62,0.272106,0.673350,0.035000,0.052444,0.947556,0.052444,0.947556
52,63,0.352538,0.692671,0.035000,0.052444,0.947556,0.052444,0.947556
52,64,0.454241,0.672617,0.035000,0.052444,0.947556,0.052444,0.947556
52,65,0.569449,0.654545,0.035000,0.052444,0.947556,0.052444,0.947556
52,66,0.639330,0.648797,0.035000,0.052444,0.947556,0.052444,0.947556
52,67,0.720912,0.693389,0.035000,0.052444,0.947556,0.052444,0.947556
52,68,0.838366,0.681610,0.035000,0.052444,0.947556,0.052444,0.947556
52,69,0.912556,0.660046,0.035000,0.052444,0.947556,0.052444,0.947556
52,70,0.097216,0.737214,0.035000,0.052444,0.947556,0.052444,0.947556
52,71,0.188855,0.762723,0.035000,0.052444,0.947556,0.052444,0.947556
52,72,0.301511,0.796485,0.035000,0.052444,0.947556,0.052444,0.947556
52,73,0.386793,0.776697,0.035000,0.052444,0.947556,0.052444,0.947556
52,74,0.468283,0.745394,0.035000,0.052444,0.947556,0.052444,0.947556
52,75,0.571604,0.738987,0.035000,0.052444,0.947556,0.052444,0.947556
52,76,0.670529,0.783159,0.035000,0.052444,0.947556,0.052444,0.947556
52,77,0.752041,0.787562,0.035000,0.052444,0.947556,0.052444,0.947556
52,78,0.825573,0.764661,0.035000,0.052444,0.947556,0.052444,0.947556
52,79,0.912556,0.739749,0.035000,0.052444,0.947556,0.052444,0.947556
52,80,0.101767,0.855519,0.035000,0.052444,0.947556,0.052444,0.947556
52,81,0.173686,0.880464,0.035000,0.052444,0.947556,0.052444,0.947556
52,82,0.263646,0.882855,0.035000,0.052444,0.947556,0.052444,0.947556
52,83,0.369761,0.845338,0.035000,0.052444,0.947556,0.052444,0.947556
52,84,0.458003,0.836516,0.035000,0.052444,0.947556,0.052444,0.947556
52,85,0.546783,0.862706,0.035000,0.052444,0.947556,0.052444,0.947556
52,86,0.639724,0.896803,0.035000,0.052444,0.947556,0.052444,0.947556
52,87,0.742489,0.862495,0.035000,0.052444,0.947556,0.052444,0.947556
52,88,0.832698,0.843239,0.035000,0.052444,0.947556,0.052444,0.947556
52,89,0.912556,0.853225,0.035000,0.052444,0.947556,0.052444,0.947556
53,0,0.089222,0.094306,0.035000,0.054222,0.945778,0.054222,0.945778
53,1,0.180689,0.089222,0.035000,0.054222,0.945778,0.054222,0.945778
53,2,0.278496,0.095988,0.035000,0.054222,0.945778,0.054222,0.945778
53,3,0.359892,0.119993,0.035000,0.054222,0.945778,0.054222,0.945778
53,4,0.456060,0.107100,0.035000,0.054222,0.945778,0.054222,0.945778
53,5,0.543108,0.089222,0.035000,0.054222,0.945778,0.054222,0.945778
53,6,0.654495,0.089222,0.035000,0.054222,0.945778,0.054222,0.945778
53,7,0.726089,0.104134,0.035000,0.054222,0.945778,0.054222,0.945778
53,8,0.821565,0.128836,0.035000,0.054222,0.945778,0.054222,0.945778
53,9,0.910778,0.093137,0.035000,0.054222,0.945778,0.054222,0.945778
53,10,0.115755,0.183356,0.035000,0.054222,0.945778,0.054222,0.945778
53,11,0.192176,0.176996,0.035000,0.054222,0.945778,0.054222,0.945778
53,12,0.288008,0.219953,0.035000,0.054222,0.945778,0.054222,0.945778
53,13,0.390948,0.200715,0.035000,0.054222,0.945778,0.054222,0.945778
53,14,0.491969,0.186691,0.035000,0.054222,0.945778,0.054222,0.945778
53,15,0.564854,0.167674,0.035000,0.054222,0.945778,0.054222,0.945778
53,16,0.651744,0.196708,0.035000,0.054222,0.945778,0.054222,0.945778
53,17,0.761346,0.222453,0.035000,0.054222,0.945778,0.054222,0.945778
53,18,0.841317,0.200042,0.035000,0.054222,0.945778,0.054222,0.945778
53,19,0.910778,0.174067,0.035000,0.054222,0.945778,0.054222,0.945778
53,20,0.089222,0.277507,0.035000,0.054222,0.945778,0.054222,0.945778
53,21,0.185343,0.304660,0.035000,0.054222,0.945778,0.054222,0.945778
53,22,0.261350,0.297138,0.035000,0.054222,0.945778,0.054222,0.945778
53,23,0.349881,0.284412,0.035000,0.054222,0.945778,0.054222,0.945778
53,24,0.460626,0.273885,0.035000,0.054222,0.945778,0.054222,0.945778
53,25,0.562782,0.288859,0.035000,0.054222,0.945778,0.054222,0.945778
53,26,0.629873,0.309380,0.035000,0.054222,0.945778,0.054222,0.945778
53,27,0.728449,0.298303,0.035000,0.054222,0.945778,0.054222,0.945778
53,28,0.828854,0.271349,0.035000,0.054222,0.945778,0.054222,0.945778
53,29,0.910778,0.273756,0.035000,0.054222,0.945778,0.054222,0.945778
53,30,0.089222,0.389540,0.035000,0.054222,0.945778,0.054222,0.945778
53,31,0.203167,0.400759,0.035000,0.054222,0.945778,0.054222,0.945778
53,32,0.302976,0.379684,0.035000,0.054222,0.945778,0.054222,0.945778
53,33,0.382249,0.373101,0.035000,0.054222,0.945778,0.054222,0.945778
53,34,0.465503,0.370410,0.035000,0.054222,0.945778,0.054222,0.945778
53,35,0.580623,0.414656,0.035000,0.054222,0.945778,0.054222,0.945778
53,36,0.674669,0.386182,0.035000,0.054222,0.945778,0.054222,0.945778
53,37,0.746152,0.376726,0.035000,0.054222,0.945778,0.054222,0.945778
53,38,0.837492,0.355384,0.035000,0.054222,0.945778,0.054222,0.945778
53,39,0.910778,0.395566,0.035000,0.054222,0.945778,0.054222,0.945778
53,40,0.089222,0.504889,0.035000,0.054222,0.945778,0.054222,0.945778
53,41,0.166717,0.489780,0.035000,0.054222,0.945778,0.054222,0.945778
53,42,0.271004,0.469304,0.035000,0.054222,0.945778,0.054222,0.945778
53,43,0.382652,0.468692,0.035000,0.054222,0.945778,0.054222,0.945778
53,44,0.449425,0.492567,0.035000,0.054222,0.945778,0.054222,0.945778
53,45,0.544668,0.500428,0.035000,0.054222,0.945778,0.054222,0.945778
53,46,0.645450,0.467750,0.035000,0.054222,0.945778,0.054222,0.945778
53,47,0.743042,0.467888,0.035000,0.054222,0.945778,0.054222,0.945778
53,48,0.819332,0.473241,0.035000,0.054222,0.945778,0.054222,0.945778
53,49,0.910778,0.508813,0.035000,0.054222,0.945778,0.054222,0.945778
53,50,0.098843,0.582587,0.035000,0.054222,0.945778,0.054222,0.945778
53,51,0.197821,0.567700,0.035000,0.054222,0.945778,0.054222,0.945778
53,52,0.285410,0.551587,0.035000,0.054222,0.945778,0.054222,0.945778
53,53,0.379020,0.595348,0.035000,0.054222,0.945778,0.054222,0.945778
53,54,0.493765,0.596037,0.035000,0.054222,0.945778,0.054222,0.945778
53,55,0.560966,0.574845,0.035000,0.054222,0.945778,0.054222,0.945778
53,56,0.657708,0.553966,0.035000,0.054222,0.945778,0.054222,0.945778
53,57,0.763968,0.570992,0.035000,0.054222,0.945778,0.054222,0.945778
53,58,0.838204,0.594968,0.035000,0.054222,0.945778,0.054222,0.945778
53,59,0.910778,0.578837,0.035000,0.054222,0.945778,0.054222,0.945778
53,60,0.089222,0.656045,0.035000,0.054222,0.945778,0.054222,0.945778
53,61,0.176747,0.650860,0.035000,0.054222,0.945778,0.054222,0.945778
53,62,0.268815,0.674697,0.035000,0.054222,0.945778,0.054222,0.945778
53,63,0.351894,0.690421,0.035000,0.054222,0.945778,0.054222,0.945778
53,64,0.457431,0.670462,0.035000,0.054222,0.945778,0.054222,0.945778
53,65,0.567056,0.655943,0.035000,0.054222,0.945778,0.054222,0.945778
53,66,0.638296,0.651280,0.035000,0.054222,0.945778,0.054222,0.945778
53,67,0.722201,0.693225,0.035000,0.054222,0.945778,0.054222,0.945778
53,68,0.841379,0.678732,0.035000,0.054222,0.945778,0.054222,0.945778
53,69,0.910778,0.659151,0.035000,0.054222,0.945778,0.054222,0.945778
53,70,0.094262,0.739515,0.035000,0.054222,0.945778,0.054222,0.945778
53,71,0.192200,0.764670,0.035000,0.054222,0.945778,0.054222,0.945778
53,72,0.303139,0.794865,0.035000,0.054222,0.945778,0.054222,0.945778
53,73,0.383699,0.773947,0.035000,0.054222,0.945778,0.054222,0.945778
53,74,0.466942,0.746089,0.035000,0.054222,0.945778,0.054222,0.945778
53,75,0.575405,0.741563,0.035000,0.054222,0.945778,0.054222,0.945778
53,76,0.670559,0.783770,0.035000,0.054222,0.945778,0.054222,0.945778
53,77,0.748685,0.784895,0.035000,0.054222,0.945778,0.054222,0.945778
53,78,0.826707,0.763208,0.035000,0.054222,0.945778,0.054222,0.945778
53,79,0.910778,0.741772,0.035000,0.054222,0.945778,0.054222,0.945778
53,80,0.099741,0.857825,0.035000,0.054222,0.945778,0.054222,0.945778
53,81,0.171205,0.879407,0.035000,0.054222,0.945778,0.054222,0.945778
53,82,0.266344,0.880136,0.035000,0.054222,0.945778,0.054222,0.945778
53,83,0.371383,0.845675,0.035000,0.054222,0.945778,0.054222,0.945778
53,84,0.454804,0.839230,0.035000,0.054222,0.945778,0.054222,0.945778
53,85,0.545480,0.863650,0.035000,0.054222,0.945778,0.054222,0.945778
53,86,0.643343,0.894810,0.035000,0.054222,0.945778,0.054222,0.945778
53,87,0.742639,0.860455,0.035000,0.054222,0.945778,0.054222,0.945778
53,88,0.829305,0.844776,0.035000,0.054222,0.945778,0.054222,0.945778
53,89,0.910778,0.855831,0.035000,0.054222,0.945778,0.054222,0.945778
54,0,0.091000,0.093846,0.035000,0.056000,0.944000,0.056000,0.944000
54,1,0.183566,0.091000,0.035000,0.056000,0.944000,0.056000,0.944000
54,2,0.279977,0.097476,0.035000,0.056000,0.944000,0.056000,0.944000
54,3,0.356506,0.117990,0.035000,0.056000,0.944000,0.056000,0.944000
54,4,0.455552,0.104812,0.035000,0.056000,0.944000,0.056000,0.944000
54,5,0.546570,0.091000,0.035000,0.056000,0.944000,0.056000,0.944000
54,6,0.654058,0.091000,0.035000,0.056000,0.944000,0.056000,0.944000
54,7,0.722816,0.104143,0.035000,0.056000,0.944000,0.056000,0.944000
54,8,0.822860,0.126122,0.035000,0.056000,0.944000,0.056000,0.944000
54,9,0.909000,0.091581,0.035000,0.056000,0.944000,0.056000,0.944000
54,10,0.113620,0.185654,0.035000,0.056000,0.944000,0.056000,0.944000
54,11,0.189794,0.178991,0.035000,0.056000,0.944000,0.056000,0.944000
54,12,0.290803,0.218461,0.035000,0.056000,0.944000,0.056000,0.944000
54,13,0.392558,0.198110,0.035000,0.056000,0.944000,0.056000,0.944000
54,14,0.487428,0.187575,0.035000,0.056000,0.944000,0.056000,0.944000
54,15,0.565215,0.169906,0.035000,0.056000,0.944000,0.056000,0.944000
54,16,0.655462,0.197394,0.035000,0.056000,0.944000,0.056000,0.944000
54,17,0.761110,0.219941,0.035000,0.056000,0.944000,0.056000,0.944000
54,18,0.837295,0.198467,0.035000,0.056000,0.944000,0.056000,0.944000
54,19,0.909000,0.176270,0.035000,0.056000,0.944000,0.056000,0.944000
54,20,0.091000,0.279900,0.035000,0.056000,0.944000,0.056000,0.944000
54,21,0.183314,0.303755,0.035000,0.056000,0.944000,0.056000,0.944000
54,22,0.258427,0.294393,0.035000,0.056000,0.944000,0.056000,0.944000
54,23,0.352979,0.284134,0.035000,0.056000,0.944000,0.056000,0.944000
54,24,0.462313,0.276643,0.035000,0.056000,0.944000,0.056000,0.944000
54,25,0.559588,0.290120,0.035000,0.056000,0.944000,0.056000,0.944000
54,26,0.629035,0.307207,0.035000,0.056000,0.944000,0.056000,0.944000
54,27,0.731854,0.296098,0.035000,0.056000,0.944000,0.056000,0.944000
54,28,0.828728,0.272715,0.035000,0.056000,0.944000,0.056000,0.944000
54,29,0.909000,0.276412,0.035000,0.056000,0.944000,0.056000,0.944000
54,30,0.091000,0.389275,0.035000,0.056000,0.944000,0.056000,0.944000
54,31,0.206269,0.397982,0.035000,0.056000,0.944000,0.056000,0.944000
54,32,0.301083,0.378783,0.035000,0.056000,0.944000,0.056000,0.944000
54,33,0.379717,0.375605,0.035000,0.056000,0.944000,0.056000,0.944000
54,34,0.468113,0.372204,0.035000,0.056000,0.944000,0.056000,0.944000
54,35,0.582485,0.412961,0.035000,0.056000,0.944000,0.056000,0.944000
54,36,0.670972,0.383665,0.035000,0.056000,0.944000,0.056000,0.944000
54,37,0.745980,0.376772,0.035000,0.056000,0.944000,0.056000,0.944000
54,38,0.840891,0.358152,0.035000,0.056000,0.944000,0.056000,0.944000
54,39,0.909000,0.395960,0.035000,0.056000,0.944000,0.056000,0.944000
54,40,0.091000,0.502273,0.035000,0.056000,0.944000,0.056000,0.944000
54,41,0.167610,0.488362,0.035000,0.056000,0.944000,0.056000,0.944000
54,42,0.273941,0.471417,0.035000,0.056000,0.944000,0.056000,0.944000
54,43,0.379294,0.470262,0.035000,0.056000,0.944000,0.056000,0.944000
54,44,0.448557,0.492102,0.035000,0.056000,0.944000,0.056000,0.944000
54,45,0.547193,0.497721,0.035000,0.056000,0.944000,0.056000,0.944000
54,46,0.646979,0.467103,0.035000,0.056000,0.944000,0.056000,0.944000
54,47,0.739767,0.471280,0.035000,0.056000,0.944000,0.056000,0.944000
54,48,0.818233,0.474263,0.035000,0.056000,0.944000,0.056000,0.944000
54,49,0.909000,0.505974,0.035000,0.056000,0.944000,0.056000,0.944000
54,50,0.099000,0.580636,0.035000,0.056000,0.944000,0.056000,0.944000
54,51,0.194388,0.569257,0.035000,0.056000,0.944000,0.056000,0.944000
54,52,0.286179,0.554142,0.035000,0.056000,0.944000,0.056000,0.944000
54,53,0.381998,0.594824,0.035000,0.056000,0.944000,0.056000,0.944000
54,54,0.490797,0.593762,0.035000,0.056000,0.944000,0.056000,0.944000
54,55,0.559765,0.573775,0.035000,0.056000,0.944000,0.056000,0.944000
54,56,0.660268,0.557283,0.035000,0.056000,0.944000,0.056000,0.944000
54,57,0.766328,0.572649,0.035000,0.056000,0.944000,0.056000,0.944000
54,58,0.834005,0.593064,0.035000,0.056000,0.944000,0.056000,0.944000
54,59,0.909000,0.576909,0.035000,0.056000,0.944000,0.056000,0.944000
54,60,0.091000,0.657010,0.035000,0.056000,0.944000,0.056000,0.944000
54,61,0.177040,0.653605,0.035000,0.056000,0.944000,0.056000,0.944000
54,62,0.265369,0.674827,0.035000,0.056000,0.944000,0.056000,0.944000
54,63,0.352494,0.687609,0.035000,0.056000,0.944000,0.056000,0.944000
54,64,0.460471,0.669287,0.035000,0.056000,0.944000,0.056000,0.944000
54,65,0.563779,0.658291,0.035000,0.056000,0.944000,0.056000,0.944000
54,66,0.637435,0.653195,0.035000,0.056000,0.944000,0.056000,0.944000
54,67,0.724531,0.691846,0.035000,0.056000,0.944000,0.056000,0.944000
54,68,0.841342,0.676587,0.035000,0.056000,0.944000,0.056000,0.944000
54,69,0.909000,0.658907,0.035000,0.056000,0.944000,0.056000,0.944000
54,70,0.092423,0.742218,0.035000,0.056000,0.944000,0.056000,0.944000
54,71,0.195993,0.765504,0.035000,0.056000,0.944000,0.056000,0.944000
54,72,0.303587,0.792415,0.035000,0.056000,0.944000,0.056000,0.944000
54,73,0.380380,0.772002,0.035000,0.056000,0.944000,0.056000,0.944000
54,74,0.466929,0.747911,0.035000,0.056000,0.944000,0.056000,0.944000
54,75,0.579013,0.743850,0.035000,0.056000,0.944000,0.056000,0.944000
54,76,0.669353,0.783098,0.035000,0.056000,0.944000,0.056000,0.944000
54,77,0.745798,0.782055,0.035000,0.056000,0.944000,0.056000,0.944000
54,78,0.828912,0.762936,0.035000,0.056000,0.944000,0.056000,0.944000
54,79,0.909000,0.744450,0.035000,0.056000,0.944000,0.056000,0.944000
54,80,0.096863,0.859204,0.035000,0.056000,0.944000,0.056000,0.944000
54,81,0.169727,0.877320,0.035000,0.056000,0.944000,0.056000,0.944000
54,82,0.269619,0.877932,0.035000,0.056000,0.944000,0.056000,0.944000
54,83,0.371859,0.847193,0.035000,0.056000,0.944000,0.056000,0.944000
54,84,0.451355,0.841921,0.035000,0.056000,0.944000,0.056000,0.944000
54,85,0.545477,0.863373,0.035000,0.056000,0.944000,0.056000,0.944000
54,86,0.646842,0.892302,0.035000,0.056000,0.944000,0.056000,0.944000
54,87,0.741543,0.859475,0.035000,0.056000,0.944000,0.056000,0.944000
54,88,0.826337,0.847197,0.035000,0.056000,0.944000,0.056000,0.944000
54,89,0.909000,0.857737,0.035000,0.056000,0.944000,0.056000,0.944000
55,0,0.092778,0.094651,0.035000,0.057778,0.942222,0.057778,0.942222
55,1,0.186927,0.092778,0.035000,0.057778,0.942222,0.057778,0.942222
55,2,0.280268,0.097768,0.035000,0.057778,0.942222,0.057778,0.942222
55,3,0.352981,0.115341,0.035000,0.057778,0.942222,0.057778,0.942222
55,4,0.456268,0.103461,0.035000,0.057778,0.942222,0.057778,0.942222
55,5,0.549840,0.092778,0.035000,0.057778,0.942222,0.057778,0.942222
55,6,0.651280,0.092778,0.035000,0.057778,0.942222,0.057778,0.942222
55,7,0.721218,0.103142,0.035000,0.057778,0.942222,0.057778,0.942222
55,8,0.825195,0.123445,0.035000,0.057778,0.942222,0.057778,0.942222
55,9,0.907222,0.092778,0.035000,0.057778,0.942222,0.057778,0.942222
55,10,0.110670,0.188411,0.035000,0.057778,0.942222,0.057778,0.942222
55,11,0.188443,0.179920,0.035000,0.057778,0.942222,0.057778,0.942222
55,12,0.294127,0.216084,0.035000,0.057778,0.942222,0.057778,0.942222
55,13,0.392990,0.196219,0.035000,0.057778,0.942222,0.057778,0.942222
55,14,0.482878,0.189565,0.035000,0.057778,0.942222,0.057778,0.942222
55,15,0.566651,0.171971,0.035000,0.057778,0.942222,0.057778,0.942222
55,16,0.658998,0.196807,0.035000,0.057778,0.942222,0.057778,0.942222
55,17,0.759678,0.217169,0.035000,0.057778,0.942222,0.057778,0.942222
55,18,0.833842,0.198044,0.035000,0.057778,0.942222,0.057778,0.942222
55,19,0.907222,0.179145,0.035000,0.057778,0.942222,0.057778,0.942222
55,20,0.092778,0.281418,0.035000,0.057778,0.942222,0.057778,0.942222
55,21,0.180434,0.301778,0.035000,0.057778,0.942222,0.057778,0.942222
55,22,0.256574,0.292094,0.035000,0.057778,0.942222,0.057778,0.942222
55,23,0.356592,0.285119,0.035000,0.057778,0.942222,0.057778,0.942222
55,24,0.462843,0.279440,0.035000,0.057778,0.942222,0.057778,0.942222
55,25,0.556144,0.290152,0.035000,0.057778,0.942222,0.057778,0.942222
55,26,0.629429,0.304491,0.035000,0.057778,0.942222,0.057778,0.942222
55,27,0.735170,0.294918,0.035000,0.057778,0.942222,0.057778,0.942222
55,28,0.827398,0.275021,0.035000,0.057778,0.942222,0.057778,0.942222
55,29,0.907222,0.278433,0.035000,0.057778,0.942222,0.057778,0.942222
55,30,0.092778,0.387809,0.035000,0.057778,0.942222,0.057778,0.942222
55,31,0.208644,0.395364,0.035000,0.057778,0.942222,0.057778,0.942222
55,32,0.298301,0.379154,0.035000,0.057778,0.942222,0.057778,0.942222
55,33,0.378152,0.378444,0.035000,0.057778,0.942222,0.057778,0.942222
55,34,0.471340,0.372875,0.035000,0.057778,0.942222,0.057778,0.942222
55,35,0.583200,0.410468,0.035000,0.057778,0.942222,0.057778,0.942222
55,36,0.667060,0.381960,0.035000,0.057778,0.942222,0.057778,0.942222
55,37,0.746917,0.378035,0.035000,0.057778,0.942222,0.057778,0.942222
55,38,0.844248,0.360558,0.035000,0.057778,0.942222,0.057778,0.942222
55,39,0.907222,0.395092,0.035000,0.057778,0.942222,0.057778,0.942222
55,40,0.092778,0.499516,0.035000,0.057778,0.942222,0.057778,0.942222
55,41,0.169617,0.488147,0.035000,0.057778,0.942222,0.057778,0.942222
55,42,0.276222,0.474141,0.035000,0.057778,0.942222,0.057778,0.942222
55,43,0.375248,0.470977,0.035000,0.057778,0.942222,0.057778,0.942222
55,44,0.448367,0.490533,0.035000,0.057778,0.942222,0.057778,0.942222
55,45,0.550377,0.495570,0.035000,0.057778,0.942222,0.057778,0.942222
55,46,0.647445,0.467789,0.035000,0.057778,0.942222,0.057778,0.942222
55,47,0.736176,0.474507,0.035000,0.057778,0.942222,0.057778,0.942222
55,48,0.818355,0.474033,0.035000,0.057778,0.942222,0.057778,0.942222
55,49,0.907222,0.502780,0.035000,0.057778,0.942222,0.057778,0.942222
55,50,0.097935,0.579766,0.035000,0.057778,0.942222,0.057778,0.942222
55,51,0.191288,0.571676,0.035000,0.057778,0.942222,0.057778,0.942222
55,52,0.288082,0.555963,0.035000,0.057778,0.942222,0.057778,0.942222
55,53,0.384363,0.593144,0.035000,0.057778,0.942222,0.057778,0.942222
55,54,0.487069,0.591687,0.035000,0.057778,0.942222,0.057778,0.942222
55,55,0.559246,0.574044,0.035000,0.057778,0.942222,0.057778,0.942222
55,56,0.663509,0.560715,0.035000,0.057778,0.942222,0.057778,0.942222
55,57,0.764398,0.572185,0.035000,0.057778,0.942222,0.057778,0.942222
55,58,0.832733,0.591398,0.035000,0.057778,0.942222,0.057778,0.942222
55,59,0.907222,0.575812,0.035000,0.057778,0.942222,0.057778,0.942222
55,60,0.092778,0.659031,0.035000,0.057778,0.942222,0.057778,0.942222
55,61,0.176106,0.655875,0.035000,0.057778,0.942222,0.057778,0.942222
55,62,0.262211,0.673711,0.035000,0.057778,0.942222,0.057778,0.942222
55,63,0.354252,0.684792,0.035000,0.057778,0.942222,0.057778,0.942222
55,64,0.462939,0.669345,0.035000,0.057778,0.942222,0.057778,0.942222
55,65,0.559775,0.661136,0.035000,0.057778,0.942222,0.057778,0.942222
55,66,0.637160,0.654105,0.035000,0.057778,0.942222,0.057778,0.942222
55,67,0.727601,0.689541,0.035000,0.057778,0.942222,0.057778,0.942222
55,68,0.839078,0.675407,0.035000,0.057778,0.942222,0.057778,0.942222
55,69,0.907222,0.659562,0.035000,0.057778,0.942222,0.057778,0.942222
55,70,0.092778,0.744743,0.035000,0.057778,0.942222,0.057778,0.942222
55,71,0.199820,0.765065,0.035000,0.057778,0.942222,0.057778,0.942222
55,72,0.302801,0.789645,0.035000,0.057778,0.942222,0.057778,0.942222
55,73,0.377281,0.771223,0.035000,0.057778,0.942222,0.057778,0.942222
55,74,0.468161,0.750496,0.035000,0.057778,0.942222,0.057778,0.942222
55,75,0.582013,0.745333,0.035000,0.057778,0.942222,0.057778,0.942222
55,76,0.667102,0.781307,0.035000,0.057778,0.942222,0.057778,0.942222
55,77,0.743751,0.779615,0.035000,0.057778,0.942222,0.057778,0.942222
55,78,0.831899,0.763915,0.035000,0.057778,0.942222,0.057778,0.942222
55,79,0.907222,0.747233,0.035000,0.057778,0.942222,0.057778,0.942222
55,80,0.093503,0.859370,0.035000,0.057778,0.942222,0.057778,0.942222
55,81,0.169440,0.874636,0.035000,0.057778,0.942222,0.057778,0.942222
55,82,0.273047,0.876703,0.035000,0.057778,0.942222,0.057778,0.942222
55,83,0.371114,0.849650,0.035000,0.057778,0.942222,0.057778,0.942222
55,84,0.448096,0.844030,0.035000,0.057778,0.942222,0.057778,0.942222
55,85,0.546713,0.861900,0.035000,0.057778,0.942222,0.057778,0.942222
55,86,0.649799,0.889856,0.035000,0.057778,0.942222,0.057778,0.942222
55,87,0.739378,0.859754,0.035000,0.057778,0.942222,0.057778,0.942222
55,88,0.824174,0.850015,0.035000,0.057778,0.942222,0.057778,0.942222
55,89,0.907222,0.858547,0.035000,0.057778,0.942222,0.057778,0.942222
56,0,0.094556,0.096552,0.035000,0.059556,0.940444,0.059556,0.940444
56,1,0.190342,0.094556,0.035000,0.059556,0.940444,0.059556,0.940444
56,2,0.279331,0.096804,0.035000,0.059556,0.940444,0.059556,0.940444
56,3,0.349755,0.112596,0.035000,0.059556,0.940444,0.059556,0.940444
56,4,0.458125,0.103330,0.035000,0.059556,0.940444,0.059556,0.940444
56,5,0.552502,0.094556,0.035000,0.059556,0.940444,0.059556,0.940444
56,6,0.647701,0.094556,0.035000,0.059556,0.940444,0.059556,0.940444
56,7,0.720316,0.101130,0.035000,0.059556,0.940444,0.059556,0.940444
56,8,0.828269,0.121364,0.035000,0.059556,0.940444,0.059556,0.940444
56,9,0.905444,0.094556,0.035000,0.059556,0.940444,0.059556,0.940444
56,10,0.107284,0.191054,0.035000,0.059556,0.940444,0.059556,0.940444
56,11,0.188295,0.179592,0.035000,0.059556,0.940444,0.059556,0.940444
56,12,0.297553,0.213317,0.035000,0.059556,0.940444,0.059556,0.940444
56,13,0.392189,0.195433,0.035000,0.059556,0.940444,0.059556,0.940444
56,14,0.478731,0.192331,0.035000,0.059556,0.940444,0.059556,0.940444
56,15,0.569117,0.173334,0.035000,0.059556,0.940444,0.059556,0.940444
56,16,0.661936,0.195078,0.035000,0.059556,0.940444,0.059556,0.940444
56,17,0.757235,0.214716,0.035000,0.059556,0.940444,0.059556,0.940444
56,18,0.831314,0.198876,0.035000,0.059556,0.940444,0.059556,0.940444
56,19,0.905444,0.182162,0.035000,0.059556,0.940444,0.059556,0.940444
56,20,0.094556,0.281745,0.035000,0.059556,0.940444,0.059556,0.940444
56,21,0.177072,0.299141,0.035000,0.059556,0.940444,0.059556,0.940444
56,22,0.255968,0.290721,0.035000,0.059556,0.940444,0.059556,0.940444
56,23,0.360308,0.287145,0.035000,0.059556,0.940444,0.059556,0.940444
56,24,0.462144,0.281711,0.035000,0.059556,0.940444,0.059556,0.940444
56,25,0.552892,0.288947,0.035000,0.059556,0.940444,0.059556,0.940444
56,26,0.631003,0.301799,0.035000,0.059556,0.940444,0.059556,0.940444
56,27,0.737970,0.294993,0.035000,0.059556,0.940444,0.059556,0.940444
56,28,0.825034,0.277796,0.035000,0.059556,0.940444,0.059556,0.940444
56,29,0.905444,0.279397,0.035000,0.059556,0.940444,0.059556,0.940444
56,30,0.094556,0.385449,0.035000,0.059556,0.940444,0.059556,0.940444
56,31,0.209986,0.393448,0.035000,0.059556,0.940444,0.059556,0.940444
56,32,0.294990,0.380708,0.035000,0.059556,0.940444,0.059556,0.940444
56,33,0.377761,0.381043,0.035000,0.059556,0.940444,0.059556,0.940444
56,34,0.474769,0.372281,0.035000,0.059556,0.940444,0.059556,0.940444
56,35,0.582678,0.407699,0.035000,0.059556,0.940444,0.059556,0.940444
56,36,0.663362,0.381416,0.035000,0.059556,0.940444,0.059556,0.940444
56,37,0.748947,0.380118,0.035000,0.059556,0.940444,0.059556,0.940444
56,38,0.844351,0.360584,0.035000,0.059556,0.940444,0.059556,0.940444
56,39,0.905444,0.394661,0.035000,0.059556,0.940444,0.059556,0.940444
56,40,0.094556,0.497190,0.035000,0.059556,0.940444,0.059556,0.940444
56,41,0.172477,0.489183,0.035000,0.059556,0.940444,0.059556,0.940444
56,42,0.277527,0.476925,0.035000,0.059556,0.940444,0.059556,0.940444
56,43,0.370828,0.470551,0.035000,0.059556,0.940444,0.059556,0.940444
56,44,0.449113,0.488320,0.035000,0.059556,0.940444,0.059556,0.940444
56,45,0.553810,0.494423,0.035000,0.059556,0.940444,0.059556,0.940444
56,46,0.646734,0.469521,0.035000,0.059556,0.940444,0.059556,0.940444
56,47,0.732704,0.477028,0.035000,0.059556,0.940444,0.059556,0.940444
56,48,0.819683,0.472597,0.035000,0.059556,0.940444,0.059556,0.940444
56,49,0.905444,0.499792,0.035000,0.059556,0.940444,0.059556,0.940444
56,50,0.095783,0.580157,0.035000,0.059556,0.940444,0.059556,0.940444
56,51,0.188918,0.574455,0.035000,0.059556,0.940444,0.059556,0.940444
56,52,0.290871,0.556669,0.035000,0.059556,0.940444,0.059556,0.940444
56,53,0.385783,0.590657,0.035000,0.059556,0.940444,0.059556,0.940444
56,54,0.482891,0.590345,0.035000,0.059556,0.940444,0.059556,0.940444
56,55,0.559678,0.575498,0.035000,0.059556,0.940444,0.059556,0.940444
56,56,0.667030,0.563703,0.035000,0.059556,0.940444,0.059556,0.940444
56,57,0.761321,0.570487,0.035000,0.059556,0.940444,0.059556,0.940444
56,58,0.831537,0.589539,0.035000,0.059556,0.940444,0.059556,0.940444
56,59,0.905444,0.575861,0.035000,0.059556,0.940444,0.059556,0.940444
56,60,0.094556,0.661688,0.035000,0.059556,0.940444,0.059556,0.940444
56,61,0.174063,0.657198,0.035000,0.059556,0.940444,0.059556,0.940444
56,62,0.259744,0.671581,0.035000,0.059556,0.940444,0.059556,0.940444
56,63,0.356935,0.682533,0.035000,0.059556,0.940444,0.059556,0.940444
56,64,0.464489,0.670629,0.035000,0.059556,0.940444,0.059556,0.940444
56,65,0.555334,0.663911,0.035000,0.059556,0.940444,0.059556,0.940444
56,66,0.637764,0.653787,0.035000,0.059556,0.940444,0.059556,0.940444
56,67,0.731016,0.686789,0.035000,0.059556,0.940444,0.059556,0.940444
56,68,0.836746,0.675011,0.035000,0.059556,0.940444,0.059556,0.940444
56,69,0.905444,0.661391,0.035000,0.059556,0.940444,0.059556,0.940444
56,70,0.094556,0.746554,0.035000,0.059556,0.940444,0.059556,0.940444
56,71,0.203252,0.763455,0.035000,0.059556,0.940444,0.059556,0.940444
56,72,0.300883,0.787133,0.035000,0.059556,0.940444,0.059556,0.940444
56,73,0.374815,0.771734,0.035000,0.059556,0.940444,0.059556,0.940444
56,74,0.470410,0.753319,0.035000,0.059556,0.940444,0.059556,0.940444
56,75,0.584062,0.745668,0.035000,0.059556,0.940444,0.059556,0.940444
56,76,0.664126,0.778791,0.035000,0.059556,0.940444,0.059556,0.940444
56,77,0.742808,0.778069,0.035000,0.059556,0.940444,0.059556,0.940444
56,78,0.835280,0.765951,0.035000,0.059556,0.940444,0.059556,0.940444
56,79,0.905444,0.749553,0.035000,0.059556,0.940444,0.059556,0.940444
56,80,0.094556,0.858287,0.035000,0.059556,0.940444,0.059556,0.940444
56,81,0.170381,0.871914,0.035000,0.059556,0.940444,0.059556,0.940444
56,82,0.276188,0.876705,0.035000,0.059556,0.940444,0.059556,0.940444
56,83,0.369233,0.852599,0.035000,0.059556,0.940444,0.059556,0.940444
56,84,0.445446,0.845118,0.035000,0.059556,0.940444,0.059556,0.940444
56,85,0.548978,0.859507,0.035000,0.059556,0.940444,0.059556,0.940444
56,86,0.651856,0.888027,0.035000,0.059556,0.940444,0.059556,0.940444
56,87,0.736449,0.861230,0.035000,0.059556,0.940444,0.059556,0.940444
56,88,0.823094,0.852654,0.035000,0.059556,0.940444,0.059556,0.940444
56,89,0.905444,0.858094,0.035000,0.059556,0.940444,0.059556,0.940444
57,0,0.096333,0.099153,0.035000,0.061333,0.938667,0.061333,0.938667
57,1,0.193372,0.096333,0.035000,0.061333,0.938667,0.061333,0.938667
57,2,0.277285,0.096333,0.035000,0.061333,0.938667,0.061333,0.938667
57,3,0.347232,0.110324,0.035000,0.061333,0.938667,0.061333,0.938667
57,4,0.460891,0.104443,0.035000,0.061333,0.938667,0.061333,0.938667
57,5,0.554217,0.096333,0.035000,0.061333,0.938667,0.061333,0.938667
57,6,0.643621,0.096333,0.035000,0.061333,0.938667,0.061333,0.938667
57,7,0.720387,0.098573,0.035000,0.061333,0.938667,0.061333,0.938667
57,8,0.831686,0.120313,0.035000,0.061333,0.938667,0.061333,0.938667
57,9,0.903667,0.096333,0.035000,0.061333,0.938667,0.061333,0.938667
57,10,0.103896,0.193035,0.035000,0.061333,0.938667,0.061333,0.938667
57,11,0.189370,0.178072,0.035000,0.061333,0.938667,0.061333,0.938667
57,12,0.300643,0.210736,0.035000,0.061333,0.938667,0.061333,0.938667
57,13,0.390259,0.195913,0.035000,0.061333,0.938667,0.061333,0.938667
57,14,0.475374,0.195370,0.035000,0.061333,0.938667,0.061333,0.938667
57,15,0.572417,0.173617,0.035000,0.061333,0.938667,0.061333,0.938667
57,16,0.663930,0.192572,0.035000,0.061333,0.938667,0.061333,0.938667
57,17,0.754096,0.213091,0.035000,0.061333,0.938667,0.061333,0.938667
57,18,0.829963,0.200804,0.035000,0.061333,0.938667,0.061333,0.938667
57,19,0.903667,0.184752,0.035000,0.061333,0.938667,0.061333,0.938667
57,20,0.096333,0.280813,0.035000,0.061333,0.938667,0.061333,0.938667
57,21,0.173661,0.296391,0.035000,0.061333,0.938667,0.061333,0.938667
57,22,0.256639,0.290560,0.035000,0.061333,0.938667,0.061333,0.938667
57,23,0.363693,0.289777,0.035000,0.061333,0.938667,0.061333,0.938667
57,24,0.460302,0.282997,0.035000,0.061333,0.938667,0.061333,0.938667
57,25,0.550248,0.286756,0.035000,0.061333,0.938667,0.061333,0.938667
57,26,0.633556,0.299688,0.035000,0.061333,0.938667,0.061333,0.938667
57,27,0.739892,0.296295,0.035000,0.061333,0.938667,0.061333,0.938667
57,28,0.821936,0.280470,0.035000,0.061333,0.938667,0.061333,0.938667
57,29,0.903667,0.279104,0.035000,0.061333,0.938667,0.061333,0.938667
57,30,0.096333,0.382683,0.035000,0.061333,0.938667,0.061333,0.938667
57,31,0.210125,0.392629,0.035000,0.061333,0.938667,0.061333,0.938667
57,32,0.291577,0.383110,0.035000,0.061333,0.938667,0.061333,0.938667
57,33,0.378597,0.382875,0.035000,0.061333,0.938667,0.061333,0.938667
57,34,0.477958,0.370543,0.035000,0.061333,0.938667,0.061333,0.938667
57,35,0.580990,0.405232,0.035000,0.061333,0.938667,0.061333,0.938667
57,36,0.660289,0.382140,0.035000,0.061333,0.938667,0.061333,0.938667
57,37,0.751899,0.382475,0.035000,0.061333,0.938667,0.061333,0.938667
57,38,0.842981,0.359070,0.035000,0.061333,0.938667,0.061333,0.938667
57,39,0.903667,0.393910,0.035000,0.061333,0.938667,0.061333,0.938667
57,40,0.096333,0.495781,0.035000,0.061333,0.938667,0.061333,0.938667
57,41,0.175820,0.491257,0.035000,0.061333,0.938667,0.061333,0.938667
57,42,0.277663,0.479200,0.035000,0.061333,0.938667,0.061333,0.938667
57,43,0.366429,0.468958,0.035000,0.061333,0.938667,0.061333,0.938667
57,44,0.450900,0.486041,0.035000,0.061333,0.938667,0.061333,0.938667
57,45,0.557050,0.494519,0.035000,0.061333,0.938667,0.061333,0.938667
57,46,0.644889,0.471820,0.035000,0.061333,0.938667,0.061333,0.938667
57,47,0.729774,0.478431,0.035000,0.061333,0.938667,0.061333,0.938667
57,48,0.822045,0.470255,0.035000,0.061333,0.938667,0.061333,0.938667
57,49,0.903667,0.497545,0.035000,0.061333,0.938667,0.061333,0.938667
57,50,0.096333,0.581728,0.035000,0.061333,0.938667,0.061333,0.938667
57,51,0.187583,0.577019,0.035000,0.061333,0.938667,0.061333,0.938667
57,52,0.294186,0.556110,0.035000,0.061333,0.938667,0.061333,0.938667
57,53,0.386048,0.587879,0.035000,0.061333,0.938667,0.061333,0.938667
57,54,0.478654,0.590098,0.035000,0.061333,0.938667,0.061333,0.938667
57,55,0.561178,0.577753,0.035000,0.061333,0.938667,0.061333,0.938667
57,56,0.670393,0.565756,0.035000,0.061333,0.938667,0.061333,0.938667
57,57,0.757468,0.567827,0.035000,0.061333,0.938667,0.061333,0.938667
57,58,0.830496,0.587963,0.035000,0.061333,0.938667,0.061333,0.938667
57,59,0.903667,0.577119,0.035000,0.061333,0.938667,0.061333,0.938667
57,60,0.096333,0.664428,0.035000,0.061333,0.938667,0.061333,0.938667
57,61,0.171173,0.657300,0.035000,0.061333,0.938667,0.061333,0.938667
57,62,0.258283,0.668881,0.035000,0.061333,0.938667,0.061333,0.938667
57,63,0.360191,0.681280,0.035000,0.061333,0.938667,0.061333,0.938667
57,64,0.464899,0.672877,0.035000,0.061333,0.938667,0.061333,0.938667
57,65,0.550832,0.666063,0.035000,0.061333,0.938667,0.061333,0.938667
57,66,0.639388,0.652276,0.035000,0.061333,0.938667,0.061333,0.938667
57,67,0.734335,0.684161,0.035000,0.061333,0.938667,0.061333,0.938667
57,68,0.833798,0.675740,0.035000,0.061333,0.938667,0.061333,0.938667
57,69,0.903667,0.663739,0.035000,0.061333,0.938667,0.061333,0.938667
57,70,0.096333,0.747262,0.035000,0.061333,0.938667,0.061333,0.938667
57,71,0.205901,0.761019,0.035000,0.061333,0.938667,0.061333,0.938667
57,72,0.298082,0.785403,0.035000,0.061333,0.938667,0.061333,0.938667
57,73,0.373312,0.773397,0.035000,0.061333,0.938667,0.061333,0.938667
57,74,0.473327,0.755803,0.035000,0.061333,0.938667,0.061333,0.938667
57,75,0.584930,0.744759,0.035000,0.061333,0.938667,0.061333,0.938667
57,76,0.660833,0.776090,0.035000,0.061333,0.938667,0.061333,0.938667
57,77,0.743092,0.777725,0.035000,0.061333,0.938667,0.061333,0.938667
57,78,0.836327,0.769214,0.035000,0.061333,0.938667,0.061333,0.938667
57,79,0.903667,0.750349,0.035000,0.061333,0.938667,0.061333,0.938667
57,80,0.096333,0.856180,0.035000,0.061333,0.938667,0.061333,0.938667
57,81,0.172430,0.869719,0.035000,0.061333,0.938667,0.061333,0.938667
57,82,0.278637,0.877941,0.035000,0.061333,0.938667,0.061333,0.938667
57,83,0.366447,0.855478,0.035000,0.061333,0.938667,0.061333,0.938667
57,84,0.443744,0.844958,0.035000,0.061333,0.938667,0.061333,0.938667
57,85,0.551938,0.856668,0.035000,0.061333,0.938667,0.061333,0.938667
57,86,0.652768,0.887236,0.035000,0.061333,0.938667,0.061333,0.938667
57,87,0.733158,0.863595,0.035000,0.061333,0.938667,0.061333,0.938667
57,88,0.823236,0.854577,0.035000,0.061333,0.938667,0.061333,0.938667
57,89,0.903667,0.856471,0.035000,0.061333,0.938667,0.061333,0.938667
58,0,0.098111,0.101912,0.035000,0.063111,0.936889,0.063111,0.936889
58,1,0.195630,0.098111,0.035000,0.063111,0.936889,0.063111,0.936889
58,2,0.274395,0.098111,0.035000,0.063111,0.936889,0.063111,0.936889
58,3,0.345725,0.109000,0.035000,0.063111,0.936889,0.063111,0.936889
58,4,0.464218,0.106571,0.035000,0.063111,0.936889,0.063111,0.936889
58,5,0.554766,0.098111,0.035000,0.063111,0.936889,0.063111,0.936889
58,6,0.639429,0.098111,0.035000,0.063111,0.936889,0.063111,0.936889
58,7,0.721557,0.098111,0.035000,0.063111,0.936889,0.063111,0.936889
58,8,0.835005,0.120512,0.035000,0.063111,0.936889,0.063111,0.936889
58,9,0.901889,0.098111,0.035000,0.063111,0.936889,0.063111,0.936889
58,10,0.100940,0.193944,0.035000,0.063111,0.936889,0.063111,0.936889
58,11,0.191529,0.175678,0.035000,0.063111,0.936889,0.063111,0.936889
58,12,0.303000,0.208878,0.035000,0.063111,0.936889,0.063111,0.936889
58,13,0.387448,0.197558,0.035000,0.063111,0.936889,0.063111,0.936889
58,14,0.473114,0.198111,0.035000,0.063111,0.936889,0.063111,0.936889
58,15,0.576229,0.172683,0.035000,0.063111,0.936889,0.063111,0.936889
58,16,0.664751,0.189817,0.035000,0.063111,0.936889,0.063111,0.936889
58,17,0.750664,0.212634,0.035000,0.063111,0.936889,0.063111,0.936889
58,18,0.829899,0.203437,0.035000,0.063111,0.936889,0.063111,0.936889
58,19,0.901889,0.186427,0.035000,0.063111,0.936889,0.063111,0.936889
58,20,0.098111,0.278817,0.035000,0.063111,0.936889,0.063111,0.936889
58,21,0.170636,0.294100,0.035000,0.063111,0.936889,0.063111,0.936889
58,22,0.258456,0.291648,0.035000,0.063111,0.936889,0.063111,0.936889
58,23,0.366348,0.292456,0.035000,0.063111,0.936889,0.063111,0.936889
58,24,0.457549,0.283043,0.035000,0.063111,0.936889,0.063111,0.936889
58,25,0.548552,0.284034,0.035000,0.063111,0.936889,0.063111,0.936889
58,26,0.636760,0.298599,0.035000,0.063111,0.936889,0.063111,0.936889
58,27,0.740688,0.298542,0.035000,0.063111,0.936889,0.063111,0.936889
58,28,0.818502,0.282493,0.035000,0.063111,0.936889,0.063111,0.936889
58,29,0.901889,0.277615,0.035000,0.063111,0.936889,0.063111,0.936889
58,30,0.098111,0.380088,0.035000,0.063111,0.936889,0.063111,0.936889
58,31,0.209041,0.393074,0.035000,0.063111,0.936889,0.063111,0.936889
58,32,0.288502,0.385853,0.035000,0.063111,0.936889,0.063111,0.936889
58,33,0.380558,0.383569,0.035000,0.063111,0.936889,0.063111,0.936889
58,34,0.480496,0.368022,0.035000,0.063111,0.936889,0.063111,0.936889
58,35,0.578354,0.403582,0.035000,0.063111,0.936889,0.063111,0.936889
58,36,0.658183,0.383978,0.035000,0.063111,0.936889,0.063111,0.936889
58,37,0.755470,0.384520,0.035000,0.063111,0.936889,0.063111,0.936889
58,38,0.841523,0.356862,0.035000,0.063111,0.936889,0.063111,0.936889
58,39,0.901889,0.392464,0.035000,0.063111,0.936889,0.063111,0.936889
58,40,0.098111,0.495581,0.035000,0.063111,0.936889,0.063111,0.936889
58,41,0.179213,0.493940,0.035000,0.063111,0.936889,0.063111,0.936889
58,42,0.276592,0.480504,0.035000,0.063111,0.936889,0.063111,0.936889
58,43,0.362465,0.466432,0.035000,0.063111,0.936889,0.063111,0.936889
58,44,0.453669,0.484267,0.035000,0.063111,0.936889,0.063111,0.936889
58,45,0.559680,0.495837,0.035000,0.063111,0.936889,0.063111,0.936889
58,46,0.642107,0.474103,0.035000,0.063111,0.936889,0.063111,0.936889
58,47,0.727744,0.478519,0.035000,0.063111,0.936889,0.063111,0.936889
58,48,0.825139,0.467493,0.035000,0.063111,0.936889,0.063111,0.936889
58,49,0.901889,0.496431,0.035000,0.063111,0.936889,0.063111,0.936889
58,50,0.098111,0.584153,0.035000,0.063111,0.936889,0.063111,0.936889
58,51,0.187453,0.578835,0.035000,0.063111,0.936889,0.063111,0.936889
58,52,0.297600,0.554400,0.035000,0.063111,0.936889,0.063111,0.936889
58,53,0.385104,0.585388,0.035000,0.063111,0.936889,0.063111,0.936889
58,54,0.474781,0.591071,0.035000,0.063111,0.936889,0.063111,0.936889
58,55,0.563699,0.580271,0.035000,0.063111,0.936889,0.063111,0.936889
58,56,0.673177,0.566559,0.035000,0.063111,0.936889,0.063111,0.936889
58,57,0.752965,0.564589,0.035000,0.063111,0.936889,0.063111,0.936889
58,58,0.830029,0.587178,0.035000,0.063111,0.936889,0.063111,0.936889
58,59,0.901889,0.579387,0.035000,0.063111,0.936889,0.063111,0.936889
58,60,0.098111,0.666683,0.035000,0.063111,0.936889,0.063111,0.936889
58,61,0.167808,0.656159,0.035000,0.063111,0.936889,0.063111,0.936889
58,62,0.258016,0.666171,0.035000,0.063111,0.936889,0.063111,0.936889
58,63,0.363597,0.681278,0.035000,0.063111,0.936889,0.063111,0.936889
58,64,0.464095,0.675626,0.035000,0.063111,0.936889,0.063111,0.936889
58,65,0.546685,0.667165,0.035000,0.063111,0.936889,0.063111,0.936889
58,66,0.642011,0.649864,0.035000,0.063111,0.936889,0.063111,0.936889
58,67,0.737131,0.682206,0.035000,0.063111,0.936889,0.063111,0.936889
58,68,0.830057,0.677601,0.035000,0.063111,0.936889,0.063111,0.936889
58,69,0.901889,0.665951,0.035000,0.063111,0.936889,0.063111,0.936889
58,70,0.098111,0.746712,0.035000,0.063111,0.936889,0.063111,0.936889
58,71,0.207472,0.758272,0.035000,0.063111,0.936889,0.063111,0.936889
58,72,0.294759,0.784815,0.035000,0.063111,0.936889,0.063111,0.936889
58,73,0.372979,0.775840,0.035000,0.063111,0.936889,0.063111,0.936889
58,74,0.476487,0.757443,0.035000,0.063111,0.936889,0.063111,0.936889
58,75,0.584537,0.742768,0.035000,0.063111,0.936889,0.063111,0.936889
58,76,0.657667,0.773782,0.035000,0.063111,0.936889,0.063111,0.936889
58,77,0.744567,0.778645,0.035000,0.063111,0.936889,0.063111,0.936889
58,78,0.835895,0.772874,0.035000,0.063111,0.936889,0.063111,0.936889
58,79,0.901889,0.749623,0.035000,0.063111,0.936889,0.063111,0.936889
58,80,0.098111,0.853489,0.035000,0.063111,0.936889,0.063111,0.936889
58,81,0.175322,0.868508,0.035000,0.063111,0.936889,0.063111,0.936889
58,82,0.280080,0.880153,0.035000,0.063111,0.936889,0.063111,0.936889
58,83,0.363105,0.857734,0.035000,0.063111,0.936889,0.063111,0.936889
58,84,0.443206,0.843583,0.035000,0.063111,0.936889,0.063111,0.936889
58,85,0.555174,0.853951,0.035000,0.063111,0.936889,0.063111,0.936889
58,86,0.652434,0.887682,0.035000,0.063111,0.936889,0.063111,0.936889
58,87,0.729947,0.866354,0.035000,0.063111,0.936889,0.063111,0.936889
58,88,0.824581,0.855392,0.035000,0.063111,0.936889,0.063111,0.936889
58,89,0.901889,0.854015,0.035000,0.063111,0.936889,0.063111,0.936889
59,0,0.099889,0.104255,0.035000,0.064889,0.935111,0.064889,0.935111
59,1,0.196825,0.099889,0.035000,0.064889,0.935111,0.064889,0.935111
59,2,0.271029,0.099889,0.035000,0.064889,0.935111,0.064889,0.935111
59,3,0.345419,0.108897,0.035000,0.064889,0.935111,0.064889,0.935111
59,4,0.467683,0.109270,0.035000,0.064889,0.935111,0.064889,0.935111
59,5,0.554081,0.099889,0.035000,0.064889,0.935111,0.064889,0.935111
59,6,0.635546,0.099889,0.035000,0.064889,0.935111,0.064889,0.935111
59,7,0.723794,0.099889,0.035000,0.064889,0.935111,0.064889,0.935111
59,8,0.834185,0.123150,0.035000,0.064889,0.935111,0.064889,0.935111
59,9,0.900111,0.099889,0.035000,0.064889,0.935111,0.064889,0.935111
59,10,0.099889,0.193592,0.035000,0.064889,0.935111,0.064889,0.935111
59,11,0.194495,0.172907,0.035000,0.064889,0.935111,0.064889,0.935111
59,12,0.304320,0.208129,0.035000,0.064889,0.935111,0.064889,0.935111
59,13,0.384117,0.200024,0.035000,0.064889,0.935111,0.064889,0.935111
59,14,0.472136,0.200037,0.035000,0.064889,0.935111,0.064889,0.935111
59,15,0.580149,0.170660,0.035000,0.064889,0.935111,0.064889,0.935111
59,16,0.664317,0.187389,0.035000,0.064889,0.935111,0.064889,0.935111
59,17,0.747383,0.213440,0.035000,0.064889,0.935111,0.064889,0.935111
59,18,0.831078,0.206237,0.035000,0.064889,0.935111,0.064889,0.935111
59,19,0.900111,0.186881,0.035000,0.064889,0.935111,0.064889,0.935111
59,20,0.099889,0.276170,0.035000,0.064889,0.935111,0.064889,0.935111
59,21,0.168385,0.292745,0.035000,0.064889,0.935111,0.064889,0.935111
59,22,0.261152,0.293757,0.035000,0.064889,0.935111,0.064889,0.935111
59,23,0.367966,0.294613,0.035000,0.064889,0.935111,0.064889,0.935111
59,24,0.454236,0.281849,0.035000,0.064889,0.935111,0.064889,0.935111
59,25,0.548020,0.281348,0.035000,0.064889,0.935111,0.064889,0.935111
59,26,0.640203,0.298758,0.035000,0.064889,0.935111,0.064889,0.935111
59,27,0.740254,0.301256,0.035000,0.064889,0.935111,0.064889,0.935111
59,28,0.815170,0.283449,0.035000,0.064889,0.935111,0.064889,0.935111
59,29,0.900111,0.275240,0.035000,0.064889,0.935111,0.064889,0.935111
59,30,0.099889,0.378202,0.035000,0.064889,0.935111,0.064889,0.935111
59,31,0.206875,0.394691,0.035000,0.064889,0.935111,0.064889,0.935111
59,32,0.286161,0.388357,0.035000,0.064889,0.935111,0.064889,0.935111
59,33,0.383393,0.382990,0.035000,0.064889,0.935111,0.064889,0.935111
59,34,0.482056,0.365239,0.035000,0.064889,0.935111,0.064889,0.935111
59,35,0.575109,0.403092,0.035000,0.064889,0.935111,0.064889,0.935111
59,36,0.657268,0.386545,0.035000,0.064889,0.935111,0.064889,0.935111
59,37,0.759266,0.385744,0.035000,0.064889,0.935111,0.064889,0.935111
59,38,0.839354,0.353868,0.035000,0.064889,0.935111,0.064889,0.935111
59,39,0.900111,0.391176,0.035000,0.064889,0.935111,0.064889,0.935111
59,40,0.099889,0.496631,0.035000,0.064889,0.935111,0.064889,0.935111
59,41,0.182219,0.496677,0.035000,0.064889,0.935111,0.064889,0.935111
59,42,0.274434,0.480573,0.035000,0.064889,0.935111,0.064889,0.935111
59,43,0.359319,0.463414,0.035000,0.064889,0.935111,0.064889,0.935111
59,44,0.457209,0.483451,0.035000,0.064889,0.935111,0.064889,0.935111
59,45,0.561363,0.498103,0.035000,0.064889,0.935111,0.064889,0.935111
59,46,0.638709,0.475809,0.035000,0.064889,0.935111,0.064889,0.935111
59,47,0.726859,0.477355,0.035000,0.064889,0.935111,0.064889,0.935111
59,48,0.828568,0.464885,0.035000,0.064889,0.935111,0.064889,0.935111
59,49,0.900111,0.496620,0.035000,0.064889,0.935111,0.064889,0.935111
59,50,0.099889,0.586928,0.035000,0.064889,0.935111,0.064889,0.935111
59,51,0.188544,0.579527,0.035000,0.064889,0.935111,0.064889,0.935111
59,52,0.300672,0.551894,0.035000,0.064889,0.935111,0.064889,0.935111
59,53,0.383052,0.583702,0.035000,0.064889,0.935111,0.064889,0.935111
59,54,0.471663,0.593124,0.035000,0.064889,0.935111,0.064889,0.935111
59,55,0.567044,0.582468,0.035000,0.064889,0.935111,0.064889,0.935111
59,56,0.675035,0.566041,0.035000,0.064889,0.935111,0.064889,0.935111
59,57,0.748075,0.561298,0.035000,0.064889,0.935111,0.064889,0.935111
59,58,0.830373,0.587504,0.035000,0.064889,0.935111,0.064889,0.935111
59,59,0.900111,0.582240,0.035000,0.064889,0.935111,0.064889,0.935111
59,60,0.099889,0.668632,0.035000,0.064889,0.935111,0.064889,0.935111
59,61,0.168123,0.653362,0.035000,0.064889,0.935111,0.064889,0.935111
59,62,0.258977,0.664015,0.035000,0.064889,0.935111,0.064889,0.935111
59,63,0.366712,0.682511,0.035000,0.064889,0.935111,0.064889,0.935111
59,64,0.462163,0.678308,0.035000,0.064889,0.935111,0.064889,0.935111
59,65,0.543285,0.667004,0.035000,0.064889,0.935111,0.064889,0.935111
59,66,0.645455,0.647029,0.035000,0.064889,0.935111,0.064889,0.935111
59,67,0.739044,0.681329,0.035000,0.064889,0.935111,0.064889,0.935111
59,68,0.825790,0.680279,0.035000,0.064889,0.935111,0.064889,0.935111
59,69,0.900111,0.667482,0.035000,0.064889,0.935111,0.064889,0.935111
59,70,0.099889,0.745008,0.035000,0.064889,0.935111,0.064889,0.935111
59,71,0.207801,0.755792,0.035000,0.064889,0.935111,0.064889,0.935111
59,72,0.291342,0.785493,0.035000,0.064889,0.935111,0.064889,0.935111
59,73,0.373866,0.778531,0.035000,0.064889,0.935111,0.064889,0.935111
59,74,0.479441,0.757904,0.035000,0.064889,0.935111,0.064889,0.935111
59,75,0.582958,0.740088,0.035000,0.064889,0.935111,0.064889,0.935111
59,76,0.655054,0.772358,0.035000,0.064889,0.935111,0.064889,0.935111
59,77,0.747044,0.780629,0.035000,0.064889,0.935111,0.064889,0.935111
59,78,0.835775,0.775730,0.035000,0.064889,0.935111,0.064889,0.935111
59,79,0.900111,0.747975,0.035000,0.064889,0.935111,0.064889,0.935111
59,80,0.099889,0.850772,0.035000,0.064889,0.935111,0.064889,0.935111
59,81,0.178688,0.868533,0.035000,0.064889,0.935111,0.064889,0.935111
59,82,0.280329,0.882884,0.035000,0.064889,0.935111,0.064889,0.935111
59,83,0.359627,0.858937,0.035000,0.064889,0.935111,0.064889,0.935111
59,84,0.443902,0.841280,0.035000,0.064889,0.935111,0.064889,0.935111
59,85,0.558241,0.851905,0.035000,0.064889,0.935111,0.064889,0.935111
59,86,0.650909,0.889301,0.035000,0.064889,0.935111,0.064889,0.935111
59,87,0.727246,0.868932,0.035000,0.064889,0.935111,0.064889,0.935111
59,88,0.826957,0.854938,0.035000,0.064889,0.935111,0.064889,0.935111
59,89,0.900111,0.851239,0.035000,0.064889,0.935111,0.064889,0.935111
60,0,0.101667,0.105693,0.035000,0.066667,0.933333,0.066667,0.933333
60,1,0.196802,0.101667,0.035000,0.066667,0.933333,0.066667,0.933333
60,2,0.267621,0.101667,0.035000,0.066667,0.933333,0.066667,0.933333
60,3,0.346346,0.110037,0.035000,0.066667,0.933333,0.066667,0.933333
60,4,0.470847,0.111979,0.035000,0.066667,0.933333,0.066667,0.933333
60,5,0.552250,0.101667,0.035000,0.066667,0.933333,0.066667,0.933333
60,6,0.632373,0.101667,0.035000,0.066667,0.933333,0.066667,0.933333
60,7,0.726909,0.101667,0.035000,0.066667,0.933333,0.066667,0.933333
60,8,0.832960,0.126568,0.035000,0.066667,0.933333,0.066667,0.933333
60,9,0.898333,0.101667,0.035000,0.066667,0.933333,0.066667,0.933333
60,10,0.101667,0.192053,0.035000,0.066667,0.933333,0.066667,0.933333
60,11,0.197892,0.171569,0.035000,0.066667,0.933333,0.066667,0.933333
60,12,0.304435,0.208646,0.035000,0.066667,0.933333,0.066667,0.933333
60,13,0.380694,0.202796,0.035000,0.066667,0.933333,0.066667,0.933333
60,14,0.472475,0.200791,0.035000,0.066667,0.933333,0.066667,0.933333
60,15,0.583749,0.167910,0.035000,0.066667,0.933333,0.066667,0.933333
60,16,0.662703,0.185798,0.035000,0.066667,0.933333,0.066667,0.933333
60,17,0.744672,0.215343,0.035000,0.066667,0.933333,0.066667,0.933333
60,18,0.832363,0.208942,0.035000,0.066667,0.933333,0.066667,0.933333
60,19,0.898333,0.185742,0.035000,0.066667,0.933333,0.066667,0.933333
60,20,0.101667,0.273022,0.035000,0.066667,0.933333,0.066667,0.933333
60,21,0.168719,0.293008,0.035000,0.066667,0.933333,0.066667,0.933333
60,22,0.264349,0.296452,0.035000,0.066667,0.933333,0.066667,0.933333
60,23,0.368364,0.295792,0.035000,0.066667,0.933333,0.066667,0.933333
60,24,0.450785,0.279672,0.035000,0.066667,0.933333,0.066667,0.933333
60,25,0.548722,0.279256,0.035000,0.066667,0.933333,0.066667,0.933333
60,26,0.643446,0.300132,0.035000,0.066667,0.933333,0.066667,0.933333
60,27,0.738645,0.303867,0.035000,0.066667,0.933333,0.066667,0.933333
60,28,0.812367,0.283145,0.035000,0.066667,0.933333,0.066667,0.933333
60,29,0.898333,0.272472,0.035000,0.066667,0.933333,0.066667,0.933333
60,30,0.101667,0.377418,0.035000,0.066667,0.933333,0.066667,0.933333
60,31,0.203904,0.397141,0.035000,0.066667,0.933333,0.066667,0.933333
60,32,0.284856,0.390096,0.035000,0.066667,0.933333,0.066667,0.933333
60,33,0.386743,0.381267,0.035000,0.066667,0.933333,0.066667,0.933333
60,34,0.482436,0.362772,0.035000,0.066667,0.933333,0.066667,0.933333
60,35,0.571674,0.403867,0.035000,0.066667,0.933333,0.066667,0.933333
60,36,0.657623,0.389302,0.035000,0.066667,0.933333,0.066667,0.933333
60,37,0.762856,0.385823,0.035000,0.066667,0.933333,0.066667,0.933333
60,38,0.836273,0.350362,0.035000,0.066667,0.933333,0.066667,0.933333
60,39,0.898333,0.390660,0.035000,0.066667,0.933333,0.066667,0.933333
60,40,0.101667,0.498714,0.035000,0.066667,0.933333,0.066667,0.933333
60,41,0.184450,0.498900,0.035000,0.066667,0.933333,0.066667,0.933333
60,42,0.271449,0.479400,0.035000,0.066667,0.933333,0.066667,0.933333
60,43,0.357286,0.460460,0.035000,0.066667,0.933333,0.066667,0.933333
60,44,0.461192,0.483835,0.035000,0.066667,0.933333,0.066667,0.933333
60,45,0.561880,0.500848,0.035000,0.066667,0.933333,0.066667,0.933333
60,46,0.635103,0.476508,0.035000,0.066667,0.933333,0.066667,0.933333
60,47,0.727218,0.475249,0.035000,0.066667,0.933333,0.066667,0.933333
60,48,0.831892,0.462973,0.035000,0.066667,0.933333,0.066667,0.933333
60,49,0.898333,0.498019,0.035000,0.066667,0.933333,0.066667,0.933333
60,50,0.101667,0.589475,0.035000,0.066667,0.933333,0.066667,0.933333
60,51,0.190716,0.578952,0.035000,0.066667,0.933333,0.066667,0.933333
60,52,0.303008,0.549111,0.035000,0.066667,0.933333,0.066667,0.933333
60,53,0.380139,0.583172,0.035000,0.066667,0.933333,0.066667,0.933333
60,54,0.469612,0.595882,0.035000,0.066667,0.933333,0.066667,0.933333
60,55,0.570890,0.583837,0.035000,0.066667,0.933333,0.066667,0.933333
60,56,0.674360,0.564498,0.035000,0.066667,0.933333,0.066667,0.933333
60,57,0.744533,0.558405,0.035000,0.066667,0.933333,0.066667,0.933333
60,58,0.828559,0.589221,0.035000,0.066667,0.933333,0.066667,0.933333
60,59,0.898333,0.584916,0.035000,0.066667,0.933333,0.066667,0.933333
60,60,0.101667,0.669452,0.035000,0.066667,0.933333,0.066667,0.933333
60,61,0.168816,0.649909,0.035000,0.066667,0.933333,0.066667,0.933333
60,62,0.261041,0.662861,0.035000,0.066667,0.933333,0.066667,0.933333
60,63,0.369132,0.684712,0.035000,0.066667,0.933333,0.066667,0.933333
60,64,0.459337,0.680370,0.035000,0.066667,0.933333,0.066667,0.933333
60,65,0.540951,0.665628,0.035000,0.066667,0.933333,0.066667,0.933333
60,66,0.649414,0.644344,0.035000,0.066667,0.933333,0.066667,0.933333
60,67,0.739828,0.681713,0.035000,0.066667,0.933333,0.066667,0.933333
60,68,0.821365,0.683283,0.035000,0.066667,0.933333,0.066667,0.933333
60,69,0.898333,0.667944,0.035000,0.066667,0.933333,0.066667,0.933333
60,70,0.101667,0.742498,0.035000,0.066667,0.933333,0.066667,0.933333
60,71,0.206879,0.754101,0.035000,0.066667,0.933333,0.066667,0.933333
60,72,0.288269,0.787297,0.035000,0.066667,0.933333,0.066667,0.933333
60,73,0.375869,0.780891,0.035000,0.066667,0.933333,0.066667,0.933333
60,74,0.481772,0.757097,0.035000,0.066667,0.933333,0.066667,0.933333
60,75,0.580416,0.737260,0.035000,0.066667,0.933333,0.066667,0.933333
60,76,0.653345,0.772127,0.035000,0.066667,0.933333,0.066667,0.933333
60,77,0.750208,0.783257,0.035000,0.066667,0.933333,0.066667,0.933333
60,78,0.835041,0.777490,0.035000,0.066667,0.933333,0.066667,0.933333
60,79,0.898333,0.745457,0.035000,0.066667,0.933333,0.066667,0.933333
60,80,0.101667,0.848594,0.035000,0.066667,0.933333,0.066667,0.933333
60,81,0.182096,0.869788,0.035000,0.066667,0.933333,0.066667,0.933333
60,82,0.279353,0.885565,0.035000,0.066667,0.933333,0.066667,0.933333
60,83,0.356455,0.858870,0.035000,0.066667,0.933333,0.066667,0.933333
60,84,0.445742,0.838526,0.035000,0.066667,0.933333,0.066667,0.933333
60,85,0.560718,0.850938,0.035000,0.066667,0.933333,0.066667,0.933333
60,86,0.648400,0.891781,0.035000,0.066667,0.933333,0.066667,0.933333
60,87,0.725417,0.870790,0.035000,0.066667,0.933333,0.066667,0.933333
60,88,0.828592,0.853412,0.035000,0.066667,0.933333,0.066667,0.933333
60,89,0.898333,0.848621,0.035000,0.066667,0.933333,0.066667,0.933333
61,0,0.103444,0.105928,0.035000,0.068444,0.931556,0.068444,0.931556
61,1,0.194800,0.103444,0.035000,0.068444,0.931556,0.068444,0.931556
61,2,0.265315,0.103444,0.035000,0.068444,0.931556,0.068444,0.931556
61,3,0.348383,0.112183,0.035000,0.068444,0.931556,0.068444,0.931556
61,4,0.473308,0.114134,0.035000,0.068444,0.931556,0.068444,0.931556
61,5,0.549509,0.103444,0.035000,0.068444,0.931556,0.068444,0.931556
61,6,0.630233,0.103444,0.035000,0.068444,0.931556,0.068444,0.931556
61,7,0.730588,0.103444,0.035000,0.068444,0.931556,0.068444,0.931556
61,8,0.831783,0.130008,0.035000,0.068444,0.931556,0.068444,0.931556
61,9,0.896556,0.103444,0.035000,0.068444,0.931556,0.068444,0.931556
61,10,0.103444,0.189648,0.035000,0.068444,0.931556,0.068444,0.931556
61,11,0.201336,0.173105,0.035000,0.068444,0.931556,0.068444,0.931556
61,12,0.303330,0.210320,0.035000,0.068444,0.931556,0.068444,0.931556
61,13,0.377618,0.205299,0.035000,0.068444,0.931556,0.068444,0.931556
61,14,0.474012,0.200255,0.035000,0.068444,0.931556,0.068444,0.931556
61,15,0.586630,0.164958,0.035000,0.068444,0.931556,0.068444,0.931556
61,16,0.660132,0.185378,0.035000,0.068444,0.931556,0.068444,0.931556
61,17,0.742880,0.217948,0.035000,0.068444,0.931556,0.068444,0.931556
61,18,0.832697,0.211401,0.035000,0.068444,0.931556,0.068444,0.931556
61,19,0.896556,0.182875,0.035000,0.068444,0.931556,0.068444,0.931556
61,20,0.103444,0.270547,0.035000,0.068444,0.931556,0.068444,0.931556
61,21,0.169509,0.294317,0.035000,0.068444,0.931556,0.068444,0.931556
61,22,0.267612,0.299172,0.035000,0.068444,0.931556,0.068444,0.931556
61,23,0.367514,0.295741,0.035000,0.068444,0.931556,0.068444,0.931556
61,24,0.447636,0.276971,0.035000,0.068444,0.931556,0.068444,0.931556
61,25,0.550567,0.278193,0.035000,0.068444,0.931556,0.068444,0.931556
61,26,0.646071,0.302434,0.035000,0.068444,0.931556,0.068444,0.931556
61,27,0.736064,0.305824,0.035000,0.068444,0.931556,0.068444,0.931556
61,28,0.810217,0.280973,0.035000,0.068444,0.931556,0.068444,0.931556
61,29,0.896556,0.269886,0.035000,0.068444,0.931556,0.068444,0.931556
61,30,0.103444,0.377899,0.035000,0.068444,0.931556,0.068444,0.931556
61,31,0.200510,0.399913,0.035000,0.068444,0.931556,0.068444,0.931556
61,32,0.284756,0.390702,0.035000,0.068444,0.931556,0.068444,0.931556
61,33,0.390180,0.378765,0.035000,0.068444,0.931556,0.068444,0.931556
61,34,0.481587,0.361134,0.035000,0.068444,0.931556,0.068444,0.931556
61,35,0.568491,0.405745,0.035000,0.068444,0.931556,0.068444,0.931556
61,36,0.659171,0.391675,0.035000,0.068444,0.931556,0.068444,0.931556
61,37,0.765826,0.384681,0.035000,0.068444,0.931556,0.068444,0.931556
61,38,0.832665,0.347542,0.035000,0.068444,0.931556,0.068444,0.931556
61,39,0.896556,0.391228,0.035000,0.068444,0.931556,0.068444,0.931556
61,40,0.103444,0.501397,0.035000,0.068444,0.931556,0.068444,0.931556
61,41,0.185618,0.500149,0.035000,0.068444,0.931556,0.068444,0.931556
61,42,0.268008,0.477236,0.035000,0.068444,0.931556,0.068444,0.931556
61,43,0.356537,0.458124,0.035000,0.068444,0.931556,0.068444,0.931556
61,44,0.465210,0.485400,0.035000,0.068444,0.931556,0.068444,0.931556
61,45,0.561165,0.503498,0.035000,0.068444,0.931556,0.068444,0.931556
61,46,0.631725,0.475991,0.035000,0.068444,0.931556,0.068444,0.931556
61,47,0.728765,0.472698,0.035000,0.068444,0.931556,0.068444,0.931556
61,48,0.834685,0.462155,0.035000,0.068444,0.931556,0.068444,0.931556
61,49,0.896556,0.500292,0.035000,0.068444,0.931556,0.068444,0.931556
61,50,0.103444,0.591265,0.035000,0.068444,0.931556,0.068444,0.931556
61,51,0.193691,0.577231,0.035000,0.068444,0.931556,0.068444,0.931556
61,52,0.304305,0.546629,0.035000,0.068444,0.931556,0.068444,0.931556
61,53,0.376725,0.583908,0.035000,0.068444,0.931556,0.068444,0.931556
61,54,0.468816,0.598817,0.035000,0.068444,0.931556,0.068444,0.931556
61,55,0.574834,0.584049,0.035000,0.068444,0.931556,0.068444,0.931556
61,56,0.671100,0.562343,0.035000,0.068444,0.931556,0.068444,0.931556
61,57,0.742712,0.556385,0.035000,0.068444,0.931556,0.068444,0.931556
61,58,0.826823,0.591963,0.035000,0.068444,0.931556,0.068444,0.931556
61,59,0.896556,0.587016,0.035000,0.068444,0.931556,0.068444,0.931556
61,60,0.103444,0.668978,0.035000,0.068444,0.931556,0.068444,0.931556
61,61,0.169688,0.646514,0.035000,0.068444,0.931556,0.068444,0.931556
61,62,0.263945,0.662949,0.035000,0.068444,0.931556,0.068444,0.931556
61,63,0.370544,0.687411,0.035000,0.068444,0.931556,0.068444,0.931556
61,64,0.455964,0.681384,0.035000,0.068444,0.931556,0.068444,0.931556
61,65,0.539880,0.663334,0.035000,0.068444,0.931556,0.068444,0.931556
61,66,0.653496,0.642352,0.035000,0.068444,0.931556,0.068444,0.931556
61,67,0.739381,0.683279,0.035000,0.068444,0.931556,0.068444,0.931556
61,68,0.817195,0.686040,0.035000,0.068444,0.931556,0.068444,0.931556
61,69,0.896556,0.667178,0.035000,0.068444,0.931556,0.068444,0.931556
61,70,0.103444,0.739699,0.035000,0.068444,0.931556,0.068444,0.931556
61,71,0.204850,0.753555,0.035000,0.068444,0.931556,0.068444,0.931556
61,72,0.285936,0.789853,0.035000,0.068444,0.931556,0.068444,0.931556
61,73,0.378740,0.782413,0.035000,0.068444,0.931556,0.068444,0.931556
61,74,0.483151,0.755197,0.035000,0.068444,0.931556,0.068444,0.931556
61,75,0.577256,0.734855,0.035000,0.068444,0.931556,0.068444,0.931556
61,76,0.652772,0.773145,0.035000,0.068444,0.931556,0.068444,0.931556
61,77,0.753652,0.785975,0.035000,0.068444,0.931556,0.068444,0.931556
61,78,0.833324,0.777966,0.035000,0.068444,0.931556,0.068444,0.931556
61,79,0.896556,0.742424,0.035000,0.068444,0.931556,0.068444,0.931556
61,80,0.103444,0.847408,0.035000,0.068444,0.931556,0.068444,0.931556
61,81,0.185107,0.872013,0.035000,0.068444,0.931556,0.068444,0.931556
61,82,0.277276,0.887642,0.035000,0.068444,0.931556,0.068444,0.931556
61,83,0.353989,0.857573,0.035000,0.068444,0.931556,0.068444,0.931556
61,84,0.448490,0.835894,0.035000,0.068444,0.931556,0.068444,0.931556
61,85,0.562264,0.851239,0.035000,0.068444,0.931556,0.068444,0.931556
61,86,0.645239,0.894628,0.035000,0.068444,0.931556,0.068444,0.931556
61,87,0.724707,0.871541,0.035000,0.068444,0.931556,0.068444,0.931556
61,88,0.826809,0.851315,0.035000,0.068444,0.931556,0.068444,0.931556
61,89,0.896556,0.846529,0.035000,0.068444,0.931556,0.068444,0.931556
62,0,0.105222,0.105222,0.035000,0.070222,0.929778,0.070222,0.929778
62,1,0.191523,0.105222,0.035000,0.070222,0.929778,0.070222,0.929778
62,2,0.264055,0.105222,0.035000,0.070222,0.929778,0.070222,0.929778
62,3,0.351262,0.114889,0.035000,0.070222,0.929778,0.070222,0.929778
62,4,0.474753,0.115288,0.035000,0.070222,0.929778,0.070222,0.929778
62,5,0.546211,0.105222,0.035000,0.070222,0.929778,0.070222,0.929778
62,6,0.629328,0.105222,0.035000,0.070222,0.929778,0.070222,0.929778
62,7,0.734430,0.105222,0.035000,0.070222,0.929778,0.070222,0.929778
62,8,0.829971,0.133090,0.035000,0.070222,0.929778,0.070222,0.929778
62,9,0.894778,0.105222,0.035000,0.070222,0.929778,0.070222,0.929778
62,10,0.105222,0.186878,0.035000,0.070222,0.929778,0.070222,0.929778
62,11,0.204294,0.174324,0.035000,0.070222,0.929778,0.070222,0.929778
62,12,0.301147,0.212805,0.035000,0.070222,0.929778,0.070222,0.929778
62,13,0.375283,0.207009,0.035000,0.070222,0.929778,0.070222,0.929778
62,14,0.476484,0.198572,0.035000,0.070222,0.929778,0.070222,0.929778
62,15,0.588475,0.162375,0.035000,0.070222,0.929778,0.070222,0.929778
62,16,0.656948,0.186219,0.035000,0.070222,0.929778,0.070222,0.929778
62,17,0.742239,0.220713,0.035000,0.070222,0.929778,0.070222,0.929778
62,18,0.833297,0.212386,0.035000,0.070222,0.929778,0.070222,0.929778
62,19,0.894778,0.179069,0.035000,0.070222,0.929778,0.070222,0.929778
62,20,0.105222,0.269085,0.035000,0.070222,0.929778,0.070222,0.929778
62,21,0.171266,0.296571,0.035000,0.070222,0.929778,0.070222,0.929778
62,22,0.270499,0.301353,0.035000,0.070222,0.929778,0.070222,0.929778
62,23,0.365543,0.294463,0.035000,0.070222,0.929778,0.070222,0.929778
62,24,0.445191,0.274315,0.035000,0.070222,0.929778,0.070222,0.929778
62,25,0.553318,0.278379,0.035000,0.070222,0.929778,0.070222,0.929778
62,26,0.647741,0.305188,0.035000,0.070222,0.929778,0.070222,0.929778
62,27,0.732843,0.306715,0.035000,0.070222,0.929778,0.070222,0.929778
62,28,0.808815,0.277965,0.035000,0.070222,0.929778,0.070222,0.929778
62,29,0.894778,0.268021,0.035000,0.070222,0.929778,0.070222,0.929778
62,30,0.105222,0.379544,0.035000,0.070222,0.929778,0.070222,0.929778
62,31,0.197127,0.402430,0.035000,0.070222,0.929778,0.070222,0.929778
62,32,0.285875,0.390044,0.035000,0.070222,0.929778,0.070222,0.929778
62,33,0.393265,0.376009,0.035000,0.070222,0.929778,0.070222,0.929778
62,34,0.479615,0.360662,0.035000,0.070222,0.929778,0.070222,0.929778
62,35,0.565968,0.408339,0.035000,0.070222,0.929778,0.070222,0.929778
62,36,0.661685,0.393168,0.035000,0.070222,0.929778,0.070222,0.929778
62,37,0.767835,0.382505,0.035000,0.070222,0.929778,0.070222,0.929778
62,38,0.828755,0.345800,0.035000,0.070222,0.929778,0.070222,0.929778
62,39,0.894778,0.392934,0.035000,0.070222,0.929778,0.070222,0.929778
62,40,0.105222,0.504122,0.035000,0.070222,0.929778,0.070222,0.929778
62,41,0.185571,0.500165,0.035000,0.070222,0.929778,0.070222,0.929778
62,42,0.264540,0.474535,0.035000,0.070222,0.929778,0.070222,0.929778
62,43,0.357089,0.456840,0.035000,0.070222,0.929778,0.070222,0.929778
62,44,0.468839,0.487871,0.035000,0.070222,0.929778,0.070222,0.929778
62,45,0.559309,0.505505,0.035000,0.070222,0.929778,0.070222,0.929778
62,46,0.628988,0.474311,0.035000,0.070222,0.929778,0.070222,0.929778
62,47,0.731290,0.470282,0.035000,0.070222,0.929778,0.070222,0.929778
62,48,0.836588,0.462601,0.035000,0.070222,0.929778,0.070222,0.929778
62,49,0.894778,0.502926,0.035000,0.070222,0.929778,0.070222,0.929778
62,50,0.105222,0.591927,0.035000,0.070222,0.929778,0.070222,0.929778
62,51,0.197087,0.574722,0.035000,0.070222,0.929778,0.070222,0.929778
62,52,0.304398,0.544962,0.035000,0.070222,0.929778,0.070222,0.929778
62,53,0.373237,0.585756,0.035000,0.070222,0.929778,0.070222,0.929778
62,54,0.469312,0.601357,0.035000,0.070222,0.929778,0.070222,0.929778
62,55,0.578448,0.583024,0.035000,0.070222,0.929778,0.070222,0.929778
62,56,0.667079,0.559985,0.035000,0.070222,0.929778,0.070222,0.929778
62,57,0.741252,0.555663,0.035000,0.070222,0.929778,0.070222,0.929778
62,58,0.825251,0.595353,0.035000,0.070222,0.929778,0.070222,0.929778
62,59,0.894778,0.588039,0.035000,0.070222,0.929778,0.070222,0.929778
62,60,0.105222,0.667283,0.035000,0.070222,0.929778,0.070222,0.929778
62,61,0.171111,0.643770,0.035000,0.070222,0.929778,0.070222,0.929778
62,62,0.267314,0.664260,0.035000,0.070222,0.929778,0.070222,0.929778
62,63,0.370762,0.690040,0.035000,0.070222,0.929778,0.070222,0.929778
62,64,0.452468,0.681142,0.035000,0.070222,0.929778,0.070222,0.929778
62,65,0.540125,0.660611,0.035000,0.070222,0.929778,0.070222,0.929778
62,66,0.657276,0.641453,0.035000,0.070222,0.929778,0.070222,0.929778
62,67,0.737759,0.685700,0.035000,0.070222,0.929778,0.070222,0.929778
62,68,0.813685,0.688025,0.035000,0.070222,0.929778,0.070222,0.929778
62,69,0.894778,0.665293,0.035000,0.070222,0.929778,0.070222,0.929778
62,70,0.105222,0.737322,0.035000,0.070222,0.929778,0.070222,0.929778
62,71,0.201999,0.754272,0.035000,0.070222,0.929778,0.070222,0.929778
62,72,0.284643,0.792629,0.035000,0.070222,0.929778,0.070222,0.929778
62,73,0.382115,0.782766,0.035000,0.070222,0.929778,0.070222,0.929778
62,74,0.483372,0.752602,0.035000,0.070222,0.929778,0.070222,0.929778
62,75,0.573898,0.733360,0.035000,0.070222,0.929778,0.070222,0.929778
62,76,0.653422,0.775210,0.035000,0.070222,0.929778,0.070222,0.929778
62,77,0.756936,0.788214,0.035000,0.070222,0.929778,0.070222,0.929778
62,78,0.830627,0.777143,0.035000,0.070222,0.929778,0.070222,0.929778
62,79,0.894778,0.739428,0.035000,0.070222,0.929778,0.070222,0.929778
62,80,0.105222,0.847461,0.035000,0.070222,0.929778,0.070222,0.929778
62,81,0.187338,0.874745,0.035000,0.070222,0.929778,0.070222,0.929778
62,82,0.274363,0.888681,0.035000,0.070222,0.929778,0.070222,0.929778
62,83,0.352542,0.855341,0.035000,0.070222,0.929778,0.070222,0.929778
62,84,0.451793,0.833932,0.035000,0.070222,0.929778,0.070222,0.929778
62,85,0.562661,0.852734,0.035000,0.070222,0.929778,0.070222,0.929778
62,86,0.641840,0.894778,0.035000,0.070222,0.929778,0.070222,0.929778
62,87,0.725218,0.871028,0.035000,0.070222,0.929778,0.070222,0.929778
62,88,0.824943,0.848884,0.035000,0.070222,0.929778,0.070222,0.929778
62,89,0.894778,0.845600,0.035000,0.070222,0.929778,0.070222,0.929778
63,0,0.107000,0.107000,0.035000,0.072000,0.928000,0.072000,0.928000
63,1,0.187645,0.107000,0.035000,0.072000,0.928000,0.072000,0.928000
63,2,0.263718,0.107000,0.035000,0.072000,0.928000,0.072000,0.928000
63,3,0.354610,0.117592,0.035000,0.072000,0.928000,0.072000,0.928000
63,4,0.474031,0.115329,0.035000,0.072000,0.928000,0.072000,0.928000
63,5,0.543747,0.107000,0.035000,0.072000,0.928000,0.072000,0.928000
63,6,0.630891,0.107000,0.035000,0.072000,0.928000,0.072000,0.928000
63,7,0.738004,0.107000,0.035000,0.072000,0.928000,0.072000,0.928000
63,8,0.827186,0.135420,0.035000,0.072000,0.928000,0.072000,0.928000
63,9,0.893000,0.107000,0.035000,0.072000,0.928000,0.072000,0.928000
63,10,0.107000,0.184318,0.035000,0.072000,0.928000,0.072000,0.928000
63,11,0.206417,0.176397,0.035000,0.072000,0.928000,0.072000,0.928000
63,12,0.298164,0.215584,0.035000,0.072000,0.928000,0.072000,0.928000
63,13,0.373990,0.207571,0.035000,0.072000,0.928000,0.072000,0.928000
63,14,0.479520,0.196119,0.035000,0.072000,0.928000,0.072000,0.928000
63,15,0.587917,0.162293,0.035000,0.072000,0.928000,0.072000,0.928000
63,16,0.653571,0.188149,0.035000,0.072000,0.928000,0.072000,0.928000
63,17,0.742830,0.223064,0.035000,0.072000,0.928000,0.072000,0.928000
63,18,0.832261,0.211207,0.035000,0.072000,0.928000,0.072000,0.928000
63,19,0.893000,0.176774,0.035000,0.072000,0.928000,0.072000,0.928000
63,20,0.107000,0.268864,0.035000,0.072000,0.928000,0.072000,0.928000
63,21,0.173999,0.299380,0.035000,0.072000,0.928000,0.072000,0.928000
63,22,0.272622,0.302541,0.035000,0.072000,0.928000,0.072000,0.928000
63,23,0.362722,0.292218,0.035000,0.072000,0.928000,0.072000,0.928000
63,24,0.443762,0.272260,0.035000,0.072000,0.928000,0.072000,0.928000
63,25,0.556624,0.279776,0.035000,0.072000,0.928000,0.072000,0.928000
63,26,0.648244,0.307819,0.035000,0.072000,0.928000,0.072000,0.928000
63,27,0.729393,0.306349,0.035000,0.072000,0.928000,0.072000,0.928000
63,28,0.807704,0.276749,0.035000,0.072000,0.928000,0.072000,0.928000
63,29,0.893000,0.267264,0.035000,0.072000,0.928000,0.072000,0.928000
63,30,0.107000,0.382012,0.035000,0.072000,0.928000,0.072000,0.928000
63,31,0.194189,0.404168,0.035000,0.072000,0.928000,0.072000,0.928000
63,32,0.288070,0.388256,0.035000,0.072000,0.928000,0.072000,0.928000
63,33,0.395604,0.373578,0.035000,0.072000,0.928000,0.072000,0.928000
63,34,0.476774,0.361456,0.035000,0.072000,0.928000,0.072000,0.928000
63,35,0.564430,0.411108,0.035000,0.072000,0.928000,0.072000,0.928000
63,36,0.664818,0.393468,0.035000,0.072000,0.928000,0.072000,0.928000
63,37,0.766732,0.380879,0.035000,0.072000,0.928000,0.072000,0.928000
63,38,0.826715,0.344118,0.035000,0.072000,0.928000,0.072000,0.928000
63,39,0.893000,0.395573,0.035000,0.072000,0.928000,0.072000,0.928000
63,40,0.107000,0.506322,0.035000,0.072000,0.928000,0.072000,0.928000
63,41,0.184315,0.498945,0.035000,0.072000,0.928000,0.072000,0.928000
63,42,0.261481,0.471863,0.035000,0.072000,0.928000,0.072000,0.928000
63,43,0.358805,0.456831,0.035000,0.072000,0.928000,0.072000,0.928000
63,44,0.471690,0.490780,0.035000,0.072000,0.928000,0.072000,0.928000
63,45,0.556548,0.506451,0.035000,0.072000,0.928000,0.072000,0.928000
63,46,0.627224,0.471772,0.035000,0.072000,0.928000,0.072000,0.928000
63,47,0.734463,0.468546,0.035000,0.072000,0.928000,0.072000,0.928000
63,48,0.836895,0.463877,0.035000,0.072000,0.928000,0.072000,0.928000
63,49,0.893000,0.505681,0.035000,0.072000,0.928000,0.072000,0.928000
63,50,0.107000,0.591322,0.035000,0.072000,0.928000,0.072000,0.928000
63,51,0.200468,0.571946,0.035000,0.072000,0.928000,0.072000,0.928000
63,52,0.303271,0.544456,0.035000,0.072000,0.928000,0.072000,0.928000
63,53,0.370111,0.588333,0.035000,0.072000,0.928000,0.072000,0.928000
63,54,0.470983,0.603006,0.035000,0.072000,0.928000,0.072000,0.928000
63,55,0.581335,0.580943,0.035000,0.072000,0.928000,0.072000,0.928000
63,56,0.662459,0.558010,0.035000,0.072000,0.928000,0.072000,0.928000
63,57,0.740532,0.556269,0.035000,0.072000,0.928000,0.072000,0.928000
63,58,0.823985,0.598873,0.035000,0.072000,0.928000,0.072000,0.928000
63,59,0.893000,0.587691,0.035000,0.072000,0.928000,0.072000,0.928000
63,60,0.107000,0.664783,0.035000,0.072000,0.928000,0.072000,0.928000
63,61,0.173224,0.642174,0.035000,0.072000,0.928000,0.072000,0.928000
63,62,0.270718,0.666522,0.035000,0.072000,0.928000,0.072000,0.928000
63,63,0.369757,0.692043,0.035000,0.072000,0.928000,0.072000,0.928000
63,64,0.449287,0.679697,0.035000,0.072000,0.928000,0.072000,0.928000
63,65,0.541581,0.658033,0.035000,0.072000,0.928000,0.072000,0.928000
63,66,0.660353,0.641823,0.035000,0.072000,0.928000,0.072000,0.928000
63,67,0.735170,0.688475,0.035000,0.072000,0.928000,0.072000,0.928000
63,68,0.811173,0.688864,0.035000,0.072000,0.928000,0.072000,0.928000
63,69,0.893000,0.662635,0.035000,0.072000,0.928000,0.072000,0.928000
63,70,0.107000,0.735869,0.035000,0.072000,0.928000,0.072000,0.928000
63,71,0.198711,0.756108,0.035000,0.072000,0.928000,0.072000,0.928000
63,72,0.284557,0.795049,0.035000,0.072000,0.928000,0.072000,0.928000
63,73,0.385568,0.781865,0.035000,0.072000,0.928000,0.072000,0.928000
63,74,0.482386,0.749857,0.035000,0.072000,0.928000,0.072000,0.928000
63,75,0.570787,0.733076,0.035000,0.072000,0.928000,0.072000,0.928000
63,76,0.655221,0.777897,0.035000,0.072000,0.928000,0.072000,0.928000
63,77,0.759069,0.789619,0.035000,0.072000,0.928000,0.072000,0.928000
63,78,0.827682,0.775151,0.035000,0.072000,0.928000,0.072000,0.928000
63,79,0.893000,0.737024,0.035000,0.072000,0.928000,0.072000,0.928000
63,80,0.107000,0.848741,0.035000,0.072000,0.928000,0.072000,0.928000
63,81,0.188500,0.877417,0.035000,0.072000,0.928000,0.072000,0.928000
63,82,0.270987,0.888468,0.035000,0.072000,0.928000,0.072000,0.928000
63,83,0.352294,0.852658,0.035000,0.072000,0.928000,0.072000,0.928000
63,84,0.455227,0.833046,0.035000,0.072000,0.928000,0.072000,0.928000
63,85,0.561841,0.855104,0.035000,0.072000,0.928000,0.072000,0.928000
63,86,0.638644,0.893000,0.035000,0.072000,0.928000,0.072000,0.928000
63,87,0.726895,0.869356,0.035000,0.072000,0.928000,0.072000,0.928000
63,88,0.823076,0.846633,0.035000,0.072000,0.928000,0.072000,0.928000
63,89,0.893000,0.846022,0.035000,0.072000,0.928000,0.072000,0.928000
64,0,0.108778,0.108778,0.035000,0.073778,0.926222,0.073778,0.926222
64,1,0.183520,0.108778,0.035000,0.073778,0.926222,0.073778,0.926222
64,2,0.264474,0.108778,0.035000,0.073778,0.926222,0.073778,0.926222
64,3,0.357995,0.119731,0.035000,0.073778,0.926222,0.073778,0.926222
64,4,0.471254,0.114256,0.035000,0.073778,0.926222,0.073778,0.926222
64,5,0.542245,0.108778,0.035000,0.073778,0.926222,0.073778,0.926222
64,6,0.633283,0.108778,0.035000,0.073778,0.926222,0.073778,0.926222
64,7,0.740904,0.108778,0.035000,0.073778,0.926222,0.073778,0.926222
64,8,0.823607,0.136607,0.035000,0.073778,0.926222,0.073778,0.926222
64,9,0.891222,0.108778,0.035000,0.073778,0.926222,0.073778,0.926222
64,10,0.108778,0.182502,0.035000,0.073778,0.926222,0.073778,0.926222
64,11,0.207447,0.179396,0.035000,0.073778,0.926222,0.073778,0.926222
64,12,0.294765,0.218078,0.035000,0.073778,0.926222,0.073778,0.926222
64,13,0.373904,0.206868,0.035000,0.073778,0.926222,0.073778,0.926222
64,14,0.482682,0.193430,0.035000,0.073778,0.926222,0.073778,0.926222
64,15,0.586416,0.163039,0.035000,0.073778,0.926222,0.073778,0.926222
64,16,0.650652,0.190856,0.035000,0.073778,0.926222,0.073778,0.926222
64,17,0.744579,0.224512,0.035000,0.073778,0.926222,0.073778,0.926222
64,18,0.828522,0.209479,0.035000,0.073778,0.926222,0.073778,0.926222
64,19,0.891222,0.178626,0.035000,0.073778,0.926222,0.073778,0.926222
64,20,0.108778,0.269904,0.035000,0.073778,0.926222,0.073778,0.926222
64,21,0.177426,0.302185,0.035000,0.073778,0.926222,0.073778,0.926222
64,22,0.273692,0.302491,0.035000,0.073778,0.926222,0.073778,0.926222
64,23,0.359424,0.289469,0.035000,0.073778,0.926222,0.073778,0.926222
64,24,0.443531,0.271238,0.035000,0.073778,0.926222,0.073778,0.926222
64,25,0.560060,0.282094,0.035000,0.073778,0.926222,0.073778,0.926222
64,26,0.647514,0.309781,0.035000,0.073778,0.926222,0.073778,0.926222
64,27,0.726155,0.304799,0.035000,0.073778,0.926222,0.073778,0.926222
64,28,0.807419,0.276222,0.035000,0.073778,0.926222,0.073778,0.926222
64,29,0.891222,0.267772,0.035000,0.073778,0.926222,0.073778,0.926222
64,30,0.108778,0.384790,0.035000,0.073778,0.926222,0.073778,0.926222
64,31,0.192074,0.404765,0.035000,0.073778,0.926222,0.073778,0.926222
64,32,0.291061,0.385705,0.035000,0.073778,0.926222,0.073778,0.926222
64,33,0.396898,0.371981,0.035000,0.073778,0.926222,0.073778,0.926222
64,34,0.473427,0.363349,0.035000,0.073778,0.926222,0.073778,0.926222
64,35,0.564076,0.413479,0.035000,0.073778,0.926222,0.073778,0.926222
64,36,0.668150,0.392512,0.035000,0.073778,0.926222,0.073778,0.926222
64,37,0.764162,0.379299,0.035000,0.073778,0.926222,0.073778,0.926222
64,38,0.825266,0.343915,0.035000,0.073778,0.926222,0.073778,0.926222
64,39,0.891222,0.398720,0.035000,0.073778,0.926222,0.073778,0.926222
64,40,0.108778,0.507541,0.035000,0.073778,0.926222,0.073778,0.926222
64,41,0.182009,0.496745,0.035000,0.073778,0.926222,0.073778,0.926222
64,42,0.259215,0.469779,0.035000,0.073778,0.926222,0.073778,0.926222
64,43,0.361409,0.458062,0.035000,0.073778,0.926222,0.073778,0.926222
64,44,0.473461,0.493560,0.035000,0.073778,0.926222,0.073778,0.926222
64,45,0.553237,0.506138,0.035000,0.073778,0.926222,0.073778,0.926222
64,46,0.626645,0.468861,0.035000,0.073778,0.926222,0.073778,0.926222
64,47,0.737870,0.467887,0.035000,0.073778,0.926222,0.073778,0.926222
64,48,0.835539,0.465655,0.035000,0.073778,0.926222,0.073778,0.926222
64,49,0.891222,0.508021,0.035000,0.073778,0.926222,0.073778,0.926222
64,50,0.108778,0.589576,0.035000,0.073778,0.926222,0.073778,0.926222
64,51,0.203400,0.569482,0.035000,0.073778,0.926222,0.073778,0.926222
64,52,0.301070,0.545215,0.035000,0.073778,0.926222,0.073778,0.926222
64,53,0.367741,0.591103,0.035000,0.073778,0.926222,0.073778,0.926222
64,54,0.473566,0.603449,0.035000,0.073778,0.926222,0.073778,0.926222
64,55,0.583180,0.578213,0.035000,0.073778,0.926222,0.073778,0.926222
64,56,0.657534,0.556906,0.035000,0.073778,0.926222,0.073778,0.926222
64,57,0.740806,0.557974,0.035000,0.073778,0.926222,0.073778,0.926222
64,58,0.823148,0.601949,0.035000,0.073778,0.926222,0.073778,0.926222
64,59,0.891222,0.585982,0.035000,0.073778,0.926222,0.073778,0.926222
64,60,0.108778,0.662127,0.035000,0.073778,0.926222,0.073778,0.926222
64,61,0.175854,0.642033,0.035000,0.073778,0.926222,0.073778,0.926222
64,62,0.273720,0.669265,0.035000,0.073778,0.926222,0.073778,0.926222
64,63,0.367656,0.692997,0.035000,0.073778,0.926222,0.073778,0.926222
64,64,0.446820,0.677351,0.035000,0.073778,0.926222,0.073778,0.926222
64,65,0.543999,0.656143,0.035000,0.073778,0.926222,0.073778,0.926222
64,66,0.662403,0.643377,0.035000,0.073778,0.926222,0.073778,0.926222
64,67,0.731945,0.691026,0.035000,0.073778,0.926222,0.073778,0.926222
64,68,0.809888,0.688414,0.035000,0.073778,0.926222,0.073778,0.926222
64,69,0.891222,0.659720,0.035000,0.073778,0.926222,0.073778,0.926222
64,70,0.108778,0.735535,0.035000,0.073778,0.926222,0.073778,0.926222
64,71,0.195425,0.758683,0.035000,0.073778,0.926222,0.073778,0.926222
64,72,0.285689,0.796611,0.035000,0.073778,0.926222,0.073778,0.926222
64,73,0.388660,0.779886,0.035000,0.073778,0.926222,0.073778,0.926222
64,74,0.480298,0.747536,0.035000,0.073778,0.926222,0.073778,0.926222
64,75,0.568331,0.734052,0.035000,0.073778,0.926222,0.073778,0.926222
64,76,0.657947,0.780656,0.035000,0.073778,0.926222,0.073778,0.926222
64,77,0.758058,0.790248,0.035000,0.073778,0.926222,0.073778,0.926222
64,78,0.826428,0.772111,0.035000,0.073778,0.926222,0.073778,0.926222
64,79,0.891222,0.735656,0.035000,0.073778,0.926222,0.073778,0.926222
64,80,0.108778,0.850982,0.035000,0.073778,0.926222,0.073778,0.926222
64,81,0.188445,0.879472,0.035000,0.073778,0.926222,0.073778,0.926222
64,82,0.267580,0.887048,0.035000,0.073778,0.926222,0.073778,0.926222
64,83,0.353275,0.850099,0.035000,0.073778,0.926222,0.073778,0.926222
64,84,0.458353,0.833422,0.035000,0.073778,0.926222,0.073778,0.926222
64,85,0.559896,0.857846,0.035000,0.073778,0.926222,0.073778,0.926222
64,86,0.636068,0.891222,0.035000,0.073778,0.926222,0.073778,0.926222
64,87,0.729530,0.866872,0.035000,0.073778,0.926222,0.073778,0.926222
64,88,0.821306,0.845080,0.035000,0.073778,0.926222,0.073778,0.926222
64,89,0.891222,0.847663,0.035000,0.073778,0.926222,0.073778,0.926222
65,0,0.110556,0.110556,0.035000,0.075556,0.924444,0.075556,0.924444
65,1,0.180444,0.110556,0.035000,0.075556,0.924444,0.075556,0.924444
65,2,0.266335,0.110556,0.035000,0.075556,0.924444,0.075556,0.924444
65,3,0.360979,0.120860,0.035000,0.075556,0.924444,0.075556,0.924444
65,4,0.467642,0.112197,0.035000,0.075556,0.924444,0.075556,0.924444
65,5,0.540736,0.110556,0.035000,0.075556,0.924444,0.075556,0.924444
65,6,0.636499,0.110556,0.035000,0.075556,0.924444,0.075556,0.924444
65,7,0.742803,0.110556,0.035000,0.075556,0.924444,0.075556,0.924444
65,8,0.819540,0.136482,0.035000,0.075556,0.924444,0.075556,0.924444
65,9,0.889444,0.110556,0.035000,0.075556,0.924444,0.075556,0.924444
65,10,0.110556,0.181807,0.035000,0.075556,0.924444,0.075556,0.924444
65,11,0.207253,0.183002,0.035000,0.075556,0.924444,0.075556,0.924444
65,12,0.291385,0.219771,0.035000,0.075556,0.924444,0.075556,0.924444
65,13,0.375037,0.205044,0.035000,0.075556,0.924444,0.075556,0.924444
65,14,0.485526,0.191084,0.035000,0.075556,0.924444,0.075556,0.924444
65,15,0.584193,0.165394,0.035000,0.075556,0.924444,0.075556,0.924444
65,16,0.648533,0.193770,0.035000,0.075556,0.924444,0.075556,0.924444
65,17,0.747262,0.224758,0.035000,0.075556,0.924444,0.075556,0.924444
65,18,0.824941,0.207475,0.035000,0.075556,0.924444,0.075556,0.924444
65,19,0.889444,0.180480,0.035000,0.075556,0.924444,0.075556,0.924444
65,20,0.110556,0.271965,0.035000,0.075556,0.924444,0.075556,0.924444
65,21,0.181165,0.304426,0.035000,0.075556,0.924444,0.075556,0.924444
65,22,0.273558,0.301213,0.035000,0.075556,0.924444,0.075556,0.924444
65,23,0.356086,0.286783,0.035000,0.075556,0.924444,0.075556,0.924444
65,24,0.444527,0.271466,0.035000,0.075556,0.924444,0.075556,0.924444
65,25,0.563185,0.284851,0.035000,0.075556,0.924444,0.075556,0.924444
65,26,0.645644,0.310667,0.035000,0.075556,0.924444,0.075556,0.924444
65,27,0.723545,0.302382,0.035000,0.075556,0.924444,0.075556,0.924444
65,28,0.808745,0.275622,0.035000,0.075556,0.924444,0.075556,0.924444
65,29,0.889444,0.269440,0.035000,0.075556,0.924444,0.075556,0.924444
65,30,0.110556,0.387299,0.035000,0.075556,0.924444,0.075556,0.924444
65,31,0.191052,0.404096,0.035000,0.075556,0.924444,0.075556,0.924444
65,32,0.294466,0.382918,0.035000,0.075556,0.924444,0.075556,0.924444
65,33,0.396983,0.371553,0.035000,0.075556,0.924444,0.075556,0.924444
65,34,0.470001,0.365946,0.035000,0.075556,0.924444,0.075556,0.924444
65,35,0.564950,0.414959,0.035000,0.075556,0.924444,0.075556,0.924444
65,36,0.671235,0.390496,0.035000,0.075556,0.924444,0.075556,0.924444
65,37,0.760728,0.378014,0.035000,0.075556,0.924444,0.075556,0.924444
65,38,0.824055,0.344695,0.035000,0.075556,0.924444,0.075556,0.924444
65,39,0.889444,0.401828,0.035000,0.075556,0.924444,0.075556,0.924444
65,40,0.110556,0.507562,0.035000,0.075556,0.924444,0.075556,0.924444
65,41,0.179141,0.493985,0.035000,0.075556,0.924444,0.075556,0.924444
65,42,0.258026,0.468720,0.035000,0.075556,0.924444,0.075556,0.924444
65,43,0.364519,0.460244,0.035000,0.075556,0.924444,0.075556,0.924444
65,44,0.473982,0.495664,0.035000,0.075556,0.924444,0.075556,0.924444
65,45,0.549800,0.504632,0.035000,0.075556,0.924444,0.075556,0.924444
65,46,0.627311,0.466151,0.035000,0.075556,0.924444,0.075556,0.924444
65,47,0.741067,0.468472,0.035000,0.075556,0.924444,0.075556,0.924444
65,48,0.833049,0.467792,0.035000,0.075556,0.924444,0.075556,0.924444
65,49,0.889444,0.509208,0.035000,0.075556,0.924444,0.075556,0.924444
65,50,0.110556,0.587052,0.035000,0.075556,0.924444,0.075556,0.924444
65,51,0.205509,0.567843,0.035000,0.075556,0.924444,0.075556,0.924444
65,52,0.298075,0.547082,0.035000,0.075556,0.924444,0.075556,0.924444
65,53,0.366422,0.593490,0.035000,0.075556,0.924444,0.075556,0.924444
65,54,0.476693,0.602618,0.035000,0.075556,0.924444,0.075556,0.924444
65,55,0.583794,0.575378,0.035000,0.075556,0.924444,0.075556,0.924444
65,56,0.652680,0.556972,0.035000,0.075556,0.924444,0.075556,0.924444
65,57,0.742180,0.560337,0.035000,0.075556,0.924444,0.075556,0.924444
65,58,0.822681,0.604056,0.035000,0.075556,0.924444,0.075556,0.924444
65,59,0.889444,0.583229,0.035000,0.075556,0.924444,0.075556,0.924444
65,60,0.110556,0.659986,0.035000,0.075556,0.924444,0.075556,0.924444
65,61,0.179161,0.643205,0.035000,0.075556,0.924444,0.075556,0.924444
65,62,0.275934,0.671918,0.035000,0.075556,0.924444,0.075556,0.924444
65,63,0.364725,0.692700,0.035000,0.075556,0.924444,0.075556,0.924444
65,64,0.445379,0.674592,0.035000,0.075556,0.924444,0.075556,0.924444
65,65,0.547017,0.655341,0.035000,0.075556,0.924444,0.075556,0.924444
65,66,0.663224,0.645782,0.035000,0.075556,0.924444,0.075556,0.924444
65,67,0.728497,0.692822,0.035000,0.075556,0.924444,0.075556,0.924444
65,68,0.809912,0.686800,0.035000,0.075556,0.924444,0.075556,0.924444
65,69,0.889444,0.657121,0.035000,0.075556,0.924444,0.075556,0.924444
65,70,0.110556,0.736436,0.035000,0.075556,0.924444,0.075556,0.924444
65,71,0.192575,0.761465,0.035000,0.075556,0.924444,0.075556,0.924444
65,72,0.287895,0.796990,0.035000,0.075556,0.924444,0.075556,0.924444
65,73,0.390999,0.777233,0.035000,0.075556,0.924444,0.075556,0.924444
65,74,0.477359,0.746123,0.035000,0.075556,0.924444,0.075556,0.924444
65,75,0.566856,0.736076,0.035000,0.075556,0.924444,0.075556,0.924444
65,76,0.661257,0.782916,0.035000,0.075556,0.924444,0.075556,0.924444
65,77,0.756307,0.789555,0.035000,0.075556,0.924444,0.075556,0.924444
65,78,0.824617,0.769120,0.035000,0.075556,0.924444,0.075556,0.924444
65,79,0.889444,0.735560,0.035000,0.075556,0.924444,0.075556,0.924444
65,80,0.110556,0.853719,0.035000,0.075556,0.924444,0.075556,0.924444
65,81,0.187181,0.880483,0.035000,0.075556,0.924444,0.075556,0.924444
65,82,0.264579,0.884716,0.035000,0.075556,0.924444,0.075556,0.924444
65,83,0.355356,0.848210,0.035000,0.075556,0.924444,0.075556,0.924444
65,84,0.460769,0.834980,0.035000,0.075556,0.924444,0.075556,0.924444
65,85,0.557061,0.860386,0.035000,0.075556,0.924444,0.075556,0.924444
65,86,0.634447,0.889444,0.035000,0.075556,0.924444,0.075556,0.924444
65,87,0.732792,0.864091,0.035000,0.075556,0.924444,0.075556,0.924444
65,88,0.819619,0.844648,0.035000,0.075556,0.924444,0.075556,0.924444
65,89,0.889444,0.850083,0.035000,0.075556,0.924444,0.075556,0.924444
66,0,0.112333,0.112333,0.035000,0.077333,0.922667,0.077333,0.922667
66,1,0.182254,0.112333,0.035000,0.077333,0.922667,0.077333,0.922667
66,2,0.269156,0.112333,0.035000,0.077333,0.922667,0.077333,0.922667
66,3,0.363177,0.120744,0.035000,0.077333,0.922667,0.077333,0.922667
66,4,0.463426,0.112333,0.035000,0.077333,0.922667,0.077333,0.922667
66,5,0.539986,0.112333,0.035000,0.077333,0.922667,0.077333,0.922667
66,6,0.640195,0.112333,0.035000,0.077333,0.922667,0.077333,0.922667
66,7,0.743494,0.112333,0.035000,0.077333,0.922667,0.077333,0.922667
66,8,0.815376,0.135137,0.035000,0.077333,0.922667,0.077333,0.922667
66,9,0.887667,0.112333,0.035000,0.077333,0.922667,0.077333,0.922667
66,10,0.112333,0.182378,0.035000,0.077333,0.922667,0.077333,0.922667
66,11,0.205860,0.186725,0.035000,0.077333,0.922667,0.077333,0.922667
66,12,0.288457,0.220309,0.035000,0.077333,0.922667,0.077333,0.922667
66,13,0.377243,0.202479,0.035000,0.077333,0.922667,0.077333,0.922667
66,14,0.487652,0.189585,0.035000,0.077333,0.922667,0.077333,0.922667
66,15,0.581276,0.168816,0.035000,0.077333,0.922667,0.077333,0.922667
66,16,0.647334,0.196230,0.035000,0.077333,0.922667,0.077333,0.922667
66,17,0.750535,0.223749,0.035000,0.077333,0.922667,0.077333,0.922667
66,18,0.821535,0.205180,0.035000,0.077333,0.922667,0.077333,0.922667
66,19,0.887667,0.182332,0.035000,0.077333,0.922667,0.077333,0.922667
66,20,0.112333,0.274601,0.035000,0.077333,0.922667,0.077333,0.922667
66,21,0.184785,0.305656,0.035000,0.077333,0.922667,0.077333,0.922667
66,22,0.272226,0.298973,0.035000,0.077333,0.922667,0.077333,0.922667
66,23,0.353145,0.284716,0.035000,0.077333,0.922667,0.077333,0.922667
66,24,0.446621,0.272899,0.035000,0.077333,0.922667,0.077333,0.922667
66,25,0.565600,0.287473,0.035000,0.077333,0.922667,0.077333,0.922667
66,26,0.642875,0.310292,0.035000,0.077333,0.922667,0.077333,0.922667
66,27,0.721896,0.299599,0.035000,0.077333,0.922667,0.077333,0.922667
66,28,0.810963,0.275709,0.035000,0.077333,0.922667,0.077333,0.922667
66,29,0.887667,0.271920,0.035000,0.077333,0.922667,0.077333,0.922667
66,30,0.112333,0.389019,0.035000,0.077333,0.922667,0.077333,0.922667
66,31,0.191254,0.402300,0.035000,0.077333,0.922667,0.077333,0.922667
66,32,0.297847,0.380473,0.035000,0.077333,0.922667,0.077333,0.922667
66,33,0.395849,0.372387,0.035000,0.077333,0.922667,0.077333,0.922667
66,34,0.466936,0.368709,0.035000,0.077333,0.922667,0.077333,0.922667
66,35,0.566943,0.415240,0.035000,0.077333,0.922667,0.077333,0.922667
66,36,0.673664,0.387840,0.035000,0.077333,0.922667,0.077333,0.922667
66,37,0.756611,0.377523,0.035000,0.077333,0.922667,0.077333,0.922667
66,38,0.823552,0.346541,0.035000,0.077333,0.922667,0.077333,0.922667
66,39,0.887667,0.404343,0.035000,0.077333,0.922667,0.077333,0.922667
66,40,0.112333,0.507249,0.035000,0.077333,0.922667,0.077333,0.922667
66,41,0.180186,0.490371,0.035000,0.077333,0.922667,0.077333,0.922667
66,42,0.258060,0.468908,0.035000,0.077333,0.922667,0.077333,0.922667
66,43,0.367695,0.462897,0.035000,0.077333,0.922667,0.077333,0.922667
66,44,0.473232,0.496683,0.035000,0.077333,0.922667,0.077333,0.922667
66,45,0.546676,0.502247,0.035000,0.077333,0.922667,0.077333,0.922667
66,46,0.629125,0.464177,0.035000,0.077333,0.922667,0.077333,0.922667
66,47,0.743640,0.470207,0.035000,0.077333,0.922667,0.077333,0.922667
66,48,0.829717,0.469797,0.035000,0.077333,0.922667,0.077333,0.922667
66,49,0.887667,0.509021,0.035000,0.077333,0.922667,0.077333,0.922667
66,50,0.112333,0.584276,0.035000,0.077333,0.922667,0.077333,0.922667
66,51,0.206523,0.567369,0.035000,0.077333,0.922667,0.077333,0.922667
66,52,0.294670,0.549667,0.035000,0.077333,0.922667,0.077333,0.922667
66,53,0.366318,0.594997,0.035000,0.077333,0.922667,0.077333,0.922667
66,54,0.479927,0.600706,0.035000,0.077333,0.922667,0.077333,0.922667
66,55,0.581204,0.573505,0.035000,0.077333,0.922667,0.077333,0.922667
66,56,0.650236,0.557753,0.035000,0.077333,0.922667,0.077333,0.922667
66,57,0.744596,0.562793,0.035000,0.077333,0.922667,0.077333,0.922667
66,58,0.822291,0.604860,0.035000,0.077333,0.922667,0.077333,0.922667
66,59,0.887667,0.579970,0.035000,0.077333,0.922667,0.077333,0.922667
66,60,0.112333,0.658864,0.035000,0.077333,0.922667,0.077333,0.922667
66,61,0.183074,0.645344,0.035000,0.077333,0.922667,0.077333,0.922667
66,62,0.277077,0.673930,0.035000,0.077333,0.922667,0.077333,0.922667
66,63,0.361339,0.691207,0.035000,0.077333,0.922667,0.077333,0.922667
66,64,0.445141,0.671996,0.035000,0.077333,0.922667,0.077333,0.922667
66,65,0.550202,0.655799,0.035000,0.077333,0.922667,0.077333,0.922667
66,66,0.662763,0.648533,0.035000,0.077333,0.922667,0.077333,0.922667
66,67,0.725267,0.693492,0.035000,0.077333,0.922667,0.077333,0.922667
66,68,0.811175,0.684379,0.035000,0.077333,0.922667,0.077333,0.922667
66,69,0.887667,0.655352,0.035000,0.077333,0.922667,0.077333,0.922667
66,70,0.112333,0.738427,0.035000,0.077333,0.922667,0.077333,0.922667
66,71,0.190541,0.763878,0.035000,0.077333,0.922667,0.077333,0.922667
66,72,0.290893,0.796108,0.035000,0.077333,0.922667,0.077333,0.922667
66,73,0.392289,0.774448,0.035000,0.077333,0.922667,0.077333,0.922667
66,74,0.473933,0.745916,0.035000,0.077333,0.922667,0.077333,0.922667
66,75,0.566558,0.738722,0.035000,0.077333,0.922667,0.077333,0.922667
66,76,0.664734,0.784213,0.035000,0.077333,0.922667,0.077333,0.922667
66,77,0.753674,0.787792,0.035000,0.077333,0.922667,0.077333,0.922667
66,78,0.822734,0.766733,0.035000,0.077333,0.922667,0.077333,0.922667
66,79,0.887667,0.736715,0.035000,0.077333,0.922667,0.077333,0.922667
66,80,0.112333,0.856383,0.035000,0.077333,0.922667,0.077333,0.922667
66,81,0.184869,0.880241,0.035000,0.077333,0.922667,0.077333,0.922667
66,82,0.262368,0.881957,0.035000,0.077333,0.922667,0.077333,0.922667
66,83,0.358268,0.847397,0.035000,0.077333,0.922667,0.077333,0.922667
66,84,0.462165,0.837398,0.035000,0.077333,0.922667,0.077333,0.922667
66,85,0.553691,0.862188,0.035000,0.077333,0.922667,0.077333,0.922667
66,86,0.633993,0.887667,0.035000,0.077333,0.922667,0.077333,0.922667
66,87,0.736270,0.861591,0.035000,0.077333,0.922667,0.077333,0.922667
66,88,0.817291,0.845473,0.035000,0.077333,0.922667,0.077333,0.922667
66,89,0.887667,0.852736,0.035000,0.077333,0.922667,0.077333,0.922667
67,0,0.114111,0.114111,0.035000,0.079111,0.920889,0.079111,0.920889
67,1,0.184061,0.114111,0.035000,0.079111,0.920889,0.079111,0.920889
67,2,0.272654,0.114111,0.035000,0.079111,0.920889,0.079111,0.920889
67,3,0.364305,0.119409,0.035000,0.079111,0.920889,0.079111,0.920889
67,4,0.458947,0.114111,0.035000,0.079111,0.920889,0.079111,0.920889
67,5,0.540201,0.114111,0.035000,0.079111,0.920889,0.079111,0.920889
67,6,0.643956,0.114111,0.035000,0.079111,0.920889,0.079111,0.920889
67,7,0.742922,0.114111,0.035000,0.079111,0.920889,0.079111,0.920889
67,8,0.811537,0.132910,0.035000,0.079111,0.920889,0.079111,0.920889
67,9,0.885889,0.114111,0.035000,0.079111,0.920889,0.079111,0.920889
67,10,0.114111,0.184206,0.035000,0.079111,0.920889,0.079111,0.920889
67,11,0.203446,0.190012,0.035000,0.079111,0.920889,0.079111,0.920889
67,12,0.286357,0.219582,0.035000,0.079111,0.920889,0.079111,0.920889
67,13,0.380240,0.199705,0.035000,0.079111,0.920889,0.079111,0.920889
67,14,0.488760,0.189260,0.035000,0.079111,0.920889,0.079111,0.920889
67,15,0.578006,0.172976,0.035000,0.079111,0.920889,0.079111,0.920889
67,16,0.647273,0.197761,0.035000,0.079111,0.920889,0.079111,0.920889
67,17,0.751394,0.222424,0.035000,0.079111,0.920889,0.079111,0.920889
67,18,0.818597,0.202941,0.035000,0.079111,0.920889,0.079111,0.920889
67,19,0.885889,0.184168,0.035000,0.079111,0.920889,0.079111,0.920889
67,20,0.114111,0.277248,0.035000,0.079111,0.920889,0.079111,0.920889
67,21,0.187865,0.305635,0.035000,0.079111,0.920889,0.079111,0.920889
67,22,0.269856,0.296237,0.035000,0.079111,0.920889,0.079111,0.920889
67,23,0.350986,0.283693,0.035000,0.079111,0.920889,0.079111,0.920889
67,24,0.449543,0.275243,0.035000,0.079111,0.920889,0.079111,0.920889
67,25,0.566994,0.289416,0.035000,0.079111,0.920889,0.079111,0.920889
67,26,0.639561,0.308734,0.035000,0.079111,0.920889,0.079111,0.920889
67,27,0.721419,0.297025,0.035000,0.079111,0.920889,0.079111,0.920889
67,28,0.813550,0.276941,0.035000,0.079111,0.920889,0.079111,0.920889
67,29,0.885889,0.274698,0.035000,0.079111,0.920889,0.079111,0.920889
67,30,0.114111,0.389592,0.035000,0.079111,0.920889,0.079111,0.920889
67,31,0.192655,0.399749,0.035000,0.079111,0.920889,0.079111,0.920889
67,32,0.300773,0.378876,0.035000,0.079111,0.920889,0.079111,0.920889
67,33,0.393641,0.374312,0.035000,0.079111,0.920889,0.079111,0.920889
67,34,0.464625,0.371061,0.035000,0.079111,0.920889,0.079111,0.920889
67,35,0.569798,0.414266,0.035000,0.079111,0.920889,0.079111,0.920889
67,36,0.675112,0.385093,0.035000,0.079111,0.920889,0.079111,0.920889
67,37,0.752118,0.378127,0.035000,0.079111,0.920889,0.079111,0.920889
67,38,0.824018,0.349005,0.035000,0.079111,0.920889,0.079111,0.920889
67,39,0.885889,0.405819,0.035000,0.079111,0.920889,0.079111,0.920889
67,40,0.114111,0.506086,0.035000,0.079111,0.920889,0.079111,0.920889
67,41,0.181448,0.487238,0.035000,0.079111,0.920889,0.079111,0.920889
67,42,0.259307,0.470308,0.035000,0.079111,0.920889,0.079111,0.920889
67,43,0.370494,0.465447,0.035000,0.079111,0.920889,0.079111,0.920889
67,44,0.471349,0.496427,0.035000,0.079111,0.920889,0.079111,0.920889
67,45,0.544265,0.499477,0.035000,0.079111,0.920889,0.079111,0.920889
67,46,0.631847,0.463324,0.035000,0.079111,0.920889,0.079111,0.920889
67,47,0.745255,0.472753,0.035000,0.079111,0.920889,0.079111,0.920889
67,48,0.825886,0.471157,0.035000,0.079111,0.920889,0.079111,0.920889
67,49,0.885889,0.507169,0.035000,0.079111,0.920889,0.079111,0.920889
67,50,0.114111,0.581823,0.035000,0.079111,0.920889,0.079111,0.920889
67,51,0.206312,0.568159,0.035000,0.079111,0.920889,0.079111,0.920889
67,52,0.291291,0.552433,0.035000,0.079111,0.920889,0.079111,0.920889
67,53,0.367437,0.595312,0.035000,0.079111,0.920889,0.079111,0.920889
67,54,0.482826,0.598126,0.035000,0.079111,0.920889,0.079111,0.920889
67,55,0.577128,0.572659,0.035000,0.079111,0.920889,0.079111,0.920889
67,56,0.648979,0.559444,0.035000,0.079111,0.920889,0.079111,0.920889
67,57,0.747846,0.564767,0.035000,0.079111,0.920889,0.079111,0.920889
67,58,0.821433,0.604367,0.035000,0.079111,0.920889,0.079111,0.920889
67,59,0.885889,0.577174,0.035000,0.079111,0.920889,0.079111,0.920889
67,60,0.114111,0.658992,0.035000,0.079111,0.920889,0.079111,0.920889
67,61,0.187222,0.647973,0.035000,0.079111,0.920889,0.079111,0.920889
67,62,0.277002,0.674882,0.035000,0.079111,0.920889,0.079111,0.920889
67,63,0.357931,0.688825,0.035000,0.079111,0.920889,0.079111,0.920889
67,64,0.446132,0.670103,0.035000,0.079111,0.920889,0.079111,0.920889
67,65,0.553108,0.657427,0.035000,0.079111,0.920889,0.079111,0.920889
67,66,0.661122,0.651050,0.035000,0.079111,0.920889,0.079111,0.920889
67,67,0.722669,0.692894,0.035000,0.079111,0.920889,0.079111,0.920889
67,68,0.813455,0.681677,0.035000,0.079111,0.920889,0.079111,0.920889
67,69,0.885889,0.654757,0.035000,0.079111,0.920889,0.079111,0.920889
67,70,0.114111,0.741126,0.035000,0.079111,0.920889,0.079111,0.920889
67,71,0.189593,0.765422,0.035000,0.079111,0.920889,0.079111,0.920889
67,72,0.294298,0.794148,0.035000,0.079111,0.920889,0.079111,0.920889
67,73,0.392366,0.772106,0.035000,0.079111,0.920889,0.079111,0.920889
67,74,0.470446,0.746960,0.035000,0.079111,0.920889,0.079111,0.920889
67,75,0.567484,0.741433,0.035000,0.079111,0.920889,0.079111,0.920889
67,76,0.667937,0.784281,0.035000,0.079111,0.920889,0.079111,0.920889
67,77,0.750186,0.785420,0.035000,0.079111,0.920889,0.079111,0.920889
67,78,0.821179,0.765413,0.035000,0.079111,0.920889,0.079111,0.920889
67,79,0.885889,0.738822,0.035000,0.079111,0.920889,0.079111,0.920889
67,80,0.114111,0.858419,0.035000,0.079111,0.920889,0.079111,0.920889
67,81,0.181805,0.878796,0.035000,0.079111,0.920889,0.079111,0.920889
67,82,0.261231,0.879345,0.035000,0.079111,0.920889,0.079111,0.920889
67,83,0.361636,0.847839,0.035000,0.079111,0.920889,0.079111,0.920889
67,84,0.462363,0.840171,0.035000,0.079111,0.920889,0.079111,0.920889
67,85,0.550209,0.862873,0.035000,0.079111,0.920889,0.079111,0.920889
67,86,0.634768,0.885889,0.035000,0.079111,0.920889,0.079111,0.920889
67,87,0.739521,0.859891,0.035000,0.079111,0.920889,0.079111,0.920889
67,88,0.814067,0.847400,0.035000,0.079111,0.920889,0.079111,0.920889
67,89,0.885889,0.855054,0.035000,0.079111,0.920889,0.079111,0.920889
68,0,0.115889,0.115889,0.035000,0.080889,0.919111,0.080889,0.919111
68,1,0.185881,0.115889,0.035000,0.080889,0.919111,0.080889,0.919111
68,2,0.276448,0.115889,0.035000,0.080889,0.919111,0.080889,0.919111
68,3,0.364217,0.117131,0.035000,0.080889,0.919111,0.080889,0.919111
68,4,0.454609,0.115889,0.035000,0.080889,0.919111,0.080889,0.919111
68,5,0.541448,0.115889,0.035000,0.080889,0.919111,0.080889,0.919111
68,6,0.647352,0.115889,0.035000,0.080889,0.919111,0.080889,0.919111
68,7,0.740444,0.115889,0.035000,0.080889,0.919111,0.080889,0.919111
68,8,0.809165,0.130497,0.035000,0.080889,0.919111,0.080889,0.919111
68,9,0.884111,0.115889,0.035000,0.080889,0.919111,0.080889,0.919111
68,10,0.115889,0.186715,0.035000,0.080889,0.919111,0.080889,0.919111
68,11,0.200321,0.192367,0.035000,0.080889,0.919111,0.080889,0.919111
68,12,0.285354,0.217740,0.035000,0.080889,0.919111,0.080889,0.919111
68,13,0.383644,0.197299,0.035000,0.080889,0.919111,0.080889,0.919111
68,14,0.488681,0.190187,0.035000,0.080889,0.919111,0.080889,0.919111
68,15,0.574783,0.177385,0.035000,0.080889,0.919111,0.080889,0.919111
68,16,0.648401,0.198068,0.035000,0.080889,0.919111,0.080889,0.919111
68,17,0.748821,0.221392,0.035000,0.080889,0.919111,0.080889,0.919111
68,18,0.815848,0.201285,0.035000,0.080889,0.919111,0.080889,0.919111
68,19,0.884111,0.186262,0.035000,0.080889,0.919111,0.080889,0.919111
68,20,0.115889,0.279341,0.035000,0.080889,0.919111,0.080889,0.919111
68,21,0.190045,0.304380,0.035000,0.080889,0.919111,0.080889,0.919111
68,22,0.266744,0.293574,0.035000,0.080889,0.919111,0.080889,0.919111
68,23,0.349894,0.283926,0.035000,0.080889,0.919111,0.080889,0.919111
68,24,0.452919,0.278011,0.035000,0.080889,0.919111,0.080889,0.919111
68,25,0.567188,0.290275,0.035000,0.080889,0.919111,0.080889,0.919111
68,26,0.636128,0.306317,0.035000,0.080889,0.919111,0.080889,0.919111
68,27,0.722175,0.295194,0.035000,0.080889,0.919111,0.080889,0.919111
68,28,0.814231,0.279275,0.035000,0.080889,0.919111,0.080889,0.919111
68,29,0.884111,0.277144,0.035000,0.080889,0.919111,0.080889,0.919111
68,30,0.115889,0.388898,0.035000,0.080889,0.919111,0.080889,0.919111
68,31,0.195075,0.396973,0.035000,0.080889,0.919111,0.080889,0.919111
68,32,0.302868,0.378456,0.035000,0.080889,0.919111,0.080889,0.919111
68,33,0.390645,0.376929,0.035000,0.080889,0.919111,0.080889,0.919111
68,34,0.463362,0.372514,0.035000,0.080889,0.919111,0.080889,0.919111
68,35,0.573151,0.412238,0.035000,0.080889,0.919111,0.080889,0.919111
68,36,0.675384,0.382826,0.035000,0.080889,0.919111,0.080889,0.919111
68,37,0.747638,0.379867,0.035000,0.080889,0.919111,0.080889,0.919111
68,38,0.825558,0.351520,0.035000,0.080889,0.919111,0.080889,0.919111
68,39,0.884111,0.406016,0.035000,0.080889,0.919111,0.080889,0.919111
68,40,0.115889,0.504438,0.035000,0.080889,0.919111,0.080889,0.919111
68,41,0.183093,0.485112,0.035000,0.080889,0.919111,0.080889,0.919111
68,42,0.261605,0.472628,0.035000,0.080889,0.919111,0.080889,0.919111
68,43,0.372530,0.467343,0.035000,0.080889,0.919111,0.080889,0.919111
68,44,0.468606,0.494970,0.035000,0.080889,0.919111,0.080889,0.919111
68,45,0.542878,0.496900,0.035000,0.080889,0.919111,0.080889,0.919111
68,46,0.635118,0.463749,0.035000,0.080889,0.919111,0.080889,0.919111
68,47,0.745700,0.475600,0.035000,0.080889,0.919111,0.080889,0.919111
68,48,0.822174,0.471606,0.035000,0.080889,0.919111,0.080889,0.919111
68,49,0.884111,0.504218,0.035000,0.080889,0.919111,0.080889,0.919111
68,50,0.115889,0.580204,0.035000,0.080889,0.919111,0.080889,0.919111
68,51,0.204903,0.570049,0.035000,0.080889,0.919111,0.080889,0.919111
68,52,0.288370,0.554804,0.035000,0.080889,0.919111,0.080889,0.919111
68,53,0.369631,0.594369,0.035000,0.080889,0.919111,0.080889,0.919111
68,54,0.484993,0.595431,0.035000,0.080889,0.919111,0.080889,0.919111
68,55,0.572500,0.572952,0.035000,0.080889,0.919111,0.080889,0.919111
68,56,0.648531,0.561786,0.035000,0.080889,0.919111,0.080889,0.919111
68,57,0.751597,0.565797,0.035000,0.080889,0.919111,0.080889,0.919111
68,58,0.819834,0.602790,0.035000,0.080889,0.919111,0.080889,0.919111
68,59,0.884111,0.575147,0.035000,0.080889,0.919111,0.080889,0.919111
68,60,0.115889,0.660339,0.035000,0.080889,0.919111,0.080889,0.919111
68,61,0.191185,0.650517,0.035000,0.080889,0.919111,0.080889,0.919111
68,62,0.275719,0.674577,0.035000,0.080889,0.919111,0.080889,0.919111
68,63,0.354936,0.686046,0.035000,0.080889,0.919111,0.080889,0.919111
68,64,0.448221,0.669307,0.035000,0.080889,0.919111,0.080889,0.919111
68,65,0.555330,0.659889,0.035000,0.080889,0.919111,0.080889,0.919111
68,66,0.658550,0.652807,0.035000,0.080889,0.919111,0.080889,0.919111
68,67,0.721036,0.691154,0.035000,0.080889,0.919111,0.080889,0.919111
68,68,0.816412,0.679271,0.035000,0.080889,0.919111,0.080889,0.919111
68,69,0.884111,0.655440,0.035000,0.080889,0.919111,0.080889,0.919111
68,70,0.115889,0.744003,0.035000,0.080889,0.919111,0.080889,0.919111
68,71,0.189861,0.765778,0.035000,0.080889,0.919111,0.080889,0.919111
68,72,0.297675,0.791518,0.035000,0.080889,0.919111,0.080889,0.919111
68,73,0.391224,0.770687,0.035000,0.080889,0.919111,0.080889,0.919111
68,74,0.467336,0.749039,0.035000,0.080889,0.919111,0.080889,0.919111
68,75,0.569520,0.743641,0.035000,0.080889,0.919111,0.080889,0.919111
68,76,0.670460,0.783107,0.035000,0.080889,0.919111,0.080889,0.919111
68,77,0.746024,0.783009,0.035000,0.080889,0.919111,0.080889,0.919111
68,78,0.818853,0.765972,0.035000,0.080889,0.919111,0.080889,0.919111
68,79,0.884111,0.740827,0.035000,0.080889,0.919111,0.080889,0.919111
68,80,0.115889,0.858048,0.035000,0.080889,0.919111,0.080889,0.919111
68,81,0.182966,0.877804,0.035000,0.080889,0.919111,0.080889,0.919111
68,82,0.261313,0.877424,0.035000,0.080889,0.919111,0.080889,0.919111
68,83,0.365026,0.849453,0.035000,0.080889,0.919111,0.080889,0.919111
68,84,0.461336,0.842724,0.035000,0.080889,0.919111,0.080889,0.919111
68,85,0.547052,0.862294,0.035000,0.080889,0.919111,0.080889,0.919111
68,86,0.636676,0.884111,0.035000,0.080889,0.919111,0.080889,0.919111
68,87,0.741347,0.859457,0.035000,0.080889,0.919111,0.080889,0.919111
68,88,0.810904,0.849944,0.035000,0.080889,0.919111,0.080889,0.919111
68,89,0.884111,0.856532,0.035000,0.080889,0.919111,0.080889,0.919111
69,0,0.117667,0.117667,0.035000,0.082667,0.917333,0.082667,0.917333
69,1,0.188059,0.117667,0.035000,0.082667,0.917333,0.082667,0.917333
69,2,0.280108,0.117667,0.035000,0.082667,0.917333,0.082667,0.917333
69,3,0.362922,0.117667,0.035000,0.082667,0.917333,0.082667,0.917333
69,4,0.450823,0.117667,0.035000,0.082667,0.917333,0.082667,0.917333
69,5,0.543614,0.117667,0.035000,0.082667,0.917333,0.082667,0.917333
69,6,0.649989,0.117667,0.035000,0.082667,0.917333,0.082667,0.917333
69,7,0.736749,0.117667,0.035000,0.082667,0.917333,0.082667,0.917333
69,8,0.808136,0.128370,0.035000,0.082667,0.917333,0.082667,0.917333
69,9,0.882333,0.117667,0.035000,0.082667,0.917333,0.082667,0.917333
69,10,0.117667,0.189493,0.035000,0.082667,0.917333,0.082667,0.917333
69,11,0.196886,0.193462,0.035000,0.082667,0.917333,0.082667,0.917333
69,12,0.285576,0.215166,0.035000,0.082667,0.917333,0.082667,0.917333
69,13,0.387019,0.195760,0.035000,0.082667,0.917333,0.082667,0.917333
69,14,0.487406,0.192186,0.035000,0.082667,0.917333,0.082667,0.917333
69,15,0.572039,0.181571,0.035000,0.082667,0.917333,0.082667,0.917333
69,16,0.650608,0.197111,0.035000,0.082667,0.917333,0.082667,0.917333
69,17,0.746113,0.220150,0.035000,0.082667,0.917333,0.082667,0.917333
69,18,0.813309,0.200566,0.035000,0.082667,0.917333,0.082667,0.917333
69,19,0.882333,0.189168,0.035000,0.082667,0.917333,0.082667,0.917333
69,20,0.117667,0.280435,0.035000,0.082667,0.917333,0.082667,0.917333
69,21,0.191076,0.302165,0.035000,0.082667,0.917333,0.082667,0.917333
69,22,0.263281,0.291539,0.035000,0.082667,0.917333,0.082667,0.917333
69,23,0.350014,0.285363,0.035000,0.082667,0.917333,0.082667,0.917333
69,24,0.456314,0.280631,0.035000,0.082667,0.917333,0.082667,0.917333
69,25,0.564910,0.289592,0.035000,0.082667,0.917333,0.082667,0.917333
69,26,0.634263,0.303823,0.035000,0.082667,0.917333,0.082667,0.917333
69,27,0.724066,0.294483,0.035000,0.082667,0.917333,0.082667,0.917333
69,28,0.812495,0.282394,0.035000,0.082667,0.917333,0.082667,0.917333
69,29,0.882333,0.278721,0.035000,0.082667,0.917333,0.082667,0.917333
69,30,0.117667,0.387083,0.035000,0.082667,0.917333,0.082667,0.917333
69,31,0.198204,0.394549,0.035000,0.082667,0.917333,0.082667,0.917333
69,32,0.303865,0.379299,0.035000,0.082667,0.917333,0.082667,0.917333
69,33,0.387243,0.379697,0.035000,0.082667,0.917333,0.082667,0.917333
69,34,0.463310,0.372764,0.035000,0.082667,0.917333,0.082667,0.917333
69,35,0.576572,0.409578,0.035000,0.082667,0.917333,0.082667,0.917333
69,36,0.673906,0.381511,0.035000,0.082667,0.917333,0.082667,0.917333
69,37,0.744115,0.382526,0.035000,0.082667,0.917333,0.082667,0.917333
69,38,0.828115,0.353517,0.035000,0.082667,0.917333,0.082667,0.917333
69,39,0.882333,0.404948,0.035000,0.082667,0.917333,0.082667,0.917333
69,40,0.117667,0.502738,0.035000,0.082667,0.917333,0.082667,0.917333
69,41,0.185143,0.484346,0.035000,0.082667,0.917333,0.082667,0.917333
69,42,0.264654,0.475390,0.035000,0.082667,0.917333,0.082667,0.917333
69,43,0.373515,0.468175,0.035000,0.082667,0.917333,0.082667,0.917333
69,44,0.465386,0.492632,0.035000,0.082667,0.917333,0.082667,0.917333
69,45,0.542690,0.495050,0.035000,0.082667,0.917333,0.082667,0.917333
69,46,0.638513,0.465347,0.035000,0.082667,0.917333,0.082667,0.917333
69,47,0.744916,0.478171,0.035000,0.082667,0.917333,0.082667,0.917333
69,48,0.818917,0.470920,0.035000,0.082667,0.917333,0.082667,0.917333
69,49,0.882333,0.500979,0.035000,0.082667,0.917333,0.082667,0.917333
69,50,0.117667,0.579756,0.035000,0.082667,0.917333,0.082667,0.917333
69,51,0.202477,0.572647,0.035000,0.082667,0.917333,0.082667,0.917333
69,52,0.286281,0.556287,0.035000,0.082667,0.917333,0.082667,0.917333
69,53,0.372615,0.592364,0.035000,0.082667,0.917333,0.082667,0.917333
69,54,0.486130,0.593192,0.035000,0.082667,0.917333,0.082667,0.917333
69,55,0.567639,0.574425,0.035000,0.082667,0.917333,0.082667,0.917333
69,56,0.649113,0.564213,0.035000,0.082667,0.917333,0.082667,0.917333
69,57,0.755444,0.565621,0.035000,0.082667,0.917333,0.082667,0.917333
69,58,0.817487,0.600524,0.035000,0.082667,0.917333,0.082667,0.917333
69,59,0.882333,0.574206,0.035000,0.082667,0.917333,0.082667,0.917333
69,60,0.117667,0.662622,0.035000,0.082667,0.917333,0.082667,0.917333
69,61,0.194550,0.652424,0.035000,0.082667,0.917333,0.082667,0.917333
69,62,0.273391,0.673078,0.035000,0.082667,0.917333,0.082667,0.917333
69,63,0.352737,0.683444,0.035000,0.082667,0.917333,0.082667,0.917333
69,64,0.451138,0.669776,0.035000,0.082667,0.917333,0.082667,0.917333
69,65,0.556555,0.662678,0.035000,0.082667,0.917333,0.082667,0.917333
69,66,0.655408,0.653434,0.035000,0.082667,0.917333,0.082667,0.917333
69,67,0.720577,0.688634,0.035000,0.082667,0.917333,0.082667,0.917333
69,68,0.816215,0.678849,0.035000,0.082667,0.917333,0.082667,0.917333
69,69,0.882333,0.656072,0.035000,0.082667,0.917333,0.082667,0.917333
69,70,0.117667,0.746485,0.035000,0.082667,0.917333,0.082667,0.917333
69,71,0.191319,0.764874,0.035000,0.082667,0.917333,0.082667,0.917333
69,72,0.300590,0.788765,0.035000,0.082667,0.917333,0.082667,0.917333
69,73,0.389011,0.770481,0.035000,0.082667,0.917333,0.082667,0.917333
69,74,0.464991,0.751723,0.035000,0.082667,0.917333,0.082667,0.917333
69,75,0.572410,0.744883,0.035000,0.082667,0.917333,0.082667,0.917333
69,76,0.671718,0.780940,0.035000,0.082667,0.917333,0.082667,0.917333
69,77,0.741763,0.781130,0.035000,0.082667,0.917333,0.082667,0.917333
69,78,0.817133,0.767917,0.035000,0.082667,0.917333,0.082667,0.917333
69,79,0.882333,0.742623,0.035000,0.082667,0.917333,0.082667,0.917333
69,80,0.117667,0.856300,0.035000,0.082667,0.917333,0.082667,0.917333
69,81,0.184611,0.876519,0.035000,0.082667,0.917333,0.082667,0.917333
69,82,0.262602,0.876592,0.035000,0.082667,0.917333,0.082667,0.917333
69,83,0.368003,0.851913,0.035000,0.082667,0.917333,0.082667,0.917333
69,84,0.459216,0.844526,0.035000,0.082667,0.917333,0.082667,0.917333
69,85,0.544621,0.860569,0.035000,0.082667,0.917333,0.082667,0.917333
69,86,0.639475,0.882333,0.035000,0.082667,0.917333,0.082667,0.917333
69,87,0.739481,0.860676,0.035000,0.082667,0.917333,0.082667,0.917333
69,88,0.810037,0.852297,0.035000,0.082667,0.917333,0.082667,0.917333
69,89,0.882333,0.856842,0.035000,0.082667,0.917333,0.082667,0.917333
70,0,0.119444,0.119444,0.035000,0.084444,0.915556,0.084444,0.915556
70,1,0.191144,0.119444,0.035000,0.084444,0.915556,0.084444,0.915556
70,2,0.283215,0.119444,0.035000,0.084444,0.915556,0.084444,0.915556
70,3,0.360584,0.119444,0.035000,0.084444,0.915556,0.084444,0.915556
70,4,0.447952,0.119444,0.035000,0.084444,0.915556,0.084444,0.915556
70,5,0.546418,0.119444,0.035000,0.084444,0.915556,0.084444,0.915556
70,6,0.651567,0.119444,0.035000,0.084444,0.915556,0.084444,0.915556
70,7,0.732652,0.119444,0.035000,0.084444,0.915556,0.084444,0.915556
70,8,0.808191,0.126946,0.035000,0.084444,0.915556,0.084444,0.915556
70,9,0.880556,0.119444,0.035000,0.084444,0.915556,0.084444,0.915556
70,10,0.119444,0.191963,0.035000,0.084444,0.915556,0.084444,0.915556
70,11,0.193580,0.193204,0.035000,0.084444,0.915556,0.084444,0.915556
70,12,0.286995,0.212396,0.035000,0.084444,0.915556,0.084444,0.915556
70,13,0.389931,0.195409,0.035000,0.084444,0.915556,0.084444,0.915556
70,14,0.485079,0.194849,0.035000,0.084444,0.915556,0.084444,0.915556
70,15,0.570185,0.185214,0.035000,0.084444,0.915556,0.084444,0.915556
70,16,0.653644,0.195104,0.035000,0.084444,0.915556,0.084444,0.915556
70,17,0.743380,0.219130,0.035000,0.084444,0.915556,0.084444,0.915556
70,18,0.811003,0.201037,0.035000,0.084444,0.915556,0.084444,0.915556
70,19,0.880556,0.192244,0.035000,0.084444,0.915556,0.084444,0.915556
70,20,0.119444,0.280292,0.035000,0.084444,0.915556,0.084444,0.915556
70,21,0.190640,0.299487,0.035000,0.084444,0.915556,0.084444,0.915556
70,22,0.260118,0.290525,0.035000,0.084444,0.915556,0.084444,0.915556
70,23,0.351337,0.287705,0.035000,0.084444,0.915556,0.084444,0.915556
70,24,0.459294,0.282560,0.035000,0.084444,0.915556,0.084444,0.915556
70,25,0.561363,0.287690,0.035000,0.084444,0.915556,0.084444,0.915556
70,26,0.633295,0.301590,0.035000,0.084444,0.915556,0.084444,0.915556
70,27,0.726851,0.295040,0.035000,0.084444,0.915556,0.084444,0.915556
70,28,0.810885,0.285714,0.035000,0.084444,0.915556,0.084444,0.915556
70,29,0.880556,0.279155,0.035000,0.084444,0.915556,0.084444,0.915556
70,30,0.119444,0.384522,0.035000,0.084444,0.915556,0.084444,0.915556
70,31,0.201640,0.392981,0.035000,0.084444,0.915556,0.084444,0.915556
70,32,0.303636,0.381230,0.035000,0.084444,0.915556,0.084444,0.915556
70,33,0.383874,0.382042,0.035000,0.084444,0.915556,0.084444,0.915556
70,34,0.464475,0.371761,0.035000,0.084444,0.915556,0.084444,0.915556
70,35,0.579622,0.406840,0.035000,0.084444,0.915556,0.084444,0.915556
70,36,0.670427,0.381421,0.035000,0.084444,0.915556,0.084444,0.915556
70,37,0.742296,0.385672,0.035000,0.084444,0.915556,0.084444,0.915556
70,38,0.830961,0.354030,0.035000,0.084444,0.915556,0.084444,0.915556
70,39,0.880556,0.403398,0.035000,0.084444,0.915556,0.084444,0.915556
70,40,0.119444,0.501415,0.035000,0.084444,0.915556,0.084444,0.915556
70,41,0.187467,0.485025,0.035000,0.084444,0.915556,0.084444,0.915556
70,42,0.268061,0.478020,0.035000,0.084444,0.915556,0.084444,0.915556
70,43,0.373301,0.467755,0.035000,0.084444,0.915556,0.084444,0.915556
70,44,0.462126,0.489913,0.035000,0.084444,0.915556,0.084444,0.915556
70,45,0.543726,0.494312,0.035000,0.084444,0.915556,0.084444,0.915556
70,46,0.641590,0.467769,0.035000,0.084444,0.915556,0.084444,0.915556
70,47,0.743001,0.479948,0.035000,0.084444,0.915556,0.084444,0.915556
70,48,0.816305,0.469110,0.035000,0.084444,0.915556,0.084444,0.915556
70,49,0.880556,0.498144,0.035000,0.084444,0.915556,0.084444,0.915556
70,50,0.119444,0.580572,0.035000,0.084444,0.915556,0.084444,0.915556
70,51,0.199344,0.575413,0.035000,0.084444,0.915556,0.084444,0.915556
70,52,0.285293,0.556573,0.035000,0.084444,0.915556,0.084444,0.915556
70,53,0.376003,0.589713,0.035000,0.084444,0.915556,0.084444,0.915556
70,54,0.486074,0.591886,0.035000,0.084444,0.915556,0.084444,0.915556
70,55,0.562937,0.576862,0.035000,0.084444,0.915556,0.084444,0.915556
70,56,0.650790,0.566151,0.035000,0.084444,0.915556,0.084444,0.915556
70,57,0.756426,0.562793,0.035000,0.084444,0.915556,0.084444,0.915556
70,58,0.815644,0.600117,0.035000,0.084444,0.915556,0.084444,0.915556
70,59,0.880556,0.574052,0.035000,0.084444,0.915556,0.084444,0.915556
70,60,0.119444,0.665364,0.035000,0.084444,0.915556,0.084444,0.915556
70,61,0.196968,0.653277,0.035000,0.084444,0.915556,0.084444,0.915556
70,62,0.270318,0.670696,0.035000,0.084444,0.915556,0.084444,0.915556
70,63,0.351616,0.681559,0.035000,0.084444,0.915556,0.084444,0.915556
70,64,0.454504,0.671411,0.035000,0.084444,0.915556,0.084444,0.915556
70,65,0.556601,0.665216,0.035000,0.084444,0.915556,0.084444,0.915556
70,66,0.652127,0.652796,0.035000,0.084444,0.915556,0.084444,0.915556
70,67,0.721350,0.685857,0.035000,0.084444,0.915556,0.084444,0.915556
70,68,0.814526,0.680032,0.035000,0.084444,0.915556,0.084444,0.915556
70,69,0.880556,0.656984,0.035000,0.084444,0.915556,0.084444,0.915556
70,70,0.119444,0.748076,0.035000,0.084444,0.915556,0.084444,0.915556
70,71,0.193787,0.762898,0.035000,0.084444,0.915556,0.084444,0.915556
70,72,0.302671,0.786462,0.035000,0.084444,0.915556,0.084444,0.915556
70,73,0.386011,0.771528,0.035000,0.084444,0.915556,0.084444,0.915556
70,74,0.463705,0.754455,0.035000,0.084444,0.915556,0.084444,0.915556
70,75,0.575788,0.744896,0.035000,0.084444,0.915556,0.084444,0.915556
70,76,0.669075,0.778225,0.035000,0.084444,0.915556,0.084444,0.915556
70,77,0.740234,0.780234,0.035000,0.084444,0.915556,0.084444,0.915556
70,78,0.816187,0.770987,0.035000,0.084444,0.915556,0.084444,0.915556
70,79,0.880556,0.743637,0.035000,0.084444,0.915556,0.084444,0.915556
70,80,0.119444,0.853568,0.035000,0.084444,0.915556,0.084444,0.915556
70,81,0.185979,0.875178,0.035000,0.084444,0.915556,0.084444,0.915556
70,82,0.264935,0.877024,0.035000,0.084444,0.915556,0.084444,0.915556
70,83,0.370182,0.854712,0.035000,0.084444,0.915556,0.084444,0.915556
70,84,0.456276,0.845202,0.035000,0.084444,0.915556,0.084444,0.915556
70,85,0.543220,0.858053,0.035000,0.084444,0.915556,0.084444,0.915556
70,86,0.642808,0.880556,0.035000,0.084444,0.915556,0.084444,0.915556
70,87,0.736958,0.862937,0.035000,0.084444,0.915556,0.084444,0.915556
70,88,0.808608,0.854349,0.035000,0.084444,0.915556,0.084444,0.915556
70,89,0.880556,0.855902,0.035000,0.084444,0.915556,0.084444,0.915556
71,0,0.121222,0.121222,0.035000,0.086222,0.913778,0.086222,0.913778
71,1,0.194986,0.121222,0.035000,0.086222,0.913778,0.086222,0.913778
71,2,0.285411,0.121222,0.035000,0.086222,0.913778,0.086222,0.913778
71,3,0.357503,0.121222,0.035000,0.086222,0.913778,0.086222,0.913778
71,4,0.446259,0.121222,0.035000,0.086222,0.913778,0.086222,0.913778
71,5,0.549466,0.121222,0.035000,0.086222,0.913778,0.086222,0.913778
71,6,0.651913,0.121222,0.035000,0.086222,0.913778,0.086222,0.913778
71,7,0.728558,0.121222,0.035000,0.086222,0.913778,0.086222,0.913778
71,8,0.809084,0.126628,0.035000,0.086222,0.913778,0.086222,0.913778
71,9,0.878778,0.121222,0.035000,0.086222,0.913778,0.086222,0.913778
71,10,0.121222,0.193618,0.035000,0.086222,0.913778,0.086222,0.913778
71,11,0.191088,0.191758,0.035000,0.086222,0.913778,0.086222,0.913778
71,12,0.289429,0.210005,0.035000,0.086222,0.913778,0.086222,0.913778
71,13,0.392009,0.196317,0.035000,0.086222,0.913778,0.086222,0.913778
71,14,0.481984,0.197630,0.035000,0.086222,0.913778,0.086222,0.913778
71,15,0.569541,0.188203,0.035000,0.086222,0.913778,0.086222,0.913778
71,16,0.657145,0.192483,0.035000,0.086222,0.913778,0.086222,0.913778
71,17,0.740151,0.218882,0.035000,0.086222,0.913778,0.086222,0.913778
71,18,0.808515,0.202595,0.035000,0.086222,0.913778,0.086222,0.913778
71,19,0.878778,0.194720,0.035000,0.086222,0.913778,0.086222,0.913778
71,20,0.121222,0.278694,0.035000,0.086222,0.913778,0.086222,0.913778
71,21,0.188620,0.297295,0.035000,0.086222,0.913778,0.086222,0.913778
71,22,0.258727,0.290601,0.035000,0.086222,0.913778,0.086222,0.913778
71,23,0.353698,0.290463,0.035000,0.086222,0.913778,0.086222,0.913778
71,24,0.461476,0.283398,0.035000,0.086222,0.913778,0.086222,0.913778
71,25,0.557207,0.284987,0.035000,0.086222,0.913778,0.086222,0.913778
71,26,0.633141,0.300061,0.035000,0.086222,0.913778,0.086222,0.913778
71,27,0.730171,0.296747,0.035000,0.086222,0.913778,0.086222,0.913778
71,28,0.808569,0.286441,0.035000,0.086222,0.913778,0.086222,0.913778
71,29,0.878778,0.278384,0.035000,0.086222,0.913778,0.086222,0.913778
71,30,0.121222,0.381750,0.035000,0.086222,0.913778,0.086222,0.913778
71,31,0.204944,0.392595,0.035000,0.086222,0.913778,0.086222,0.913778
71,32,0.302211,0.383844,0.035000,0.086222,0.913778,0.086222,0.913778
71,33,0.380969,0.383477,0.035000,0.086222,0.913778,0.086222,0.913778
71,34,0.466708,0.369712,0.035000,0.086222,0.913778,0.086222,0.913778
71,35,0.581911,0.404594,0.035000,0.086222,0.913778,0.086222,0.913778
71,36,0.666310,0.382573,0.035000,0.086222,0.913778,0.086222,0.913778
71,37,0.741376,0.388755,0.035000,0.086222,0.913778,0.086222,0.913778
71,38,0.831926,0.352421,0.035000,0.086222,0.913778,0.086222,0.913778
71,39,0.878778,0.404399,0.035000,0.086222,0.913778,0.086222,0.913778
71,40,0.121222,0.500854,0.035000,0.086222,0.913778,0.086222,0.913778
71,41,0.189913,0.486897,0.035000,0.086222,0.913778,0.086222,0.913778
71,42,0.271386,0.479973,0.035000,0.086222,0.913778,0.086222,0.913778
71,43,0.371897,0.466159,0.035000,0.086222,0.913778,0.086222,0.913778
71,44,0.459264,0.487390,0.035000,0.086222,0.913778,0.086222,0.913778
71,45,0.545854,0.494840,0.035000,0.086222,0.913778,0.086222,0.913778
71,46,0.643950,0.470500,0.035000,0.086222,0.913778,0.086222,0.913778
71,47,0.740197,0.480571,0.035000,0.086222,0.913778,0.086222,0.913778
71,48,0.814666,0.466545,0.035000,0.086222,0.913778,0.086222,0.913778
71,49,0.878778,0.496212,0.035000,0.086222,0.913778,0.086222,0.913778
71,50,0.121222,0.582482,0.035000,0.086222,0.913778,0.086222,0.913778
71,51,0.195907,0.577771,0.035000,0.086222,0.913778,0.086222,0.913778
71,52,0.285530,0.555603,0.035000,0.086222,0.913778,0.086222,0.913778
71,53,0.379358,0.586969,0.035000,0.086222,0.913778,0.086222,0.913778
71,54,0.484815,0.591793,0.035000,0.086222,0.913778,0.086222,0.913778
71,55,0.558799,0.579832,0.035000,0.086222,0.913778,0.086222,0.913778
71,56,0.653466,0.567138,0.035000,0.086222,0.913778,0.086222,0.913778
71,57,0.756641,0.558994,0.035000,0.086222,0.913778,0.086222,0.913778
71,58,0.813397,0.600158,0.035000,0.086222,0.913778,0.086222,0.913778
71,59,0.878778,0.575205,0.035000,0.086222,0.913778,0.086222,0.913778
71,60,0.121222,0.667992,0.035000,0.086222,0.913778,0.086222,0.913778
71,61,0.198197,0.652882,0.035000,0.086222,0.913778,0.086222,0.913778
71,62,0.266893,0.667927,0.035000,0.086222,0.913778,0.086222,0.913778
71,63,0.351716,0.680779,0.035000,0.086222,0.913778,0.086222,0.913778
71,64,0.457886,0.673874,0.035000,0.086222,0.913778,0.086222,0.913778
71,65,0.555444,0.666978,0.035000,0.086222,0.913778,0.086222,0.913778
71,66,0.649149,0.651023,0.035000,0.086222,0.913778,0.086222,0.913778
71,67,0.723257,0.683401,0.035000,0.086222,0.913778,0.086222,0.913778
71,68,0.813011,0.682211,0.035000,0.086222,0.913778,0.086222,0.913778
71,69,0.878778,0.658349,0.035000,0.086222,0.913778,0.086222,0.913778
71,70,0.121222,0.748465,0.035000,0.086222,0.913778,0.086222,0.913778
71,71,0.196953,0.760262,0.035000,0.086222,0.913778,0.086222,0.913778
71,72,0.303650,0.785088,0.035000,0.086222,0.913778,0.086222,0.913778
71,73,0.382612,0.773607,0.035000,0.086222,0.913778,0.086222,0.913778
71,74,0.463637,0.756669,0.035000,0.086222,0.913778,0.086222,0.913778
71,75,0.579224,0.743675,0.035000,0.086222,0.913778,0.086222,0.913778
71,76,0.665641,0.775535,0.035000,0.086222,0.913778,0.086222,0.913778
71,77,0.738701,0.780553,0.035000,0.086222,0.913778,0.086222,0.913778
71,78,0.816172,0.774673,0.035000,0.086222,0.913778,0.086222,0.913778
71,79,0.878778,0.743480,0.035000,0.086222,0.913778,0.086222,0.913778
71,80,0.121222,0.850296,0.035000,0.086222,0.913778,0.086222,0.913778
71,81,0.187021,0.874185,0.035000,0.086222,0.913778,0.086222,0.913778
71,82,0.268011,0.878628,0.035000,0.086222,0.913778,0.086222,0.913778
71,83,0.371285,0.857274,0.035000,0.086222,0.913778,0.086222,0.913778
71,84,0.452891,0.844612,0.035000,0.086222,0.913778,0.086222,0.913778
71,85,0.543025,0.855265,0.035000,0.086222,0.913778,0.086222,0.913778
71,86,0.646250,0.878778,0.035000,0.086222,0.913778,0.086222,0.913778
71,87,0.733644,0.865869,0.035000,0.086222,0.913778,0.086222,0.913778
71,88,0.807112,0.855588,0.035000,0.086222,0.913778,0.086222,0.913778
71,89,0.878778,0.853892,0.035000,0.086222,0.913778,0.086222,0.913778
72,0,0.123000,0.123000,0.035000,0.088000,0.912000,0.088000,0.912000
72,1,0.199529,0.123000,0.035000,0.088000,0.912000,0.088000,0.912000
72,2,0.285032,0.123000,0.035000,0.088000,0.912000,0.088000,0.912000
72,3,0.355491,0.123000,0.035000,0.088000,0.912000,0.088000,0.912000
72,4,0.445873,0.123000,0.035000,0.088000,0.912000,0.088000,0.912000
72,5,0.552327,0.123000,0.035000,0.088000,0.912000,0.088000,0.912000
72,6,0.650753,0.123000,0.035000,0.088000,0.912000,0.088000,0.912000
72,7,0.724889,0.123000,0.035000,0.088000,0.912000,0.088000,0.912000
72,8,0.807265,0.127812,0.035000,0.088000,0.912000,0.088000,0.912000
72,9,0.877000,0.123000,0.035000,0.088000,0.912000,0.088000,0.912000
72,10,0.123000,0.194211,0.035000,0.088000,0.912000,0.088000,0.912000
72,11,0.192902,0.192587,0.035000,0.088000,0.912000,0.088000,0.912000
72,12,0.292566,0.208491,0.035000,0.088000,0.912000,0.088000,0.912000
72,13,0.392984,0.198297,0.035000,0.088000,0.912000,0.088000,0.912000
72,14,0.478504,0.199958,0.035000,0.088000,0.912000,0.088000,0.912000
72,15,0.570267,0.190581,0.035000,0.088000,0.912000,0.088000,0.912000
72,16,0.660944,0.192179,0.035000,0.088000,0.912000,0.088000,0.912000
72,17,0.736219,0.219714,0.035000,0.088000,0.912000,0.088000,0.912000
72,18,0.806165,0.204786,0.035000,0.088000,0.912000,0.088000,0.912000
72,19,0.877000,0.196128,0.035000,0.088000,0.912000,0.088000,0.912000
72,20,0.123000,0.274850,0.035000,0.088000,0.912000,0.088000,0.912000
72,21,0.189271,0.297106,0.035000,0.088000,0.912000,0.088000,0.912000
72,22,0.259071,0.291812,0.035000,0.088000,0.912000,0.088000,0.912000
72,23,0.356797,0.293061,0.035000,0.088000,0.912000,0.088000,0.912000
72,24,0.462579,0.282973,0.035000,0.088000,0.912000,0.088000,0.912000
72,25,0.552788,0.281979,0.035000,0.088000,0.912000,0.088000,0.912000
72,26,0.634009,0.299617,0.035000,0.088000,0.912000,0.088000,0.912000
72,27,0.733600,0.299248,0.035000,0.088000,0.912000,0.088000,0.912000
72,28,0.805319,0.286092,0.035000,0.088000,0.912000,0.088000,0.912000
72,29,0.877000,0.276511,0.035000,0.088000,0.912000,0.088000,0.912000
72,30,0.123000,0.379341,0.035000,0.088000,0.912000,0.088000,0.912000
72,31,0.207691,0.393470,0.035000,0.088000,0.912000,0.088000,0.912000
72,32,0.299772,0.386599,0.035000,0.088000,0.912000,0.088000,0.912000
72,33,0.378901,0.383705,0.035000,0.088000,0.912000,0.088000,0.912000
72,34,0.469721,0.367043,0.035000,0.088000,0.912000,0.088000,0.912000
72,35,0.583146,0.403306,0.035000,0.088000,0.912000,0.088000,0.912000
72,36,0.661889,0.384728,0.035000,0.088000,0.912000,0.088000,0.912000
72,37,0.741560,0.391225,0.035000,0.088000,0.912000,0.088000,0.912000
72,38,0.833484,0.350214,0.035000,0.088000,0.912000,0.088000,0.912000
72,39,0.877000,0.405039,0.035000,0.088000,0.912000,0.088000,0.912000
72,40,0.123000,0.501440,0.035000,0.088000,0.912000,0.088000,0.912000
72,41,0.193069,0.489306,0.035000,0.088000,0.912000,0.088000,0.912000
72,42,0.274201,0.480843,0.035000,0.088000,0.912000,0.088000,0.912000
72,43,0.369469,0.463708,0.035000,0.088000,0.912000,0.088000,0.912000
72,44,0.457186,0.485599,0.035000,0.088000,0.912000,0.088000,0.912000
72,45,0.548799,0.496524,0.035000,0.088000,0.912000,0.088000,0.912000
72,46,0.645286,0.472962,0.035000,0.088000,0.912000,0.088000,0.912000
72,47,0.736863,0.479921,0.035000,0.088000,0.912000,0.088000,0.912000
72,48,0.814207,0.463754,0.035000,0.088000,0.912000,0.088000,0.912000
72,49,0.877000,0.495505,0.035000,0.088000,0.912000,0.088000,0.912000
72,50,0.123000,0.585095,0.035000,0.088000,0.912000,0.088000,0.912000
72,51,0.192680,0.579226,0.035000,0.088000,0.912000,0.088000,0.912000
72,52,0.286964,0.553578,0.035000,0.088000,0.912000,0.088000,0.912000
72,53,0.382248,0.584701,0.035000,0.088000,0.912000,0.088000,0.912000
72,54,0.482504,0.592941,0.035000,0.088000,0.912000,0.088000,0.912000
72,55,0.555587,0.582781,0.035000,0.088000,0.912000,0.088000,0.912000
72,56,0.656898,0.566920,0.035000,0.088000,0.912000,0.088000,0.912000
72,57,0.756239,0.554946,0.035000,0.088000,0.912000,0.088000,0.912000
72,58,0.810925,0.600699,0.035000,0.088000,0.912000,0.088000,0.912000
72,59,0.877000,0.577504,0.035000,0.088000,0.912000,0.088000,0.912000
72,60,0.123000,0.669958,0.035000,0.088000,0.912000,0.088000,0.912000
72,61,0.196104,0.650863,0.035000,0.088000,0.912000,0.088000,0.912000
72,62,0.265590,0.665790,0.035000,0.088000,0.912000,0.088000,0.912000
72,63,0.353022,0.681266,0.035000,0.088000,0.912000,0.088000,0.912000
72,64,0.460848,0.676653,0.035000,0.088000,0.912000,0.088000,0.912000
72,65,0.553214,0.667601,0.035000,0.088000,0.912000,0.088000,0.912000
72,66,0.646876,0.648482,0.035000,0.088000,0.912000,0.088000,0.912000
72,67,0.726052,0.681777,0.035000,0.088000,0.912000,0.088000,0.912000
72,68,0.811727,0.685080,0.035000,0.088000,0.912000,0.088000,0.912000
72,69,0.877000,0.659736,0.035000,0.088000,0.912000,0.088000,0.912000
72,70,0.123000,0.747585,0.035000,0.088000,0.912000,0.088000,0.912000
72,71,0.200416,0.757516,0.035000,0.088000,0.912000,0.088000,0.912000
72,72,0.303404,0.784927,0.035000,0.088000,0.912000,0.088000,0.912000
72,73,0.379251,0.776282,0.035000,0.088000,0.912000,0.088000,0.912000
72,74,0.464790,0.757904,0.035000,0.088000,0.912000,0.088000,0.912000
72,75,0.582281,0.741472,0.035000,0.088000,0.912000,0.088000,0.912000
72,76,0.661470,0.773430,0.035000,0.088000,0.912000,0.088000,0.912000
72,77,0.737610,0.782062,0.035000,0.088000,0.912000,0.088000,0.912000
72,78,0.817173,0.778305,0.035000,0.088000,0.912000,0.088000,0.912000
72,79,0.877000,0.742048,0.035000,0.088000,0.912000,0.088000,0.912000
72,80,0.123000,0.846889,0.035000,0.088000,0.912000,0.088000,0.912000
72,81,0.188348,0.874020,0.035000,0.088000,0.912000,0.088000,0.912000
72,82,0.271436,0.877000,0.035000,0.088000,0.912000,0.088000,0.912000
72,83,0.371168,0.859072,0.035000,0.088000,0.912000,0.088000,0.912000
72,84,0.449496,0.842878,0.035000,0.088000,0.912000,0.088000,0.912000
72,85,0.544057,0.852785,0.035000,0.088000,0.912000,0.088000,0.912000
72,86,0.649361,0.877000,0.035000,0.088000,0.912000,0.088000,0.912000
72,87,0.729574,0.868948,0.035000,0.088000,0.912000,0.088000,0.912000
72,88,0.806004,0.855687,0.035000,0.088000,0.912000,0.088000,0.912000
72,89,0.877000,0.851217,0.035000,0.088000,0.912000,0.088000,0.912000
73,0,0.124778,0.124778,0.035000,0.089778,0.910222,0.089778,0.910222
73,1,0.204299,0.124778,0.035000,0.089778,0.910222,0.089778,0.910222
73,2,0.282577,0.124778,0.035000,0.089778,0.910222,0.089778,0.910222
73,3,0.354384,0.124778,0.035000,0.089778,0.910222,0.089778,0.910222
73,4,0.446765,0.124778,0.035000,0.089778,0.910222,0.089778,0.910222
73,5,0.554604,0.124778,0.035000,0.089778,0.910222,0.089778,0.910222
73,6,0.648369,0.124778,0.035000,0.089778,0.910222,0.089778,0.910222
73,7,0.722029,0.124778,0.035000,0.089778,0.910222,0.089778,0.910222
73,8,0.805528,0.130147,0.035000,0.089778,0.910222,0.089778,0.910222
73,9,0.875222,0.124778,0.035000,0.089778,0.910222,0.089778,0.910222
73,10,0.124778,0.194684,0.035000,0.089778,0.910222,0.089778,0.910222
73,11,0.194740,0.194031,0.035000,0.089778,0.910222,0.089778,0.910222
73,12,0.296003,0.208168,0.035000,0.089778,0.910222,0.089778,0.910222
73,13,0.392733,0.200935,0.035000,0.089778,0.910222,0.089778,0.910222
73,14,0.475075,0.201353,0.035000,0.089778,0.910222,0.089778,0.910222
73,15,0.572338,0.192414,0.035000,0.089778,0.910222,0.089778,0.910222
73,16,0.664460,0.192877,0.035000,0.089778,0.910222,0.089778,0.910222
73,17,0.731624,0.221655,0.035000,0.089778,0.910222,0.089778,0.910222
73,18,0.804380,0.207029,0.035000,0.089778,0.910222,0.089778,0.910222
73,19,0.875222,0.196247,0.035000,0.089778,0.910222,0.089778,0.910222
73,20,0.124778,0.270663,0.035000,0.089778,0.910222,0.089778,0.910222
73,21,0.189253,0.297768,0.035000,0.089778,0.910222,0.089778,0.910222
73,22,0.259726,0.293995,0.035000,0.089778,0.910222,0.089778,0.910222
73,23,0.360241,0.294960,0.035000,0.089778,0.910222,0.089778,0.910222
73,24,0.462462,0.281372,0.035000,0.089778,0.910222,0.089778,0.910222
73,25,0.548514,0.279239,0.035000,0.089778,0.910222,0.089778,0.910222
73,26,0.635947,0.300404,0.035000,0.089778,0.910222,0.089778,0.910222
73,27,0.734965,0.302401,0.035000,0.089778,0.910222,0.089778,0.910222
73,28,0.803104,0.284678,0.035000,0.089778,0.910222,0.089778,0.910222
73,29,0.875222,0.273909,0.035000,0.089778,0.910222,0.089778,0.910222
73,30,0.124778,0.377797,0.035000,0.089778,0.910222,0.089778,0.910222
73,31,0.209530,0.395424,0.035000,0.089778,0.910222,0.089778,0.910222
73,32,0.296633,0.388919,0.035000,0.089778,0.910222,0.089778,0.910222
73,33,0.377936,0.382681,0.035000,0.089778,0.910222,0.089778,0.910222
73,34,0.473129,0.364309,0.035000,0.089778,0.910222,0.089778,0.910222
73,35,0.583168,0.403244,0.035000,0.089778,0.910222,0.089778,0.910222
73,36,0.657569,0.387437,0.035000,0.089778,0.910222,0.089778,0.910222
73,37,0.742901,0.392641,0.035000,0.089778,0.910222,0.089778,0.910222
73,38,0.835301,0.347397,0.035000,0.089778,0.910222,0.089778,0.910222
73,39,0.875222,0.405431,0.035000,0.089778,0.910222,0.089778,0.910222
73,40,0.124778,0.503178,0.035000,0.089778,0.910222,0.089778,0.910222
73,41,0.196970,0.491623,0.035000,0.089778,0.910222,0.089778,0.910222
73,42,0.276142,0.480451,0.035000,0.089778,0.910222,0.089778,0.910222
73,43,0.366313,0.460903,0.035000,0.089778,0.910222,0.089778,0.910222
73,44,0.456174,0.484920,0.035000,0.089778,0.910222,0.089778,0.910222
73,45,0.552185,0.499013,0.035000,0.089778,0.910222,0.089778,0.910222
73,46,0.645423,0.474632,0.035000,0.089778,0.910222,0.089778,0.910222
73,47,0.733424,0.478142,0.035000,0.089778,0.910222,0.089778,0.910222
73,48,0.814699,0.461155,0.035000,0.089778,0.910222,0.089778,0.910222
73,49,0.875222,0.496263,0.035000,0.089778,0.910222,0.089778,0.910222
73,50,0.124778,0.588240,0.035000,0.089778,0.910222,0.089778,0.910222
73,51,0.194032,0.578416,0.035000,0.089778,0.910222,0.089778,0.910222
73,52,0.289409,0.550919,0.035000,0.089778,0.910222,0.089778,0.910222
73,53,0.384300,0.583381,0.035000,0.089778,0.910222,0.089778,0.910222
73,54,0.479424,0.595096,0.035000,0.089778,0.910222,0.089778,0.910222
73,55,0.553568,0.585151,0.035000,0.089778,0.910222,0.089778,0.910222
73,56,0.660732,0.565499,0.035000,0.089778,0.910222,0.089778,0.910222
73,57,0.754926,0.551147,0.035000,0.089778,0.910222,0.089778,0.910222
73,58,0.808296,0.602210,0.035000,0.089778,0.910222,0.089778,0.910222
73,59,0.875222,0.580295,0.035000,0.089778,0.910222,0.089778,0.910222
73,60,0.124778,0.670852,0.035000,0.089778,0.910222,0.089778,0.910222
73,61,0.192928,0.648696,0.035000,0.089778,0.910222,0.089778,0.910222
73,62,0.264663,0.664347,0.035000,0.089778,0.910222,0.089778,0.910222
73,63,0.355368,0.682916,0.035000,0.089778,0.910222,0.089778,0.910222
73,64,0.463008,0.679170,0.035000,0.089778,0.910222,0.089778,0.910222
73,65,0.550182,0.666955,0.035000,0.089778,0.910222,0.089778,0.910222
73,66,0.645617,0.645697,0.035000,0.089778,0.910222,0.089778,0.910222
73,67,0.729377,0.681321,0.035000,0.089778,0.910222,0.089778,0.910222
73,68,0.809992,0.688404,0.035000,0.089778,0.910222,0.089778,0.910222
73,69,0.875222,0.660493,0.035000,0.089778,0.910222,0.089778,0.910222
73,70,0.124778,0.745633,0.035000,0.089778,0.910222,0.089778,0.910222
73,71,0.203737,0.755230,0.035000,0.089778,0.910222,0.089778,0.910222
73,72,0.301962,0.786015,0.035000,0.089778,0.910222,0.089778,0.910222
73,73,0.376358,0.778995,0.035000,0.089778,0.910222,0.089778,0.910222
73,74,0.467011,0.757906,0.035000,0.089778,0.910222,0.089778,0.910222
73,75,0.584571,0.738741,0.035000,0.089778,0.910222,0.089778,0.910222
73,76,0.656766,0.772346,0.035000,0.089778,0.910222,0.089778,0.910222
73,77,0.737315,0.784484,0.035000,0.089778,0.910222,0.089778,0.910222
73,78,0.819050,0.781224,0.035000,0.089778,0.910222,0.089778,0.910222
73,79,0.875222,0.739506,0.035000,0.089778,0.910222,0.089778,0.910222
73,80,0.124778,0.843749,0.035000,0.089778,0.910222,0.089778,0.910222
73,81,0.190584,0.875025,0.035000,0.089778,0.910222,0.089778,0.910222
73,82,0.274770,0.875222,0.035000,0.089778,0.910222,0.089778,0.910222
73,83,0.369846,0.859736,0.035000,0.089778,0.910222,0.089778,0.910222
73,84,0.446526,0.840360,0.035000,0.089778,0.910222,0.089778,0.910222
73,85,0.546180,0.851125,0.035000,0.089778,0.910222,0.089778,0.910222
73,86,0.651744,0.875222,0.035000,0.089778,0.910222,0.089778,0.910222
73,87,0.724937,0.871604,0.035000,0.089778,0.910222,0.089778,0.910222
73,88,0.805555,0.854573,0.035000,0.089778,0.910222,0.089778,0.910222
73,89,0.875222,0.848415,0.035000,0.089778,0.910222,0.089778,0.910222
74,0,0.126556,0.126556,0.035000,0.091556,0.908444,0.091556,0.908444
74,1,0.208770,0.126556,0.035000,0.091556,0.908444,0.091556,0.908444
74,2,0.279248,0.126556,0.035000,0.091556,0.908444,0.091556,0.908444
74,3,0.353463,0.126556,0.035000,0.091556,0.908444,0.091556,0.908444
74,4,0.448758,0.126556,0.035000,0.091556,0.908444,0.091556,0.908444
74,5,0.555994,0.126556,0.035000,0.091556,0.908444,0.091556,0.908444
74,6,0.645118,0.126556,0.035000,0.091556,0.908444,0.091556,0.908444
74,7,0.720271,0.126556,0.035000,0.091556,0.908444,0.091556,0.908444
74,8,0.803867,0.133281,0.035000,0.091556,0.908444,0.091556,0.908444
74,9,0.873444,0.126556,0.035000,0.091556,0.908444,0.091556,0.908444
74,10,0.126556,0.196462,0.035000,0.091556,0.908444,0.091556,0.908444
74,11,0.196612,0.195415,0.035000,0.091556,0.908444,0.091556,0.908444
74,12,0.299301,0.209104,0.035000,0.091556,0.908444,0.091556,0.908444
74,13,0.391288,0.203685,0.035000,0.091556,0.908444,0.091556,0.908444
74,14,0.472127,0.201532,0.035000,0.091556,0.908444,0.091556,0.908444
74,15,0.575526,0.193700,0.035000,0.091556,0.908444,0.091556,0.908444
74,16,0.665710,0.193400,0.035000,0.091556,0.908444,0.091556,0.908444
74,17,0.728075,0.225190,0.035000,0.091556,0.908444,0.091556,0.908444
74,18,0.803496,0.208755,0.035000,0.091556,0.908444,0.091556,0.908444
74,19,0.873444,0.196452,0.035000,0.091556,0.908444,0.091556,0.908444
74,20,0.126556,0.266748,0.035000,0.091556,0.908444,0.091556,0.908444
74,21,0.188390,0.299483,0.035000,0.091556,0.908444,0.091556,0.908444
74,22,0.261352,0.296610,0.035000,0.091556,0.908444,0.091556,0.908444
74,23,0.363591,0.295763,0.035000,0.091556,0.908444,0.091556,0.908444
74,24,0.461140,0.278932,0.035000,0.091556,0.908444,0.091556,0.908444
74,25,0.544796,0.277289,0.035000,0.091556,0.908444,0.091556,0.908444
74,26,0.638841,0.302306,0.035000,0.091556,0.908444,0.091556,0.908444
74,27,0.734406,0.305513,0.035000,0.091556,0.908444,0.091556,0.908444
74,28,0.801502,0.281967,0.035000,0.091556,0.908444,0.091556,0.908444
74,29,0.873444,0.271111,0.035000,0.091556,0.908444,0.091556,0.908444
74,30,0.126556,0.377439,0.035000,0.091556,0.908444,0.091556,0.908444
74,31,0.210224,0.398052,0.035000,0.091556,0.908444,0.091556,0.908444
74,32,0.293195,0.390323,0.035000,0.091556,0.908444,0.091556,0.908444
74,33,0.378197,0.380617,0.035000,0.091556,0.908444,0.091556,0.908444
74,34,0.476494,0.362077,0.035000,0.091556,0.908444,0.091556,0.908444
74,35,0.581975,0.404422,0.035000,0.091556,0.908444,0.091556,0.908444
74,36,0.653763,0.390138,0.035000,0.091556,0.908444,0.091556,0.908444
74,37,0.745290,0.392774,0.035000,0.091556,0.908444,0.091556,0.908444
74,38,0.836640,0.344189,0.035000,0.091556,0.908444,0.091556,0.908444
74,39,0.873444,0.406497,0.035000,0.091556,0.908444,0.091556,0.908444
74,40,0.126556,0.505777,0.035000,0.091556,0.908444,0.091556,0.908444
74,41,0.201326,0.493297,0.035000,0.091556,0.908444,0.091556,0.908444
74,42,0.276961,0.478879,0.035000,0.091556,0.908444,0.091556,0.908444
74,43,0.362824,0.458319,0.035000,0.091556,0.908444,0.091556,0.908444
74,44,0.456369,0.485503,0.035000,0.091556,0.908444,0.091556,0.908444
74,45,0.555577,0.501791,0.035000,0.091556,0.908444,0.091556,0.908444
74,46,0.644340,0.475156,0.035000,0.091556,0.908444,0.091556,0.908444
74,47,0.730319,0.475611,0.035000,0.091556,0.908444,0.091556,0.908444
74,48,0.815726,0.459010,0.035000,0.091556,0.908444,0.091556,0.908444
74,49,0.873444,0.498545,0.035000,0.091556,0.908444,0.091556,0.908444
74,50,0.126556,0.590856,0.035000,0.091556,0.908444,0.091556,0.908444
74,51,0.194898,0.575698,0.035000,0.091556,0.908444,0.091556,0.908444
74,52,0.292552,0.548178,0.035000,0.091556,0.908444,0.091556,0.908444
74,53,0.385250,0.583283,0.035000,0.091556,0.908444,0.091556,0.908444
74,54,0.475963,0.597818,0.035000,0.091556,0.908444,0.091556,0.908444
74,55,0.552880,0.586496,0.035000,0.091556,0.908444,0.091556,0.908444
74,56,0.664551,0.563136,0.035000,0.091556,0.908444,0.091556,0.908444
74,57,0.752624,0.548125,0.035000,0.091556,0.908444,0.091556,0.908444
74,58,0.805833,0.604736,0.035000,0.091556,0.908444,0.091556,0.908444
74,59,0.873444,0.582952,0.035000,0.091556,0.908444,0.091556,0.908444
74,60,0.126556,0.671443,0.035000,0.091556,0.908444,0.091556,0.908444
74,61,0.191706,0.646028,0.035000,0.091556,0.908444,0.091556,0.908444
74,62,0.264331,0.663953,0.035000,0.091556,0.908444,0.091556,0.908444
74,63,0.358451,0.685385,0.035000,0.091556,0.908444,0.091556,0.908444
74,64,0.464088,0.680903,0.035000,0.091556,0.908444,0.091556,0.908444
74,65,0.546725,0.665178,0.035000,0.091556,0.908444,0.091556,0.908444
74,66,0.645547,0.643247,0.035000,0.091556,0.908444,0.091556,0.908444
74,67,0.732805,0.682130,0.035000,0.091556,0.908444,0.091556,0.908444
74,68,0.807346,0.691791,0.035000,0.091556,0.908444,0.091556,0.908444
74,69,0.873444,0.660164,0.035000,0.091556,0.908444,0.091556,0.908444
74,70,0.126556,0.743026,0.035000,0.091556,0.908444,0.091556,0.908444
74,71,0.206492,0.753882,0.035000,0.091556,0.908444,0.091556,0.908444
74,72,0.299510,0.788124,0.035000,0.091556,0.908444,0.091556,0.908444
74,73,0.374307,0.781179,0.035000,0.091556,0.908444,0.091556,0.908444
74,74,0.470012,0.756674,0.035000,0.091556,0.908444,0.091556,0.908444
74,75,0.585800,0.736050,0.035000,0.091556,0.908444,0.091556,0.908444
74,76,0.651850,0.772511,0.035000,0.091556,0.908444,0.091556,0.908444
74,77,0.738036,0.787347,0.035000,0.091556,0.908444,0.091556,0.908444
74,78,0.821388,0.782971,0.035000,0.091556,0.908444,0.091556,0.908444
74,79,0.873444,0.736205,0.035000,0.091556,0.908444,0.091556,0.908444
74,80,0.126556,0.841402,0.035000,0.091556,0.908444,0.091556,0.908444
74,81,0.193728,0.873444,0.035000,0.091556,0.908444,0.091556,0.908444
74,82,0.277587,0.873444,0.035000,0.091556,0.908444,0.091556,0.908444
74,83,0.367488,0.859132,0.035000,0.091556,0.908444,0.091556,0.908444
74,84,0.444362,0.837583,0.035000,0.091556,0.908444,0.091556,0.908444
74,85,0.549120,0.850628,0.035000,0.091556,0.908444,0.091556,0.908444
74,86,0.651317,0.873444,0.035000,0.091556,0.908444,0.091556,0.908444
74,87,0.721824,0.873304,0.035000,0.091556,0.908444,0.091556,0.908444
74,88,0.803866,0.852630,0.035000,0.091556,0.908444,0.091556,0.908444
74,89,0.873444,0.845853,0.035000,0.091556,0.908444,0.091556,0.908444
75,0,0.128333,0.128333,0.035000,0.093333,0.906667,0.093333,0.906667
75,1,0.208701,0.128333,0.035000,0.093333,0.906667,0.093333,0.906667
75,2,0.279043,0.128333,0.035000,0.093333,0.906667,0.093333,0.906667
75,3,0.353138,0.128333,0.035000,0.093333,0.906667,0.093333,0.906667
75,4,0.451541,0.128333,0.035000,0.093333,0.906667,0.093333,0.906667
75,5,0.556358,0.128333,0.035000,0.093333,0.906667,0.093333,0.906667
75,6,0.641442,0.128333,0.035000,0.093333,0.906667,0.093333,0.906667
75,7,0.719777,0.128333,0.035000,0.093333,0.906667,0.093333,0.906667
75,8,0.802266,0.136686,0.035000,0.093333,0.906667,0.093333,0.906667
75,9,0.871667,0.128333,0.035000,0.093333,0.906667,0.093333,0.906667
75,10,0.128333,0.198062,0.035000,0.093333,0.906667,0.093333,0.906667
75,11,0.199163,0.197620,0.035000,0.093333,0.906667,0.093333,0.906667
75,12,0.302035,0.211104,0.035000,0.093333,0.906667,0.093333,0.906667
75,13,0.388833,0.205973,0.035000,0.093333,0.906667,0.093333,0.906667
75,14,0.470029,0.200460,0.035000,0.093333,0.906667,0.093333,0.906667
75,15,0.579410,0.194380,0.035000,0.093333,0.906667,0.093333,0.906667
75,16,0.664776,0.194324,0.035000,0.093333,0.906667,0.093333,0.906667
75,17,0.725455,0.229674,0.035000,0.093333,0.906667,0.093333,0.906667
75,18,0.802627,0.209103,0.035000,0.093333,0.906667,0.093333,0.906667
75,19,0.871667,0.198210,0.035000,0.093333,0.906667,0.093333,0.906667
75,20,0.128333,0.268056,0.035000,0.093333,0.906667,0.093333,0.906667
75,21,0.188840,0.303094,0.035000,0.093333,0.906667,0.093333,0.906667
75,22,0.263976,0.299076,0.035000,0.093333,0.906667,0.093333,0.906667
75,23,0.366420,0.295302,0.035000,0.093333,0.906667,0.093333,0.906667
75,24,0.458781,0.276158,0.035000,0.093333,0.906667,0.093333,0.906667
75,25,0.541996,0.276496,0.035000,0.093333,0.906667,0.093333,0.906667
75,26,0.642436,0.304967,0.035000,0.093333,0.906667,0.093333,0.906667
75,27,0.733249,0.307711,0.035000,0.093333,0.906667,0.093333,0.906667
75,28,0.799166,0.279035,0.035000,0.093333,0.906667,0.093333,0.906667
75,29,0.871667,0.268694,0.035000,0.093333,0.906667,0.093333,0.906667
75,30,0.128333,0.378341,0.035000,0.093333,0.906667,0.093333,0.906667
75,31,0.209685,0.400806,0.035000,0.093333,0.906667,0.093333,0.906667
75,32,0.289901,0.390518,0.035000,0.093333,0.906667,0.093333,0.906667
75,33,0.379651,0.377943,0.035000,0.093333,0.906667,0.093333,0.906667
75,34,0.479385,0.360813,0.035000,0.093333,0.906667,0.093333,0.906667
75,35,0.579720,0.406594,0.035000,0.093333,0.906667,0.093333,0.906667
75,36,0.650841,0.392268,0.035000,0.093333,0.906667,0.093333,0.906667
75,37,0.748475,0.391650,0.035000,0.093333,0.906667,0.093333,0.906667
75,38,0.837142,0.341132,0.035000,0.093333,0.906667,0.093333,0.906667
75,39,0.871667,0.408512,0.035000,0.093333,0.906667,0.093333,0.906667
75,40,0.128333,0.508756,0.035000,0.093333,0.906667,0.093333,0.906667
75,41,0.205758,0.493920,0.035000,0.093333,0.906667,0.093333,0.906667
75,42,0.276549,0.476454,0.035000,0.093333,0.906667,0.093333,0.906667
75,43,0.359438,0.456487,0.035000,0.093333,0.906667,0.093333,0.906667
75,44,0.457760,0.487232,0.035000,0.093333,0.906667,0.093333,0.906667
75,45,0.558540,0.504280,0.035000,0.093333,0.906667,0.093333,0.906667
75,46,0.642175,0.474419,0.035000,0.093333,0.906667,0.093333,0.906667
75,47,0.727946,0.472861,0.035000,0.093333,0.906667,0.093333,0.906667
75,48,0.817350,0.457743,0.035000,0.093333,0.906667,0.093333,0.906667
75,49,0.871667,0.501849,0.035000,0.093333,0.906667,0.093333,0.906667
75,50,0.128333,0.592454,0.035000,0.093333,0.906667,0.093333,0.906667
75,51,0.196082,0.572260,0.035000,0.093333,0.906667,0.093333,0.906667
75,52,0.295990,0.545926,0.035000,0.093333,0.906667,0.093333,0.906667
75,53,0.384973,0.584428,0.035000,0.093333,0.906667,0.093333,0.906667
75,54,0.472554,0.600543,0.035000,0.093333,0.906667,0.093333,0.906667
75,55,0.553507,0.586576,0.035000,0.093333,0.906667,0.093333,0.906667
75,56,0.667926,0.560290,0.035000,0.093333,0.906667,0.093333,0.906667
75,57,0.749416,0.546285,0.035000,0.093333,0.906667,0.093333,0.906667
75,58,0.803958,0.608013,0.035000,0.093333,0.906667,0.093333,0.906667
75,59,0.871667,0.584932,0.035000,0.093333,0.906667,0.093333,0.906667
75,60,0.128333,0.671029,0.035000,0.093333,0.906667,0.093333,0.906667
75,61,0.192192,0.642510,0.035000,0.093333,0.906667,0.093333,0.906667
75,62,0.264886,0.664773,0.035000,0.093333,0.906667,0.093333,0.906667
75,63,0.361877,0.688158,0.035000,0.093333,0.906667,0.093333,0.906667
75,64,0.463948,0.681492,0.035000,0.093333,0.906667,0.093333,0.906667
75,65,0.543276,0.662639,0.035000,0.093333,0.906667,0.093333,0.906667
75,66,0.646688,0.641639,0.035000,0.093333,0.906667,0.093333,0.906667
75,67,0.735226,0.683931,0.035000,0.093333,0.906667,0.093333,0.906667
75,68,0.804516,0.694784,0.035000,0.093333,0.906667,0.093333,0.906667
75,69,0.871667,0.658670,0.035000,0.093333,0.906667,0.093333,0.906667
75,70,0.128333,0.741029,0.035000,0.093333,0.906667,0.093333,0.906667
75,71,0.208332,0.753751,0.035000,0.093333,0.906667,0.093333,0.906667
75,72,0.296364,0.790817,0.035000,0.093333,0.906667,0.093333,0.906667
75,73,0.373361,0.782380,0.035000,0.093333,0.906667,0.093333,0.906667
75,74,0.473405,0.754465,0.035000,0.093333,0.906667,0.093333,0.906667
75,75,0.585815,0.733955,0.035000,0.093333,0.906667,0.093333,0.906667
75,76,0.647114,0.773890,0.035000,0.093333,0.906667,0.093333,0.906667
75,77,0.739836,0.790082,0.035000,0.093333,0.906667,0.093333,0.906667
75,78,0.823604,0.783428,0.035000,0.093333,0.906667,0.093333,0.906667
75,79,0.871667,0.732563,0.035000,0.093333,0.906667,0.093333,0.906667
75,80,0.128333,0.840227,0.035000,0.093333,0.906667,0.093333,0.906667
75,81,0.197617,0.871667,0.035000,0.093333,0.906667,0.093333,0.906667
75,82,0.279525,0.871667,0.035000,0.093333,0.906667,0.093333,0.906667
75,83,0.364395,0.857387,0.035000,0.093333,0.906667,0.093333,0.906667
75,84,0.443281,0.835123,0.035000,0.093333,0.906667,0.093333,0.906667
75,85,0.552496,0.851398,0.035000,0.093333,0.906667,0.093333,0.906667
75,86,0.648344,0.871667,0.035000,0.093333,0.906667,0.093333,0.906667
75,87,0.720183,0.871667,0.035000,0.093333,0.906667,0.093333,0.906667
75,88,0.802023,0.850168,0.035000,0.093333,0.906667,0.093333,0.906667
75,89,0.871667,0.844107,0.035000,0.093333,0.906667,0.093333,0.906667
76,0,0.130111,0.130111,0.035000,0.095111,0.904889,0.095111,0.904889
76,1,0.207723,0.130111,0.035000,0.095111,0.904889,0.095111,0.904889
76,2,0.278081,0.130111,0.035000,0.095111,0.904889,0.095111,0.904889
76,3,0.353699,0.130111,0.035000,0.095111,0.904889,0.095111,0.904889
76,4,0.454673,0.130111,0.035000,0.095111,0.904889,0.095111,0.904889
76,5,0.555781,0.130111,0.035000,0.095111,0.904889,0.095111,0.904889
76,6,0.637960,0.130111,0.035000,0.095111,0.904889,0.095111,0.904889
76,7,0.720557,0.130111,0.035000,0.095111,0.904889,0.095111,0.904889
76,8,0.800437,0.138033,0.035000,0.095111,0.904889,0.095111,0.904889
76,9,0.869889,0.130111,0.035000,0.095111,0.904889,0.095111,0.904889
76,10,0.130111,0.199923,0.035000,0.095111,0.904889,0.095111,0.904889
76,11,0.202657,0.199919,0.035000,0.095111,0.904889,0.095111,0.904889
76,12,0.303856,0.213752,0.035000,0.095111,0.904889,0.095111,0.904889
76,13,0.385685,0.207324,0.035000,0.095111,0.904889,0.095111,0.904889
76,14,0.469080,0.198536,0.035000,0.095111,0.904889,0.095111,0.904889
76,15,0.583379,0.194450,0.035000,0.095111,0.904889,0.095111,0.904889
76,16,0.662801,0.195877,0.035000,0.095111,0.904889,0.095111,0.904889
76,17,0.722668,0.233856,0.035000,0.095111,0.904889,0.095111,0.904889
76,18,0.800465,0.208037,0.035000,0.095111,0.904889,0.095111,0.904889
76,19,0.869889,0.199907,0.035000,0.095111,0.904889,0.095111,0.904889
76,20,0.130111,0.269919,0.035000,0.095111,0.904889,0.095111,0.904889
76,21,0.189248,0.307285,0.035000,0.095111,0.904889,0.095111,0.904889
76,22,0.267423,0.300849,0.035000,0.095111,0.904889,0.095111,0.904889
76,23,0.368366,0.293673,0.035000,0.095111,0.904889,0.095111,0.904889
76,24,0.455689,0.273629,0.035000,0.095111,0.904889,0.095111,0.904889
76,25,0.540375,0.276991,0.035000,0.095111,0.904889,0.095111,0.904889
76,26,0.646370,0.307866,0.035000,0.095111,0.904889,0.095111,0.904889
76,27,0.731260,0.308665,0.035000,0.095111,0.904889,0.095111,0.904889
76,28,0.796465,0.277922,0.035000,0.095111,0.904889,0.095111,0.904889
76,29,0.869889,0.269907,0.035000,0.095111,0.904889,0.095111,0.904889
76,30,0.130111,0.380316,0.035000,0.095111,0.904889,0.095111,0.904889
76,31,0.207982,0.403114,0.035000,0.095111,0.904889,0.095111,0.904889
76,32,0.287172,0.389462,0.035000,0.095111,0.904889,0.095111,0.904889
76,33,0.382113,0.375217,0.035000,0.095111,0.904889,0.095111,0.904889
76,34,0.481431,0.360778,0.035000,0.095111,0.904889,0.095111,0.904889
76,35,0.576692,0.409309,0.035000,0.095111,0.904889,0.095111,0.904889
76,36,0.649076,0.393386,0.035000,0.095111,0.904889,0.095111,0.904889
76,37,0.752094,0.389550,0.035000,0.095111,0.904889,0.095111,0.904889
76,38,0.836595,0.338770,0.035000,0.095111,0.904889,0.095111,0.904889
76,39,0.869889,0.410729,0.035000,0.095111,0.904889,0.095111,0.904889
76,40,0.130111,0.511547,0.035000,0.095111,0.904889,0.095111,0.904889
76,41,0.208805,0.493608,0.035000,0.095111,0.904889,0.095111,0.904889
76,42,0.276002,0.473386,0.035000,0.095111,0.904889,0.095111,0.904889
76,43,0.356583,0.455783,0.035000,0.095111,0.904889,0.095111,0.904889
76,44,0.460175,0.489754,0.035000,0.095111,0.904889,0.095111,0.904889
76,45,0.560694,0.505962,0.035000,0.095111,0.904889,0.095111,0.904889
76,46,0.639201,0.472567,0.035000,0.095111,0.904889,0.095111,0.904889
76,47,0.726608,0.470467,0.035000,0.095111,0.904889,0.095111,0.904889
76,48,0.818451,0.458178,0.035000,0.095111,0.904889,0.095111,0.904889
76,49,0.869889,0.505620,0.035000,0.095111,0.904889,0.095111,0.904889
76,50,0.130111,0.592822,0.035000,0.095111,0.904889,0.095111,0.904889
76,51,0.198223,0.568406,0.035000,0.095111,0.904889,0.095111,0.904889
76,52,0.299281,0.544630,0.035000,0.095111,0.904889,0.095111,0.904889
76,53,0.383506,0.586578,0.035000,0.095111,0.904889,0.095111,0.904889
76,54,0.469630,0.602711,0.035000,0.095111,0.904889,0.095111,0.904889
76,55,0.555279,0.585408,0.035000,0.095111,0.904889,0.095111,0.904889
76,56,0.670479,0.557526,0.035000,0.095111,0.904889,0.095111,0.904889
76,57,0.745535,0.545817,0.035000,0.095111,0.904889,0.095111,0.904889
76,58,0.803001,0.611582,0.035000,0.095111,0.904889,0.095111,0.904889
76,59,0.869889,0.585827,0.035000,0.095111,0.904889,0.095111,0.904889
76,60,0.130111,0.669631,0.035000,0.095111,0.904889,0.095111,0.904889
76,61,0.193120,0.639268,0.035000,0.095111,0.904889,0.095111,0.904889
76,62,0.266468,0.666706,0.035000,0.095111,0.904889,0.095111,0.904889
76,63,0.365205,0.690659,0.035000,0.095111,0.904889,0.095111,0.904889
76,64,0.462605,0.680814,0.035000,0.095111,0.904889,0.095111,0.904889
76,65,0.540267,0.659868,0.035000,0.095111,0.904889,0.095111,0.904889
76,66,0.648903,0.641206,0.035000,0.095111,0.904889,0.095111,0.904889
76,67,0.734230,0.686019,0.035000,0.095111,0.904889,0.095111,0.904889
76,68,0.803723,0.697218,0.035000,0.095111,0.904889,0.095111,0.904889
76,69,0.869889,0.656199,0.035000,0.095111,0.904889,0.095111,0.904889
76,70,0.130111,0.739947,0.035000,0.095111,0.904889,0.095111,0.904889
76,71,0.209024,0.754865,0.035000,0.095111,0.904889,0.095111,0.904889
76,72,0.292925,0.793533,0.035000,0.095111,0.904889,0.095111,0.904889
76,73,0.373642,0.782346,0.035000,0.095111,0.904889,0.095111,0.904889
76,74,0.476751,0.751739,0.035000,0.095111,0.904889,0.095111,0.904889
76,75,0.584614,0.732891,0.035000,0.095111,0.904889,0.095111,0.904889
76,76,0.642959,0.776196,0.035000,0.095111,0.904889,0.095111,0.904889
76,77,0.742615,0.792142,0.035000,0.095111,0.904889,0.095111,0.904889
76,78,0.825071,0.782501,0.035000,0.095111,0.904889,0.095111,0.904889
76,79,0.869889,0.728750,0.035000,0.095111,0.904889,0.095111,0.904889
76,80,0.130111,0.840375,0.035000,0.095111,0.904889,0.095111,0.904889
76,81,0.201960,0.869889,0.035000,0.095111,0.904889,0.095111,0.904889
76,82,0.280335,0.869889,0.035000,0.095111,0.904889,0.095111,0.904889
76,83,0.360964,0.854867,0.035000,0.095111,0.904889,0.095111,0.904889
76,84,0.443422,0.833492,0.035000,0.095111,0.904889,0.095111,0.904889
76,85,0.555874,0.853272,0.035000,0.095111,0.904889,0.095111,0.904889
76,86,0.644612,0.869889,0.035000,0.095111,0.904889,0.095111,0.904889
76,87,0.718616,0.869889,0.035000,0.095111,0.904889,0.095111,0.904889
76,88,0.800139,0.848219,0.035000,0.095111,0.904889,0.095111,0.904889
76,89,0.869889,0.843537,0.035000,0.095111,0.904889,0.095111,0.904889
77,0,0.131889,0.131889,0.035000,0.096889,0.903111,0.096889,0.903111
77,1,0.205913,0.131889,0.035000,0.096889,0.903111,0.096889,0.903111
77,2,0.276544,0.131889,0.035000,0.096889,0.903111,0.096889,0.903111
77,3,0.355288,0.131889,0.035000,0.096889,0.903111,0.096889,0.903111
77,4,0.456820,0.131889,0.035000,0.096889,0.903111,0.096889,0.903111
77,5,0.554213,0.131889,0.035000,0.096889,0.903111,0.096889,0.903111
77,6,0.634926,0.131889,0.035000,0.096889,0.903111,0.096889,0.903111
77,7,0.722464,0.131889,0.035000,0.096889,0.903111,0.096889,0.903111
77,8,0.798374,0.137031,0.035000,0.096889,0.903111,0.096889,0.903111
77,9,0.868111,0.131889,0.035000,0.096889,0.903111,0.096889,0.903111
77,10,0.131889,0.201808,0.035000,0.096889,0.903111,0.096889,0.903111
77,11,0.206701,0.202500,0.035000,0.096889,0.903111,0.096889,0.903111
77,12,0.304530,0.216497,0.035000,0.096889,0.903111,0.096889,0.903111
77,13,0.382246,0.207457,0.035000,0.096889,0.903111,0.096889,0.903111
77,14,0.470289,0.200498,0.035000,0.096889,0.903111,0.096889,0.903111
77,15,0.587069,0.194777,0.035000,0.096889,0.903111,0.096889,0.903111
77,16,0.659904,0.198355,0.035000,0.096889,0.903111,0.096889,0.903111
77,17,0.720175,0.237220,0.035000,0.096889,0.903111,0.096889,0.903111
77,18,0.798410,0.207039,0.035000,0.096889,0.903111,0.096889,0.903111
77,19,0.868111,0.201762,0.035000,0.096889,0.903111,0.096889,0.903111
77,20,0.131889,0.271810,0.035000,0.096889,0.903111,0.096889,0.903111
77,21,0.189643,0.311330,0.035000,0.096889,0.903111,0.096889,0.903111
77,22,0.271388,0.301536,0.035000,0.096889,0.903111,0.096889,0.903111
77,23,0.369183,0.291214,0.035000,0.096889,0.903111,0.096889,0.903111
77,24,0.452259,0.271872,0.035000,0.096889,0.903111,0.096889,0.903111
77,25,0.540056,0.278642,0.035000,0.096889,0.903111,0.096889,0.903111
77,26,0.650222,0.310430,0.035000,0.096889,0.903111,0.096889,0.903111
77,27,0.728364,0.308285,0.035000,0.096889,0.903111,0.096889,0.903111
77,28,0.793966,0.277004,0.035000,0.096889,0.903111,0.096889,0.903111
77,29,0.868111,0.271762,0.035000,0.096889,0.903111,0.096889,0.903111
77,30,0.131889,0.382953,0.035000,0.096889,0.903111,0.096889,0.903111
77,31,0.205333,0.404495,0.035000,0.096889,0.903111,0.096889,0.903111
77,32,0.285359,0.387375,0.035000,0.096889,0.903111,0.096889,0.903111
77,33,0.385266,0.373004,0.035000,0.096889,0.903111,0.096889,0.903111
77,34,0.482370,0.361980,0.035000,0.096889,0.903111,0.096889,0.903111
77,35,0.573279,0.412003,0.035000,0.096889,0.903111,0.096889,0.903111
77,36,0.648607,0.393258,0.035000,0.096889,0.903111,0.096889,0.903111
77,37,0.755723,0.386949,0.035000,0.096889,0.903111,0.096889,0.903111
77,38,0.834942,0.337514,0.035000,0.096889,0.903111,0.096889,0.903111
77,39,0.868111,0.412178,0.035000,0.096889,0.903111,0.096889,0.903111
77,40,0.131889,0.513613,0.035000,0.096889,0.903111,0.096889,0.903111
77,41,0.209646,0.492569,0.035000,0.096889,0.903111,0.096889,0.903111
77,42,0.275951,0.470126,0.035000,0.096889,0.903111,0.096889,0.903111
77,43,0.354615,0.456349,0.035000,0.096889,0.903111,0.096889,0.903111
77,44,0.463314,0.492549,0.035000,0.096889,0.903111,0.096889,0.903111
77,45,0.561763,0.506488,0.035000,0.096889,0.903111,0.096889,0.903111
77,46,0.635799,0.469981,0.035000,0.096889,0.903111,0.096889,0.903111
77,47,0.726475,0.468934,0.035000,0.096889,0.903111,0.096889,0.903111
77,48,0.817751,0.460768,0.035000,0.096889,0.903111,0.096889,0.903111
77,49,0.868111,0.509354,0.035000,0.096889,0.903111,0.096889,0.903111
77,50,0.131889,0.591918,0.035000,0.096889,0.903111,0.096889,0.903111
77,51,0.201290,0.564660,0.035000,0.096889,0.903111,0.096889,0.903111
77,52,0.302005,0.544560,0.035000,0.096889,0.903111,0.096889,0.903111
77,53,0.381033,0.589285,0.035000,0.096889,0.903111,0.096889,0.903111
77,54,0.467558,0.603873,0.035000,0.096889,0.903111,0.096889,0.903111
77,55,0.557895,0.583265,0.035000,0.096889,0.903111,0.096889,0.903111
77,56,0.671900,0.555402,0.035000,0.096889,0.903111,0.096889,0.903111
77,57,0.741352,0.546655,0.035000,0.096889,0.903111,0.096889,0.903111
77,58,0.803164,0.614890,0.035000,0.096889,0.903111,0.096889,0.903111
77,59,0.868111,0.584029,0.035000,0.096889,0.903111,0.096889,0.903111
77,60,0.131889,0.668166,0.035000,0.096889,0.903111,0.096889,0.903111
77,61,0.194461,0.636907,0.035000,0.096889,0.903111,0.096889,0.903111
77,62,0.269056,0.669409,0.035000,0.096889,0.903111,0.096889,0.903111
77,63,0.368009,0.692366,0.035000,0.096889,0.903111,0.096889,0.903111
77,64,0.460231,0.679011,0.035000,0.096889,0.903111,0.096889,0.903111
77,65,0.538076,0.657442,0.035000,0.096889,0.903111,0.096889,0.903111
77,66,0.651917,0.642037,0.035000,0.096889,0.903111,0.096889,0.903111
77,67,0.732697,0.688342,0.035000,0.096889,0.903111,0.096889,0.903111
77,68,0.802110,0.698308,0.035000,0.096889,0.903111,0.096889,0.903111
77,69,0.868111,0.654586,0.035000,0.096889,0.903111,0.096889,0.903111
77,70,0.131889,0.739631,0.035000,0.096889,0.903111,0.096889,0.903111
77,71,0.208479,0.756993,0.035000,0.096889,0.903111,0.096889,0.903111
77,72,0.289635,0.795709,0.035000,0.096889,0.903111,0.096889,0.903111
77,73,0.375114,0.781082,0.035000,0.096889,0.903111,0.096889,0.903111
77,74,0.479620,0.749064,0.035000,0.096889,0.903111,0.096889,0.903111
77,75,0.582353,0.733078,0.035000,0.096889,0.903111,0.096889,0.903111
77,76,0.639746,0.778950,0.035000,0.096889,0.903111,0.096889,0.903111
77,77,0.746130,0.793119,0.035000,0.096889,0.903111,0.096889,0.903111
77,78,0.825426,0.780930,0.035000,0.096889,0.903111,0.096889,0.903111
77,79,0.868111,0.725467,0.035000,0.096889,0.903111,0.096889,0.903111
77,80,0.131889,0.841737,0.035000,0.096889,0.903111,0.096889,0.903111
77,81,0.206374,0.868111,0.035000,0.096889,0.903111,0.096889,0.903111
77,82,0.279914,0.868111,0.035000,0.096889,0.903111,0.096889,0.903111
77,83,0.357634,0.852098,0.035000,0.096889,0.903111,0.096889,0.903111
77,84,0.444766,0.833029,0.035000,0.096889,0.903111,0.096889,0.903111
77,85,0.558819,0.855860,0.035000,0.096889,0.903111,0.096889,0.903111
77,86,0.640190,0.868111,0.035000,0.096889,0.903111,0.096889,0.903111
77,87,0.717558,0.868111,0.035000,0.096889,0.903111,0.096889,0.903111
77,88,0.798248,0.846715,0.035000,0.096889,0.903111,0.096889,0.903111
77,89,0.868111,0.844226,0.035000,0.096889,0.903111,0.096889,0.903111
78,0,0.133667,0.133667,0.035000,0.098667,0.901333,0.098667,0.901333
78,1,0.203537,0.133667,0.035000,0.098667,0.901333,0.098667,0.901333
78,2,0.274923,0.133667,0.035000,0.098667,0.901333,0.098667,0.901333
78,3,0.357881,0.133667,0.035000,0.098667,0.901333,0.098667,0.901333
78,4,0.458537,0.133667,0.035000,0.098667,0.901333,0.098667,0.901333
78,5,0.551646,0.133667,0.035000,0.098667,0.901333,0.098667,0.901333
78,6,0.632716,0.133667,0.035000,0.098667,0.901333,0.098667,0.901333
78,7,0.725216,0.133667,0.035000,0.098667,0.901333,0.098667,0.901333
78,8,0.796376,0.135087,0.035000,0.098667,0.901333,0.098667,0.901333
78,9,0.866333,0.133667,0.035000,0.098667,0.901333,0.098667,0.901333
78,10,0.133667,0.203626,0.035000,0.098667,0.901333,0.098667,0.901333
78,11,0.210819,0.205892,0.035000,0.098667,0.901333,0.098667,0.901333
78,12,0.303971,0.218770,0.035000,0.098667,0.901333,0.098667,0.901333
78,13,0.378957,0.206345,0.035000,0.098667,0.901333,0.098667,0.901333
78,14,0.472631,0.202158,0.035000,0.098667,0.901333,0.098667,0.901333
78,15,0.588116,0.195979,0.035000,0.098667,0.901333,0.098667,0.901333
78,16,0.658311,0.201444,0.035000,0.098667,0.901333,0.098667,0.901333
78,17,0.718235,0.238061,0.035000,0.098667,0.901333,0.098667,0.901333
78,18,0.796445,0.205183,0.035000,0.098667,0.901333,0.098667,0.901333
78,19,0.866333,0.203598,0.035000,0.098667,0.901333,0.098667,0.901333
78,20,0.133667,0.274264,0.035000,0.098667,0.901333,0.098667,0.901333
78,21,0.190665,0.314870,0.035000,0.098667,0.901333,0.098667,0.901333
78,22,0.275480,0.300971,0.035000,0.098667,0.901333,0.098667,0.901333
78,23,0.368767,0.288435,0.035000,0.098667,0.901333,0.098667,0.901333
78,24,0.448932,0.271251,0.035000,0.098667,0.901333,0.098667,0.901333
78,25,0.541009,0.281082,0.035000,0.098667,0.901333,0.098667,0.901333
78,26,0.653569,0.312150,0.035000,0.098667,0.901333,0.098667,0.901333
78,27,0.724797,0.308047,0.035000,0.098667,0.901333,0.098667,0.901333
78,28,0.792117,0.276156,0.035000,0.098667,0.901333,0.098667,0.901333
78,29,0.866333,0.273870,0.035000,0.098667,0.901333,0.098667,0.901333
78,30,0.133667,0.385704,0.035000,0.098667,0.901333,0.098667,0.901333
78,31,0.202078,0.404664,0.035000,0.098667,0.901333,0.098667,0.901333
78,32,0.284694,0.384690,0.035000,0.098667,0.901333,0.098667,0.901333
78,33,0.388707,0.371767,0.035000,0.098667,0.901333,0.098667,0.901333
78,34,0.482081,0.364168,0.035000,0.098667,0.901333,0.098667,0.901333
78,35,0.569920,0.414116,0.035000,0.098667,0.901333,0.098667,0.901333
78,36,0.649423,0.391912,0.035000,0.098667,0.901333,0.098667,0.901333
78,37,0.758929,0.384422,0.035000,0.098667,0.901333,0.098667,0.901333
78,38,0.832288,0.337558,0.035000,0.098667,0.901333,0.098667,0.901333
78,39,0.866333,0.414105,0.035000,0.098667,0.901333,0.098667,0.901333
78,40,0.133667,0.514561,0.035000,0.098667,0.901333,0.098667,0.901333
78,41,0.209320,0.490768,0.035000,0.098667,0.901333,0.098667,0.901333
78,42,0.275363,0.467567,0.035000,0.098667,0.901333,0.098667,0.901333
78,43,0.353784,0.458062,0.035000,0.098667,0.901333,0.098667,0.901333
78,44,0.466782,0.495039,0.035000,0.098667,0.901333,0.098667,0.901333
78,45,0.561610,0.505748,0.035000,0.098667,0.901333,0.098667,0.901333
78,46,0.632403,0.467195,0.035000,0.098667,0.901333,0.098667,0.901333
78,47,0.727563,0.468582,0.035000,0.098667,0.901333,0.098667,0.901333
78,48,0.816318,0.463057,0.035000,0.098667,0.901333,0.098667,0.901333
78,49,0.866333,0.511990,0.035000,0.098667,0.901333,0.098667,0.901333
78,50,0.133667,0.589955,0.035000,0.098667,0.901333,0.098667,0.901333
78,51,0.205100,0.561563,0.035000,0.098667,0.901333,0.098667,0.901333
78,52,0.303811,0.545730,0.035000,0.098667,0.901333,0.098667,0.901333
78,53,0.377873,0.591987,0.035000,0.098667,0.901333,0.098667,0.901333
78,54,0.466600,0.603792,0.035000,0.098667,0.901333,0.098667,0.901333
78,55,0.560954,0.580615,0.035000,0.098667,0.901333,0.098667,0.901333
78,56,0.669211,0.554696,0.035000,0.098667,0.901333,0.098667,0.901333
78,57,0.740109,0.548129,0.035000,0.098667,0.901333,0.098667,0.901333
78,58,0.804490,0.617411,0.035000,0.098667,0.901333,0.098667,0.901333
78,59,0.866333,0.581990,0.035000,0.098667,0.901333,0.098667,0.901333
78,60,0.133667,0.666993,0.035000,0.098667,0.901333,0.098667,0.901333
78,61,0.196265,0.635783,0.035000,0.098667,0.901333,0.098667,0.901333
78,62,0.272470,0.672372,0.035000,0.098667,0.901333,0.098667,0.901333
78,63,0.369929,0.692924,0.035000,0.098667,0.901333,0.098667,0.901333
78,64,0.457127,0.676457,0.035000,0.098667,0.901333,0.098667,0.901333
78,65,0.536978,0.655865,0.035000,0.098667,0.901333,0.098667,0.901333
78,66,0.655352,0.643958,0.035000,0.098667,0.901333,0.098667,0.901333
78,67,0.730382,0.690314,0.035000,0.098667,0.901333,0.098667,0.901333
78,68,0.800148,0.698021,0.035000,0.098667,0.901333,0.098667,0.901333
78,69,0.866333,0.652922,0.035000,0.098667,0.901333,0.098667,0.901333
78,70,0.133667,0.740387,0.035000,0.098667,0.901333,0.098667,0.901333
78,71,0.206771,0.759694,0.035000,0.098667,0.901333,0.098667,0.901333
78,72,0.286928,0.796789,0.035000,0.098667,0.901333,0.098667,0.901333
78,73,0.377589,0.778850,0.035000,0.098667,0.901333,0.098667,0.901333
78,74,0.481642,0.746994,0.035000,0.098667,0.901333,0.098667,0.901333
78,75,0.579323,0.734476,0.035000,0.098667,0.901333,0.098667,0.901333
78,76,0.637738,0.781581,0.035000,0.098667,0.901333,0.098667,0.901333
78,77,0.750026,0.792826,0.035000,0.098667,0.901333,0.098667,0.901333
78,78,0.824483,0.779230,0.035000,0.098667,0.901333,0.098667,0.901333
78,79,0.866333,0.723132,0.035000,0.098667,0.901333,0.098667,0.901333
78,80,0.133667,0.843963,0.035000,0.098667,0.901333,0.098667,0.901333
78,81,0.209269,0.866333,0.035000,0.098667,0.901333,0.098667,0.901333
78,82,0.279479,0.866333,0.035000,0.098667,0.901333,0.098667,0.901333
78,83,0.354832,0.849658,0.035000,0.098667,0.901333,0.098667,0.901333
78,84,0.447142,0.833830,0.035000,0.098667,0.901333,0.098667,0.901333
78,85,0.560951,0.858623,0.035000,0.098667,0.901333,0.098667,0.901333
78,86,0.635298,0.866333,0.035000,0.098667,0.901333,0.098667,0.901333
78,87,0.717344,0.866333,0.035000,0.098667,0.901333,0.098667,0.901333
78,88,0.796424,0.846012,0.035000,0.098667,0.901333,0.098667,0.901333
78,89,0.866333,0.846014,0.035000,0.098667,0.901333,0.098667,0.901333
79,0,0.135444,0.135444,0.035000,0.100444,0.899556,0.100444,0.899556
79,1,0.205245,0.135444,0.035000,0.100444,0.899556,0.100444,0.899556
79,2,0.275245,0.135444,0.035000,0.100444,0.899556,0.100444,0.899556
79,3,0.361299,0.135444,0.035000,0.100444,0.899556,0.100444,0.899556
79,4,0.459551,0.135444,0.035000,0.100444,0.899556,0.100444,0.899556
79,5,0.548380,0.135444,0.035000,0.100444,0.899556,0.100444,0.899556
79,6,0.631602,0.135444,0.035000,0.100444,0.899556,0.100444,0.899556
79,7,0.724757,0.135445,0.035000,0.100444,0.899556,0.100444,0.899556
79,8,0.794724,0.135444,0.035000,0.100444,0.899556,0.100444,0.899556
79,9,0.864556,0.135444,0.035000,0.100444,0.899556,0.100444,0.899556
79,10,0.135444,0.205471,0.035000,0.100444,0.899556,0.100444,0.899556
79,11,0.214588,0.209717,0.035000,0.100444,0.899556,0.100444,0.899556
79,12,0.302250,0.220097,0.035000,0.100444,0.899556,0.100444,0.899556
79,13,0.376240,0.204218,0.035000,0.100444,0.899556,0.100444,0.899556
79,14,0.475827,0.203490,0.035000,0.100444,0.899556,0.100444,0.899556
79,15,0.586717,0.198112,0.035000,0.100444,0.899556,0.100444,0.899556
79,16,0.656525,0.203831,0.035000,0.100444,0.899556,0.100444,0.899556
79,17,0.718421,0.237631,0.035000,0.100444,0.899556,0.100444,0.899556
79,18,0.794647,0.205354,0.035000,0.100444,0.899556,0.100444,0.899556
79,19,0.864556,0.205423,0.035000,0.100444,0.899556,0.100444,0.899556
79,20,0.135444,0.277412,0.035000,0.100444,0.899556,0.100444,0.899556
79,21,0.192746,0.317589,0.035000,0.100444,0.899556,0.100444,0.899556
79,22,0.279274,0.299255,0.035000,0.100444,0.899556,0.100444,0.899556
79,23,0.367172,0.285914,0.035000,0.100444,0.899556,0.100444,0.899556
79,24,0.446132,0.271896,0.035000,0.100444,0.899556,0.100444,0.899556
79,25,0.543052,0.283783,0.035000,0.100444,0.899556,0.100444,0.899556
79,26,0.653182,0.312870,0.035000,0.100444,0.899556,0.100444,0.899556
79,27,0.723581,0.307448,0.035000,0.100444,0.899556,0.100444,0.899556
79,28,0.791232,0.275964,0.035000,0.100444,0.899556,0.100444,0.899556
79,29,0.864556,0.276826,0.035000,0.100444,0.899556,0.100444,0.899556
79,30,0.135444,0.386808,0.035000,0.100444,0.899556,0.100444,0.899556
79,31,0.203021,0.404773,0.035000,0.100444,0.899556,0.100444,0.899556
79,32,0.285262,0.381965,0.035000,0.100444,0.899556,0.100444,0.899556
79,33,0.391994,0.371761,0.035000,0.100444,0.899556,0.100444,0.899556
79,34,0.480601,0.366889,0.035000,0.100444,0.899556,0.100444,0.899556
79,35,0.567045,0.415208,0.035000,0.100444,0.899556,0.100444,0.899556
79,36,0.651355,0.389627,0.035000,0.100444,0.899556,0.100444,0.899556
79,37,0.761331,0.382523,0.035000,0.100444,0.899556,0.100444,0.899556
79,38,0.828881,0.338834,0.035000,0.100444,0.899556,0.100444,0.899556
79,39,0.864556,0.416116,0.035000,0.100444,0.899556,0.100444,0.899556
79,40,0.135444,0.514225,0.035000,0.100444,0.899556,0.100444,0.899556
79,41,0.207968,0.488593,0.035000,0.100444,0.899556,0.100444,0.899556
79,42,0.274308,0.466197,0.035000,0.100444,0.899556,0.100444,0.899556
79,43,0.354188,0.460564,0.035000,0.100444,0.899556,0.100444,0.899556
79,44,0.470139,0.496711,0.035000,0.100444,0.899556,0.100444,0.899556
79,45,0.560254,0.503896,0.035000,0.100444,0.899556,0.100444,0.899556
79,46,0.629446,0.464783,0.035000,0.100444,0.899556,0.100444,0.899556
79,47,0.729733,0.469489,0.035000,0.100444,0.899556,0.100444,0.899556
79,48,0.813520,0.464020,0.035000,0.100444,0.899556,0.100444,0.899556
79,49,0.864556,0.511881,0.035000,0.100444,0.899556,0.100444,0.899556
79,50,0.135444,0.587366,0.035000,0.100444,0.899556,0.100444,0.899556
79,51,0.209342,0.559559,0.035000,0.100444,0.899556,0.100444,0.899556
79,52,0.304468,0.547897,0.035000,0.100444,0.899556,0.100444,0.899556
79,53,0.374428,0.594123,0.035000,0.100444,0.899556,0.100444,0.899556
79,54,0.466874,0.602486,0.035000,0.100444,0.899556,0.100444,0.899556
79,55,0.564009,0.578031,0.035000,0.100444,0.899556,0.100444,0.899556
79,56,0.665705,0.555200,0.035000,0.100444,0.899556,0.100444,0.899556
79,57,0.738938,0.550152,0.035000,0.100444,0.899556,0.100444,0.899556
79,58,0.804130,0.617231,0.035000,0.100444,0.899556,0.100444,0.899556
79,59,0.864556,0.581881,0.035000,0.100444,0.899556,0.100444,0.899556
79,60,0.135444,0.666400,0.035000,0.100444,0.899556,0.100444,0.899556
79,61,0.198464,0.636018,0.035000,0.100444,0.899556,0.100444,0.899556
79,62,0.276404,0.675021,0.035000,0.100444,0.899556,0.100444,0.899556
79,63,0.370719,0.692216,0.035000,0.100444,0.899556,0.100444,0.899556
79,64,0.453693,0.673684,0.035000,0.100444,0.899556,0.100444,0.899556
79,65,0.537109,0.655467,0.035000,0.100444,0.899556,0.100444,0.899556
79,66,0.658773,0.646568,0.035000,0.100444,0.899556,0.100444,0.899556
79,67,0.727208,0.691439,0.035000,0.100444,0.899556,0.100444,0.899556
79,68,0.798315,0.696580,0.035000,0.100444,0.899556,0.100444,0.899556
79,69,0.864556,0.652456,0.035000,0.100444,0.899556,0.100444,0.899556
79,70,0.135444,0.742259,0.035000,0.100444,0.899556,0.100444,0.899556
79,71,0.204120,0.762405,0.035000,0.100444,0.899556,0.100444,0.899556
79,72,0.285320,0.794811,0.035000,0.100444,0.899556,0.100444,0.899556
79,73,0.380750,0.776114,0.035000,0.100444,0.899556,0.100444,0.899556
79,74,0.482555,0.745962,0.035000,0.100444,0.899556,0.100444,0.899556
79,75,0.575913,0.736794,0.035000,0.100444,0.899556,0.100444,0.899556
79,76,0.637067,0.783540,0.035000,0.100444,0.899556,0.100444,0.899556
79,77,0.753250,0.790601,0.035000,0.100444,0.899556,0.100444,0.899556
79,78,0.822114,0.778089,0.035000,0.100444,0.899556,0.100444,0.899556
79,79,0.864556,0.722447,0.035000,0.100444,0.899556,0.100444,0.899556
79,80,0.135444,0.846532,0.035000,0.100444,0.899556,0.100444,0.899556
79,81,0.209658,0.864556,0.035000,0.100444,0.899556,0.100444,0.899556
79,82,0.279658,0.864556,0.035000,0.100444,0.899556,0.100444,0.899556
79,83,0.352916,0.848055,0.035000,0.100444,0.899556,0.100444,0.899556
79,84,0.450244,0.835729,0.035000,0.100444,0.899556,0.100444,0.899556
79,85,0.561066,0.860925,0.035000,0.100444,0.899556,0.100444,0.899556
79,86,0.631197,0.864556,0.035000,0.100444,0.899556,0.100444,0.899556
79,87,0.718173,0.864556,0.035000,0.100444,0.899556,0.100444,0.899556
79,88,0.794658,0.847117,0.035000,0.100444,0.899556,0.100444,0.899556
79,89,0.864556,0.848486,0.035000,0.100444,0.899556,0.100444,0.899556
80,0,0.137222,0.137222,0.035000,0.102222,0.897778,0.102222,0.897778
80,1,0.207066,0.137222,0.035000,0.102222,0.897778,0.102222,0.897778
80,2,0.277066,0.137222,0.035000,0.102222,0.897778,0.102222,0.897778
80,3,0.364292,0.137222,0.035000,0.102222,0.897778,0.102222,0.897778
80,4,0.459728,0.137222,0.035000,0.102222,0.897778,0.102222,0.897778
80,5,0.544808,0.137222,0.035000,0.102222,0.897778,0.102222,0.897778
80,6,0.631720,0.137222,0.035000,0.102222,0.897778,0.102222,0.897778
80,7,0.722927,0.137222,0.035000,0.102222,0.897778,0.102222,0.897778
80,8,0.792902,0.137222,0.035000,0.102222,0.897778,0.102222,0.897778
80,9,0.862778,0.137222,0.035000,0.102222,0.897778,0.102222,0.897778
80,10,0.137222,0.207980,0.035000,0.102222,0.897778,0.102222,0.897778
80,11,0.217613,0.213454,0.035000,0.102222,0.897778,0.102222,0.897778
80,12,0.299588,0.220203,0.035000,0.102222,0.897778,0.102222,0.897778
80,13,0.375387,0.206252,0.035000,0.102222,0.897778,0.102222,0.897778
80,14,0.479442,0.204537,0.035000,0.102222,0.897778,0.102222,0.897778
80,15,0.584418,0.201059,0.035000,0.102222,0.897778,0.102222,0.897778
80,16,0.654376,0.205620,0.035000,0.102222,0.897778,0.102222,0.897778
80,17,0.719715,0.236048,0.035000,0.102222,0.897778,0.102222,0.897778
80,18,0.792869,0.207100,0.035000,0.102222,0.897778,0.102222,0.897778
80,19,0.862778,0.207444,0.035000,0.102222,0.897778,0.102222,0.897778
80,20,0.137222,0.280807,0.035000,0.102222,0.897778,0.102222,0.897778
80,21,0.195808,0.319091,0.035000,0.102222,0.897778,0.102222,0.897778
80,22,0.282369,0.296728,0.035000,0.102222,0.897778,0.102222,0.897778
80,23,0.364605,0.284174,0.035000,0.102222,0.897778,0.102222,0.897778
80,24,0.444220,0.273674,0.035000,0.102222,0.897778,0.102222,0.897778
80,25,0.545870,0.286165,0.035000,0.102222,0.897778,0.102222,0.897778
80,26,0.651386,0.312331,0.035000,0.102222,0.897778,0.102222,0.897778
80,27,0.722378,0.306373,0.035000,0.102222,0.897778,0.102222,0.897778
80,28,0.791480,0.277086,0.035000,0.102222,0.897778,0.102222,0.897778
80,29,0.862778,0.280290,0.035000,0.102222,0.897778,0.102222,0.897778
80,30,0.137222,0.386786,0.035000,0.102222,0.897778,0.102222,0.897778
80,31,0.204984,0.404049,0.035000,0.102222,0.897778,0.102222,0.897778
80,32,0.286990,0.379767,0.035000,0.102222,0.897778,0.102222,0.897778
80,33,0.394706,0.372990,0.035000,0.102222,0.897778,0.102222,0.897778
80,34,0.478120,0.369576,0.035000,0.102222,0.897778,0.102222,0.897778
80,35,0.565022,0.415053,0.035000,0.102222,0.897778,0.102222,0.897778
80,36,0.654103,0.386878,0.035000,0.102222,0.897778,0.102222,0.897778
80,37,0.762645,0.381670,0.035000,0.102222,0.897778,0.102222,0.897778
80,38,0.825080,0.341029,0.035000,0.102222,0.897778,0.102222,0.897778
80,39,0.862778,0.417742,0.035000,0.102222,0.897778,0.102222,0.897778
80,40,0.137222,0.512702,0.035000,0.102222,0.897778,0.102222,0.897778
80,41,0.205655,0.486572,0.035000,0.102222,0.897778,0.102222,0.897778
80,42,0.273110,0.466198,0.035000,0.102222,0.897778,0.102222,0.897778
80,43,0.355773,0.463330,0.035000,0.102222,0.897778,0.102222,0.897778
80,44,0.472960,0.497220,0.035000,0.102222,0.897778,0.102222,0.897778
80,45,0.557870,0.501318,0.035000,0.102222,0.897778,0.102222,0.897778
80,46,0.627308,0.463245,0.035000,0.102222,0.897778,0.102222,0.897778
80,47,0.732706,0.471468,0.035000,0.102222,0.897778,0.102222,0.897778
80,48,0.810320,0.464257,0.035000,0.102222,0.897778,0.102222,0.897778
80,49,0.862778,0.510542,0.035000,0.102222,0.897778,0.102222,0.897778
80,50,0.137222,0.584707,0.035000,0.102222,0.897778,0.102222,0.897778
80,51,0.213623,0.558892,0.035000,0.102222,0.897778,0.102222,0.897778
80,52,0.303892,0.550610,0.035000,0.102222,0.897778,0.102222,0.897778
80,53,0.371141,0.595247,0.035000,0.102222,0.897778,0.102222,0.897778
80,54,0.468342,0.600228,0.035000,0.102222,0.897778,0.102222,0.897778
80,55,0.566622,0.576068,0.035000,0.102222,0.897778,0.102222,0.897778
80,56,0.661483,0.556870,0.035000,0.102222,0.897778,0.102222,0.897778
80,57,0.738272,0.552133,0.035000,0.102222,0.897778,0.102222,0.897778
80,58,0.802679,0.616344,0.035000,0.102222,0.897778,0.102222,0.897778
80,59,0.862778,0.580542,0.035000,0.102222,0.897778,0.102222,0.897778
80,60,0.137222,0.666556,0.035000,0.102222,0.897778,0.102222,0.897778
80,61,0.200882,0.637462,0.035000,0.102222,0.897778,0.102222,0.897778
80,62,0.280464,0.676843,0.035000,0.102222,0.897778,0.102222,0.897778
80,63,0.370277,0.690389,0.035000,0.102222,0.897778,0.102222,0.897778
80,64,0.450367,0.671268,0.035000,0.102222,0.897778,0.102222,0.897778
80,65,0.538446,0.656331,0.035000,0.102222,0.897778,0.102222,0.897778
80,66,0.661747,0.649325,0.035000,0.102222,0.897778,0.102222,0.897778
80,67,0.723263,0.691407,0.035000,0.102222,0.897778,0.102222,0.897778
80,68,0.797039,0.694425,0.035000,0.102222,0.897778,0.102222,0.897778
80,69,0.862778,0.652184,0.035000,0.102222,0.897778,0.102222,0.897778
80,70,0.137222,0.744129,0.035000,0.102222,0.897778,0.102222,0.897778
80,71,0.203814,0.765463,0.035000,0.102222,0.897778,0.102222,0.897778
80,72,0.284753,0.792750,0.035000,0.102222,0.897778,0.102222,0.897778
80,73,0.384193,0.773441,0.035000,0.102222,0.897778,0.102222,0.897778
80,74,0.482241,0.746182,0.035000,0.102222,0.897778,0.102222,0.897778
80,75,0.572562,0.739548,0.035000,0.102222,0.897778,0.102222,0.897778
80,76,0.637711,0.784422,0.035000,0.102222,0.897778,0.102222,0.897778
80,77,0.752119,0.788363,0.035000,0.102222,0.897778,0.102222,0.897778
80,78,0.821432,0.778638,0.035000,0.102222,0.897778,0.102222,0.897778
80,79,0.862778,0.722175,0.035000,0.102222,0.897778,0.102222,0.897778
80,80,0.137222,0.848862,0.035000,0.102222,0.897778,0.102222,0.897778
80,81,0.209145,0.862778,0.035000,0.102222,0.897778,0.102222,0.897778
80,82,0.279149,0.862778,0.035000,0.102222,0.897778,0.102222,0.897778
80,83,0.352132,0.847625,0.035000,0.102222,0.897778,0.102222,0.897778
80,84,0.453675,0.838331,0.035000,0.102222,0.897778,0.102222,0.897778
80,85,0.557851,0.862199,0.035000,0.102222,0.897778,0.102222,0.897778
80,86,0.629458,0.862778,0.035000,0.102222,0.897778,0.102222,0.897778
80,87,0.720083,0.862778,0.035000,0.102222,0.897778,0.102222,0.897778
80,88,0.792887,0.849222,0.035000,0.102222,0.897778,0.102222,0.897778
80,89,0.862778,0.851045,0.035000,0.102222,0.897778,0.102222,0.897778
81,0,0.139000,0.139000,0.035000,0.104000,0.896000,0.104000,0.896000
81,1,0.208900,0.139000,0.035000,0.104000,0.896000,0.104000,0.896000
81,2,0.278900,0.139000,0.035000,0.104000,0.896000,0.104000,0.896000
81,3,0.367467,0.139000,0.035000,0.104000,0.896000,0.104000,0.896000
81,4,0.458809,0.139000,0.035000,0.104000,0.896000,0.104000,0.896000
81,5,0.541367,0.139000,0.035000,0.104000,0.896000,0.104000,0.896000
81,6,0.633046,0.139000,0.035000,0.104000,0.896000,0.104000,0.896000
81,7,0.721079,0.139000,0.035000,0.104000,0.896000,0.104000,0.896000
81,8,0.791066,0.139000,0.035000,0.104000,0.896000,0.104000,0.896000
81,9,0.861000,0.139000,0.035000,0.104000,0.896000,0.104000,0.896000
81,10,0.139000,0.211314,0.035000,0.104000,0.896000,0.104000,0.896000
81,11,0.219580,0.216559,0.035000,0.104000,0.896000,0.104000,0.896000
81,12,0.296326,0.219065,0.035000,0.104000,0.896000,0.104000,0.896000
81,13,0.375628,0.208441,0.035000,0.104000,0.896000,0.104000,0.896000
81,14,0.483224,0.206307,0.035000,0.104000,0.896000,0.104000,0.896000
81,15,0.581368,0.204405,0.035000,0.104000,0.896000,0.104000,0.896000
81,16,0.652099,0.206414,0.035000,0.104000,0.896000,0.104000,0.896000
81,17,0.722032,0.233569,0.035000,0.104000,0.896000,0.104000,0.896000
81,18,0.791097,0.208938,0.035000,0.104000,0.896000,0.104000,0.896000
81,19,0.861000,0.210355,0.035000,0.104000,0.896000,0.104000,0.896000
81,20,0.139000,0.283981,0.035000,0.104000,0.896000,0.104000,0.896000
81,21,0.199518,0.319148,0.035000,0.104000,0.896000,0.104000,0.896000
81,22,0.284441,0.293901,0.035000,0.104000,0.896000,0.104000,0.896000
81,23,0.361394,0.283578,0.035000,0.104000,0.896000,0.104000,0.896000
81,24,0.443441,0.276215,0.035000,0.104000,0.896000,0.104000,0.896000
81,25,0.549058,0.287719,0.035000,0.104000,0.896000,0.104000,0.896000
81,26,0.648790,0.310655,0.035000,0.104000,0.896000,0.104000,0.896000
81,27,0.720861,0.305450,0.035000,0.104000,0.896000,0.104000,0.896000
81,28,0.791260,0.279013,0.035000,0.104000,0.896000,0.104000,0.896000
81,29,0.861000,0.283835,0.035000,0.104000,0.896000,0.104000,0.896000
81,30,0.139000,0.385750,0.035000,0.104000,0.896000,0.104000,0.896000
81,31,0.206902,0.402535,0.035000,0.104000,0.896000,0.104000,0.896000
81,32,0.289658,0.378552,0.035000,0.104000,0.896000,0.104000,0.896000
81,33,0.396496,0.375197,0.035000,0.104000,0.896000,0.104000,0.896000
81,34,0.474956,0.371670,0.035000,0.104000,0.896000,0.104000,0.896000
81,35,0.564111,0.413683,0.035000,0.104000,0.896000,0.104000,0.896000
81,36,0.657270,0.384237,0.035000,0.104000,0.896000,0.104000,0.896000
81,37,0.762722,0.382063,0.035000,0.104000,0.896000,0.104000,0.896000
81,38,0.821306,0.343644,0.035000,0.104000,0.896000,0.104000,0.896000
81,39,0.861000,0.418346,0.035000,0.104000,0.896000,0.104000,0.896000
81,40,0.139000,0.510885,0.035000,0.104000,0.896000,0.104000,0.896000
81,41,0.203839,0.484689,0.035000,0.104000,0.896000,0.104000,0.896000
81,42,0.272228,0.467428,0.035000,0.104000,0.896000,0.104000,0.896000
81,43,0.358332,0.465785,0.035000,0.104000,0.896000,0.104000,0.896000
81,44,0.474888,0.496463,0.035000,0.104000,0.896000,0.104000,0.896000
81,45,0.554762,0.498548,0.035000,0.104000,0.896000,0.104000,0.896000
81,46,0.626261,0.462898,0.035000,0.104000,0.896000,0.104000,0.896000
81,47,0.736101,0.474111,0.035000,0.104000,0.896000,0.104000,0.896000
81,48,0.806777,0.464010,0.035000,0.104000,0.896000,0.104000,0.896000
81,49,0.861000,0.508265,0.035000,0.104000,0.896000,0.104000,0.896000
81,50,0.139000,0.582550,0.035000,0.104000,0.896000,0.104000,0.896000
81,51,0.217525,0.559555,0.035000,0.104000,0.896000,0.104000,0.896000
81,52,0.302156,0.553305,0.035000,0.104000,0.896000,0.104000,0.896000
81,53,0.368431,0.595127,0.035000,0.104000,0.896000,0.104000,0.896000
81,54,0.470812,0.597491,0.035000,0.104000,0.896000,0.104000,0.896000
81,55,0.568419,0.575149,0.035000,0.104000,0.896000,0.104000,0.896000
81,56,0.656785,0.559406,0.035000,0.104000,0.896000,0.104000,0.896000
81,57,0.738439,0.553511,0.035000,0.104000,0.896000,0.104000,0.896000
81,58,0.801720,0.615407,0.035000,0.104000,0.896000,0.104000,0.896000
81,59,0.861000,0.578265,0.035000,0.104000,0.896000,0.104000,0.896000
81,60,0.139000,0.667643,0.035000,0.104000,0.896000,0.104000,0.896000
81,61,0.203655,0.639552,0.035000,0.104000,0.896000,0.104000,0.896000
81,62,0.284225,0.677491,0.035000,0.104000,0.896000,0.104000,0.896000
81,63,0.368659,0.687823,0.035000,0.104000,0.896000,0.104000,0.896000
81,64,0.447576,0.669712,0.035000,0.104000,0.896000,0.104000,0.896000
81,65,0.540814,0.658277,0.035000,0.104000,0.896000,0.104000,0.896000
81,66,0.662539,0.650708,0.035000,0.104000,0.896000,0.104000,0.896000
81,67,0.720139,0.691109,0.035000,0.104000,0.896000,0.104000,0.896000
81,68,0.796645,0.692121,0.035000,0.104000,0.896000,0.104000,0.896000
81,69,0.861000,0.652903,0.035000,0.104000,0.896000,0.104000,0.896000
81,70,0.139000,0.745831,0.035000,0.104000,0.896000,0.104000,0.896000
81,71,0.205270,0.768156,0.035000,0.104000,0.896000,0.104000,0.896000
81,72,0.285401,0.789924,0.035000,0.104000,0.896000,0.104000,0.896000
81,73,0.387476,0.771386,0.035000,0.104000,0.896000,0.104000,0.896000
81,74,0.480739,0.747609,0.035000,0.104000,0.896000,0.104000,0.896000
81,75,0.569700,0.742167,0.035000,0.104000,0.896000,0.104000,0.896000
81,76,0.639496,0.784042,0.035000,0.104000,0.896000,0.104000,0.896000
81,77,0.750455,0.785773,0.035000,0.104000,0.896000,0.104000,0.896000
81,78,0.820194,0.779764,0.035000,0.104000,0.896000,0.104000,0.896000
81,79,0.861000,0.722899,0.035000,0.104000,0.896000,0.104000,0.896000
81,80,0.139000,0.850376,0.035000,0.104000,0.896000,0.104000,0.896000
81,81,0.208067,0.861000,0.035000,0.104000,0.896000,0.104000,0.896000
81,82,0.278067,0.861000,0.035000,0.104000,0.896000,0.104000,0.896000
81,83,0.352581,0.848456,0.035000,0.104000,0.896000,0.104000,0.896000
81,84,0.456996,0.841094,0.035000,0.104000,0.896000,0.104000,0.896000
81,85,0.553886,0.861000,0.035000,0.104000,0.896000,0.104000,0.896000
81,86,0.627920,0.861000,0.035000,0.104000,0.896000,0.104000,0.896000
81,87,0.721839,0.861000,0.035000,0.104000,0.896000,0.104000,0.896000
81,88,0.791219,0.852029,0.035000,0.104000,0.896000,0.104000,0.896000
81,89,0.861000,0.853101,0.035000,0.104000,0.896000,0.104000,0.896000
82,0,0.140778,0.140778,0.035000,0.105778,0.894222,0.105778,0.894222
82,1,0.210688,0.140778,0.035000,0.105778,0.894222,0.105778,0.894222
82,2,0.281165,0.140778,0.035000,0.105778,0.894222,0.105778,0.894222
82,3,0.370523,0.140778,0.035000,0.105778,0.894222,0.105778,0.894222
82,4,0.456786,0.140778,0.035000,0.105778,0.894222,0.105778,0.894222
82,5,0.538478,0.140778,0.035000,0.105778,0.894222,0.105778,0.894222
82,6,0.634666,0.140778,0.035000,0.105778,0.894222,0.105778,0.894222
82,7,0.719226,0.140778,0.035000,0.105778,0.894222,0.105778,0.894222
82,8,0.789225,0.140778,0.035000,0.105778,0.894222,0.105778,0.894222
82,9,0.859222,0.140778,0.035000,0.105778,0.894222,0.105778,0.894222
82,10,0.140778,0.215082,0.035000,0.105778,0.894222,0.105778,0.894222
82,11,0.220303,0.218584,0.035000,0.105778,0.894222,0.105778,0.894222
82,12,0.292883,0.216921,0.035000,0.105778,0.894222,0.105778,0.894222
82,13,0.376921,0.210429,0.035000,0.105778,0.894222,0.105778,0.894222
82,14,0.486794,0.209050,0.035000,0.105778,0.894222,0.105778,0.894222
82,15,0.577536,0.207597,0.035000,0.105778,0.894222,0.105778,0.894222
82,16,0.650891,0.208787,0.035000,0.105778,0.894222,0.105778,0.894222
82,17,0.722736,0.231496,0.035000,0.105778,0.894222,0.105778,0.894222
82,18,0.789514,0.210622,0.035000,0.105778,0.894222,0.105778,0.894222
82,19,0.859222,0.214049,0.035000,0.105778,0.894222,0.105778,0.894222
82,20,0.140778,0.286451,0.035000,0.105778,0.894222,0.105778,0.894222
82,21,0.203452,0.317845,0.035000,0.105778,0.894222,0.105778,0.894222
82,22,0.285284,0.291352,0.035000,0.105778,0.894222,0.105778,0.894222
82,23,0.357953,0.284248,0.035000,0.105778,0.894222,0.105778,0.894222
82,24,0.443893,0.278991,0.035000,0.105778,0.894222,0.105778,0.894222
82,25,0.552170,0.288109,0.035000,0.105778,0.894222,0.105778,0.894222
82,26,0.645352,0.308243,0.035000,0.105778,0.894222,0.105778,0.894222
82,27,0.719512,0.305205,0.035000,0.105778,0.894222,0.105778,0.894222
82,28,0.789528,0.281543,0.035000,0.105778,0.894222,0.105778,0.894222
82,29,0.859222,0.286996,0.035000,0.105778,0.894222,0.105778,0.894222
82,30,0.140778,0.383760,0.035000,0.105778,0.894222,0.105778,0.894222
82,31,0.208684,0.400702,0.035000,0.105778,0.894222,0.105778,0.894222
82,32,0.292923,0.378572,0.035000,0.105778,0.894222,0.105778,0.894222
82,33,0.397134,0.377924,0.035000,0.105778,0.894222,0.105778,0.894222
82,34,0.471514,0.372736,0.035000,0.105778,0.894222,0.105778,0.894222
82,35,0.564429,0.411382,0.035000,0.105778,0.894222,0.105778,0.894222
82,36,0.660409,0.382253,0.035000,0.105778,0.894222,0.105778,0.894222
82,37,0.760080,0.384616,0.035000,0.105778,0.894222,0.105778,0.894222
82,38,0.819478,0.345122,0.035000,0.105778,0.894222,0.105778,0.894222
82,39,0.859222,0.417713,0.035000,0.105778,0.894222,0.105778,0.894222
82,40,0.140778,0.510667,0.035000,0.105778,0.894222,0.105778,0.894222
82,41,0.204641,0.482249,0.035000,0.105778,0.894222,0.105778,0.894222
82,42,0.273415,0.469205,0.035000,0.105778,0.894222,0.105778,0.894222
82,43,0.361533,0.467415,0.035000,0.105778,0.894222,0.105778,0.894222
82,44,0.475679,0.494598,0.035000,0.105778,0.894222,0.105778,0.894222
82,45,0.551330,0.496164,0.035000,0.105778,0.894222,0.105778,0.894222
82,46,0.626438,0.463811,0.035000,0.105778,0.894222,0.105778,0.894222
82,47,0.736592,0.477335,0.035000,0.105778,0.894222,0.105778,0.894222
82,48,0.804865,0.461887,0.035000,0.105778,0.894222,0.105778,0.894222
82,49,0.859222,0.505970,0.035000,0.105778,0.894222,0.105778,0.894222
82,50,0.140778,0.581356,0.035000,0.105778,0.894222,0.105778,0.894222
82,51,0.220656,0.561287,0.035000,0.105778,0.894222,0.105778,0.894222
82,52,0.299483,0.555422,0.035000,0.105778,0.894222,0.105778,0.894222
82,53,0.366647,0.593787,0.035000,0.105778,0.894222,0.105778,0.894222
82,54,0.473965,0.594845,0.035000,0.105778,0.894222,0.105778,0.894222
82,55,0.569135,0.575478,0.035000,0.105778,0.894222,0.105778,0.894222
82,56,0.651962,0.562325,0.035000,0.105778,0.894222,0.105778,0.894222
82,57,0.739624,0.553876,0.035000,0.105778,0.894222,0.105778,0.894222
82,58,0.800606,0.614176,0.035000,0.105778,0.894222,0.105778,0.894222
82,59,0.859222,0.575989,0.035000,0.105778,0.894222,0.105778,0.894222
82,60,0.140778,0.669797,0.035000,0.105778,0.894222,0.105778,0.894222
82,61,0.207255,0.641449,0.035000,0.105778,0.894222,0.105778,0.894222
82,62,0.287286,0.676855,0.035000,0.105778,0.894222,0.105778,0.894222
82,63,0.366074,0.685049,0.035000,0.105778,0.894222,0.105778,0.894222
82,64,0.445676,0.669340,0.035000,0.105778,0.894222,0.105778,0.894222
82,65,0.543906,0.660901,0.035000,0.105778,0.894222,0.105778,0.894222
82,66,0.660494,0.649965,0.035000,0.105778,0.894222,0.105778,0.894222
82,67,0.718560,0.691015,0.035000,0.105778,0.894222,0.105778,0.894222
82,68,0.797325,0.690250,0.035000,0.105778,0.894222,0.105778,0.894222
82,69,0.859222,0.654619,0.035000,0.105778,0.894222,0.105778,0.894222
82,70,0.140778,0.747399,0.035000,0.105778,0.894222,0.105778,0.894222
82,71,0.207071,0.769661,0.035000,0.105778,0.894222,0.105778,0.894222
82,72,0.287198,0.786691,0.035000,0.105778,0.894222,0.105778,0.894222
82,73,0.390178,0.770377,0.035000,0.105778,0.894222,0.105778,0.894222
82,74,0.478240,0.749945,0.035000,0.105778,0.894222,0.105778,0.894222
82,75,0.567694,0.744104,0.035000,0.105778,0.894222,0.105778,0.894222
82,76,0.642116,0.782480,0.035000,0.105778,0.894222,0.105778,0.894222
82,77,0.748376,0.783354,0.035000,0.105778,0.894222,0.105778,0.894222
82,78,0.818433,0.781530,0.035000,0.105778,0.894222,0.105778,0.894222
82,79,0.859222,0.724619,0.035000,0.105778,0.894222,0.105778,0.894222
82,80,0.140778,0.849742,0.035000,0.105778,0.894222,0.105778,0.894222
82,81,0.209912,0.859222,0.035000,0.105778,0.894222,0.105778,0.894222
82,82,0.279912,0.859222,0.035000,0.105778,0.894222,0.105778,0.894222
82,83,0.354204,0.850379,0.035000,0.105778,0.894222,0.105778,0.894222
82,84,0.459779,0.843445,0.035000,0.105778,0.894222,0.105778,0.894222
82,85,0.549280,0.859222,0.035000,0.105778,0.894222,0.105778,0.894222
82,86,0.626995,0.859222,0.035000,0.105778,0.894222,0.105778,0.894222
82,87,0.719585,0.859222,0.035000,0.105778,0.894222,0.105778,0.894222
82,88,0.789403,0.854706,0.035000,0.105778,0.894222,0.105778,0.894222
82,89,0.859222,0.854211,0.035000,0.105778,0.894222,0.105778,0.894222
83,0,0.142556,0.142556,0.035000,0.107556,0.892444,0.107556,0.892444
83,1,0.212470,0.142556,0.035000,0.107556,0.892444,0.107556,0.892444
83,2,0.284339,0.142556,0.035000,0.107556,0.892444,0.107556,0.892444
83,3,0.373047,0.142556,0.035000,0.107556,0.892444,0.107556,0.892444
83,4,0.453856,0.142556,0.035000,0.107556,0.892444,0.107556,0.892444
83,5,0.536496,0.142556,0.035000,0.107556,0.892444,0.107556,0.892444
83,6,0.636816,0.142556,0.035000,0.107556,0.892444,0.107556,0.892444
83,7,0.717077,0.142556,0.035000,0.107556,0.892444,0.107556,0.892444
83,8,0.787142,0.142556,0.035000,0.107556,0.892444,0.107556,0.892444
83,9,0.857444,0.142556,0.035000,0.107556,0.892444,0.107556,0.892444
83,10,0.142556,0.218217,0.035000,0.107556,0.892444,0.107556,0.892444
83,11,0.219742,0.219277,0.035000,0.107556,0.892444,0.107556,0.892444
83,12,0.289699,0.214216,0.035000,0.107556,0.892444,0.107556,0.892444
83,13,0.379202,0.212274,0.035000,0.107556,0.892444,0.107556,0.892444
83,14,0.489740,0.212536,0.035000,0.107556,0.892444,0.107556,0.892444
83,15,0.573053,0.210093,0.035000,0.107556,0.892444,0.107556,0.892444
83,16,0.650601,0.211098,0.035000,0.107556,0.892444,0.107556,0.892444
83,17,0.720325,0.230715,0.035000,0.107556,0.892444,0.107556,0.892444
83,18,0.787865,0.212448,0.035000,0.107556,0.892444,0.107556,0.892444
83,19,0.857444,0.218170,0.035000,0.107556,0.892444,0.107556,0.892444
83,20,0.142556,0.288267,0.035000,0.107556,0.892444,0.107556,0.892444
83,21,0.207401,0.315662,0.035000,0.107556,0.892444,0.107556,0.892444
83,22,0.284829,0.289601,0.035000,0.107556,0.892444,0.107556,0.892444
83,23,0.354739,0.286044,0.035000,0.107556,0.892444,0.107556,0.892444
83,24,0.445520,0.281426,0.035000,0.107556,0.892444,0.107556,0.892444
83,25,0.554775,0.287242,0.035000,0.107556,0.892444,0.107556,0.892444
83,26,0.641196,0.305641,0.035000,0.107556,0.892444,0.107556,0.892444
83,27,0.718750,0.305976,0.035000,0.107556,0.892444,0.107556,0.892444
83,28,0.787740,0.283661,0.035000,0.107556,0.892444,0.107556,0.892444
83,29,0.857444,0.288967,0.035000,0.107556,0.892444,0.107556,0.892444
83,30,0.142556,0.381024,0.035000,0.107556,0.892444,0.107556,0.892444
83,31,0.210592,0.399136,0.035000,0.107556,0.892444,0.107556,0.892444
83,32,0.296366,0.379824,0.035000,0.107556,0.892444,0.107556,0.892444
83,33,0.396538,0.380604,0.035000,0.107556,0.892444,0.107556,0.892444
83,34,0.468236,0.372553,0.035000,0.107556,0.892444,0.107556,0.892444
83,35,0.565935,0.408630,0.035000,0.107556,0.892444,0.107556,0.892444
83,36,0.663088,0.381338,0.035000,0.107556,0.892444,0.107556,0.892444
83,37,0.756563,0.387911,0.035000,0.107556,0.892444,0.107556,0.892444
83,38,0.818582,0.347117,0.035000,0.107556,0.892444,0.107556,0.892444
83,39,0.857444,0.415534,0.035000,0.107556,0.892444,0.107556,0.892444
83,40,0.142556,0.510853,0.035000,0.107556,0.892444,0.107556,0.892444
83,41,0.205689,0.480751,0.035000,0.107556,0.892444,0.107556,0.892444
83,42,0.275094,0.471409,0.035000,0.107556,0.892444,0.107556,0.892444
83,43,0.364964,0.467880,0.035000,0.107556,0.892444,0.107556,0.892444
83,44,0.475234,0.492016,0.035000,0.107556,0.892444,0.107556,0.892444
83,45,0.548012,0.494660,0.035000,0.107556,0.892444,0.107556,0.892444
83,46,0.627815,0.465793,0.035000,0.107556,0.892444,0.107556,0.892444
83,47,0.736029,0.480242,0.035000,0.107556,0.892444,0.107556,0.892444
83,48,0.802818,0.459284,0.035000,0.107556,0.892444,0.107556,0.892444
83,49,0.857444,0.503464,0.035000,0.107556,0.892444,0.107556,0.892444
83,50,0.142556,0.581386,0.035000,0.107556,0.892444,0.107556,0.892444
83,51,0.222709,0.563620,0.035000,0.107556,0.892444,0.107556,0.892444
83,52,0.296215,0.556521,0.035000,0.107556,0.892444,0.107556,0.892444
83,53,0.366015,0.591507,0.035000,0.107556,0.892444,0.107556,0.892444
83,54,0.477395,0.592841,0.035000,0.107556,0.892444,0.107556,0.892444
83,55,0.568650,0.576997,0.035000,0.107556,0.892444,0.107556,0.892444
83,56,0.647413,0.565056,0.035000,0.107556,0.892444,0.107556,0.892444
83,57,0.741851,0.553046,0.035000,0.107556,0.892444,0.107556,0.892444
83,58,0.799072,0.612890,0.035000,0.107556,0.892444,0.107556,0.892444
83,59,0.857444,0.574329,0.035000,0.107556,0.892444,0.107556,0.892444
83,60,0.142556,0.672676,0.035000,0.107556,0.892444,0.107556,0.892444
83,61,0.211499,0.642619,0.035000,0.107556,0.892444,0.107556,0.892444
83,62,0.289322,0.675092,0.035000,0.107556,0.892444,0.107556,0.892444
83,63,0.362852,0.682646,0.035000,0.107556,0.892444,0.107556,0.892444
83,64,0.444912,0.670228,0.035000,0.107556,0.892444,0.107556,0.892444
83,65,0.547323,0.663659,0.035000,0.107556,0.892444,0.107556,0.892444
83,66,0.657683,0.648336,0.035000,0.107556,0.892444,0.107556,0.892444
83,67,0.716730,0.690015,0.035000,0.107556,0.892444,0.107556,0.892444
83,68,0.796830,0.690581,0.035000,0.107556,0.892444,0.107556,0.892444
83,69,0.857444,0.655666,0.035000,0.107556,0.892444,0.107556,0.892444
83,70,0.142556,0.748464,0.035000,0.107556,0.892444,0.107556,0.892444
83,71,0.209154,0.769814,0.035000,0.107556,0.892444,0.107556,0.892444
83,72,0.289922,0.783607,0.035000,0.107556,0.892444,0.107556,0.892444
83,73,0.391954,0.770622,0.035000,0.107556,0.892444,0.107556,0.892444
83,74,0.475064,0.752706,0.035000,0.107556,0.892444,0.107556,0.892444
83,75,0.566802,0.744957,0.035000,0.107556,0.892444,0.107556,0.892444
83,76,0.645169,0.780060,0.035000,0.107556,0.892444,0.107556,0.892444
83,77,0.745603,0.781654,0.035000,0.107556,0.892444,0.107556,0.892444
83,78,0.816450,0.784146,0.035000,0.107556,0.892444,0.107556,0.892444
83,79,0.857444,0.726632,0.035000,0.107556,0.892444,0.107556,0.892444
83,80,0.142556,0.847829,0.035000,0.107556,0.892444,0.107556,0.892444
83,81,0.211701,0.857444,0.035000,0.107556,0.892444,0.107556,0.892444
83,82,0.281701,0.857444,0.035000,0.107556,0.892444,0.107556,0.892444
83,83,0.356793,0.852993,0.035000,0.107556,0.892444,0.107556,0.892444
83,84,0.461669,0.844895,0.035000,0.107556,0.892444,0.107556,0.892444
83,85,0.544285,0.857444,0.035000,0.107556,0.892444,0.107556,0.892444
83,86,0.626985,0.857444,0.035000,0.107556,0.892444,0.107556,0.892444
83,87,0.717693,0.857444,0.035000,0.107556,0.892444,0.107556,0.892444
83,88,0.787666,0.857444,0.035000,0.107556,0.892444,0.107556,0.892444
83,89,0.857444,0.853991,0.035000,0.107556,0.892444,0.107556,0.892444
84,0,0.144333,0.144333,0.035000,0.109333,0.890667,0.109333,0.890667
84,1,0.214269,0.144333,0.035000,0.109333,0.890667,0.109333,0.890667
84,2,0.288130,0.144333,0.035000,0.109333,0.890667,0.109333,0.890667
84,3,0.374674,0.144333,0.035000,0.109333,0.890667,0.109333,0.890667
84,4,0.450340,0.144333,0.035000,0.109333,0.890667,0.109333,0.890667
84,5,0.535662,0.144333,0.035000,0.109333,0.890667,0.109333,0.890667
84,6,0.639183,0.144333,0.035000,0.109333,0.890667,0.109333,0.890667
84,7,0.714178,0.144333,0.035000,0.109333,0.890667,0.109333,0.890667
84,8,0.784875,0.144333,0.035000,0.109333,0.890667,0.109333,0.890667
84,9,0.855667,0.144333,0.035000,0.109333,0.890667,0.109333,0.890667
84,10,0.144333,0.219726,0.035000,0.109333,0.890667,0.109333,0.890667
84,11,0.217346,0.218689,0.035000,0.109333,0.890667,0.109333,0.890667
84,12,0.287945,0.214250,0.035000,0.109333,0.890667,0.109333,0.890667
84,13,0.382290,0.214361,0.035000,0.109333,0.890667,0.109333,0.890667
84,14,0.491723,0.216332,0.035000,0.109333,0.890667,0.109333,0.890667
84,15,0.568189,0.211480,0.035000,0.109333,0.890667,0.109333,0.890667
84,16,0.650635,0.213248,0.035000,0.109333,0.890667,0.109333,0.890667
84,17,0.718269,0.230902,0.035000,0.109333,0.890667,0.109333,0.890667
84,18,0.786197,0.214217,0.035000,0.109333,0.890667,0.109333,0.890667
84,19,0.855667,0.220345,0.035000,0.109333,0.890667,0.109333,0.890667
84,20,0.144333,0.289726,0.035000,0.109333,0.890667,0.109333,0.890667
84,21,0.210964,0.313140,0.035000,0.109333,0.890667,0.109333,0.890667
84,22,0.282067,0.289060,0.035000,0.109333,0.890667,0.109333,0.890667
84,23,0.353276,0.288537,0.035000,0.109333,0.890667,0.109333,0.890667
84,24,0.448112,0.283012,0.035000,0.109333,0.890667,0.109333,0.890667
84,25,0.556511,0.285290,0.035000,0.109333,0.890667,0.109333,0.890667
84,26,0.636583,0.303427,0.035000,0.109333,0.890667,0.109333,0.890667
84,27,0.718880,0.307848,0.035000,0.109333,0.890667,0.109333,0.890667
84,28,0.785917,0.285639,0.035000,0.109333,0.890667,0.109333,0.890667
84,29,0.855667,0.290339,0.035000,0.109333,0.890667,0.109333,0.890667
84,30,0.144333,0.377810,0.035000,0.109333,0.890667,0.109333,0.890667
84,31,0.213371,0.398464,0.035000,0.109333,0.890667,0.109333,0.890667
84,32,0.299547,0.382046,0.035000,0.109333,0.890667,0.109333,0.890667
84,33,0.394785,0.382681,0.035000,0.109333,0.890667,0.109333,0.890667
84,34,0.465542,0.371158,0.035000,0.109333,0.890667,0.109333,0.890667
84,35,0.568436,0.405997,0.035000,0.109333,0.890667,0.109333,0.890667
84,36,0.664933,0.381683,0.035000,0.109333,0.890667,0.109333,0.890667
84,37,0.752471,0.391455,0.035000,0.109333,0.890667,0.109333,0.890667
84,38,0.817996,0.349264,0.035000,0.109333,0.890667,0.109333,0.890667
84,39,0.855667,0.412895,0.035000,0.109333,0.890667,0.109333,0.890667
84,40,0.144333,0.511741,0.035000,0.109333,0.890667,0.109333,0.890667
84,41,0.206832,0.480333,0.035000,0.109333,0.890667,0.109333,0.890667
84,42,0.277425,0.473416,0.035000,0.109333,0.890667,0.109333,0.890667
84,43,0.368181,0.467081,0.035000,0.109333,0.890667,0.109333,0.890667
84,44,0.473614,0.489254,0.035000,0.109333,0.890667,0.109333,0.890667
84,45,0.545236,0.494350,0.035000,0.109333,0.890667,0.109333,0.890667
84,46,0.630217,0.468431,0.035000,0.109333,0.890667,0.109333,0.890667
84,47,0.735302,0.481907,0.035000,0.109333,0.890667,0.109333,0.890667
84,48,0.800208,0.455693,0.035000,0.109333,0.890667,0.109333,0.890667
84,49,0.855667,0.501393,0.035000,0.109333,0.890667,0.109333,0.890667
84,50,0.144333,0.582644,0.035000,0.109333,0.890667,0.109333,0.890667
84,51,0.223468,0.565985,0.035000,0.109333,0.890667,0.109333,0.890667
84,52,0.292805,0.556369,0.035000,0.109333,0.890667,0.109333,0.890667
84,53,0.366618,0.588759,0.035000,0.109333,0.890667,0.109333,0.890667
84,54,0.480659,0.591897,0.035000,0.109333,0.890667,0.109333,0.890667
84,55,0.567001,0.579401,0.035000,0.109333,0.890667,0.109333,0.890667
84,56,0.643538,0.567062,0.035000,0.109333,0.890667,0.109333,0.890667
84,57,0.745007,0.551281,0.035000,0.109333,0.890667,0.109333,0.890667
84,58,0.796993,0.611904,0.035000,0.109333,0.890667,0.109333,0.890667
84,59,0.855667,0.573800,0.035000,0.109333,0.890667,0.109333,0.890667
84,60,0.144333,0.675767,0.035000,0.109333,0.890667,0.109333,0.890667
84,61,0.216072,0.642702,0.035000,0.109333,0.890667,0.109333,0.890667
84,62,0.290016,0.672573,0.035000,0.109333,0.890667,0.109333,0.890667
84,63,0.359522,0.681126,0.035000,0.109333,0.890667,0.109333,0.890667
84,64,0.445380,0.672192,0.035000,0.109333,0.890667,0.109333,0.890667
84,65,0.550624,0.665977,0.035000,0.109333,0.890667,0.109333,0.890667
84,66,0.654060,0.645728,0.035000,0.109333,0.890667,0.109333,0.890667
84,67,0.715121,0.688707,0.035000,0.109333,0.890667,0.109333,0.890667
84,68,0.795579,0.692439,0.035000,0.109333,0.890667,0.109333,0.890667
84,69,0.855667,0.656531,0.035000,0.109333,0.890667,0.109333,0.890667
84,70,0.144333,0.748751,0.035000,0.109333,0.890667,0.109333,0.890667
84,71,0.211387,0.768727,0.035000,0.109333,0.890667,0.109333,0.890667
84,72,0.293231,0.781214,0.035000,0.109333,0.890667,0.109333,0.890667
84,73,0.392576,0.772070,0.035000,0.109333,0.890667,0.109333,0.890667
84,74,0.471618,0.755318,0.035000,0.109333,0.890667,0.109333,0.890667
84,75,0.567139,0.744548,0.035000,0.109333,0.890667,0.109333,0.890667
84,76,0.648206,0.777287,0.035000,0.109333,0.890667,0.109333,0.890667
84,77,0.742024,0.781056,0.035000,0.109333,0.890667,0.109333,0.890667
84,78,0.814661,0.787426,0.035000,0.109333,0.890667,0.109333,0.890667
84,79,0.855667,0.728272,0.035000,0.109333,0.890667,0.109333,0.890667
84,80,0.144333,0.844824,0.035000,0.109333,0.890667,0.109333,0.890667
84,81,0.213347,0.855667,0.035000,0.109333,0.890667,0.109333,0.890667
84,82,0.283347,0.855667,0.035000,0.109333,0.890667,0.109333,0.890667
84,83,0.360017,0.855667,0.035000,0.109333,0.890667,0.109333,0.890667
84,84,0.462423,0.845142,0.035000,0.109333,0.890667,0.109333,0.890667
84,85,0.539249,0.855667,0.035000,0.109333,0.890667,0.109333,0.890667
84,86,0.628050,0.855667,0.035000,0.109333,0.890667,0.109333,0.890667
84,87,0.715864,0.855667,0.035000,0.109333,0.890667,0.109333,0.890667
84,88,0.785843,0.855667,0.035000,0.109333,0.890667,0.109333,0.890667
84,89,0.855667,0.852525,0.035000,0.109333,0.890667,0.109333,0.890667
85,0,0.146111,0.146111,0.035000,0.111111,0.888889,0.111111,0.888889
85,1,0.216084,0.146111,0.035000,0.111111,0.888889,0.111111,0.888889
85,2,0.292340,0.146111,0.035000,0.111111,0.888889,0.111111,0.888889
85,3,0.375136,0.146111,0.035000,0.111111,0.888889,0.111111,0.888889
85,4,0.446646,0.146111,0.035000,0.111111,0.888889,0.111111,0.888889
85,5,0.536072,0.146111,0.035000,0.111111,0.888889,0.111111,0.888889
85,6,0.640852,0.146111,0.035000,0.111111,0.888889,0.111111,0.888889
85,7,0.710982,0.146111,0.035000,0.111111,0.888889,0.111111,0.888889
85,8,0.782884,0.146111,0.035000,0.111111,0.888889,0.111111,0.888889
85,9,0.853889,0.146111,0.035000,0.111111,0.888889,0.111111,0.888889
85,10,0.146111,0.220084,0.035000,0.111111,0.888889,0.111111,0.888889
85,11,0.215946,0.216953,0.035000,0.111111,0.888889,0.111111,0.888889
85,12,0.287111,0.215869,0.035000,0.111111,0.888889,0.111111,0.888889
85,13,0.385907,0.217361,0.035000,0.111111,0.888889,0.111111,0.888889
85,14,0.492519,0.219896,0.035000,0.111111,0.888889,0.111111,0.888889
85,15,0.563305,0.211556,0.035000,0.111111,0.888889,0.111111,0.888889
85,16,0.649001,0.215518,0.035000,0.111111,0.888889,0.111111,0.888889
85,17,0.716561,0.233474,0.035000,0.111111,0.888889,0.111111,0.888889
85,18,0.784298,0.216015,0.035000,0.111111,0.888889,0.111111,0.888889
85,19,0.853889,0.220725,0.035000,0.111111,0.888889,0.111111,0.888889
85,20,0.146111,0.290084,0.035000,0.111111,0.888889,0.111111,0.888889
85,21,0.212797,0.311210,0.035000,0.111111,0.888889,0.111111,0.888889
85,22,0.279541,0.289450,0.035000,0.111111,0.888889,0.111111,0.888889
85,23,0.352603,0.291261,0.035000,0.111111,0.888889,0.111111,0.888889
85,24,0.451338,0.283422,0.035000,0.111111,0.888889,0.111111,0.888889
85,25,0.557134,0.282650,0.035000,0.111111,0.888889,0.111111,0.888889
85,26,0.631875,0.302094,0.035000,0.111111,0.888889,0.111111,0.888889
85,27,0.718639,0.311140,0.035000,0.111111,0.888889,0.111111,0.888889
85,28,0.784191,0.286631,0.035000,0.111111,0.888889,0.111111,0.888889
85,29,0.853889,0.290716,0.035000,0.111111,0.888889,0.111111,0.888889
85,30,0.146111,0.374657,0.035000,0.111111,0.888889,0.111111,0.888889
85,31,0.216985,0.398953,0.035000,0.111111,0.888889,0.111111,0.888889
85,32,0.302056,0.384777,0.035000,0.111111,0.888889,0.111111,0.888889
85,33,0.392100,0.383722,0.035000,0.111111,0.888889,0.111111,0.888889
85,34,0.463778,0.368842,0.035000,0.111111,0.888889,0.111111,0.888889
85,35,0.571611,0.404033,0.035000,0.111111,0.888889,0.111111,0.888889
85,36,0.665684,0.383215,0.035000,0.111111,0.888889,0.111111,0.888889
85,37,0.748167,0.394689,0.035000,0.111111,0.888889,0.111111,0.888889
85,38,0.817697,0.350518,0.035000,0.111111,0.888889,0.111111,0.888889
85,39,0.853889,0.410423,0.035000,0.111111,0.888889,0.111111,0.888889
85,40,0.146111,0.513566,0.035000,0.111111,0.888889,0.111111,0.888889
85,41,0.207928,0.480820,0.035000,0.111111,0.888889,0.111111,0.888889
85,42,0.280657,0.474654,0.035000,0.111111,0.888889,0.111111,0.888889
85,43,0.370772,0.465184,0.035000,0.111111,0.888889,0.111111,0.888889
85,44,0.471028,0.486889,0.035000,0.111111,0.888889,0.111111,0.888889
85,45,0.543356,0.495297,0.035000,0.111111,0.888889,0.111111,0.888889
85,46,0.633334,0.471174,0.035000,0.111111,0.888889,0.111111,0.888889
85,47,0.733591,0.480909,0.035000,0.111111,0.888889,0.111111,0.888889
85,48,0.797312,0.451633,0.035000,0.111111,0.888889,0.111111,0.888889
85,49,0.853889,0.500284,0.035000,0.111111,0.888889,0.111111,0.888889
85,50,0.146111,0.584878,0.035000,0.111111,0.888889,0.111111,0.888889
85,51,0.221315,0.568033,0.035000,0.111111,0.888889,0.111111,0.888889
85,52,0.291277,0.554776,0.035000,0.111111,0.888889,0.111111,0.888889
85,53,0.368377,0.586115,0.035000,0.111111,0.888889,0.111111,0.888889
85,54,0.483339,0.592210,0.035000,0.111111,0.888889,0.111111,0.888889
85,55,0.564379,0.582197,0.035000,0.111111,0.888889,0.111111,0.888889
85,56,0.640677,0.567952,0.035000,0.111111,0.888889,0.111111,0.888889
85,57,0.748983,0.550155,0.035000,0.111111,0.888889,0.111111,0.888889
85,58,0.794436,0.611466,0.035000,0.111111,0.888889,0.111111,0.888889
85,59,0.853889,0.574568,0.035000,0.111111,0.888889,0.111111,0.888889
85,60,0.146111,0.678285,0.035000,0.111111,0.888889,0.111111,0.888889
85,61,0.220581,0.641583,0.035000,0.111111,0.888889,0.111111,0.888889
85,62,0.287724,0.669642,0.035000,0.111111,0.888889,0.111111,0.888889
85,63,0.358115,0.681001,0.035000,0.111111,0.888889,0.111111,0.888889
85,64,0.447020,0.674824,0.035000,0.111111,0.888889,0.111111,0.888889
85,65,0.553384,0.667373,0.035000,0.111111,0.888889,0.111111,0.888889
85,66,0.649748,0.642318,0.035000,0.111111,0.888889,0.111111,0.888889
85,67,0.714142,0.687696,0.035000,0.111111,0.888889,0.111111,0.888889
85,68,0.793915,0.693932,0.035000,0.111111,0.888889,0.111111,0.888889
85,69,0.853889,0.657799,0.035000,0.111111,0.888889,0.111111,0.888889
85,70,0.146111,0.748332,0.035000,0.111111,0.888889,0.111111,0.888889
85,71,0.213631,0.766787,0.035000,0.111111,0.888889,0.111111,0.888889
85,72,0.296707,0.779927,0.035000,0.111111,0.888889,0.111111,0.888889
85,73,0.391964,0.774419,0.035000,0.111111,0.888889,0.111111,0.888889
85,74,0.468342,0.757238,0.035000,0.111111,0.888889,0.111111,0.888889
85,75,0.568662,0.742961,0.035000,0.111111,0.888889,0.111111,0.888889
85,76,0.650791,0.774735,0.035000,0.111111,0.888889,0.111111,0.888889
85,77,0.737740,0.781710,0.035000,0.111111,0.888889,0.111111,0.888889
85,78,0.813634,0.790546,0.035000,0.111111,0.888889,0.111111,0.888889
85,79,0.853889,0.729945,0.035000,0.111111,0.888889,0.111111,0.888889
85,80,0.146111,0.841140,0.035000,0.111111,0.888889,0.111111,0.888889
85,81,0.214834,0.853889,0.035000,0.111111,0.888889,0.111111,0.888889
85,82,0.284984,0.853889,0.035000,0.111111,0.888889,0.111111,0.888889
85,83,0.363462,0.853889,0.035000,0.111111,0.888889,0.111111,0.888889
85,84,0.461945,0.844135,0.035000,0.111111,0.888889,0.111111,0.888889
85,85,0.534572,0.853889,0.035000,0.111111,0.888889,0.111111,0.888889
85,86,0.630184,0.853889,0.035000,0.111111,0.888889,0.111111,0.888889
85,87,0.713996,0.853889,0.035000,0.111111,0.888889,0.111111,0.888889
85,88,0.783996,0.853889,0.035000,0.111111,0.888889,0.111111,0.888889
85,89,0.853889,0.850156,0.035000,0.111111,0.888889,0.111111,0.888889
86,0,0.147889,0.147889,0.035000,0.112889,0.887111,0.112889,0.887111
86,1,0.217997,0.147889,0.035000,0.112889,0.887111,0.112889,0.887111
86,2,0.296548,0.147889,0.035000,0.112889,0.887111,0.112889,0.887111
86,3,0.373594,0.147889,0.035000,0.112889,0.887111,0.112889,0.887111
86,4,0.443982,0.147889,0.035000,0.112889,0.887111,0.112889,0.887111
86,5,0.535709,0.147889,0.035000,0.112889,0.887111,0.112889,0.887111
86,6,0.639303,0.147889,0.035000,0.112889,0.887111,0.112889,0.887111
86,7,0.709953,0.147889,0.035000,0.112889,0.887111,0.112889,0.887111
86,8,0.781573,0.147889,0.035000,0.112889,0.887111,0.112889,0.887111
86,9,0.852111,0.147889,0.035000,0.112889,0.887111,0.112889,0.887111
86,10,0.147889,0.218837,0.035000,0.112889,0.887111,0.112889,0.887111
86,11,0.217723,0.217795,0.035000,0.112889,0.887111,0.112889,0.887111
86,12,0.287722,0.217320,0.035000,0.112889,0.887111,0.112889,0.887111
86,13,0.389644,0.221062,0.035000,0.112889,0.887111,0.112889,0.887111
86,14,0.490983,0.222765,0.035000,0.112889,0.887111,0.112889,0.887111
86,15,0.562059,0.212622,0.035000,0.112889,0.887111,0.112889,0.887111
86,16,0.648134,0.217213,0.035000,0.112889,0.887111,0.112889,0.887111
86,17,0.715136,0.237262,0.035000,0.112889,0.887111,0.112889,0.887111
86,18,0.782309,0.217672,0.035000,0.112889,0.887111,0.112889,0.887111
86,19,0.852111,0.219325,0.035000,0.112889,0.887111,0.112889,0.887111
86,20,0.147889,0.288831,0.035000,0.112889,0.887111,0.112889,0.887111
86,21,0.213710,0.312343,0.035000,0.112889,0.887111,0.112889,0.887111
86,22,0.279992,0.289831,0.035000,0.112889,0.887111,0.112889,0.887111
86,23,0.352958,0.293638,0.035000,0.112889,0.887111,0.112889,0.887111
86,24,0.454734,0.282649,0.035000,0.112889,0.887111,0.112889,0.887111
86,25,0.556366,0.282390,0.035000,0.112889,0.887111,0.112889,0.887111
86,26,0.627478,0.301947,0.035000,0.112889,0.887111,0.112889,0.887111
86,27,0.718146,0.315512,0.035000,0.112889,0.887111,0.112889,0.887111
86,28,0.782335,0.287642,0.035000,0.112889,0.887111,0.112889,0.887111
86,29,0.852111,0.289315,0.035000,0.112889,0.887111,0.112889,0.887111
86,30,0.147889,0.372119,0.035000,0.112889,0.887111,0.112889,0.887111
86,31,0.221222,0.400605,0.035000,0.112889,0.887111,0.112889,0.887111
86,32,0.303574,0.387449,0.035000,0.112889,0.887111,0.112889,0.887111
86,33,0.388826,0.383512,0.035000,0.112889,0.887111,0.112889,0.887111
86,34,0.463169,0.366086,0.035000,0.112889,0.887111,0.112889,0.887111
86,35,0.575054,0.403144,0.035000,0.112889,0.887111,0.112889,0.887111
86,36,0.665226,0.385617,0.035000,0.112889,0.887111,0.112889,0.887111
86,37,0.744069,0.397097,0.035000,0.112889,0.887111,0.112889,0.887111
86,38,0.816558,0.349488,0.035000,0.112889,0.887111,0.112889,0.887111
86,39,0.852111,0.409744,0.035000,0.112889,0.887111,0.112889,0.887111
86,40,0.147889,0.516210,0.035000,0.112889,0.887111,0.112889,0.887111
86,41,0.208903,0.481937,0.035000,0.112889,0.887111,0.112889,0.887111
86,42,0.284586,0.474776,0.035000,0.112889,0.887111,0.112889,0.887111
86,43,0.372401,0.462581,0.035000,0.112889,0.887111,0.112889,0.887111
86,44,0.467810,0.485413,0.035000,0.112889,0.887111,0.112889,0.887111
86,45,0.542613,0.497305,0.035000,0.112889,0.887111,0.112889,0.887111
86,46,0.636766,0.473451,0.035000,0.112889,0.887111,0.112889,0.887111
86,47,0.730817,0.478951,0.035000,0.112889,0.887111,0.112889,0.887111
86,48,0.793721,0.448240,0.035000,0.112889,0.887111,0.112889,0.887111
86,49,0.852111,0.500392,0.035000,0.112889,0.887111,0.112889,0.887111
86,50,0.147889,0.587630,0.035000,0.112889,0.887111,0.112889,0.887111
86,51,0.218221,0.568837,0.035000,0.112889,0.887111,0.112889,0.887111
86,52,0.290177,0.552285,0.035000,0.112889,0.887111,0.112889,0.887111
86,53,0.371067,0.584126,0.035000,0.112889,0.887111,0.112889,0.887111
86,54,0.485088,0.593716,0.035000,0.112889,0.887111,0.112889,0.887111
86,55,0.561102,0.584811,0.035000,0.112889,0.887111,0.112889,0.887111
86,56,0.639063,0.567563,0.035000,0.112889,0.887111,0.112889,0.887111
86,57,0.753186,0.548505,0.035000,0.112889,0.887111,0.112889,0.887111
86,58,0.791596,0.611709,0.035000,0.112889,0.887111,0.112889,0.887111
86,59,0.852111,0.576515,0.035000,0.112889,0.887111,0.112889,0.887111
86,60,0.147889,0.678323,0.035000,0.112889,0.887111,0.112889,0.887111
86,61,0.222545,0.638738,0.035000,0.112889,0.887111,0.112889,0.887111
86,62,0.286608,0.668015,0.035000,0.112889,0.887111,0.112889,0.887111
86,63,0.357070,0.682102,0.035000,0.112889,0.887111,0.112889,0.887111
86,64,0.449623,0.677577,0.035000,0.112889,0.887111,0.112889,0.887111
86,65,0.555246,0.667558,0.035000,0.112889,0.887111,0.112889,0.887111
86,66,0.645006,0.638502,0.035000,0.112889,0.887111,0.112889,0.887111
86,67,0.714093,0.687475,0.035000,0.112889,0.887111,0.112889,0.887111
86,68,0.792081,0.695225,0.035000,0.112889,0.887111,0.112889,0.887111
86,69,0.852111,0.658896,0.035000,0.112889,0.887111,0.112889,0.887111
86,70,0.147889,0.748452,0.035000,0.112889,0.887111,0.112889,0.887111
86,71,0.216497,0.764752,0.035000,0.112889,0.887111,0.112889,0.887111
86,72,0.299909,0.779941,0.035000,0.112889,0.887111,0.112889,0.887111
86,73,0.390197,0.777181,0.035000,0.112889,0.887111,0.112889,0.887111
86,74,0.465655,0.758066,0.035000,0.112889,0.887111,0.112889,0.887111
86,75,0.571176,0.740527,0.035000,0.112889,0.887111,0.112889,0.887111
86,76,0.652550,0.772937,0.035000,0.112889,0.887111,0.112889,0.887111
86,77,0.732997,0.783500,0.035000,0.112889,0.887111,0.112889,0.887111
86,78,0.813951,0.789770,0.035000,0.112889,0.887111,0.112889,0.887111
86,79,0.852111,0.731127,0.035000,0.112889,0.887111,0.112889,0.887111
86,80,0.147889,0.837243,0.035000,0.112889,0.887111,0.112889,0.887111
86,81,0.216184,0.852111,0.035000,0.112889,0.887111,0.112889,0.887111
86,82,0.287425,0.852111,0.035000,0.112889,0.887111,0.112889,0.887111
86,83,0.366685,0.852111,0.035000,0.112889,0.887111,0.112889,0.887111
86,84,0.460295,0.842083,0.035000,0.112889,0.887111,0.112889,0.887111
86,85,0.530644,0.852111,0.035000,0.112889,0.887111,0.112889,0.887111
86,86,0.633229,0.852111,0.035000,0.112889,0.887111,0.112889,0.887111
86,87,0.711681,0.852111,0.035000,0.112889,0.887111,0.112889,0.887111
86,88,0.781681,0.852111,0.035000,0.112889,0.887111,0.112889,0.887111
86,89,0.852111,0.848443,0.035000,0.112889,0.887111,0.112889,0.887111
87,0,0.149667,0.149667,0.035000,0.114667,0.885333,0.114667,0.885333
87,1,0.220710,0.149667,0.035000,0.114667,0.885333,0.114667,0.885333
87,2,0.300282,0.149667,0.035000,0.114667,0.885333,0.114667,0.885333
87,3,0.370350,0.149667,0.035000,0.114667,0.885333,0.114667,0.885333
87,4,0.442550,0.149667,0.035000,0.114667,0.885333,0.114667,0.885333
87,5,0.535430,0.149667,0.035000,0.114667,0.885333,0.114667,0.885333
87,6,0.637462,0.149667,0.035000,0.114667,0.885333,0.114667,0.885333
87,7,0.708006,0.149667,0.035000,0.114667,0.885333,0.114667,0.885333
87,8,0.780426,0.149667,0.035000,0.114667,0.885333,0.114667,0.885333
87,9,0.850333,0.149667,0.035000,0.114667,0.885333,0.114667,0.885333
87,10,0.149667,0.219362,0.035000,0.114667,0.885333,0.114667,0.885333
87,11,0.219575,0.219570,0.035000,0.114667,0.885333,0.114667,0.885333
87,12,0.289585,0.219222,0.035000,0.114667,0.885333,0.114667,0.885333
87,13,0.393067,0.225032,0.035000,0.114667,0.885333,0.114667,0.885333
87,14,0.489644,0.221623,0.035000,0.114667,0.885333,0.114667,0.885333
87,15,0.562931,0.213947,0.035000,0.114667,0.885333,0.114667,0.885333
87,16,0.648159,0.218762,0.035000,0.114667,0.885333,0.114667,0.885333
87,17,0.714183,0.241949,0.035000,0.114667,0.885333,0.114667,0.885333
87,18,0.780415,0.219279,0.035000,0.114667,0.885333,0.114667,0.885333
87,19,0.850333,0.219215,0.035000,0.114667,0.885333,0.114667,0.885333
87,20,0.149667,0.289352,0.035000,0.114667,0.885333,0.114667,0.885333
87,21,0.214596,0.315110,0.035000,0.114667,0.885333,0.114667,0.885333
87,22,0.280302,0.290969,0.035000,0.114667,0.885333,0.114667,0.885333
87,23,0.354423,0.295165,0.035000,0.114667,0.885333,0.114667,0.885333
87,24,0.456155,0.283687,0.035000,0.114667,0.885333,0.114667,0.885333
87,25,0.554362,0.283420,0.035000,0.114667,0.885333,0.114667,0.885333
87,26,0.623789,0.303038,0.035000,0.114667,0.885333,0.114667,0.885333
87,27,0.717773,0.320310,0.035000,0.114667,0.885333,0.114667,0.885333
87,28,0.780478,0.289204,0.035000,0.114667,0.885333,0.114667,0.885333
87,29,0.850333,0.289167,0.035000,0.114667,0.885333,0.114667,0.885333
87,30,0.149667,0.370635,0.035000,0.114667,0.885333,0.114667,0.885333
87,31,0.225751,0.403164,0.035000,0.114667,0.885333,0.114667,0.885333
87,32,0.303905,0.389506,0.035000,0.114667,0.885333,0.114667,0.885333
87,33,0.385385,0.382093,0.035000,0.114667,0.885333,0.114667,0.885333
87,34,0.463793,0.363462,0.035000,0.114667,0.885333,0.114667,0.885333
87,35,0.578323,0.403516,0.035000,0.114667,0.885333,0.114667,0.885333
87,36,0.663598,0.388389,0.035000,0.114667,0.885333,0.114667,0.885333
87,37,0.740005,0.397736,0.035000,0.114667,0.885333,0.114667,0.885333
87,38,0.815549,0.349769,0.035000,0.114667,0.885333,0.114667,0.885333
87,39,0.850333,0.410404,0.035000,0.114667,0.885333,0.114667,0.885333
87,40,0.149667,0.519398,0.035000,0.114667,0.885333,0.114667,0.885333
87,41,0.209858,0.483252,0.035000,0.114667,0.885333,0.114667,0.885333
87,42,0.288885,0.473683,0.035000,0.114667,0.885333,0.114667,0.885333
87,43,0.372859,0.459813,0.035000,0.114667,0.885333,0.114667,0.885333
87,44,0.464374,0.485133,0.035000,0.114667,0.885333,0.114667,0.885333
87,45,0.543103,0.499957,0.035000,0.114667,0.885333,0.114667,0.885333
87,46,0.640073,0.474788,0.035000,0.114667,0.885333,0.114667,0.885333
87,47,0.727137,0.476145,0.035000,0.114667,0.885333,0.114667,0.885333
87,48,0.790521,0.446438,0.035000,0.114667,0.885333,0.114667,0.885333
87,49,0.850333,0.501718,0.035000,0.114667,0.885333,0.114667,0.885333
87,50,0.149667,0.590630,0.035000,0.114667,0.885333,0.114667,0.885333
87,51,0.215146,0.566074,0.035000,0.114667,0.885333,0.114667,0.885333
87,52,0.289864,0.549367,0.035000,0.114667,0.885333,0.114667,0.885333
87,53,0.374342,0.583204,0.035000,0.114667,0.885333,0.114667,0.885333
87,54,0.485683,0.596102,0.035000,0.114667,0.885333,0.114667,0.885333
87,55,0.557576,0.586705,0.035000,0.114667,0.885333,0.114667,0.885333
87,56,0.638742,0.565197,0.035000,0.114667,0.885333,0.114667,0.885333
87,57,0.757195,0.546939,0.035000,0.114667,0.885333,0.114667,0.885333
87,58,0.788228,0.612924,0.035000,0.114667,0.885333,0.114667,0.885333
87,59,0.850333,0.578966,0.035000,0.114667,0.885333,0.114667,0.885333
87,60,0.149667,0.677419,0.035000,0.114667,0.885333,0.114667,0.885333
87,61,0.222807,0.636829,0.035000,0.114667,0.885333,0.114667,0.885333
87,62,0.285762,0.667705,0.035000,0.114667,0.885333,0.114667,0.885333
87,63,0.356759,0.684246,0.035000,0.114667,0.885333,0.114667,0.885333
87,64,0.452853,0.679879,0.035000,0.114667,0.885333,0.114667,0.885333
87,65,0.555972,0.666493,0.035000,0.114667,0.885333,0.114667,0.885333
87,66,0.640238,0.635606,0.035000,0.114667,0.885333,0.114667,0.885333
87,67,0.715127,0.688333,0.035000,0.114667,0.885333,0.114667,0.885333
87,68,0.789227,0.696112,0.035000,0.114667,0.885333,0.114667,0.885333
87,69,0.850333,0.659157,0.035000,0.114667,0.885333,0.114667,0.885333
87,70,0.149667,0.747431,0.035000,0.114667,0.885333,0.114667,0.885333
87,71,0.220176,0.763262,0.035000,0.114667,0.885333,0.114667,0.885333
87,72,0.302431,0.781192,0.035000,0.114667,0.885333,0.114667,0.885333
87,73,0.387501,0.779782,0.035000,0.114667,0.885333,0.114667,0.885333
87,74,0.463903,0.757631,0.035000,0.114667,0.885333,0.114667,0.885333
87,75,0.574360,0.737751,0.035000,0.114667,0.885333,0.114667,0.885333
87,76,0.653224,0.772265,0.035000,0.114667,0.885333,0.114667,0.885333
87,77,0.728915,0.783545,0.035000,0.114667,0.885333,0.114667,0.885333
87,78,0.812898,0.789142,0.035000,0.114667,0.885333,0.114667,0.885333
87,79,0.850333,0.730066,0.035000,0.114667,0.885333,0.114667,0.885333
87,80,0.149667,0.833732,0.035000,0.114667,0.885333,0.114667,0.885333
87,81,0.217562,0.850333,0.035000,0.114667,0.885333,0.114667,0.885333
87,82,0.290751,0.850333,0.035000,0.114667,0.885333,0.114667,0.885333
87,83,0.369275,0.850333,0.035000,0.114667,0.885333,0.114667,0.885333
87,84,0.457686,0.839414,0.035000,0.114667,0.885333,0.114667,0.885333
87,85,0.527789,0.850333,0.035000,0.114667,0.885333,0.114667,0.885333
87,86,0.636891,0.850333,0.035000,0.114667,0.885333,0.114667,0.885333
87,87,0.708199,0.850333,0.035000,0.114667,0.885333,0.114667,0.885333
87,88,0.778897,0.850333,0.035000,0.114667,0.885333,0.114667,0.885333
87,89,0.850333,0.848278,0.035000,0.114667,0.885333,0.114667,0.885333
88,0,0.151445,0.151444,0.035000,0.116444,0.883556,0.116444,0.883556
88,1,0.224295,0.151444,0.035000,0.116444,0.883556,0.116444,0.883556
88,2,0.299492,0.151444,0.035000,0.116444,0.883556,0.116444,0.883556
88,3,0.370127,0.151444,0.035000,0.116444,0.883556,0.116444,0.883556
88,4,0.441911,0.151444,0.035000,0.116444,0.883556,0.116444,0.883556
88,5,0.535968,0.151444,0.035000,0.116444,0.883556,0.116444,0.883556
88,6,0.635102,0.151444,0.035000,0.116444,0.883556,0.116444,0.883556
88,7,0.705574,0.151444,0.035000,0.116444,0.883556,0.116444,0.883556
88,8,0.778651,0.151444,0.035000,0.116444,0.883556,0.116444,0.883556
88,9,0.848556,0.151444,0.035000,0.116444,0.883556,0.116444,0.883556
88,10,0.151444,0.221161,0.035000,0.116444,0.883556,0.116444,0.883556
88,11,0.221358,0.221319,0.035000,0.116444,0.883556,0.116444,0.883556
88,12,0.292048,0.222070,0.035000,0.116444,0.883556,0.116444,0.883556
88,13,0.395776,0.228731,0.035000,0.116444,0.883556,0.116444,0.883556
88,14,0.487313,0.219540,0.035000,0.116444,0.883556,0.116444,0.883556
88,15,0.564398,0.215347,0.035000,0.116444,0.883556,0.116444,0.883556
88,16,0.648889,0.220055,0.035000,0.116444,0.883556,0.116444,0.883556
88,17,0.713498,0.246994,0.035000,0.116444,0.883556,0.116444,0.883556
88,18,0.778564,0.221119,0.035000,0.116444,0.883556,0.116444,0.883556
88,19,0.848556,0.221015,0.035000,0.116444,0.883556,0.116444,0.883556
88,20,0.151444,0.291155,0.035000,0.116444,0.883556,0.116444,0.883556
88,21,0.215473,0.319162,0.035000,0.116444,0.883556,0.116444,0.883556
88,22,0.280223,0.292562,0.035000,0.116444,0.883556,0.116444,0.883556
88,23,0.356917,0.295515,0.035000,0.116444,0.883556,0.116444,0.883556
88,24,0.457209,0.283602,0.035000,0.116444,0.883556,0.116444,0.883556
88,25,0.551500,0.284315,0.035000,0.116444,0.883556,0.116444,0.883556
88,26,0.621139,0.305162,0.035000,0.116444,0.883556,0.116444,0.883556
88,27,0.717489,0.324928,0.035000,0.116444,0.883556,0.116444,0.883556
88,28,0.778753,0.291071,0.035000,0.116444,0.883556,0.116444,0.883556
88,29,0.848556,0.290966,0.035000,0.116444,0.883556,0.116444,0.883556
88,30,0.151444,0.370440,0.035000,0.116444,0.883556,0.116444,0.883556
88,31,0.230173,0.406172,0.035000,0.116444,0.883556,0.116444,0.883556
88,32,0.303006,0.390521,0.035000,0.116444,0.883556,0.116444,0.883556
88,33,0.382216,0.379762,0.035000,0.116444,0.883556,0.116444,0.883556
88,34,0.465571,0.361517,0.035000,0.116444,0.883556,0.116444,0.883556
88,35,0.580998,0.405072,0.035000,0.116444,0.883556,0.116444,0.883556
88,36,0.660996,0.390955,0.035000,0.116444,0.883556,0.116444,0.883556
88,37,0.736598,0.396739,0.035000,0.116444,0.883556,0.116444,0.883556
88,38,0.813878,0.351628,0.035000,0.116444,0.883556,0.116444,0.883556
88,39,0.848556,0.412354,0.035000,0.116444,0.883556,0.116444,0.883556
88,40,0.151444,0.523087,0.035000,0.116444,0.883556,0.116444,0.883556
88,41,0.211581,0.483938,0.035000,0.116444,0.883556,0.116444,0.883556
88,42,0.293155,0.471536,0.035000,0.116444,0.883556,0.116444,0.883556
88,43,0.372086,0.457455,0.035000,0.116444,0.883556,0.116444,0.883556
88,44,0.461161,0.486110,0.035000,0.116444,0.883556,0.116444,0.883556
88,45,0.544763,0.502701,0.035000,0.116444,0.883556,0.116444,0.883556
88,46,0.642831,0.474906,0.035000,0.116444,0.883556,0.116444,0.883556
88,47,0.722743,0.472869,0.035000,0.116444,0.883556,0.116444,0.883556
88,48,0.787584,0.446489,0.035000,0.116444,0.883556,0.116444,0.883556
88,49,0.848556,0.504005,0.035000,0.116444,0.883556,0.116444,0.883556
88,50,0.151444,0.593780,0.035000,0.116444,0.883556,0.116444,0.883556
88,51,0.213607,0.561685,0.035000,0.116444,0.883556,0.116444,0.883556
88,52,0.290560,0.546591,0.035000,0.116444,0.883556,0.116444,0.883556
88,53,0.377782,0.583541,0.035000,0.116444,0.883556,0.116444,0.883556
88,54,0.485044,0.598873,0.035000,0.116444,0.883556,0.116444,0.883556
88,55,0.554239,0.587490,0.035000,0.116444,0.883556,0.116444,0.883556
88,56,0.639674,0.561574,0.035000,0.116444,0.883556,0.116444,0.883556
88,57,0.760600,0.546007,0.035000,0.116444,0.883556,0.116444,0.883556
88,58,0.784126,0.615188,0.035000,0.116444,0.883556,0.116444,0.883556
88,59,0.848556,0.581142,0.035000,0.116444,0.883556,0.116444,0.883556
88,60,0.151444,0.675407,0.035000,0.116444,0.883556,0.116444,0.883556
88,61,0.222362,0.634638,0.035000,0.116444,0.883556,0.116444,0.883556
88,62,0.284089,0.668409,0.035000,0.116444,0.883556,0.116444,0.883556
88,63,0.357426,0.687023,0.035000,0.116444,0.883556,0.116444,0.883556
88,64,0.456298,0.681250,0.035000,0.116444,0.883556,0.116444,0.883556
88,65,0.555466,0.664400,0.035000,0.116444,0.883556,0.116444,0.883556
88,66,0.635828,0.633794,0.035000,0.116444,0.883556,0.116444,0.883556
88,67,0.716611,0.690234,0.035000,0.116444,0.883556,0.116444,0.883556
88,68,0.786281,0.696731,0.035000,0.116444,0.883556,0.116444,0.883556
88,69,0.848556,0.658286,0.035000,0.116444,0.883556,0.116444,0.883556
88,70,0.151444,0.745802,0.035000,0.116444,0.883556,0.116444,0.883556
88,71,0.224465,0.762752,0.035000,0.116444,0.883556,0.116444,0.883556
88,72,0.304599,0.779435,0.035000,0.116444,0.883556,0.116444,0.883556
88,73,0.384578,0.780051,0.035000,0.116444,0.883556,0.116444,0.883556
88,74,0.463309,0.756024,0.035000,0.116444,0.883556,0.116444,0.883556
88,75,0.577804,0.735210,0.035000,0.116444,0.883556,0.116444,0.883556
88,76,0.652697,0.772860,0.035000,0.116444,0.883556,0.116444,0.883556
88,77,0.725897,0.781306,0.035000,0.116444,0.883556,0.116444,0.883556
88,78,0.812761,0.788330,0.035000,0.116444,0.883556,0.116444,0.883556
88,79,0.848556,0.728297,0.035000,0.116444,0.883556,0.116444,0.883556
88,80,0.151444,0.831175,0.035000,0.116444,0.883556,0.116444,0.883556
88,81,0.219158,0.848556,0.035000,0.116444,0.883556,0.116444,0.883556
88,82,0.294112,0.848556,0.035000,0.116444,0.883556,0.116444,0.883556
88,83,0.370543,0.848556,0.035000,0.116444,0.883556,0.116444,0.883556
88,84,0.454451,0.836681,0.035000,0.116444,0.883556,0.116444,0.883556
88,85,0.526221,0.848556,0.035000,0.116444,0.883556,0.116444,0.883556
88,86,0.636715,0.848556,0.035000,0.116444,0.883556,0.116444,0.883556
88,87,0.706715,0.848556,0.035000,0.116444,0.883556,0.116444,0.883556
88,88,0.776834,0.848556,0.035000,0.116444,0.883556,0.116444,0.883556
88,89,0.848556,0.848474,0.035000,0.116444,0.883556,0.116444,0.883556
89,0,0.153222,0.153222,0.035000,0.118222,0.881778,0.118222,0.881778
89,1,0.228275,0.153222,0.035000,0.118222,0.881778,0.118222,0.881778
89,2,0.298316,0.153222,0.035000,0.118222,0.881778,0.118222,0.881778
89,3,0.369040,0.153222,0.035000,0.118222,0.881778,0.118222,0.881778
89,4,0.442299,0.153222,0.035000,0.118222,0.881778,0.118222,0.881778
89,5,0.537017,0.153222,0.035000,0.118222,0.881778,0.118222,0.881778
89,6,0.632091,0.153222,0.035000,0.118222,0.881778,0.118222,0.881778
89,7,0.703123,0.153222,0.035000,0.118222,0.881778,0.118222,0.881778
89,8,0.776874,0.153222,0.035000,0.118222,0.881778,0.118222,0.881778
89,9,0.846778,0.153222,0.035000,0.118222,0.881778,0.118222,0.881778
89,10,0.153222,0.222969,0.035000,0.118222,0.881778,0.118222,0.881778
89,11,0.223160,0.223010,0.035000,0.118222,0.881778,0.118222,0.881778
89,12,0.295302,0.225637,0.035000,0.118222,0.881778,0.118222,0.881778
89,13,0.397457,0.231636,0.035000,0.118222,0.881778,0.118222,0.881778
89,14,0.484346,0.216527,0.035000,0.118222,0.881778,0.118222,0.881778
89,15,0.566630,0.216597,0.035000,0.118222,0.881778,0.118222,0.881778
89,16,0.649796,0.221414,0.035000,0.118222,0.881778,0.118222,0.881778
89,17,0.712801,0.251915,0.035000,0.118222,0.881778,0.118222,0.881778
89,18,0.776586,0.222923,0.035000,0.118222,0.881778,0.118222,0.881778
89,19,0.846777,0.222820,0.035000,0.118222,0.881778,0.118222,0.881778
89,20,0.153222,0.292965,0.035000,0.118222,0.881778,0.118222,0.881778
89,21,0.215908,0.323911,0.035000,0.118222,0.881778,0.118222,0.881778
89,22,0.279873,0.294171,0.035000,0.118222,0.881778,0.118222,0.881778
89,23,0.360216,0.294609,0.035000,0.118222,0.881778,0.118222,0.881778
89,24,0.457522,0.283003,0.035000,0.118222,0.881778,0.118222,0.881778
89,25,0.548068,0.285945,0.035000,0.118222,0.881778,0.118222,0.881778
89,26,0.619746,0.307893,0.035000,0.118222,0.881778,0.118222,0.881778
89,27,0.716489,0.328041,0.035000,0.118222,0.881778,0.118222,0.881778
89,28,0.777009,0.292880,0.035000,0.118222,0.881778,0.118222,0.881778
89,29,0.846778,0.292774,0.035000,0.118222,0.881778,0.118222,0.881778
89,30,0.153222,0.371509,0.035000,0.118222,0.881778,0.118222,0.881778
89,31,0.233801,0.409144,0.035000,0.118222,0.881778,0.118222,0.881778
89,32,0.301268,0.390207,0.035000,0.118222,0.881778,0.118222,0.881778
89,33,0.379726,0.377003,0.035000,0.118222,0.881778,0.118222,0.881778
89,34,0.468275,0.360655,0.035000,0.118222,0.881778,0.118222,0.881778
89,35,0.582738,0.407488,0.035000,0.118222,0.881778,0.118222,0.881778
89,36,0.657741,0.392781,0.035000,0.118222,0.881778,0.118222,0.881778
89,37,0.734784,0.395639,0.035000,0.118222,0.881778,0.118222,0.881778
89,38,0.812545,0.353680,0.035000,0.118222,0.881778,0.118222,0.881778
89,39,0.846778,0.414667,0.035000,0.118222,0.881778,0.118222,0.881778
89,40,0.153222,0.524422,0.035000,0.118222,0.881778,0.118222,0.881778
89,41,0.214244,0.483581,0.035000,0.118222,0.881778,0.118222,0.881778
89,42,0.296977,0.468730,0.035000,0.118222,0.881778,0.118222,0.881778
89,43,0.370180,0.455996,0.035000,0.118222,0.881778,0.118222,0.881778
89,44,0.458586,0.488139,0.035000,0.118222,0.881778,0.118222,0.881778
89,45,0.547380,0.504966,0.035000,0.118222,0.881778,0.118222,0.881778
89,46,0.644685,0.473780,0.035000,0.118222,0.881778,0.118222,0.881778
89,47,0.718177,0.469553,0.035000,0.118222,0.881778,0.118222,0.881778
89,48,0.785267,0.447849,0.035000,0.118222,0.881778,0.118222,0.881778
89,49,0.846778,0.506794,0.035000,0.118222,0.881778,0.118222,0.881778
89,50,0.153222,0.596136,0.035000,0.118222,0.881778,0.118222,0.881778
89,51,0.214126,0.558831,0.035000,0.118222,0.881778,0.118222,0.881778
89,52,0.292334,0.544501,0.035000,0.118222,0.881778,0.118222,0.881778
89,53,0.380947,0.585067,0.035000,0.118222,0.881778,0.118222,0.881778
89,54,0.482654,0.601555,0.035000,0.118222,0.881778,0.118222,0.881778
89,55,0.552108,0.586907,0.035000,0.118222,0.881778,0.118222,0.881778
89,56,0.641684,0.557809,0.035000,0.118222,0.881778,0.118222,0.881778
89,57,0.763051,0.546092,0.035000,0.118222,0.881778,0.118222,0.881778
89,58,0.779541,0.618146,0.035000,0.118222,0.881778,0.118222,0.881778
89,59,0.846778,0.582527,0.035000,0.118222,0.881778,0.118222,0.881778
89,60,0.153222,0.672476,0.035000,0.118222,0.881778,0.118222,0.881778
89,61,0.220987,0.632755,0.035000,0.118222,0.881778,0.118222,0.881778
89,62,0.282059,0.670220,0.035000,0.118222,0.881778,0.118222,0.881778
89,63,0.359158,0.689888,0.035000,0.118222,0.881778,0.118222,0.881778
89,64,0.459514,0.681407,0.035000,0.118222,0.881778,0.118222,0.881778
89,65,0.553793,0.661714,0.035000,0.118222,0.881778,0.118222,0.881778
89,66,0.632134,0.632901,0.035000,0.118222,0.881778,0.118222,0.881778
89,67,0.714174,0.692598,0.035000,0.118222,0.881778,0.118222,0.881778
89,68,0.784094,0.695413,0.035000,0.118222,0.881778,0.118222,0.881778
89,69,0.846778,0.656202,0.035000,0.118222,0.881778,0.118222,0.881778
89,70,0.153222,0.744108,0.035000,0.118222,0.881778,0.118222,0.881778
89,71,0.229034,0.763434,0.035000,0.118222,0.881778,0.118222,0.881778
89,72,0.305646,0.777312,0.035000,0.118222,0.881778,0.118222,0.881778
89,73,0.381794,0.777742,0.035000,0.118222,0.881778,0.118222,0.881778
89,74,0.463948,0.753577,0.035000,0.118222,0.881778,0.118222,0.881778
89,75,0.581069,0.733432,0.035000,0.118222,0.881778,0.118222,0.881778
89,76,0.651010,0.774597,0.035000,0.118222,0.881778,0.118222,0.881778
89,77,0.723385,0.779255,0.035000,0.118222,0.881778,0.118222,0.881778
89,78,0.811493,0.786510,0.035000,0.118222,0.881778,0.118222,0.881778
89,79,0.846778,0.726174,0.035000,0.118222,0.881778,0.118222,0.881778
89,80,0.153222,0.829973,0.035000,0.118222,0.881778,0.118222,0.881778
89,81,0.221106,0.846778,0.035000,0.118222,0.881778,0.118222,0.881778
89,82,0.297758,0.846778,0.035000,0.118222,0.881778,0.118222,0.881778
89,83,0.370334,0.846778,0.035000,0.118222,0.881778,0.118222,0.881778
89,84,0.451006,0.834453,0.035000,0.118222,0.881778,0.118222,0.881778
89,85,0.526011,0.846778,0.035000,0.118222,0.881778,0.118222,0.881778
89,86,0.635132,0.846778,0.035000,0.118222,0.881778,0.118222,0.881778
89,87,0.705132,0.846778,0.035000,0.118222,0.881778,0.118222,0.881778
89,88,0.775808,0.846778,0.035000,0.118222,0.881778,0.118222,0.881778
89,89,0.846778,0.846778,0.035000,0.118222,0.881778,0.118222,0.881778
90,0,0.155000,0.155000,0.035000,0.120000,0.880000,0.120000,0.880000
90,1,0.228781,0.155000,0.035000,0.120000,0.880000,0.120000,0.880000
90,2,0.298781,0.155000,0.035000,0.120000,0.880000,0.120000,0.880000
90,3,0.368783,0.155000,0.035000,0.120000,0.880000,0.120000,0.880000
90,4,0.443341,0.155000,0.035000,0.120000,0.880000,0.120000,0.880000
90,5,0.538329,0.155000,0.035000,0.120000,0.880000,0.120000,0.880000
90,6,0.628288,0.155000,0.035000,0.120000,0.880000,0.120000,0.880000
90,7,0.701099,0.155000,0.035000,0.120000,0.880000,0.120000,0.880000
90,8,0.775095,0.155000,0.035000,0.120000,0.880000,0.120000,0.880000
90,9,0.845000,0.155000,0.035000,0.120000,0.880000,0.120000,0.880000
90,10,0.155000,0.224793,0.035000,0.120000,0.880000,0.120000,0.880000
90,11,0.224979,0.224993,0.035000,0.120000,0.880000,0.120000,0.880000
90,12,0.299198,0.228602,0.035000,0.120000,0.880000,0.120000,0.880000
90,13,0.398392,0.232542,0.035000,0.120000,0.880000,0.120000,0.880000
90,14,0.481625,0.213547,0.035000,0.120000,0.880000,0.120000,0.880000
90,15,0.569541,0.217642,0.035000,0.120000,0.880000,0.120000,0.880000
90,16,0.650159,0.223432,0.035000,0.120000,0.880000,0.120000,0.880000
90,17,0.711800,0.256604,0.035000,0.120000,0.880000,0.120000,0.880000
90,18,0.774786,0.224713,0.035000,0.120000,0.880000,0.120000,0.880000
90,19,0.844999,0.224675,0.035000,0.120000,0.880000,0.120000,0.880000
90,20,0.155000,0.294789,0.035000,0.120000,0.880000,0.120000,0.880000
90,21,0.215774,0.329375,0.035000,0.120000,0.880000,0.120000,0.880000
90,22,0.280011,0.295922,0.035000,0.120000,0.880000,0.120000,0.880000
90,23,0.363503,0.293436,0.035000,0.120000,0.880000,0.120000,0.880000
90,24,0.456855,0.282520,0.035000,0.120000,0.880000,0.120000,0.880000
90,25,0.544456,0.288553,0.035000,0.120000,0.880000,0.120000,0.880000
90,26,0.619686,0.310678,0.035000,0.120000,0.880000,0.120000,0.880000
90,27,0.713963,0.328577,0.035000,0.120000,0.880000,0.120000,0.880000
90,28,0.775197,0.294678,0.035000,0.120000,0.880000,0.120000,0.880000
90,29,0.845000,0.294635,0.035000,0.120000,0.880000,0.120000,0.880000
90,30,0.155000,0.373567,0.035000,0.120000,0.880000,0.120000,0.880000
90,31,0.234341,0.412056,0.035000,0.120000,0.880000,0.120000,0.880000
90,32,0.300876,0.388088,0.035000,0.120000,0.880000,0.120000,0.880000
90,33,0.378235,0.374389,0.035000,0.120000,0.880000,0.120000,0.880000
90,34,0.471557,0.361054,0.035000,0.120000,0.880000,0.120000,0.880000
90,35,0.583318,0.410261,0.035000,0.120000,0.880000,0.120000,0.880000
90,36,0.654238,0.393487,0.035000,0.120000,0.880000,0.120000,0.880000
90,37,0.734855,0.395600,0.035000,0.120000,0.880000,0.120000,0.880000
90,38,0.811635,0.356046,0.035000,0.120000,0.880000,0.120000,0.880000
90,39,0.845000,0.417517,0.035000,0.120000,0.880000,0.120000,0.880000
90,40,0.155000,0.523793,0.035000,0.120000,0.880000,0.120000,0.880000
90,41,0.217756,0.482077,0.035000,0.120000,0.880000,0.120000,0.880000
90,42,0.298937,0.465963,0.035000,0.120000,0.880000,0.120000,0.880000
90,43,0.368419,0.455574,0.035000,0.120000,0.880000,0.120000,0.880000
90,44,0.456978,0.490801,0.035000,0.120000,0.880000,0.120000,0.880000
90,45,0.550619,0.506282,0.035000,0.120000,0.880000,0.120000,0.880000
90,46,0.644411,0.471711,0.035000,0.120000,0.880000,0.120000,0.880000
90,47,0.714507,0.466804,0.035000,0.120000,0.880000,0.120000,0.880000
90,48,0.783489,0.450705,0.035000,0.120000,0.880000,0.120000,0.880000
90,49,0.845000,0.509518,0.035000,0.120000,0.880000,0.120000,0.880000
90,50,0.155000,0.597391,0.035000,0.120000,0.880000,0.120000,0.880000
90,51,0.216517,0.557096,0.035000,0.120000,0.880000,0.120000,0.880000
90,52,0.295093,0.543502,0.035000,0.120000,0.880000,0.120000,0.880000
90,53,0.383430,0.587465,0.035000,0.120000,0.880000,0.120000,0.880000
90,54,0.479371,0.603506,0.035000,0.120000,0.880000,0.120000,0.880000
90,55,0.550894,0.585165,0.035000,0.120000,0.880000,0.120000,0.880000
90,56,0.644433,0.554453,0.035000,0.120000,0.880000,0.120000,0.880000
90,57,0.764309,0.547341,0.035000,0.120000,0.880000,0.120000,0.880000
90,58,0.774829,0.621284,0.035000,0.120000,0.880000,0.120000,0.880000
90,59,0.845000,0.582777,0.035000,0.120000,0.880000,0.120000,0.880000
90,60,0.155000,0.668991,0.035000,0.120000,0.880000,0.120000,0.880000
90,61,0.218619,0.631686,0.035000,0.120000,0.880000,0.120000,0.880000
90,62,0.280147,0.672964,0.035000,0.120000,0.880000,0.120000,0.880000
90,63,0.361881,0.692272,0.035000,0.120000,0.880000,0.120000,0.880000
90,64,0.462089,0.680316,0.035000,0.120000,0.880000,0.120000,0.880000
90,65,0.551165,0.658993,0.035000,0.120000,0.880000,0.120000,0.880000
90,66,0.629485,0.633193,0.035000,0.120000,0.880000,0.120000,0.880000
90,67,0.712058,0.695501,0.035000,0.120000,0.880000,0.120000,0.880000
90,68,0.782006,0.693312,0.035000,0.120000,0.880000,0.120000,0.880000
90,69,0.845000,0.653315,0.035000,0.120000,0.880000,0.120000,0.880000
90,70,0.155000,0.742924,0.035000,0.120000,0.880000,0.120000,0.880000
90,71,0.233486,0.765255,0.035000,0.120000,0.880000,0.120000,0.880000
90,72,0.305344,0.775263,0.035000,0.120000,0.880000,0.120000,0.880000
90,73,0.379053,0.775365,0.035000,0.120000,0.880000,0.120000,0.880000
90,74,0.465739,0.750801,0.035000,0.120000,0.880000,0.120000,0.880000
90,75,0.583734,0.732786,0.035000,0.120000,0.880000,0.120000,0.880000
90,76,0.648427,0.776811,0.035000,0.120000,0.880000,0.120000,0.880000
90,77,0.721577,0.777469,0.035000,0.120000,0.880000,0.120000,0.880000
90,78,0.810506,0.784296,0.035000,0.120000,0.880000,0.120000,0.880000
90,79,0.845000,0.723483,0.035000,0.120000,0.880000,0.120000,0.880000
90,80,0.155000,0.830268,0.035000,0.120000,0.880000,0.120000,0.880000
90,81,0.223401,0.845000,0.035000,0.120000,0.880000,0.120000,0.880000
90,82,0.300194,0.845000,0.035000,0.120000,0.880000,0.120000,0.880000
90,83,0.370413,0.845000,0.035000,0.120000,0.880000,0.120000,0.880000
90,84,0.447792,0.833193,0.035000,0.120000,0.880000,0.120000,0.880000
90,85,0.527075,0.845000,0.035000,0.120000,0.880000,0.120000,0.880000
90,86,0.633137,0.845000,0.035000,0.120000,0.880000,0.120000,0.880000
90,87,0.703193,0.845000,0.035000,0.120000,0.880000,0.120000,0.880000
90,88,0.775159,0.845000,0.035000,0.120000,0.880000,0.120000,0.880000
90,89,0.845000,0.845000,0.035000,0.120000,0.880000,0.120000,0.880000
91,0,0.156778,0.156778,0.035000,0.121778,0.878222,0.121778,0.878222
91,1,0.228618,0.156778,0.035000,0.121778,0.878222,0.121778,0.878222
91,2,0.298618,0.156778,0.035000,0.121778,0.878222,0.121778,0.878222
91,3,0.368840,0.156778,0.035000,0.121778,0.878222,0.121778,0.878222
91,4,0.442609,0.156778,0.035000,0.121778,0.878222,0.121778,0.878222
91,5,0.539545,0.156778,0.035000,0.121778,0.878222,0.121778,0.878222
91,6,0.623847,0.156778,0.035000,0.121778,0.878222,0.121778,0.878222
91,7,0.699873,0.156778,0.035000,0.121778,0.878222,0.121778,0.878222
91,8,0.773314,0.156778,0.035000,0.121778,0.878222,0.121778,0.878222
91,9,0.843222,0.156778,0.035000,0.121778,0.878222,0.121778,0.878222
91,10,0.156778,0.226643,0.035000,0.121778,0.878222,0.121778,0.878222
91,11,0.226947,0.227779,0.035000,0.121778,0.878222,0.121778,0.878222
91,12,0.303260,0.230772,0.035000,0.121778,0.878222,0.121778,0.878222
91,13,0.398868,0.230715,0.035000,0.121778,0.878222,0.121778,0.878222
91,14,0.481944,0.214633,0.035000,0.121778,0.878222,0.121778,0.878222
91,15,0.573004,0.218796,0.035000,0.121778,0.878222,0.121778,0.878222
91,16,0.649297,0.225655,0.035000,0.121778,0.878222,0.121778,0.878222
91,17,0.710754,0.259166,0.035000,0.121778,0.878222,0.121778,0.878222
91,18,0.773277,0.226548,0.035000,0.121778,0.878222,0.121778,0.878222
91,19,0.843222,0.226577,0.035000,0.121778,0.878222,0.121778,0.878222
91,20,0.156778,0.296639,0.035000,0.121778,0.878222,0.121778,0.878222
91,21,0.215260,0.335008,0.035000,0.121778,0.878222,0.121778,0.878222
91,22,0.280942,0.297118,0.035000,0.121778,0.878222,0.121778,0.878222
91,23,0.366043,0.292958,0.035000,0.121778,0.878222,0.121778,0.878222
91,24,0.455121,0.282683,0.035000,0.121778,0.878222,0.121778,0.878222
91,25,0.541101,0.291964,0.035000,0.121778,0.878222,0.121778,0.878222
91,26,0.620877,0.312951,0.035000,0.121778,0.878222,0.121778,0.878222
91,27,0.711528,0.329437,0.035000,0.121778,0.878222,0.121778,0.878222
91,28,0.773310,0.296533,0.035000,0.121778,0.878222,0.121778,0.878222
91,29,0.843222,0.296548,0.035000,0.121778,0.878222,0.121778,0.878222
91,30,0.156778,0.376140,0.035000,0.121778,0.878222,0.121778,0.878222
91,31,0.234459,0.412092,0.035000,0.121778,0.878222,0.121778,0.878222
91,32,0.299627,0.385166,0.035000,0.121778,0.878222,0.121778,0.878222
91,33,0.377933,0.372464,0.035000,0.121778,0.878222,0.121778,0.878222
91,34,0.474998,0.362633,0.035000,0.121778,0.878222,0.121778,0.878222
91,35,0.582665,0.412816,0.035000,0.121778,0.878222,0.121778,0.878222
91,36,0.650929,0.392928,0.035000,0.121778,0.878222,0.121778,0.878222
91,37,0.736181,0.394984,0.035000,0.121778,0.878222,0.121778,0.878222
91,38,0.810912,0.358584,0.035000,0.121778,0.878222,0.121778,0.878222
91,39,0.843222,0.420622,0.035000,0.121778,0.878222,0.121778,0.878222
91,40,0.156778,0.522828,0.035000,0.121778,0.878222,0.121778,0.878222
91,41,0.221509,0.481281,0.035000,0.121778,0.878222,0.121778,0.878222
91,42,0.297729,0.463969,0.035000,0.121778,0.878222,0.121778,0.878222
91,43,0.368176,0.456082,0.035000,0.121778,0.878222,0.121778,0.878222
91,44,0.456546,0.493542,0.035000,0.121778,0.878222,0.121778,0.878222
91,45,0.554063,0.506375,0.035000,0.121778,0.878222,0.121778,0.878222
91,46,0.641292,0.469185,0.035000,0.121778,0.878222,0.121778,0.878222
91,47,0.712765,0.465017,0.035000,0.121778,0.878222,0.121778,0.878222
91,48,0.782259,0.454819,0.035000,0.121778,0.878222,0.121778,0.878222
91,49,0.843222,0.511047,0.035000,0.121778,0.878222,0.121778,0.878222
91,50,0.156778,0.595700,0.035000,0.121778,0.878222,0.121778,0.878222
91,51,0.218778,0.555274,0.035000,0.121778,0.878222,0.121778,0.878222
91,52,0.298595,0.543780,0.035000,0.121778,0.878222,0.121778,0.878222
91,53,0.384913,0.590236,0.035000,0.121778,0.878222,0.121778,0.878222
91,54,0.475597,0.604330,0.035000,0.121778,0.878222,0.121778,0.878222
91,55,0.550763,0.582618,0.035000,0.121778,0.878222,0.121778,0.878222
91,56,0.647502,0.552008,0.035000,0.121778,0.878222,0.121778,0.878222
91,57,0.764275,0.549633,0.035000,0.121778,0.878222,0.121778,0.878222
91,58,0.770193,0.622414,0.035000,0.121778,0.878222,0.121778,0.878222
91,59,0.843222,0.581036,0.035000,0.121778,0.878222,0.121778,0.878222
91,60,0.156778,0.667132,0.035000,0.121778,0.878222,0.121778,0.878222
91,61,0.217038,0.631610,0.035000,0.121778,0.878222,0.121778,0.878222
91,62,0.278782,0.676245,0.035000,0.121778,0.878222,0.121778,0.878222
91,63,0.365372,0.693703,0.035000,0.121778,0.878222,0.121778,0.878222
91,64,0.463694,0.678204,0.035000,0.121778,0.878222,0.121778,0.878222
91,65,0.547919,0.656804,0.035000,0.121778,0.878222,0.121778,0.878222
91,66,0.628098,0.634675,0.035000,0.121778,0.878222,0.121778,0.878222
91,67,0.710126,0.698458,0.035000,0.121778,0.878222,0.121778,0.878222
91,68,0.779782,0.691743,0.035000,0.121778,0.878222,0.121778,0.878222
91,69,0.843222,0.651004,0.035000,0.121778,0.878222,0.121778,0.878222
91,70,0.156778,0.742685,0.035000,0.121778,0.878222,0.121778,0.878222
91,71,0.235583,0.767698,0.035000,0.121778,0.878222,0.121778,0.878222
91,72,0.305628,0.773442,0.035000,0.121778,0.878222,0.121778,0.878222
91,73,0.376926,0.772150,0.035000,0.121778,0.878222,0.121778,0.878222
91,74,0.468452,0.748272,0.035000,0.121778,0.878222,0.121778,0.878222
91,75,0.585460,0.733408,0.035000,0.121778,0.878222,0.121778,0.878222
91,76,0.646127,0.775204,0.035000,0.121778,0.878222,0.121778,0.878222
91,77,0.720714,0.775610,0.035000,0.121778,0.878222,0.121778,0.878222
91,78,0.809459,0.782159,0.035000,0.121778,0.878222,0.121778,0.878222
91,79,0.843222,0.720948,0.035000,0.121778,0.878222,0.121778,0.878222
91,80,0.156778,0.831876,0.035000,0.121778,0.878222,0.121778,0.878222
91,81,0.225931,0.843222,0.035000,0.121778,0.878222,0.121778,0.878222
91,82,0.300863,0.843222,0.035000,0.121778,0.878222,0.121778,0.878222
91,83,0.370863,0.843222,0.035000,0.121778,0.878222,0.121778,0.878222
91,84,0.445222,0.833163,0.035000,0.121778,0.878222,0.121778,0.878222
91,85,0.529183,0.843222,0.035000,0.121778,0.878222,0.121778,0.878222
91,86,0.629923,0.843222,0.035000,0.121778,0.878222,0.121778,0.878222
91,87,0.700715,0.843222,0.035000,0.121778,0.878222,0.121778,0.878222
91,88,0.773407,0.843222,0.035000,0.121778,0.878222,0.121778,0.878222
91,89,0.843222,0.843222,0.035000,0.121778,0.878222,0.121778,0.878222
92,0,0.158556,0.158556,0.035000,0.123556,0.876444,0.123556,0.876444
92,1,0.228358,0.158556,0.035000,0.123556,0.876444,0.123556,0.876444
92,2,0.298358,0.158556,0.035000,0.123556,0.876444,0.123556,0.876444
92,3,0.369154,0.158556,0.035000,0.123556,0.876444,0.123556,0.876444
92,4,0.442750,0.158556,0.035000,0.123556,0.876444,0.123556,0.876444
92,5,0.540005,0.158556,0.035000,0.123556,0.876444,0.123556,0.876444
92,6,0.619057,0.158556,0.035000,0.123556,0.876444,0.123556,0.876444
92,7,0.699699,0.158556,0.035000,0.123556,0.876444,0.123556,0.876444
92,8,0.771534,0.158556,0.035000,0.123556,0.876444,0.123556,0.876444
92,9,0.841444,0.158556,0.035000,0.123556,0.876444,0.123556,0.876444
92,10,0.158556,0.228531,0.035000,0.123556,0.876444,0.123556,0.876444
92,11,0.229759,0.231288,0.035000,0.123556,0.876444,0.123556,0.876444
92,12,0.307032,0.231819,0.035000,0.123556,0.876444,0.123556,0.876444
92,13,0.398026,0.227920,0.035000,0.123556,0.876444,0.123556,0.876444
92,14,0.482838,0.215895,0.035000,0.123556,0.876444,0.123556,0.876444
92,15,0.577125,0.220897,0.035000,0.123556,0.876444,0.123556,0.876444
92,16,0.647067,0.227725,0.035000,0.123556,0.876444,0.123556,0.876444
92,17,0.709184,0.259907,0.035000,0.123556,0.876444,0.123556,0.876444
92,18,0.771615,0.228302,0.035000,0.123556,0.876444,0.123556,0.876444
92,19,0.841444,0.228507,0.035000,0.123556,0.876444,0.123556,0.876444
92,20,0.158556,0.298597,0.035000,0.123556,0.876444,0.123556,0.876444
92,21,0.215646,0.339080,0.035000,0.123556,0.876444,0.123556,0.876444
92,22,0.282751,0.297472,0.035000,0.123556,0.876444,0.123556,0.876444
92,23,0.368385,0.292037,0.035000,0.123556,0.876444,0.123556,0.876444
92,24,0.452397,0.283824,0.035000,0.123556,0.876444,0.123556,0.876444
92,25,0.538411,0.295784,0.035000,0.123556,0.876444,0.123556,0.876444
92,26,0.623094,0.314250,0.035000,0.123556,0.876444,0.123556,0.876444
92,27,0.709014,0.329910,0.035000,0.123556,0.876444,0.123556,0.876444
92,28,0.771469,0.298298,0.035000,0.123556,0.876444,0.123556,0.876444
92,29,0.841444,0.298523,0.035000,0.123556,0.876444,0.123556,0.876444
92,30,0.158556,0.379535,0.035000,0.123556,0.876444,0.123556,0.876444
92,31,0.233743,0.410040,0.035000,0.123556,0.876444,0.123556,0.876444
92,32,0.298008,0.381913,0.035000,0.123556,0.876444,0.123556,0.876444
92,33,0.378860,0.371628,0.035000,0.123556,0.876444,0.123556,0.876444
92,34,0.478155,0.365062,0.035000,0.123556,0.876444,0.123556,0.876444
92,35,0.580863,0.414621,0.035000,0.123556,0.876444,0.123556,0.876444
92,36,0.648229,0.391219,0.035000,0.123556,0.876444,0.123556,0.876444
92,37,0.738656,0.394701,0.035000,0.123556,0.876444,0.123556,0.876444
92,38,0.810064,0.361072,0.035000,0.123556,0.876444,0.123556,0.876444
92,39,0.841444,0.423594,0.035000,0.123556,0.876444,0.123556,0.876444
92,40,0.158556,0.521362,0.035000,0.123556,0.876444,0.123556,0.876444
92,41,0.225368,0.480605,0.035000,0.123556,0.876444,0.123556,0.876444
92,42,0.295700,0.462830,0.035000,0.123556,0.876444,0.123556,0.876444
92,43,0.367370,0.457709,0.035000,0.123556,0.876444,0.123556,0.876444
92,44,0.457344,0.495793,0.035000,0.123556,0.876444,0.123556,0.876444
92,45,0.557273,0.505226,0.035000,0.123556,0.876444,0.123556,0.876444
92,46,0.637393,0.466629,0.035000,0.123556,0.876444,0.123556,0.876444
92,47,0.711351,0.464561,0.035000,0.123556,0.876444,0.123556,0.876444
92,48,0.781567,0.459690,0.035000,0.123556,0.876444,0.123556,0.876444
92,49,0.841444,0.509142,0.035000,0.123556,0.876444,0.123556,0.876444
92,50,0.158556,0.592164,0.035000,0.123556,0.876444,0.123556,0.876444
92,51,0.220851,0.553704,0.035000,0.123556,0.876444,0.123556,0.876444
92,52,0.302490,0.545255,0.035000,0.123556,0.876444,0.123556,0.876444
92,53,0.385206,0.592805,0.035000,0.123556,0.876444,0.123556,0.876444
92,54,0.471741,0.603876,0.035000,0.123556,0.876444,0.123556,0.876444
92,55,0.551800,0.579780,0.035000,0.123556,0.876444,0.123556,0.876444
92,56,0.650439,0.550815,0.035000,0.123556,0.876444,0.123556,0.876444
92,57,0.762975,0.551943,0.035000,0.123556,0.876444,0.123556,0.876444
92,58,0.766055,0.621847,0.035000,0.123556,0.876444,0.123556,0.876444
92,59,0.841444,0.579143,0.035000,0.123556,0.876444,0.123556,0.876444
92,60,0.158556,0.668097,0.035000,0.123556,0.876444,0.123556,0.876444
92,61,0.217974,0.631176,0.035000,0.123556,0.876444,0.123556,0.876444
92,62,0.278296,0.679527,0.035000,0.123556,0.876444,0.123556,0.876444
92,63,0.369289,0.693904,0.035000,0.123556,0.876444,0.123556,0.876444
92,64,0.464123,0.675510,0.035000,0.123556,0.876444,0.123556,0.876444
92,65,0.544470,0.655601,0.035000,0.123556,0.876444,0.123556,0.876444
92,66,0.628045,0.637096,0.035000,0.123556,0.876444,0.123556,0.876444
92,67,0.708312,0.700877,0.035000,0.123556,0.876444,0.123556,0.876444
92,68,0.777577,0.690881,0.035000,0.123556,0.876444,0.123556,0.876444
92,69,0.841444,0.649262,0.035000,0.123556,0.876444,0.123556,0.876444
92,70,0.158556,0.743602,0.035000,0.123556,0.876444,0.123556,0.876444
92,71,0.235750,0.770368,0.035000,0.123556,0.876444,0.123556,0.876444
92,72,0.305863,0.771656,0.035000,0.123556,0.876444,0.123556,0.876444
92,73,0.375884,0.768337,0.035000,0.123556,0.876444,0.123556,0.876444
92,74,0.471738,0.746517,0.035000,0.123556,0.876444,0.123556,0.876444
92,75,0.585679,0.734933,0.035000,0.123556,0.876444,0.123556,0.876444
92,76,0.643899,0.773797,0.035000,0.123556,0.876444,0.123556,0.876444
92,77,0.721081,0.772851,0.035000,0.123556,0.876444,0.123556,0.876444
92,78,0.807601,0.780405,0.035000,0.123556,0.876444,0.123556,0.876444
92,79,0.841444,0.719216,0.035000,0.123556,0.876444,0.123556,0.876444
92,80,0.158556,0.834233,0.035000,0.123556,0.876444,0.123556,0.876444
92,81,0.229166,0.841444,0.035000,0.123556,0.876444,0.123556,0.876444
92,82,0.300632,0.841444,0.035000,0.123556,0.876444,0.123556,0.876444
92,83,0.370632,0.841444,0.035000,0.123556,0.876444,0.123556,0.876444
92,84,0.443624,0.834370,0.035000,0.123556,0.876444,0.123556,0.876444
92,85,0.531984,0.841444,0.035000,0.123556,0.876444,0.123556,0.876444
92,86,0.626205,0.841444,0.035000,0.123556,0.876444,0.123556,0.876444
92,87,0.697844,0.841444,0.035000,0.123556,0.876444,0.123556,0.876444
92,88,0.771626,0.841444,0.035000,0.123556,0.876444,0.123556,0.876444
92,89,0.841444,0.841444,0.035000,0.123556,0.876444,0.123556,0.876444
93,0,0.160333,0.160333,0.035000,0.125333,0.874667,0.125333,0.874667
93,1,0.230073,0.160333,0.035000,0.125333,0.874667,0.125333,0.874667
93,2,0.300025,0.160333,0.035000,0.125333,0.874667,0.125333,0.874667
93,3,0.370022,0.160333,0.035000,0.125333,0.874667,0.125333,0.874667
93,4,0.443754,0.160333,0.035000,0.125333,0.874667,0.125333,0.874667
93,5,0.539457,0.160333,0.035000,0.125333,0.874667,0.125333,0.874667
93,6,0.614295,0.160333,0.035000,0.125333,0.874667,0.125333,0.874667
93,7,0.699890,0.160334,0.035000,0.125333,0.874667,0.125333,0.874667
93,8,0.769853,0.160333,0.035000,0.125333,0.874667,0.125333,0.874667
93,9,0.839667,0.160333,0.035000,0.125333,0.874667,0.125333,0.874667
93,10,0.160333,0.230272,0.035000,0.125333,0.874667,0.125333,0.874667
93,11,0.233393,0.235075,0.035000,0.125333,0.874667,0.125333,0.874667
93,12,0.310088,0.231508,0.035000,0.125333,0.874667,0.125333,0.874667
93,13,0.396409,0.225049,0.035000,0.125333,0.874667,0.125333,0.874667
93,14,0.484296,0.217368,0.035000,0.125333,0.874667,0.125333,0.874667
93,15,0.576038,0.223396,0.035000,0.125333,0.874667,0.125333,0.874667
93,16,0.645839,0.228098,0.035000,0.125333,0.874667,0.125333,0.874667
93,17,0.707380,0.261267,0.035000,0.125333,0.874667,0.125333,0.874667
93,18,0.769959,0.230053,0.035000,0.125333,0.874667,0.125333,0.874667
93,19,0.839667,0.230336,0.035000,0.125333,0.874667,0.125333,0.874667
93,20,0.160333,0.300262,0.035000,0.125333,0.874667,0.125333,0.874667
93,21,0.217413,0.340664,0.035000,0.125333,0.874667,0.125333,0.874667
93,22,0.285376,0.297001,0.035000,0.125333,0.874667,0.125333,0.874667
93,23,0.370111,0.291292,0.035000,0.125333,0.874667,0.125333,0.874667
93,24,0.448906,0.286018,0.035000,0.125333,0.874667,0.125333,0.874667
93,25,0.536713,0.299485,0.035000,0.125333,0.874667,0.125333,0.874667
93,26,0.625987,0.314312,0.035000,0.125333,0.874667,0.125333,0.874667
93,27,0.706467,0.331261,0.035000,0.125333,0.874667,0.125333,0.874667
93,28,0.769367,0.300070,0.035000,0.125333,0.874667,0.125333,0.874667
93,29,0.839667,0.301049,0.035000,0.125333,0.874667,0.125333,0.874667
93,30,0.160333,0.382591,0.035000,0.125333,0.874667,0.125333,0.874667
93,31,0.232401,0.409041,0.035000,0.125333,0.874667,0.125333,0.874667
93,32,0.296502,0.378890,0.035000,0.125333,0.874667,0.125333,0.874667
93,33,0.380896,0.372056,0.035000,0.125333,0.874667,0.125333,0.874667
93,34,0.480625,0.367837,0.035000,0.125333,0.874667,0.125333,0.874667
93,35,0.578141,0.415301,0.035000,0.125333,0.874667,0.125333,0.874667
93,36,0.646478,0.388715,0.035000,0.125333,0.874667,0.125333,0.874667
93,37,0.741798,0.394898,0.035000,0.125333,0.874667,0.125333,0.874667
93,38,0.808360,0.363644,0.035000,0.125333,0.874667,0.125333,0.874667
93,39,0.839667,0.426207,0.035000,0.125333,0.874667,0.125333,0.874667
93,40,0.160333,0.518561,0.035000,0.125333,0.874667,0.125333,0.874667
93,41,0.226991,0.480061,0.035000,0.125333,0.874667,0.125333,0.874667
93,42,0.294944,0.462293,0.035000,0.125333,0.874667,0.125333,0.874667
93,43,0.366507,0.460020,0.035000,0.125333,0.874667,0.125333,0.874667
93,44,0.459272,0.497086,0.035000,0.125333,0.874667,0.125333,0.874667
93,45,0.559836,0.503074,0.035000,0.125333,0.874667,0.125333,0.874667
93,46,0.632871,0.464607,0.035000,0.125333,0.874667,0.125333,0.874667
93,47,0.710651,0.465409,0.035000,0.125333,0.874667,0.125333,0.874667
93,48,0.781290,0.464695,0.035000,0.125333,0.874667,0.125333,0.874667
93,49,0.839667,0.506492,0.035000,0.125333,0.874667,0.125333,0.874667
93,50,0.160333,0.588785,0.035000,0.125333,0.874667,0.125333,0.874667
93,51,0.223532,0.553098,0.035000,0.125333,0.874667,0.125333,0.874667
93,52,0.306359,0.547603,0.035000,0.125333,0.874667,0.125333,0.874667
93,53,0.384271,0.594636,0.035000,0.125333,0.874667,0.125333,0.874667
93,54,0.468233,0.602255,0.035000,0.125333,0.874667,0.125333,0.874667
93,55,0.553930,0.577226,0.035000,0.125333,0.874667,0.125333,0.874667
93,56,0.652819,0.550979,0.035000,0.125333,0.874667,0.125333,0.874667
93,57,0.760527,0.551741,0.035000,0.125333,0.874667,0.125333,0.874667
93,58,0.762858,0.621695,0.035000,0.125333,0.874667,0.125333,0.874667
93,59,0.839667,0.576667,0.035000,0.125333,0.874667,0.125333,0.874667
93,60,0.160333,0.670008,0.035000,0.125333,0.874667,0.125333,0.874667
93,61,0.218717,0.631464,0.035000,0.125333,0.874667,0.125333,0.874667
93,62,0.278884,0.682255,0.035000,0.125333,0.874667,0.125333,0.874667
93,63,0.373222,0.692848,0.035000,0.125333,0.874667,0.125333,0.874667
93,64,0.463319,0.672795,0.035000,0.125333,0.874667,0.125333,0.874667
93,65,0.541260,0.655635,0.035000,0.125333,0.874667,0.125333,0.874667
93,66,0.629244,0.640001,0.035000,0.125333,0.874667,0.125333,0.874667
93,67,0.706204,0.701684,0.035000,0.125333,0.874667,0.125333,0.874667
93,68,0.775315,0.690577,0.035000,0.125333,0.874667,0.125333,0.874667
93,69,0.839667,0.648041,0.035000,0.125333,0.874667,0.125333,0.874667
93,70,0.160333,0.745623,0.035000,0.125333,0.874667,0.125333,0.874667
93,71,0.235084,0.769888,0.035000,0.125333,0.874667,0.125333,0.874667
93,72,0.305088,0.769567,0.035000,0.125333,0.874667,0.125333,0.874667
93,73,0.376302,0.764393,0.035000,0.125333,0.874667,0.125333,0.874667
93,74,0.475177,0.745899,0.035000,0.125333,0.874667,0.125333,0.874667
93,75,0.583344,0.736337,0.035000,0.125333,0.874667,0.125333,0.874667
93,76,0.643112,0.772999,0.035000,0.125333,0.874667,0.125333,0.874667
93,77,0.722768,0.769886,0.035000,0.125333,0.874667,0.125333,0.874667
93,78,0.805273,0.778926,0.035000,0.125333,0.874667,0.125333,0.874667
93,79,0.839667,0.717996,0.035000,0.125333,0.874667,0.125333,0.874667
93,80,0.160333,0.836744,0.035000,0.125333,0.874667,0.125333,0.874667
93,81,0.230708,0.839667,0.035000,0.125333,0.874667,0.125333,0.874667
93,82,0.300708,0.839667,0.035000,0.125333,0.874667,0.125333,0.874667
93,83,0.370709,0.839667,0.035000,0.125333,0.874667,0.125333,0.874667
93,84,0.443203,0.836562,0.035000,0.125333,0.874667,0.125333,0.874667
93,85,0.535051,0.839667,0.035000,0.125333,0.874667,0.125333,0.874667
93,86,0.621850,0.839667,0.035000,0.125333,0.874667,0.125333,0.874667
93,87,0.695031,0.839667,0.035000,0.125333,0.874667,0.125333,0.874667
93,88,0.769846,0.839666,0.035000,0.125333,0.874667,0.125333,0.874667
93,89,0.839667,0.839667,0.035000,0.125333,0.874667,0.125333,0.874667
94,0,0.162111,0.162111,0.035000,0.127111,0.872889,0.127111,0.872889
94,1,0.231685,0.162111,0.035000,0.127111,0.872889,0.127111,0.872889
94,2,0.301628,0.162111,0.035000,0.127111,0.872889,0.127111,0.872889
94,3,0.371625,0.162111,0.035000,0.127111,0.872889,0.127111,0.872889
94,4,0.445483,0.162111,0.035000,0.127111,0.872889,0.127111,0.872889
94,5,0.537822,0.162111,0.035000,0.127111,0.872889,0.127111,0.872889
94,6,0.609968,0.162111,0.035000,0.127111,0.872889,0.127111,0.872889
94,7,0.698108,0.162111,0.035000,0.127111,0.872889,0.127111,0.872889
94,8,0.768071,0.162111,0.035000,0.127111,0.872889,0.127111,0.872889
94,9,0.837889,0.162111,0.035000,0.127111,0.872889,0.127111,0.872889
94,10,0.162111,0.232076,0.035000,0.127111,0.872889,0.127111,0.872889
94,11,0.237597,0.238595,0.035000,0.127111,0.872889,0.127111,0.872889
94,12,0.312659,0.231043,0.035000,0.127111,0.872889,0.127111,0.872889
94,13,0.396947,0.227230,0.035000,0.127111,0.872889,0.127111,0.872889
94,14,0.486232,0.219050,0.035000,0.127111,0.872889,0.127111,0.872889
94,15,0.574323,0.226526,0.035000,0.127111,0.872889,0.127111,0.872889
94,16,0.644286,0.227633,0.035000,0.127111,0.872889,0.127111,0.872889
94,17,0.705103,0.262131,0.035000,0.127111,0.872889,0.127111,0.872889
94,18,0.768165,0.231888,0.035000,0.127111,0.872889,0.127111,0.872889
94,19,0.837889,0.232726,0.035000,0.127111,0.872889,0.127111,0.872889
94,20,0.162111,0.302069,0.035000,0.127111,0.872889,0.127111,0.872889
94,21,0.220675,0.340300,0.035000,0.127111,0.872889,0.127111,0.872889
94,22,0.288356,0.296688,0.035000,0.127111,0.872889,0.127111,0.872889
94,23,0.370570,0.292071,0.035000,0.127111,0.872889,0.127111,0.872889
94,24,0.444992,0.289073,0.035000,0.127111,0.872889,0.127111,0.872889
94,25,0.536209,0.302526,0.035000,0.127111,0.872889,0.127111,0.872889
94,26,0.629131,0.313133,0.035000,0.127111,0.872889,0.127111,0.872889
94,27,0.703175,0.332104,0.035000,0.127111,0.872889,0.127111,0.872889
94,28,0.767211,0.301999,0.035000,0.127111,0.872889,0.127111,0.872889
94,29,0.837889,0.303363,0.035000,0.127111,0.872889,0.127111,0.872889
94,30,0.162111,0.384225,0.035000,0.127111,0.872889,0.127111,0.872889
94,31,0.230587,0.409594,0.035000,0.127111,0.872889,0.127111,0.872889
94,32,0.295539,0.376630,0.035000,0.127111,0.872889,0.127111,0.872889
94,33,0.383781,0.373657,0.035000,0.127111,0.872889,0.127111,0.872889
94,34,0.482090,0.370381,0.035000,0.127111,0.872889,0.127111,0.872889
94,35,0.574850,0.414714,0.035000,0.127111,0.872889,0.127111,0.872889
94,36,0.645895,0.385937,0.035000,0.127111,0.872889,0.127111,0.872889
94,37,0.743683,0.396700,0.035000,0.127111,0.872889,0.127111,0.872889
94,38,0.806557,0.365930,0.035000,0.127111,0.872889,0.127111,0.872889
94,39,0.837889,0.428461,0.035000,0.127111,0.872889,0.127111,0.872889
94,40,0.162111,0.514606,0.035000,0.127111,0.872889,0.127111,0.872889
94,41,0.226850,0.480035,0.035000,0.127111,0.872889,0.127111,0.872889
94,42,0.294654,0.462641,0.035000,0.127111,0.872889,0.127111,0.872889
94,43,0.366043,0.462451,0.035000,0.127111,0.872889,0.127111,0.872889
94,44,0.462083,0.497152,0.035000,0.127111,0.872889,0.127111,0.872889
94,45,0.561423,0.500366,0.035000,0.127111,0.872889,0.127111,0.872889
94,46,0.628017,0.463570,0.035000,0.127111,0.872889,0.127111,0.872889
94,47,0.709326,0.467282,0.035000,0.127111,0.872889,0.127111,0.872889
94,48,0.779309,0.466544,0.035000,0.127111,0.872889,0.127111,0.872889
94,49,0.837889,0.504747,0.035000,0.127111,0.872889,0.127111,0.872889
94,50,0.162111,0.586000,0.035000,0.127111,0.872889,0.127111,0.872889
94,51,0.227027,0.553714,0.035000,0.127111,0.872889,0.127111,0.872889
94,52,0.309779,0.550322,0.035000,0.127111,0.872889,0.127111,0.872889
94,53,0.382227,0.595350,0.035000,0.127111,0.872889,0.127111,0.872889
94,54,0.465467,0.599818,0.035000,0.127111,0.872889,0.127111,0.872889
94,55,0.556930,0.575476,0.035000,0.127111,0.872889,0.127111,0.872889
94,56,0.654295,0.552344,0.035000,0.127111,0.872889,0.127111,0.872889
94,57,0.757391,0.551097,0.035000,0.127111,0.872889,0.127111,0.872889
94,58,0.761007,0.621003,0.035000,0.127111,0.872889,0.127111,0.872889
94,59,0.837889,0.574747,0.035000,0.127111,0.872889,0.127111,0.872889
94,60,0.162111,0.672873,0.035000,0.127111,0.872889,0.127111,0.872889
94,61,0.219176,0.632390,0.035000,0.127111,0.872889,0.127111,0.872889
94,62,0.280586,0.683968,0.035000,0.127111,0.872889,0.127111,0.872889
94,63,0.376744,0.690770,0.035000,0.127111,0.872889,0.127111,0.872889
94,64,0.461387,0.670623,0.035000,0.127111,0.872889,0.127111,0.872889
94,65,0.538701,0.656899,0.035000,0.127111,0.872889,0.127111,0.872889
94,66,0.631464,0.642828,0.035000,0.127111,0.872889,0.127111,0.872889
94,67,0.703842,0.699777,0.035000,0.127111,0.872889,0.127111,0.872889
94,68,0.773149,0.689950,0.035000,0.127111,0.872889,0.127111,0.872889
94,69,0.837889,0.646973,0.035000,0.127111,0.872889,0.127111,0.872889
94,70,0.162111,0.748443,0.035000,0.127111,0.872889,0.127111,0.872889
94,71,0.233482,0.767967,0.035000,0.127111,0.872889,0.127111,0.872889
94,72,0.303929,0.766589,0.035000,0.127111,0.872889,0.127111,0.872889
94,73,0.377842,0.760883,0.035000,0.127111,0.872889,0.127111,0.872889
94,74,0.478327,0.746548,0.035000,0.127111,0.872889,0.127111,0.872889
94,75,0.580115,0.738159,0.035000,0.127111,0.872889,0.127111,0.872889
94,76,0.642331,0.772194,0.035000,0.127111,0.872889,0.127111,0.872889
94,77,0.725745,0.767830,0.035000,0.127111,0.872889,0.127111,0.872889
94,78,0.802923,0.777404,0.035000,0.127111,0.872889,0.127111,0.872889
94,79,0.837889,0.716870,0.035000,0.127111,0.872889,0.127111,0.872889
94,80,0.162111,0.837889,0.035000,0.127111,0.872889,0.127111,0.872889
94,81,0.231818,0.837889,0.035000,0.127111,0.872889,0.127111,0.872889
94,82,0.301792,0.837889,0.035000,0.127111,0.872889,0.127111,0.872889
94,83,0.371792,0.837889,0.035000,0.127111,0.872889,0.127111,0.872889
94,84,0.444015,0.837889,0.035000,0.127111,0.872889,0.127111,0.872889
94,85,0.537933,0.837889,0.035000,0.127111,0.872889,0.127111,0.872889
94,86,0.617124,0.837889,0.035000,0.127111,0.872889,0.127111,0.872889
94,87,0.692710,0.837889,0.035000,0.127111,0.872889,0.127111,0.872889
94,88,0.767932,0.837889,0.035000,0.127111,0.872889,0.127111,0.872889
94,89,0.837889,0.837889,0.035000,0.127111,0.872889,0.127111,0.872889
95,0,0.163889,0.163889,0.035000,0.128889,0.871111,0.128889,0.871111
95,1,0.233546,0.163889,0.035000,0.128889,0.871111,0.128889,0.871111
95,2,0.303510,0.163889,0.035000,0.128889,0.871111,0.128889,0.871111
95,3,0.373513,0.163889,0.035000,0.128889,0.871111,0.128889,0.871111
95,4,0.447288,0.163889,0.035000,0.128889,0.871111,0.128889,0.871111
95,5,0.535182,0.163889,0.035000,0.128889,0.871111,0.128889,0.871111
95,6,0.606458,0.163889,0.035000,0.128889,0.871111,0.128889,0.871111
95,7,0.696325,0.163889,0.035000,0.128889,0.871111,0.128889,0.871111
95,8,0.766290,0.163889,0.035000,0.128889,0.871111,0.128889,0.871111
95,9,0.836111,0.163889,0.035000,0.128889,0.871111,0.128889,0.871111
95,10,0.163889,0.233942,0.035000,0.128889,0.871111,0.128889,0.871111
95,11,0.242012,0.241323,0.035000,0.128889,0.871111,0.128889,0.871111
95,12,0.315566,0.232656,0.035000,0.128889,0.871111,0.128889,0.871111
95,13,0.397322,0.229623,0.035000,0.128889,0.871111,0.128889,0.871111
95,14,0.488905,0.221405,0.035000,0.128889,0.871111,0.128889,0.871111
95,15,0.572621,0.229898,0.035000,0.128889,0.871111,0.128889,0.871111
95,16,0.642525,0.226499,0.035000,0.128889,0.871111,0.128889,0.871111
95,17,0.702545,0.262419,0.035000,0.128889,0.871111,0.128889,0.871111
95,18,0.766350,0.233719,0.035000,0.128889,0.871111,0.128889,0.871111
95,19,0.836111,0.235002,0.035000,0.128889,0.871111,0.128889,0.871111
95,20,0.163889,0.303940,0.035000,0.128889,0.871111,0.128889,0.871111
95,21,0.224388,0.339063,0.035000,0.128889,0.871111,0.128889,0.871111
95,22,0.290926,0.298176,0.035000,0.128889,0.871111,0.128889,0.871111
95,23,0.369846,0.294005,0.035000,0.128889,0.871111,0.128889,0.871111
95,24,0.441066,0.292581,0.035000,0.128889,0.871111,0.128889,0.871111
95,25,0.536948,0.304467,0.035000,0.128889,0.871111,0.128889,0.871111
95,26,0.632078,0.310965,0.035000,0.128889,0.871111,0.128889,0.871111
95,27,0.699135,0.332369,0.035000,0.128889,0.871111,0.128889,0.871111
95,28,0.765453,0.304701,0.035000,0.128889,0.871111,0.128889,0.871111
95,29,0.836111,0.304967,0.035000,0.128889,0.871111,0.128889,0.871111
95,30,0.163889,0.384055,0.035000,0.128889,0.871111,0.128889,0.871111
95,31,0.229043,0.409467,0.035000,0.128889,0.871111,0.128889,0.871111
95,32,0.295441,0.375518,0.035000,0.128889,0.871111,0.128889,0.871111
95,33,0.387144,0.376100,0.035000,0.128889,0.871111,0.128889,0.871111
95,34,0.482363,0.372164,0.035000,0.128889,0.871111,0.128889,0.871111
95,35,0.571411,0.412983,0.035000,0.128889,0.871111,0.128889,0.871111
95,36,0.646550,0.383463,0.035000,0.128889,0.871111,0.128889,0.871111
95,37,0.743074,0.400660,0.035000,0.128889,0.871111,0.128889,0.871111
95,38,0.804716,0.367489,0.035000,0.128889,0.871111,0.128889,0.871111
95,39,0.836111,0.429980,0.035000,0.128889,0.871111,0.128889,0.871111
95,40,0.163889,0.511041,0.035000,0.128889,0.871111,0.128889,0.871111
95,41,0.226569,0.480155,0.035000,0.128889,0.871111,0.128889,0.871111
95,42,0.294630,0.463791,0.035000,0.128889,0.871111,0.128889,0.871111
95,43,0.366331,0.464425,0.035000,0.128889,0.871111,0.128889,0.871111
95,44,0.465417,0.495979,0.035000,0.128889,0.871111,0.128889,0.871111
95,45,0.561831,0.497665,0.035000,0.128889,0.871111,0.128889,0.871111
95,46,0.623205,0.463760,0.035000,0.128889,0.871111,0.128889,0.871111
95,47,0.706704,0.469755,0.035000,0.128889,0.871111,0.128889,0.871111
95,48,0.776624,0.466601,0.035000,0.128889,0.871111,0.128889,0.871111
95,49,0.836111,0.503401,0.035000,0.128889,0.871111,0.128889,0.871111
95,50,0.163889,0.583926,0.035000,0.128889,0.871111,0.128889,0.871111
95,51,0.231242,0.555478,0.035000,0.128889,0.871111,0.128889,0.871111
95,52,0.312369,0.552834,0.035000,0.128889,0.871111,0.128889,0.871111
95,53,0.379338,0.594798,0.035000,0.128889,0.871111,0.128889,0.871111
95,54,0.463753,0.597084,0.035000,0.128889,0.871111,0.128889,0.871111
95,55,0.560455,0.574883,0.035000,0.128889,0.871111,0.128889,0.871111
95,56,0.654641,0.554523,0.035000,0.128889,0.871111,0.128889,0.871111
95,57,0.753989,0.549778,0.035000,0.128889,0.871111,0.128889,0.871111
95,58,0.760553,0.619473,0.035000,0.128889,0.871111,0.128889,0.871111
95,59,0.836111,0.573487,0.035000,0.128889,0.871111,0.128889,0.871111
95,60,0.163889,0.676448,0.035000,0.128889,0.871111,0.128889,0.871111
95,61,0.219332,0.633737,0.035000,0.128889,0.871111,0.128889,0.871111
95,62,0.283278,0.684401,0.035000,0.128889,0.871111,0.128889,0.871111
95,63,0.379468,0.687979,0.035000,0.128889,0.871111,0.128889,0.871111
95,64,0.458574,0.669445,0.035000,0.128889,0.871111,0.128889,0.871111
95,65,0.537118,0.659129,0.035000,0.128889,0.871111,0.128889,0.871111
95,66,0.634357,0.645024,0.035000,0.128889,0.871111,0.128889,0.871111
95,67,0.700926,0.696918,0.035000,0.128889,0.871111,0.128889,0.871111
95,68,0.770615,0.689152,0.035000,0.128889,0.871111,0.128889,0.871111
95,69,0.836111,0.645512,0.035000,0.128889,0.871111,0.128889,0.871111
95,70,0.163889,0.751273,0.035000,0.128889,0.871111,0.128889,0.871111
95,71,0.232175,0.766195,0.035000,0.128889,0.871111,0.128889,0.871111
95,72,0.302823,0.762988,0.035000,0.128889,0.871111,0.128889,0.871111
95,73,0.380403,0.758437,0.035000,0.128889,0.871111,0.128889,0.871111
95,74,0.480784,0.748328,0.035000,0.128889,0.871111,0.128889,0.871111
95,75,0.576181,0.739790,0.035000,0.128889,0.871111,0.128889,0.871111
95,76,0.642196,0.770388,0.035000,0.128889,0.871111,0.128889,0.871111
95,77,0.729311,0.765522,0.035000,0.128889,0.871111,0.128889,0.871111
95,78,0.800872,0.775770,0.035000,0.128889,0.871111,0.128889,0.871111
95,79,0.836111,0.715406,0.035000,0.128889,0.871111,0.128889,0.871111
95,80,0.163889,0.836111,0.035000,0.128889,0.871111,0.128889,0.871111
95,81,0.233564,0.836111,0.035000,0.128889,0.871111,0.128889,0.871111
95,82,0.303535,0.836111,0.035000,0.128889,0.871111,0.128889,0.871111
95,83,0.373535,0.836111,0.035000,0.128889,0.871111,0.128889,0.871111
95,84,0.445953,0.836111,0.035000,0.128889,0.871111,0.128889,0.871111
95,85,0.540211,0.836111,0.035000,0.128889,0.871111,0.128889,0.871111
95,86,0.611926,0.836111,0.035000,0.128889,0.871111,0.128889,0.871111
95,87,0.691244,0.836111,0.035000,0.128889,0.871111,0.128889,0.871111
95,88,0.765660,0.836111,0.035000,0.128889,0.871111,0.128889,0.871111
95,89,0.836111,0.836111,0.035000,0.128889,0.871111,0.128889,0.871111
96,0,0.165667,0.165667,0.035000,0.130667,0.869333,0.130667,0.869333
96,1,0.235414,0.165667,0.035000,0.130667,0.869333,0.130667,0.869333
96,2,0.305409,0.165667,0.035000,0.130667,0.869333,0.130667,0.869333
96,3,0.375441,0.165667,0.035000,0.130667,0.869333,0.130667,0.869333
96,4,0.448551,0.165667,0.035000,0.130667,0.869333,0.130667,0.869333
96,5,0.531766,0.165667,0.035000,0.130667,0.869333,0.130667,0.869333
96,6,0.603786,0.165667,0.035000,0.130667,0.869333,0.130667,0.869333
96,7,0.694537,0.165667,0.035000,0.130667,0.869333,0.130667,0.869333
96,8,0.764503,0.165667,0.035000,0.130667,0.869333,0.130667,0.869333
96,9,0.834333,0.165667,0.035000,0.130667,0.869333,0.130667,0.869333
96,10,0.165667,0.235750,0.035000,0.130667,0.869333,0.130667,0.869333
96,11,0.246229,0.242866,0.035000,0.130667,0.869333,0.130667,0.869333
96,12,0.317474,0.234439,0.035000,0.130667,0.869333,0.130667,0.869333
96,13,0.397220,0.232131,0.035000,0.130667,0.869333,0.130667,0.869333
96,14,0.492428,0.224647,0.035000,0.130667,0.869333,0.130667,0.869333
96,15,0.570966,0.232935,0.035000,0.130667,0.869333,0.130667,0.869333
96,16,0.640598,0.225082,0.035000,0.130667,0.869333,0.130667,0.869333
96,17,0.699883,0.262201,0.035000,0.130667,0.869333,0.130667,0.869333
96,18,0.764564,0.235538,0.035000,0.130667,0.869333,0.130667,0.869333
96,19,0.834333,0.236735,0.035000,0.130667,0.869333,0.130667,0.869333
96,20,0.165667,0.305750,0.035000,0.130667,0.869333,0.130667,0.869333
96,21,0.228392,0.336775,0.035000,0.130667,0.869333,0.130667,0.869333
96,22,0.293370,0.300157,0.035000,0.130667,0.869333,0.130667,0.869333
96,23,0.367724,0.296497,0.035000,0.130667,0.869333,0.130667,0.869333
96,24,0.438017,0.296000,0.035000,0.130667,0.869333,0.130667,0.869333
96,25,0.538826,0.305070,0.035000,0.130667,0.869333,0.130667,0.869333
96,26,0.631631,0.307356,0.035000,0.130667,0.869333,0.130667,0.869333
96,27,0.697881,0.333345,0.035000,0.130667,0.869333,0.130667,0.869333
96,28,0.764392,0.308140,0.035000,0.130667,0.869333,0.130667,0.869333
96,29,0.834333,0.306711,0.035000,0.130667,0.869333,0.130667,0.869333
96,30,0.165667,0.381542,0.035000,0.130667,0.869333,0.130667,0.869333
96,31,0.229723,0.409586,0.035000,0.130667,0.869333,0.130667,0.869333
96,32,0.296394,0.375714,0.035000,0.130667,0.869333,0.130667,0.869333
96,33,0.390555,0.378876,0.035000,0.130667,0.869333,0.130667,0.869333
96,34,0.481408,0.372817,0.035000,0.130667,0.869333,0.130667,0.869333
96,35,0.568265,0.410467,0.035000,0.130667,0.869333,0.130667,0.869333
96,36,0.647757,0.382389,0.035000,0.130667,0.869333,0.130667,0.869333
96,37,0.741525,0.404447,0.035000,0.130667,0.869333,0.130667,0.869333
96,38,0.801611,0.368537,0.035000,0.130667,0.869333,0.130667,0.869333
96,39,0.834333,0.430386,0.035000,0.130667,0.869333,0.130667,0.869333
96,40,0.165667,0.510400,0.035000,0.130667,0.869333,0.130667,0.869333
96,41,0.228375,0.479562,0.035000,0.130667,0.869333,0.130667,0.869333
96,42,0.296834,0.464954,0.035000,0.130667,0.869333,0.130667,0.869333
96,43,0.367582,0.465472,0.035000,0.130667,0.869333,0.130667,0.869333
96,44,0.468846,0.493810,0.035000,0.130667,0.869333,0.130667,0.869333
96,45,0.558504,0.496914,0.035000,0.130667,0.869333,0.130667,0.869333
96,46,0.621347,0.463776,0.035000,0.130667,0.869333,0.130667,0.869333
96,47,0.704579,0.472299,0.035000,0.130667,0.869333,0.130667,0.869333
96,48,0.774301,0.466289,0.035000,0.130667,0.869333,0.130667,0.869333
96,49,0.834333,0.502132,0.035000,0.130667,0.869333,0.130667,0.869333
96,50,0.165667,0.582961,0.035000,0.130667,0.869333,0.130667,0.869333
96,51,0.235938,0.558066,0.035000,0.130667,0.869333,0.130667,0.869333
96,52,0.313849,0.554606,0.035000,0.130667,0.869333,0.130667,0.869333
96,53,0.375972,0.593095,0.035000,0.130667,0.869333,0.130667,0.869333
96,54,0.463270,0.594631,0.035000,0.130667,0.869333,0.130667,0.869333
96,55,0.564092,0.575561,0.035000,0.130667,0.869333,0.130667,0.869333
96,56,0.653783,0.556975,0.035000,0.130667,0.869333,0.130667,0.869333
96,57,0.750776,0.547688,0.035000,0.130667,0.869333,0.130667,0.869333
96,58,0.761408,0.617217,0.035000,0.130667,0.869333,0.130667,0.869333
96,59,0.834333,0.572869,0.035000,0.130667,0.869333,0.130667,0.869333
96,60,0.165667,0.680367,0.035000,0.130667,0.869333,0.130667,0.869333
96,61,0.219397,0.635124,0.035000,0.130667,0.869333,0.130667,0.869333
96,62,0.286699,0.683541,0.035000,0.130667,0.869333,0.130667,0.869333
96,63,0.381102,0.685151,0.035000,0.130667,0.869333,0.130667,0.869333
96,64,0.455240,0.669506,0.035000,0.130667,0.869333,0.130667,0.869333
96,65,0.536716,0.661863,0.035000,0.130667,0.869333,0.130667,0.869333
96,66,0.637496,0.646162,0.035000,0.130667,0.869333,0.130667,0.869333
96,67,0.697310,0.693356,0.035000,0.130667,0.869333,0.130667,0.869333
96,68,0.768095,0.688755,0.035000,0.130667,0.869333,0.130667,0.869333
96,69,0.834333,0.643906,0.035000,0.130667,0.869333,0.130667,0.869333
96,70,0.165667,0.752507,0.035000,0.130667,0.869333,0.130667,0.869333
96,71,0.234460,0.764392,0.035000,0.130667,0.869333,0.130667,0.869333
96,72,0.304261,0.759122,0.035000,0.130667,0.869333,0.130667,0.869333
96,73,0.383732,0.757283,0.035000,0.130667,0.869333,0.130667,0.869333
96,74,0.482233,0.750870,0.035000,0.130667,0.869333,0.130667,0.869333
96,75,0.571862,0.740703,0.035000,0.130667,0.869333,0.130667,0.869333
96,76,0.642994,0.767634,0.035000,0.130667,0.869333,0.130667,0.869333
96,77,0.730027,0.763077,0.035000,0.130667,0.869333,0.130667,0.869333
96,78,0.799068,0.774150,0.035000,0.130667,0.869333,0.130667,0.869333
96,79,0.834333,0.713790,0.035000,0.130667,0.869333,0.130667,0.869333
96,80,0.165667,0.834333,0.035000,0.130667,0.869333,0.130667,0.869333
96,81,0.235367,0.834333,0.035000,0.130667,0.869333,0.130667,0.869333
96,82,0.305343,0.834333,0.035000,0.130667,0.869333,0.130667,0.869333
96,83,0.375343,0.834333,0.035000,0.130667,0.869333,0.130667,0.869333
96,84,0.448771,0.834333,0.035000,0.130667,0.869333,0.130667,0.869333
96,85,0.538641,0.834333,0.035000,0.130667,0.869333,0.130667,0.869333
96,86,0.609408,0.834333,0.035000,0.130667,0.869333,0.130667,0.869333
96,87,0.690873,0.834333,0.035000,0.130667,0.869333,0.130667,0.869333
96,88,0.763451,0.834333,0.035000,0.130667,0.869333,0.130667,0.869333
96,89,0.834333,0.834333,0.035000,0.130667,0.869333,0.130667,0.869333
97,0,0.167444,0.167444,0.035000,0.132444,0.867556,0.132444,0.867556
97,1,0.237236,0.167445,0.035000,0.132444,0.867556,0.132444,0.867556
97,2,0.307236,0.167444,0.035000,0.132444,0.867556,0.132444,0.867556
97,3,0.378023,0.167444,0.035000,0.132444,0.867556,0.132444,0.867556
97,4,0.448940,0.167444,0.035000,0.132444,0.867556,0.132444,0.867556
97,5,0.528474,0.167444,0.035000,0.132444,0.867556,0.132444,0.867556
97,6,0.600158,0.167444,0.035000,0.132444,0.867556,0.132444,0.867556
97,7,0.692721,0.167444,0.035000,0.132444,0.867556,0.132444,0.867556
97,8,0.762693,0.167444,0.035000,0.132444,0.867556,0.132444,0.867556
97,9,0.832556,0.167444,0.035000,0.132444,0.867556,0.132444,0.867556
97,10,0.167445,0.237366,0.035000,0.132444,0.867556,0.132444,0.867556
97,11,0.248912,0.243155,0.035000,0.132444,0.867556,0.132444,0.867556
97,12,0.318873,0.236369,0.035000,0.132444,0.867556,0.132444,0.867556
97,13,0.397292,0.234715,0.035000,0.132444,0.867556,0.132444,0.867556
97,14,0.496022,0.229424,0.035000,0.132444,0.867556,0.132444,0.867556
97,15,0.568947,0.235110,0.035000,0.132444,0.867556,0.132444,0.867556
97,16,0.639068,0.225509,0.035000,0.132444,0.867556,0.132444,0.867556
97,17,0.697861,0.263401,0.035000,0.132444,0.867556,0.132444,0.867556
97,18,0.762788,0.237345,0.035000,0.132444,0.867556,0.132444,0.867556
97,19,0.832556,0.238410,0.035000,0.132444,0.867556,0.132444,0.867556
97,20,0.167444,0.307366,0.035000,0.132444,0.867556,0.132444,0.867556
97,21,0.232361,0.333627,0.035000,0.132444,0.867556,0.132444,0.867556
97,22,0.294925,0.302230,0.035000,0.132444,0.867556,0.132444,0.867556
97,23,0.364944,0.299775,0.035000,0.132444,0.867556,0.132444,0.867556
97,24,0.436213,0.298782,0.035000,0.132444,0.867556,0.132444,0.867556
97,25,0.541592,0.304351,0.035000,0.132444,0.867556,0.132444,0.867556
97,26,0.630454,0.303850,0.035000,0.132444,0.867556,0.132444,0.867556
97,27,0.697073,0.333890,0.035000,0.132444,0.867556,0.132444,0.867556
97,28,0.762658,0.309512,0.035000,0.132444,0.867556,0.132444,0.867556
97,29,0.832556,0.308400,0.035000,0.132444,0.867556,0.132444,0.867556
97,30,0.167444,0.378224,0.035000,0.132444,0.867556,0.132444,0.867556
97,31,0.229867,0.409794,0.035000,0.132444,0.867556,0.132444,0.867556
97,32,0.298419,0.377118,0.035000,0.132444,0.867556,0.132444,0.867556
97,33,0.393576,0.381409,0.035000,0.132444,0.867556,0.132444,0.867556
97,34,0.479349,0.372203,0.035000,0.132444,0.867556,0.132444,0.867556
97,35,0.565816,0.407690,0.035000,0.132444,0.867556,0.132444,0.867556
97,36,0.648261,0.384064,0.035000,0.132444,0.867556,0.132444,0.867556
97,37,0.738260,0.405296,0.035000,0.132444,0.867556,0.132444,0.867556
97,38,0.798623,0.369563,0.035000,0.132444,0.867556,0.132444,0.867556
97,39,0.832556,0.430722,0.035000,0.132444,0.867556,0.132444,0.867556
97,40,0.167444,0.510773,0.035000,0.132444,0.867556,0.132444,0.867556
97,41,0.230088,0.479785,0.035000,0.132444,0.867556,0.132444,0.867556
97,42,0.298776,0.466296,0.035000,0.132444,0.867556,0.132444,0.867556
97,43,0.369850,0.465322,0.035000,0.132444,0.867556,0.132444,0.867556
97,44,0.471932,0.491096,0.035000,0.132444,0.867556,0.132444,0.867556
97,45,0.554362,0.497003,0.035000,0.132444,0.867556,0.132444,0.867556
97,46,0.620005,0.464901,0.035000,0.132444,0.867556,0.132444,0.867556
97,47,0.702923,0.474363,0.035000,0.132444,0.867556,0.132444,0.867556
97,48,0.772454,0.466373,0.035000,0.132444,0.867556,0.132444,0.867556
97,49,0.832556,0.502150,0.035000,0.132444,0.867556,0.132444,0.867556
97,50,0.167444,0.583277,0.035000,0.132444,0.867556,0.132444,0.867556
97,51,0.240769,0.560979,0.035000,0.132444,0.867556,0.132444,0.867556
97,52,0.313224,0.554742,0.035000,0.132444,0.867556,0.132444,0.867556
97,53,0.373411,0.591112,0.035000,0.132444,0.867556,0.132444,0.867556
97,54,0.464046,0.592978,0.035000,0.132444,0.867556,0.132444,0.867556
97,55,0.567402,0.577362,0.035000,0.132444,0.867556,0.132444,0.867556
97,56,0.651806,0.559116,0.035000,0.132444,0.867556,0.132444,0.867556
97,57,0.748172,0.544705,0.035000,0.132444,0.867556,0.132444,0.867556
97,58,0.763346,0.614764,0.035000,0.132444,0.867556,0.132444,0.867556
97,59,0.832556,0.572563,0.035000,0.132444,0.867556,0.132444,0.867556
97,60,0.167444,0.683810,0.035000,0.132444,0.867556,0.132444,0.867556
97,61,0.220161,0.635731,0.035000,0.132444,0.867556,0.132444,0.867556
97,62,0.290480,0.681635,0.035000,0.132444,0.867556,0.132444,0.867556
97,63,0.381484,0.682895,0.035000,0.132444,0.867556,0.132444,0.867556
97,64,0.451814,0.670794,0.035000,0.132444,0.867556,0.132444,0.867556
97,65,0.537546,0.664532,0.035000,0.132444,0.867556,0.132444,0.867556
97,66,0.639655,0.645397,0.035000,0.132444,0.867556,0.132444,0.867556
97,67,0.693763,0.690180,0.035000,0.132444,0.867556,0.132444,0.867556
97,68,0.766032,0.689206,0.035000,0.132444,0.867556,0.132444,0.867556
97,69,0.832555,0.642475,0.035000,0.132444,0.867556,0.132444,0.867556
97,70,0.167444,0.753807,0.035000,0.132444,0.867556,0.132444,0.867556
97,71,0.236756,0.762553,0.035000,0.132444,0.867556,0.132444,0.867556
97,72,0.306416,0.755655,0.035000,0.132444,0.867556,0.132444,0.867556
97,73,0.387470,0.757478,0.035000,0.132444,0.867556,0.132444,0.867556
97,74,0.482488,0.753645,0.035000,0.132444,0.867556,0.132444,0.867556
97,75,0.567552,0.740545,0.035000,0.132444,0.867556,0.132444,0.867556
97,76,0.644826,0.764305,0.035000,0.132444,0.867556,0.132444,0.867556
97,77,0.728092,0.761078,0.035000,0.132444,0.867556,0.132444,0.867556
97,78,0.797078,0.772477,0.035000,0.132444,0.867556,0.132444,0.867556
97,79,0.832556,0.712318,0.035000,0.132444,0.867556,0.132444,0.867556
97,80,0.167444,0.832556,0.035000,0.132444,0.867556,0.132444,0.867556
97,81,0.237196,0.832556,0.035000,0.132444,0.867556,0.132444,0.867556
97,82,0.307182,0.832556,0.035000,0.132444,0.867556,0.132444,0.867556
97,83,0.377182,0.832556,0.035000,0.132444,0.867556,0.132444,0.867556
97,84,0.452107,0.832556,0.035000,0.132444,0.867556,0.132444,0.867556
97,85,0.535500,0.832556,0.035000,0.132444,0.867556,0.132444,0.867556
97,86,0.607447,0.832556,0.035000,0.132444,0.867556,0.132444,0.867556
97,87,0.691460,0.832555,0.035000,0.132444,0.867556,0.132444,0.867556
97,88,0.761459,0.832556,0.035000,0.132444,0.867556,0.132444,0.867556
97,89,0.832556,0.832556,0.035000,0.132444,0.867556,0.132444,0.867556
98,0,0.169222,0.169222,0.035000,0.134222,0.865778,0.134222,0.865778
98,1,0.239037,0.169222,0.035000,0.134222,0.865778,0.134222,0.865778
98,2,0.309030,0.169222,0.035000,0.134222,0.865778,0.134222,0.865778
98,3,0.379779,0.169222,0.035000,0.134222,0.865778,0.134222,0.865778
98,4,0.449779,0.169222,0.035000,0.134222,0.865778,0.134222,0.865778
98,5,0.525084,0.169222,0.035000,0.134222,0.865778,0.134222,0.865778
98,6,0.597388,0.169222,0.035000,0.134222,0.865778,0.134222,0.865778
98,7,0.690881,0.169222,0.035000,0.134222,0.865778,0.134222,0.865778
98,8,0.760864,0.169222,0.035000,0.134222,0.865778,0.134222,0.865778
98,9,0.830778,0.169222,0.035000,0.134222,0.865778,0.134222,0.865778
98,10,0.169223,0.238677,0.035000,0.134222,0.865778,0.134222,0.865778
98,11,0.249586,0.242290,0.035000,0.134222,0.865778,0.134222,0.865778
98,12,0.321004,0.237950,0.035000,0.134222,0.865778,0.134222,0.865778
98,13,0.397876,0.237406,0.035000,0.134222,0.865778,0.134222,0.865778
98,14,0.497991,0.234095,0.035000,0.134222,0.865778,0.134222,0.865778
98,15,0.568241,0.236183,0.035000,0.134222,0.865778,0.134222,0.865778
98,16,0.638116,0.226050,0.035000,0.134222,0.865778,0.134222,0.865778
98,17,0.696059,0.265222,0.035000,0.134222,0.865778,0.134222,0.865778
98,18,0.760980,0.239161,0.035000,0.134222,0.865778,0.134222,0.865778
98,19,0.830778,0.239404,0.035000,0.134222,0.865778,0.134222,0.865778
98,20,0.169222,0.308584,0.035000,0.134222,0.865778,0.134222,0.865778
98,21,0.233829,0.335074,0.035000,0.134222,0.865778,0.134222,0.865778
98,22,0.296239,0.303393,0.035000,0.134222,0.865778,0.134222,0.865778
98,23,0.366234,0.303306,0.035000,0.134222,0.865778,0.134222,0.865778
98,24,0.436177,0.300472,0.035000,0.134222,0.865778,0.134222,0.865778
98,25,0.544882,0.302578,0.035000,0.134222,0.865778,0.134222,0.865778
98,26,0.628503,0.301060,0.035000,0.134222,0.865778,0.134222,0.865778
98,27,0.695838,0.335215,0.035000,0.134222,0.865778,0.134222,0.865778
98,28,0.760869,0.309270,0.035000,0.134222,0.865778,0.134222,0.865778
98,29,0.830778,0.309394,0.035000,0.134222,0.865778,0.134222,0.865778
98,30,0.169222,0.378573,0.035000,0.134222,0.865778,0.134222,0.865778
98,31,0.231140,0.410978,0.035000,0.134222,0.865778,0.134222,0.865778
98,32,0.301382,0.379387,0.035000,0.134222,0.865778,0.134222,0.865778
98,33,0.395820,0.383171,0.035000,0.134222,0.865778,0.134222,0.865778
98,34,0.476449,0.370451,0.035000,0.134222,0.865778,0.134222,0.865778
98,35,0.564377,0.405229,0.035000,0.134222,0.865778,0.134222,0.865778
98,36,0.649062,0.387293,0.035000,0.134222,0.865778,0.134222,0.865778
98,37,0.734366,0.405984,0.035000,0.134222,0.865778,0.134222,0.865778
98,38,0.795770,0.369951,0.035000,0.134222,0.865778,0.134222,0.865778
98,39,0.830778,0.430507,0.035000,0.134222,0.865778,0.134222,0.865778
98,40,0.169222,0.512344,0.035000,0.134222,0.865778,0.134222,0.865778
98,41,0.231684,0.480969,0.035000,0.134222,0.865778,0.134222,0.865778
98,42,0.300345,0.467343,0.035000,0.134222,0.865778,0.134222,0.865778
98,43,0.373025,0.463963,0.035000,0.134222,0.865778,0.134222,0.865778
98,44,0.474279,0.488403,0.035000,0.134222,0.865778,0.134222,0.865778
98,45,0.549670,0.498158,0.035000,0.134222,0.865778,0.134222,0.865778
98,46,0.619466,0.466673,0.035000,0.134222,0.865778,0.134222,0.865778
98,47,0.701204,0.475551,0.035000,0.134222,0.865778,0.134222,0.865778
98,48,0.770508,0.465908,0.035000,0.134222,0.865778,0.134222,0.865778
98,49,0.830778,0.501275,0.035000,0.134222,0.865778,0.134222,0.865778
98,50,0.169222,0.584783,0.035000,0.134222,0.865778,0.134222,0.865778
98,51,0.243014,0.563909,0.035000,0.134222,0.865778,0.134222,0.865778
98,52,0.312550,0.552669,0.035000,0.134222,0.865778,0.134222,0.865778
98,53,0.372361,0.589535,0.035000,0.134222,0.865778,0.134222,0.865778
98,54,0.465954,0.592476,0.035000,0.134222,0.865778,0.134222,0.865778
98,55,0.569989,0.579906,0.035000,0.134222,0.865778,0.134222,0.865778
98,56,0.648940,0.560436,0.035000,0.134222,0.865778,0.134222,0.865778
98,57,0.746515,0.540955,0.035000,0.134222,0.865778,0.134222,0.865778
98,58,0.766023,0.612695,0.035000,0.134222,0.865778,0.134222,0.865778
98,59,0.830778,0.571172,0.035000,0.134222,0.865778,0.134222,0.865778
98,60,0.169222,0.685671,0.035000,0.134222,0.865778,0.134222,0.865778
98,61,0.221876,0.635215,0.035000,0.134222,0.865778,0.134222,0.865778
98,62,0.294196,0.679133,0.035000,0.134222,0.865778,0.134222,0.865778
98,63,0.379705,0.681793,0.035000,0.134222,0.865778,0.134222,0.865778
98,64,0.449636,0.672904,0.035000,0.134222,0.865778,0.134222,0.865778
98,65,0.539500,0.666581,0.035000,0.134222,0.865778,0.134222,0.865778
98,66,0.638859,0.641503,0.035000,0.134222,0.865778,0.134222,0.865778
98,67,0.691996,0.689206,0.035000,0.134222,0.865778,0.134222,0.865778
98,68,0.763931,0.690448,0.035000,0.134222,0.865778,0.134222,0.865778
98,69,0.830777,0.641025,0.035000,0.134222,0.865778,0.134222,0.865778
98,70,0.169222,0.755671,0.035000,0.134222,0.865778,0.134222,0.865778
98,71,0.238986,0.760201,0.035000,0.134222,0.865778,0.134222,0.865778
98,72,0.308658,0.753174,0.035000,0.134222,0.865778,0.134222,0.865778
98,73,0.391194,0.758871,0.035000,0.134222,0.865778,0.134222,0.865778
98,74,0.481517,0.756077,0.035000,0.134222,0.865778,0.134222,0.865778
98,75,0.563671,0.739211,0.035000,0.134222,0.865778,0.134222,0.865778
98,76,0.647634,0.760924,0.035000,0.134222,0.865778,0.134222,0.865778
98,77,0.726018,0.760317,0.035000,0.134222,0.865778,0.134222,0.865778
98,78,0.795154,0.770737,0.035000,0.134222,0.865778,0.134222,0.865778
98,79,0.830778,0.710817,0.035000,0.134222,0.865778,0.134222,0.865778
98,80,0.169222,0.830778,0.035000,0.134222,0.865778,0.134222,0.865778
98,81,0.239014,0.830778,0.035000,0.134222,0.865778,0.134222,0.865778
98,82,0.309014,0.830778,0.035000,0.134222,0.865778,0.134222,0.865778
98,83,0.379150,0.830778,0.035000,0.134222,0.865778,0.134222,0.865778
98,84,0.455532,0.830778,0.035000,0.134222,0.865778,0.134222,0.865778
98,85,0.531653,0.830778,0.035000,0.134222,0.865778,0.134222,0.865778
98,86,0.605517,0.830778,0.035000,0.134222,0.865778,0.134222,0.865778
98,87,0.689698,0.830777,0.035000,0.134222,0.865778,0.134222,0.865778
98,88,0.759697,0.830778,0.035000,0.134222,0.865778,0.134222,0.865778
98,89,0.830778,0.830778,0.035000,0.134222,0.865778,0.134222,0.865778
99,0,0.171000,0.171000,0.035000,0.136000,0.864000,0.136000,0.864000
99,1,0.240785,0.171000,0.035000,0.136000,0.864000,0.136000,0.864000
99,2,0.310762,0.171000,0.035000,0.136000,0.864000,0.136000,0.864000
99,3,0.380759,0.171000,0.035000,0.136000,0.864000,0.136000,0.864000
99,4,0.450759,0.171000,0.035000,0.136000,0.864000,0.136000,0.864000
99,5,0.521880,0.171000,0.035000,0.136000,0.864000,0.136000,0.864000
99,6,0.595987,0.171000,0.035000,0.136000,0.864000,0.136000,0.864000
99,7,0.689029,0.171000,0.035000,0.136000,0.864000,0.136000,0.864000
99,8,0.759024,0.171000,0.035000,0.136000,0.864000,0.136000,0.864000
99,9,0.829000,0.171000,0.035000,0.136000,0.864000,0.136000,0.864000
99,10,0.171001,0.240486,0.035000,0.136000,0.864000,0.136000,0.864000
99,11,0.249352,0.240467,0.035000,0.136000,0.864000,0.136000,0.864000
99,12,0.322331,0.239843,0.035000,0.136000,0.864000,0.136000,0.864000
99,13,0.399390,0.240855,0.035000,0.136000,0.864000,0.136000,0.864000
99,14,0.498344,0.237808,0.035000,0.136000,0.864000,0.136000,0.864000
99,15,0.568309,0.235048,0.035000,0.136000,0.864000,0.136000,0.864000
99,16,0.638177,0.226570,0.035000,0.136000,0.864000,0.136000,0.864000
99,17,0.694775,0.267673,0.035000,0.136000,0.864000,0.136000,0.864000
99,18,0.759217,0.240294,0.035000,0.136000,0.864000,0.136000,0.864000
99,19,0.829000,0.240697,0.035000,0.136000,0.864000,0.136000,0.864000
99,20,0.171000,0.310409,0.035000,0.136000,0.864000,0.136000,0.864000
99,21,0.235252,0.337810,0.035000,0.136000,0.864000,0.136000,0.864000
99,22,0.297147,0.305131,0.035000,0.136000,0.864000,0.136000,0.864000
99,23,0.367128,0.306754,0.035000,0.136000,0.864000,0.136000,0.864000
99,24,0.437621,0.300844,0.035000,0.136000,0.864000,0.136000,0.864000
99,25,0.547678,0.301939,0.035000,0.136000,0.864000,0.136000,0.864000
99,26,0.625668,0.299403,0.035000,0.136000,0.864000,0.136000,0.864000
99,27,0.694474,0.337667,0.035000,0.136000,0.864000,0.136000,0.864000
99,28,0.758769,0.310107,0.035000,0.136000,0.864000,0.136000,0.864000
99,29,0.829000,0.310662,0.035000,0.136000,0.864000,0.136000,0.864000
99,30,0.171000,0.380400,0.035000,0.136000,0.864000,0.136000,0.864000
99,31,0.232940,0.412847,0.035000,0.136000,0.864000,0.136000,0.864000
99,32,0.305007,0.382005,0.035000,0.136000,0.864000,0.136000,0.864000
99,33,0.396999,0.383797,0.035000,0.136000,0.864000,0.136000,0.864000
99,34,0.473079,0.367923,0.035000,0.136000,0.864000,0.136000,0.864000
99,35,0.564133,0.403595,0.035000,0.136000,0.864000,0.136000,0.864000
99,36,0.649988,0.391713,0.035000,0.136000,0.864000,0.136000,0.864000
99,37,0.729939,0.406678,0.035000,0.136000,0.864000,0.136000,0.864000
99,38,0.793359,0.370788,0.035000,0.136000,0.864000,0.136000,0.864000
99,39,0.829000,0.430665,0.035000,0.136000,0.864000,0.136000,0.864000
99,40,0.171000,0.515063,0.035000,0.136000,0.864000,0.136000,0.864000
99,41,0.233071,0.482844,0.035000,0.136000,0.864000,0.136000,0.864000
99,42,0.301505,0.467696,0.035000,0.136000,0.864000,0.136000,0.864000
99,43,0.376853,0.461640,0.035000,0.136000,0.864000,0.136000,0.864000
99,44,0.475586,0.486288,0.035000,0.136000,0.864000,0.136000,0.864000
99,45,0.544742,0.500379,0.035000,0.136000,0.864000,0.136000,0.864000
99,46,0.619957,0.468495,0.035000,0.136000,0.864000,0.136000,0.864000
99,47,0.699217,0.475642,0.035000,0.136000,0.864000,0.136000,0.864000
99,48,0.768467,0.465423,0.035000,0.136000,0.864000,0.136000,0.864000
99,49,0.828999,0.500489,0.035000,0.136000,0.864000,0.136000,0.864000
99,50,0.171000,0.587147,0.035000,0.136000,0.864000,0.136000,0.864000
99,51,0.243558,0.566179,0.035000,0.136000,0.864000,0.136000,0.864000
99,52,0.312121,0.549513,0.035000,0.136000,0.864000,0.136000,0.864000
99,53,0.371799,0.588079,0.035000,0.136000,0.864000,0.136000,0.864000
99,54,0.468723,0.593236,0.035000,0.136000,0.864000,0.136000,0.864000
99,55,0.571542,0.582658,0.035000,0.136000,0.864000,0.136000,0.864000
99,56,0.645534,0.560607,0.035000,0.136000,0.864000,0.136000,0.864000
99,57,0.746021,0.536796,0.035000,0.136000,0.864000,0.136000,0.864000
99,58,0.765854,0.610064,0.035000,0.136000,0.864000,0.136000,0.864000
99,59,0.829000,0.570284,0.035000,0.136000,0.864000,0.136000,0.864000
99,60,0.171000,0.686678,0.035000,0.136000,0.864000,0.136000,0.864000
99,61,0.224561,0.633552,0.035000,0.136000,0.864000,0.136000,0.864000
99,62,0.297421,0.676605,0.035000,0.136000,0.864000,0.136000,0.864000
99,63,0.376339,0.682017,0.035000,0.136000,0.864000,0.136000,0.864000
99,64,0.448674,0.675434,0.035000,0.136000,0.864000,0.136000,0.864000
99,65,0.542328,0.667584,0.035000,0.136000,0.864000,0.136000,0.864000
99,66,0.637574,0.637067,0.035000,0.136000,0.864000,0.136000,0.864000
99,67,0.689496,0.688670,0.035000,0.136000,0.864000,0.136000,0.864000
99,68,0.761334,0.692296,0.035000,0.136000,0.864000,0.136000,0.864000
99,69,0.829000,0.640045,0.035000,0.136000,0.864000,0.136000,0.864000
99,70,0.171000,0.756678,0.035000,0.136000,0.864000,0.136000,0.864000
99,71,0.240909,0.757415,0.035000,0.136000,0.864000,0.136000,0.864000
99,72,0.311509,0.751984,0.035000,0.136000,0.864000,0.136000,0.864000
99,73,0.394622,0.760280,0.035000,0.136000,0.864000,0.136000,0.864000
99,74,0.479443,0.757659,0.035000,0.136000,0.864000,0.136000,0.864000
99,75,0.560602,0.736861,0.035000,0.136000,0.864000,0.136000,0.864000
99,76,0.651207,0.758049,0.035000,0.136000,0.864000,0.136000,0.864000
99,77,0.723459,0.760881,0.035000,0.136000,0.864000,0.136000,0.864000
99,78,0.792856,0.769245,0.035000,0.136000,0.864000,0.136000,0.864000
99,79,0.829000,0.709768,0.035000,0.136000,0.864000,0.136000,0.864000
99,80,0.171000,0.829000,0.035000,0.136000,0.864000,0.136000,0.864000
99,81,0.240795,0.829000,0.035000,0.136000,0.864000,0.136000,0.864000
99,82,0.310795,0.829000,0.035000,0.136000,0.864000,0.136000,0.864000
99,83,0.381778,0.829000,0.035000,0.136000,0.864000,0.136000,0.864000
99,84,0.457787,0.829000,0.035000,0.136000,0.864000,0.136000,0.864000
99,85,0.527951,0.829000,0.035000,0.136000,0.864000,0.136000,0.864000
99,86,0.604061,0.829000,0.035000,0.136000,0.864000,0.136000,0.864000
99,87,0.687155,0.828999,0.035000,0.136000,0.864000,0.136000,0.864000
99,88,0.757153,0.829000,0.035000,0.136000,0.864000,0.136000,0.864000
99,89,0.829000,0.829000,0.035000,0.136000,0.864000,0.136000,0.864000
100,0,0.172778,0.172778,0.035000,0.137778,0.862222,0.137778,0.862222
100,1,0.242260,0.172778,0.035000,0.137778,0.862222,0.137778,0.862222
100,2,0.312165,0.172778,0.035000,0.137778,0.862222,0.137778,0.862222
100,3,0.382107,0.172778,0.035000,0.137778,0.862222,0.137778,0.862222
100,4,0.452077,0.172778,0.035000,0.137778,0.862222,0.137778,0.862222
100,5,0.522077,0.172778,0.035000,0.137778,0.862222,0.137778,0.862222
100,6,0.596849,0.172778,0.035000,0.137778,0.862222,0.137778,0.862222
100,7,0.687044,0.172778,0.035000,0.137778,0.862222,0.137778,0.862222
100,8,0.757040,0.172778,0.035000,0.137778,0.862222,0.137778,0.862222
100,9,0.827222,0.172778,0.035000,0.137778,0.862222,0.137778,0.862222
100,10,0.172780,0.242350,0.035000,0.137778,0.862222,0.137778,0.862222
100,11,0.248543,0.242400,0.035000,0.137778,0.862222,0.137778,0.862222
100,12,0.322797,0.241852,0.035000,0.137778,0.862222,0.137778,0.862222
100,13,0.401075,0.243596,0.035000,0.137778,0.862222,0.137778,0.862222
100,14,0.497021,0.240625,0.035000,0.137778,0.862222,0.137778,0.862222
100,15,0.566868,0.235755,0.035000,0.137778,0.862222,0.137778,0.862222
100,16,0.639303,0.228085,0.035000,0.137778,0.862222,0.137778,0.862222
100,17,0.694131,0.271518,0.035000,0.137778,0.862222,0.137778,0.862222
100,18,0.757496,0.241606,0.035000,0.137778,0.862222,0.137778,0.862222
100,19,0.827222,0.242413,0.035000,0.137778,0.862222,0.137778,0.862222
100,20,0.172778,0.312299,0.035000,0.137778,0.862222,0.137778,0.862222
100,21,0.236411,0.341196,0.035000,0.137778,0.862222,0.137778,0.862222
100,22,0.297554,0.307125,0.035000,0.137778,0.862222,0.137778,0.862222
100,23,0.367512,0.309565,0.035000,0.137778,0.862222,0.137778,0.862222
100,24,0.440873,0.301181,0.035000,0.137778,0.862222,0.137778,0.862222
100,25,0.549472,0.303559,0.035000,0.137778,0.862222,0.137778,0.862222
100,26,0.622007,0.299084,0.035000,0.137778,0.862222,0.137778,0.862222
100,27,0.692629,0.341499,0.035000,0.137778,0.862222,0.137778,0.862222
100,28,0.755686,0.311265,0.035000,0.137778,0.862222,0.137778,0.862222
100,29,0.827222,0.312368,0.035000,0.137778,0.862222,0.137778,0.862222
100,30,0.172778,0.382294,0.035000,0.137778,0.862222,0.137778,0.862222
100,31,0.234662,0.414938,0.035000,0.137778,0.862222,0.137778,0.862222
100,32,0.308921,0.384390,0.035000,0.137778,0.862222,0.137778,0.862222
100,33,0.396962,0.383156,0.035000,0.137778,0.862222,0.137778,0.862222
100,34,0.469673,0.365147,0.035000,0.137778,0.862222,0.137778,0.862222
100,35,0.565115,0.403128,0.035000,0.137778,0.862222,0.137778,0.862222
100,36,0.650358,0.397294,0.035000,0.137778,0.862222,0.137778,0.862222
100,37,0.725022,0.406906,0.035000,0.137778,0.862222,0.137778,0.862222
100,38,0.790420,0.371710,0.035000,0.137778,0.862222,0.137778,0.862222
100,39,0.827222,0.430648,0.035000,0.137778,0.862222,0.137778,0.862222
100,40,0.172778,0.518921,0.035000,0.137778,0.862222,0.137778,0.862222
100,41,0.233907,0.484932,0.035000,0.137778,0.862222,0.137778,0.862222
100,42,0.303074,0.466988,0.035000,0.137778,0.862222,0.137778,0.862222
100,43,0.380975,0.458804,0.035000,0.137778,0.862222,0.137778,0.862222
100,44,0.473648,0.484754,0.035000,0.137778,0.862222,0.137778,0.862222
100,45,0.542002,0.503849,0.035000,0.137778,0.862222,0.137778,0.862222
100,46,0.621550,0.469795,0.035000,0.137778,0.862222,0.137778,0.862222
100,47,0.697097,0.474577,0.035000,0.137778,0.862222,0.137778,0.862222
100,48,0.766447,0.465058,0.035000,0.137778,0.862222,0.137778,0.862222
100,49,0.827219,0.500333,0.035000,0.137778,0.862222,0.137778,0.862222
100,50,0.172778,0.589777,0.035000,0.137778,0.862222,0.137778,0.862222
100,51,0.243778,0.565057,0.035000,0.137778,0.862222,0.137778,0.862222
100,52,0.311121,0.545660,0.035000,0.137778,0.862222,0.137778,0.862222
100,53,0.372055,0.587287,0.035000,0.137778,0.862222,0.137778,0.862222
100,54,0.471979,0.595105,0.035000,0.137778,0.862222,0.137778,0.862222
100,55,0.571882,0.585041,0.035000,0.137778,0.862222,0.137778,0.862222
100,56,0.642009,0.559546,0.035000,0.137778,0.862222,0.137778,0.862222
100,57,0.746757,0.532732,0.035000,0.137778,0.862222,0.137778,0.862222
100,58,0.764775,0.608192,0.035000,0.137778,0.862222,0.137778,0.862222
100,59,0.827221,0.569994,0.035000,0.137778,0.862222,0.137778,0.862222
100,60,0.172778,0.686634,0.035000,0.137778,0.862222,0.137778,0.862222
100,61,0.227527,0.633359,0.035000,0.137778,0.862222,0.137778,0.862222
100,62,0.299786,0.674616,0.035000,0.137778,0.862222,0.137778,0.862222
100,63,0.372348,0.683445,0.035000,0.137778,0.862222,0.137778,0.862222
100,64,0.448548,0.677917,0.035000,0.137778,0.862222,0.137778,0.862222
100,65,0.545356,0.666012,0.035000,0.137778,0.862222,0.137778,0.862222
100,66,0.635528,0.632519,0.035000,0.137778,0.862222,0.137778,0.862222
100,67,0.686700,0.689013,0.035000,0.137778,0.862222,0.137778,0.862222
100,68,0.758858,0.694682,0.035000,0.137778,0.862222,0.137778,0.862222
100,69,0.827222,0.639630,0.035000,0.137778,0.862222,0.137778,0.862222
100,70,0.172778,0.756641,0.035000,0.137778,0.862222,0.137778,0.862222
100,71,0.242680,0.754846,0.035000,0.137778,0.862222,0.137778,0.862222
100,72,0.315174,0.752153,0.035000,0.137778,0.862222,0.137778,0.862222
100,73,0.397867,0.758575,0.035000,0.137778,0.862222,0.137778,0.862222
100,74,0.476534,0.758063,0.035000,0.137778,0.862222,0.137778,0.862222
100,75,0.558951,0.735206,0.035000,0.137778,0.862222,0.137778,0.862222
100,76,0.651282,0.755889,0.035000,0.137778,0.862222,0.137778,0.862222
100,77,0.720840,0.762533,0.035000,0.137778,0.862222,0.137778,0.862222
100,78,0.790413,0.768154,0.035000,0.137778,0.862222,0.137778,0.862222
100,79,0.827222,0.709234,0.035000,0.137778,0.862222,0.137778,0.862222
100,80,0.172778,0.827222,0.035000,0.137778,0.862222,0.137778,0.862222
100,81,0.242582,0.827222,0.035000,0.137778,0.862222,0.137778,0.862222
100,82,0.312582,0.827222,0.035000,0.137778,0.862222,0.137778,0.862222
100,83,0.384599,0.827222,0.035000,0.137778,0.862222,0.137778,0.862222
100,84,0.456155,0.827222,0.035000,0.137778,0.862222,0.137778,0.862222
100,85,0.526900,0.827222,0.035000,0.137778,0.862222,0.137778,0.862222
100,86,0.603431,0.827222,0.035000,0.137778,0.862222,0.137778,0.862222
100,87,0.683634,0.827221,0.035000,0.137778,0.862222,0.137778,0.862222
100,88,0.753633,0.827222,0.035000,0.137778,0.862222,0.137778,0.862222
100,89,0.827222,0.827222,0.035000,0.137778,0.862222,0.137778,0.862222
101,0,0.174556,0.174556,0.035000,0.139556,0.860444,0.139556,0.860444
101,1,0.244032,0.174556,0.035000,0.139556,0.860444,0.139556,0.860444
101,2,0.313936,0.174556,0.035000,0.139556,0.860444,0.139556,0.860444
101,3,0.383886,0.174556,0.035000,0.139556,0.860444,0.139556,0.860444
101,4,0.453860,0.174556,0.035000,0.139556,0.860444,0.139556,0.860444
101,5,0.523860,0.174556,0.035000,0.139556,0.860444,0.139556,0.860444
101,6,0.597937,0.174556,0.035000,0.139556,0.860444,0.139556,0.860444
101,7,0.684444,0.174556,0.035000,0.139556,0.860444,0.139556,0.860444
101,8,0.754508,0.174556,0.035000,0.139556,0.860444,0.139556,0.860444
101,9,0.825444,0.174556,0.035000,0.139556,0.860444,0.139556,0.860444
101,10,0.174557,0.244248,0.035000,0.139556,0.860444,0.139556,0.860444
101,11,0.246599,0.244423,0.035000,0.139556,0.860444,0.139556,0.860444
101,12,0.322811,0.243976,0.035000,0.139556,0.860444,0.139556,0.860444
101,13,0.402094,0.244188,0.035000,0.139556,0.860444,0.139556,0.860444
101,14,0.495018,0.242180,0.035000,0.139556,0.860444,0.139556,0.860444
101,15,0.564738,0.235921,0.035000,0.139556,0.860444,0.139556,0.860444
101,16,0.640400,0.229577,0.035000,0.139556,0.860444,0.139556,0.860444
101,17,0.693248,0.275159,0.035000,0.139556,0.860444,0.139556,0.860444
101,18,0.755759,0.243315,0.035000,0.139556,0.860444,0.139556,0.860444
101,19,0.825444,0.244177,0.035000,0.139556,0.860444,0.139556,0.860444
101,20,0.174556,0.314222,0.035000,0.139556,0.860444,0.139556,0.860444
101,21,0.237274,0.345138,0.035000,0.139556,0.860444,0.139556,0.860444
101,22,0.297323,0.309164,0.035000,0.139556,0.860444,0.139556,0.860444
101,23,0.367452,0.311280,0.035000,0.139556,0.860444,0.139556,0.860444
101,24,0.445077,0.299437,0.035000,0.139556,0.860444,0.139556,0.860444
101,25,0.549231,0.304389,0.035000,0.139556,0.860444,0.139556,0.860444
101,26,0.619473,0.299934,0.035000,0.139556,0.860444,0.139556,0.860444
101,27,0.689887,0.345142,0.035000,0.139556,0.860444,0.139556,0.860444
101,28,0.751933,0.312809,0.035000,0.139556,0.860444,0.139556,0.860444
101,29,0.825444,0.314136,0.035000,0.139556,0.860444,0.139556,0.860444
101,30,0.174556,0.384222,0.035000,0.139556,0.860444,0.139556,0.860444
101,31,0.236557,0.416800,0.035000,0.139556,0.860444,0.139556,0.860444
101,32,0.312697,0.386015,0.035000,0.139556,0.860444,0.139556,0.860444
101,33,0.395714,0.381382,0.035000,0.139556,0.860444,0.139556,0.860444
101,34,0.468127,0.365978,0.035000,0.139556,0.860444,0.139556,0.860444
101,35,0.567198,0.403926,0.035000,0.139556,0.860444,0.139556,0.860444
101,36,0.650291,0.402880,0.035000,0.139556,0.860444,0.139556,0.860444
101,37,0.720736,0.407975,0.035000,0.139556,0.860444,0.139556,0.860444
101,38,0.787444,0.372683,0.035000,0.139556,0.860444,0.139556,0.860444
101,39,0.825444,0.430659,0.035000,0.139556,0.860444,0.139556,0.860444
101,40,0.174556,0.522746,0.035000,0.139556,0.860444,0.139556,0.860444
101,41,0.234515,0.486764,0.035000,0.139556,0.860444,0.139556,0.860444
101,42,0.305478,0.465153,0.035000,0.139556,0.860444,0.139556,0.860444
101,43,0.384975,0.456018,0.035000,0.139556,0.860444,0.139556,0.860444
101,44,0.470512,0.484471,0.035000,0.139556,0.860444,0.139556,0.860444
101,45,0.539795,0.507669,0.035000,0.139556,0.860444,0.139556,0.860444
101,46,0.624154,0.470139,0.035000,0.139556,0.860444,0.139556,0.860444
101,47,0.694412,0.472837,0.035000,0.139556,0.860444,0.139556,0.860444
101,48,0.763773,0.463289,0.035000,0.139556,0.860444,0.139556,0.860444
101,49,0.825438,0.500279,0.035000,0.139556,0.860444,0.139556,0.860444
101,50,0.174556,0.592743,0.035000,0.139556,0.860444,0.139556,0.860444
101,51,0.242869,0.563006,0.035000,0.139556,0.860444,0.139556,0.860444
101,52,0.309727,0.541667,0.035000,0.139556,0.860444,0.139556,0.860444
101,53,0.373315,0.587527,0.035000,0.139556,0.860444,0.139556,0.860444
101,54,0.475287,0.597699,0.035000,0.139556,0.860444,0.139556,0.860444
101,55,0.570980,0.586557,0.035000,0.139556,0.860444,0.139556,0.860444
101,56,0.638803,0.557435,0.035000,0.139556,0.860444,0.139556,0.860444
101,57,0.748025,0.531494,0.035000,0.139556,0.860444,0.139556,0.860444
101,58,0.763231,0.607549,0.035000,0.139556,0.860444,0.139556,0.860444
101,59,0.825444,0.569889,0.035000,0.139556,0.860444,0.139556,0.860444
101,60,0.174556,0.685478,0.035000,0.139556,0.860444,0.139556,0.860444
101,61,0.231866,0.632868,0.035000,0.139556,0.860444,0.139556,0.860444
101,62,0.299942,0.673445,0.035000,0.139556,0.860444,0.139556,0.860444
101,63,0.369170,0.685977,0.035000,0.139556,0.860444,0.139556,0.860444
101,64,0.449456,0.679795,0.035000,0.139556,0.860444,0.139556,0.860444
101,65,0.548331,0.662660,0.035000,0.139556,0.860444,0.139556,0.860444
101,66,0.632610,0.628388,0.035000,0.139556,0.860444,0.139556,0.860444
101,67,0.684066,0.690441,0.035000,0.139556,0.860444,0.139556,0.860444
101,68,0.756554,0.697197,0.035000,0.139556,0.860444,0.139556,0.860444
101,69,0.825444,0.639487,0.035000,0.139556,0.860444,0.139556,0.860444
101,70,0.174556,0.755474,0.035000,0.139556,0.860444,0.139556,0.860444
101,71,0.244465,0.753064,0.035000,0.139556,0.860444,0.139556,0.860444
101,72,0.319395,0.753521,0.035000,0.139556,0.860444,0.139556,0.860444
101,73,0.399941,0.756953,0.035000,0.139556,0.860444,0.139556,0.860444
101,74,0.473160,0.757204,0.035000,0.139556,0.860444,0.139556,0.860444
101,75,0.558714,0.734035,0.035000,0.139556,0.860444,0.139556,0.860444
101,76,0.648226,0.754628,0.035000,0.139556,0.860444,0.139556,0.860444
101,77,0.717587,0.763632,0.035000,0.139556,0.860444,0.139556,0.860444
101,78,0.787315,0.767067,0.035000,0.139556,0.860444,0.139556,0.860444
101,79,0.825444,0.709076,0.035000,0.139556,0.860444,0.139556,0.860444
101,80,0.174556,0.825444,0.035000,0.139556,0.860444,0.139556,0.860444
101,81,0.244392,0.825444,0.035000,0.139556,0.860444,0.139556,0.860444
101,82,0.314392,0.825444,0.035000,0.139556,0.860444,0.139556,0.860444
101,83,0.385723,0.825444,0.035000,0.139556,0.860444,0.139556,0.860444
101,84,0.455746,0.825444,0.035000,0.139556,0.860444,0.139556,0.860444
101,85,0.525750,0.825444,0.035000,0.139556,0.860444,0.139556,0.860444
101,86,0.603848,0.825444,0.035000,0.139556,0.860444,0.139556,0.860444
101,87,0.679892,0.825443,0.035000,0.139556,0.860444,0.139556,0.860444
101,88,0.749888,0.825444,0.035000,0.139556,0.860444,0.139556,0.860444
101,89,0.825444,0.825444,0.035000,0.139556,0.860444,0.139556,0.860444
102,0,0.176333,0.176333,0.035000,0.141333,0.858667,0.141333,0.858667
102,1,0.245864,0.176333,0.035000,0.141333,0.858667,0.141333,0.858667
102,2,0.315787,0.176333,0.035000,0.141333,0.858667,0.141333,0.858667
102,3,0.385748,0.176333,0.035000,0.141333,0.858667,0.141333,0.858667
102,4,0.455748,0.176333,0.035000,0.141333,0.858667,0.141333,0.858667
102,5,0.525810,0.176333,0.035000,0.141333,0.858667,0.141333,0.858667
102,6,0.595987,0.176333,0.035000,0.141333,0.858667,0.141333,0.858667
102,7,0.681683,0.176333,0.035000,0.141333,0.858667,0.141333,0.858667
102,8,0.751744,0.176333,0.035000,0.141333,0.858667,0.141333,0.858667
102,9,0.823666,0.176333,0.035000,0.141333,0.858667,0.141333,0.858667
102,10,0.176333,0.246004,0.035000,0.141333,0.858667,0.141333,0.858667
102,11,0.246240,0.246284,0.035000,0.141333,0.858667,0.141333,0.858667
102,12,0.323159,0.246210,0.035000,0.141333,0.858667,0.141333,0.858667
102,13,0.403870,0.244567,0.035000,0.141333,0.858667,0.141333,0.858667
102,14,0.492084,0.242006,0.035000,0.141333,0.858667,0.141333,0.858667
102,15,0.561908,0.237067,0.035000,0.141333,0.858667,0.141333,0.858667
102,16,0.638072,0.231318,0.035000,0.141333,0.858667,0.141333,0.858667
102,17,0.691162,0.276482,0.035000,0.141333,0.858667,0.141333,0.858667
102,18,0.753956,0.244982,0.035000,0.141333,0.858667,0.141333,0.858667
102,19,0.823667,0.246013,0.035000,0.141333,0.858667,0.141333,0.858667
102,20,0.176333,0.315979,0.035000,0.141333,0.858667,0.141333,0.858667
102,21,0.237827,0.348952,0.035000,0.141333,0.858667,0.141333,0.858667
102,22,0.296561,0.310918,0.035000,0.141333,0.858667,0.141333,0.858667
102,23,0.367715,0.311676,0.035000,0.141333,0.858667,0.141333,0.858667
102,24,0.449634,0.297666,0.035000,0.141333,0.858667,0.141333,0.858667
102,25,0.546979,0.305528,0.035000,0.141333,0.858667,0.141333,0.858667
102,26,0.617832,0.301689,0.035000,0.141333,0.858667,0.141333,0.858667
102,27,0.686957,0.346462,0.035000,0.141333,0.858667,0.141333,0.858667
102,28,0.749567,0.314318,0.035000,0.141333,0.858667,0.141333,0.858667
102,29,0.823667,0.315983,0.035000,0.141333,0.858667,0.141333,0.858667
102,30,0.176333,0.386346,0.035000,0.141333,0.858667,0.141333,0.858667
102,31,0.239360,0.418881,0.035000,0.141333,0.858667,0.141333,0.858667
102,32,0.315917,0.386515,0.035000,0.141333,0.858667,0.141333,0.858667
102,33,0.393414,0.378843,0.035000,0.141333,0.858667,0.141333,0.858667
102,34,0.467186,0.367243,0.035000,0.141333,0.858667,0.141333,0.858667
102,35,0.570114,0.405822,0.035000,0.141333,0.858667,0.141333,0.858667
102,36,0.649419,0.405552,0.035000,0.141333,0.858667,0.141333,0.858667
102,37,0.719605,0.408358,0.035000,0.141333,0.858667,0.141333,0.858667
102,38,0.785026,0.374083,0.035000,0.141333,0.858667,0.141333,0.858667
102,39,0.823667,0.431373,0.035000,0.141333,0.858667,0.141333,0.858667
102,40,0.176333,0.526177,0.035000,0.141333,0.858667,0.141333,0.858667
102,41,0.235378,0.488754,0.035000,0.141333,0.858667,0.141333,0.858667
102,42,0.308753,0.462428,0.035000,0.141333,0.858667,0.141333,0.858667
102,43,0.388435,0.453838,0.035000,0.141333,0.858667,0.141333,0.858667
102,44,0.466599,0.485469,0.035000,0.141333,0.858667,0.141333,0.858667
102,45,0.538206,0.511223,0.035000,0.141333,0.858667,0.141333,0.858667
102,46,0.622984,0.470384,0.035000,0.141333,0.858667,0.141333,0.858667
102,47,0.692888,0.473881,0.035000,0.141333,0.858667,0.141333,0.858667
102,48,0.762178,0.463923,0.035000,0.141333,0.858667,0.141333,0.858667
102,49,0.823656,0.500902,0.035000,0.141333,0.858667,0.141333,0.858667
102,50,0.176333,0.596175,0.035000,0.141333,0.858667,0.141333,0.858667
102,51,0.241001,0.560029,0.035000,0.141333,0.858667,0.141333,0.858667
102,52,0.308099,0.538167,0.035000,0.141333,0.858667,0.141333,0.858667
102,53,0.375606,0.588922,0.035000,0.141333,0.858667,0.141333,0.858667
102,54,0.478206,0.600483,0.035000,0.141333,0.858667,0.141333,0.858667
102,55,0.568966,0.586886,0.035000,0.141333,0.858667,0.141333,0.858667
102,56,0.636316,0.554680,0.035000,0.141333,0.858667,0.141333,0.858667
102,57,0.749907,0.532839,0.035000,0.141333,0.858667,0.141333,0.858667
102,58,0.761349,0.608189,0.035000,0.141333,0.858667,0.141333,0.858667
102,59,0.823666,0.570437,0.035000,0.141333,0.858667,0.141333,0.858667
102,60,0.176333,0.683274,0.035000,0.141333,0.858667,0.141333,0.858667
102,61,0.236414,0.632043,0.035000,0.141333,0.858667,0.141333,0.858667
102,62,0.297532,0.673292,0.035000,0.141333,0.858667,0.141333,0.858667
102,63,0.367451,0.689181,0.035000,0.141333,0.858667,0.141333,0.858667
102,64,0.451435,0.680644,0.035000,0.141333,0.858667,0.141333,0.858667
102,65,0.551016,0.658689,0.035000,0.141333,0.858667,0.141333,0.858667
102,66,0.628877,0.625176,0.035000,0.141333,0.858667,0.141333,0.858667
102,67,0.682018,0.692895,0.035000,0.141333,0.858667,0.141333,0.858667
102,68,0.754494,0.699358,0.035000,0.141333,0.858667,0.141333,0.858667
102,69,0.823667,0.639966,0.035000,0.141333,0.858667,0.141333,0.858667
102,70,0.176333,0.753676,0.035000,0.141333,0.858667,0.141333,0.858667
102,71,0.246315,0.752469,0.035000,0.141333,0.858667,0.141333,0.858667
102,72,0.323960,0.754233,0.035000,0.141333,0.858667,0.141333,0.858667
102,73,0.400170,0.755220,0.035000,0.141333,0.858667,0.141333,0.858667
102,74,0.470257,0.755177,0.035000,0.141333,0.858667,0.141333,0.858667
102,75,0.559703,0.733054,0.035000,0.141333,0.858667,0.141333,0.858667
102,76,0.644641,0.754634,0.035000,0.141333,0.858667,0.141333,0.858667
102,77,0.714300,0.761260,0.035000,0.141333,0.858667,0.141333,0.858667
102,78,0.783941,0.766260,0.035000,0.141333,0.858667,0.141333,0.858667
102,79,0.823667,0.709515,0.035000,0.141333,0.858667,0.141333,0.858667
102,80,0.176333,0.823667,0.035000,0.141333,0.858667,0.141333,0.858667
102,81,0.245942,0.823666,0.035000,0.141333,0.858667,0.141333,0.858667
102,82,0.315869,0.823667,0.035000,0.141333,0.858667,0.141333,0.858667
102,83,0.385819,0.823667,0.035000,0.141333,0.858667,0.141333,0.858667
102,84,0.455795,0.823667,0.035000,0.141333,0.858667,0.141333,0.858667
102,85,0.525795,0.823667,0.035000,0.141333,0.858667,0.141333,0.858667
102,86,0.605380,0.823667,0.035000,0.141333,0.858667,0.141333,0.858667
102,87,0.675327,0.823664,0.035000,0.141333,0.858667,0.141333,0.858667
102,88,0.745321,0.823667,0.035000,0.141333,0.858667,0.141333,0.858667
102,89,0.823667,0.823667,0.035000,0.141333,0.858667,0.141333,0.858667
103,0,0.178111,0.178111,0.035000,0.143111,0.856889,0.143111,0.856889
103,1,0.247113,0.178111,0.035000,0.143111,0.856889,0.143111,0.856889
103,2,0.316830,0.178111,0.035000,0.143111,0.856889,0.143111,0.856889
103,3,0.386563,0.178111,0.035000,0.143111,0.856889,0.143111,0.856889
103,4,0.456344,0.178111,0.035000,0.143111,0.856889,0.143111,0.856889
103,5,0.526092,0.178111,0.035000,0.143111,0.856889,0.143111,0.856889
103,6,0.595916,0.178111,0.035000,0.143111,0.856889,0.143111,0.856889
103,7,0.678298,0.178111,0.035000,0.143111,0.856889,0.143111,0.856889
103,8,0.749021,0.178111,0.035000,0.143111,0.856889,0.143111,0.856889
103,9,0.821889,0.178111,0.035000,0.143111,0.856889,0.143111,0.856889
103,10,0.178111,0.247707,0.035000,0.143111,0.856889,0.143111,0.856889
103,11,0.248020,0.248104,0.035000,0.143111,0.856889,0.143111,0.856889
103,12,0.324874,0.247747,0.035000,0.143111,0.856889,0.143111,0.856889
103,13,0.406400,0.245165,0.035000,0.143111,0.856889,0.143111,0.856889
103,14,0.490350,0.239170,0.035000,0.143111,0.856889,0.143111,0.856889
103,15,0.561124,0.238703,0.035000,0.143111,0.856889,0.143111,0.856889
103,16,0.634229,0.235426,0.035000,0.143111,0.856889,0.143111,0.856889
103,17,0.689376,0.277809,0.035000,0.143111,0.856889,0.143111,0.856889
103,18,0.752302,0.246479,0.035000,0.143111,0.856889,0.143111,0.856889
103,19,0.821889,0.247873,0.035000,0.143111,0.856889,0.143111,0.856889
103,20,0.178111,0.317675,0.035000,0.143111,0.856889,0.143111,0.856889
103,21,0.239163,0.351355,0.035000,0.143111,0.856889,0.143111,0.856889
103,22,0.296926,0.311873,0.035000,0.143111,0.856889,0.143111,0.856889
103,23,0.368475,0.310095,0.035000,0.143111,0.856889,0.143111,0.856889
103,24,0.452612,0.298126,0.035000,0.143111,0.856889,0.143111,0.856889
103,25,0.544043,0.307596,0.035000,0.143111,0.856889,0.143111,0.856889
103,26,0.615861,0.303966,0.035000,0.143111,0.856889,0.143111,0.856889
103,27,0.685376,0.347834,0.035000,0.143111,0.856889,0.143111,0.856889
103,28,0.747637,0.315673,0.035000,0.143111,0.856889,0.143111,0.856889
103,29,0.821889,0.317862,0.035000,0.143111,0.856889,0.143111,0.856889
103,30,0.178111,0.389335,0.035000,0.143111,0.856889,0.143111,0.856889
103,31,0.243637,0.421138,0.035000,0.143111,0.856889,0.143111,0.856889
103,32,0.318223,0.385764,0.035000,0.143111,0.856889,0.143111,0.856889
103,33,0.390602,0.376751,0.035000,0.143111,0.856889,0.143111,0.856889
103,34,0.467126,0.369254,0.035000,0.143111,0.856889,0.143111,0.856889
103,35,0.573489,0.408422,0.035000,0.143111,0.856889,0.143111,0.856889
103,36,0.647163,0.406481,0.035000,0.143111,0.856889,0.143111,0.856889
103,37,0.719338,0.409022,0.035000,0.143111,0.856889,0.143111,0.856889
103,38,0.782653,0.375539,0.035000,0.143111,0.856889,0.143111,0.856889
103,39,0.821889,0.432251,0.035000,0.143111,0.856889,0.143111,0.856889
103,40,0.178111,0.528865,0.035000,0.143111,0.856889,0.143111,0.856889
103,41,0.236634,0.490780,0.035000,0.143111,0.856889,0.143111,0.856889
103,42,0.312770,0.459259,0.035000,0.143111,0.856889,0.143111,0.856889
103,43,0.390992,0.452697,0.035000,0.143111,0.856889,0.143111,0.856889
103,44,0.462146,0.487453,0.035000,0.143111,0.856889,0.143111,0.856889
103,45,0.537553,0.513987,0.035000,0.143111,0.856889,0.143111,0.856889
103,46,0.621282,0.471527,0.035000,0.143111,0.856889,0.143111,0.856889
103,47,0.691214,0.474584,0.035000,0.143111,0.856889,0.143111,0.856889
103,48,0.760629,0.465541,0.035000,0.143111,0.856889,0.143111,0.856889
103,49,0.821875,0.501664,0.035000,0.143111,0.856889,0.143111,0.856889
103,50,0.178111,0.598856,0.035000,0.143111,0.856889,0.143111,0.856889
103,51,0.240085,0.561027,0.035000,0.143111,0.856889,0.143111,0.856889
103,52,0.306712,0.535645,0.035000,0.143111,0.856889,0.143111,0.856889
103,53,0.378793,0.591329,0.035000,0.143111,0.856889,0.143111,0.856889
103,54,0.480350,0.602881,0.035000,0.143111,0.856889,0.143111,0.856889
103,55,0.565708,0.585703,0.035000,0.143111,0.856889,0.143111,0.856889
103,56,0.634857,0.551823,0.035000,0.143111,0.856889,0.143111,0.856889
103,57,0.752503,0.535068,0.035000,0.143111,0.856889,0.143111,0.856889
103,58,0.759025,0.609759,0.035000,0.143111,0.856889,0.143111,0.856889
103,59,0.821889,0.571091,0.035000,0.143111,0.856889,0.143111,0.856889
103,60,0.178111,0.680240,0.035000,0.143111,0.856889,0.143111,0.856889
103,61,0.240166,0.631043,0.035000,0.143111,0.856889,0.143111,0.856889
103,62,0.294791,0.674817,0.035000,0.143111,0.856889,0.143111,0.856889
103,63,0.365419,0.691236,0.035000,0.143111,0.856889,0.143111,0.856889
103,64,0.454362,0.680255,0.035000,0.143111,0.856889,0.143111,0.856889
103,65,0.553009,0.654548,0.035000,0.143111,0.856889,0.143111,0.856889
103,66,0.624940,0.623503,0.035000,0.143111,0.856889,0.143111,0.856889
103,67,0.680847,0.695978,0.035000,0.143111,0.856889,0.143111,0.856889
103,68,0.752592,0.700685,0.035000,0.143111,0.856889,0.143111,0.856889
103,69,0.821889,0.640510,0.035000,0.143111,0.856889,0.143111,0.856889
103,70,0.178111,0.751916,0.035000,0.143111,0.856889,0.143111,0.856889
103,71,0.248529,0.751992,0.035000,0.143111,0.856889,0.143111,0.856889
103,72,0.328502,0.752885,0.035000,0.143111,0.856889,0.143111,0.856889
103,73,0.398511,0.752910,0.035000,0.143111,0.856889,0.143111,0.856889
103,74,0.469065,0.752554,0.035000,0.143111,0.856889,0.143111,0.856889
103,75,0.561792,0.732785,0.035000,0.143111,0.856889,0.143111,0.856889
103,76,0.641279,0.755890,0.035000,0.143111,0.856889,0.143111,0.856889
103,77,0.711206,0.759070,0.035000,0.143111,0.856889,0.143111,0.856889
103,78,0.780746,0.765373,0.035000,0.143111,0.856889,0.143111,0.856889
103,79,0.821889,0.709962,0.035000,0.143111,0.856889,0.143111,0.856889
103,80,0.178111,0.821889,0.035000,0.143111,0.856889,0.143111,0.856889
103,81,0.247524,0.821889,0.035000,0.143111,0.856889,0.143111,0.856889
103,82,0.317412,0.821889,0.035000,0.143111,0.856889,0.143111,0.856889
103,83,0.387337,0.821889,0.035000,0.143111,0.856889,0.143111,0.856889
103,84,0.457299,0.821889,0.035000,0.143111,0.856889,0.143111,0.856889
103,85,0.527299,0.821889,0.035000,0.143111,0.856889,0.143111,0.856889
103,86,0.601494,0.821889,0.035000,0.143111,0.856889,0.143111,0.856889
103,87,0.671314,0.821882,0.035000,0.143111,0.856889,0.143111,0.856889
103,88,0.741303,0.821889,0.035000,0.143111,0.856889,0.143111,0.856889
103,89,0.821889,0.821889,0.035000,0.143111,0.856889,0.143111,0.856889
104,0,0.179889,0.179889,0.035000,0.144889,0.855111,0.144889,0.855111
104,1,0.248521,0.179890,0.035000,0.144889,0.855111,0.144889,0.855111
104,2,0.318134,0.179889,0.035000,0.144889,0.855111,0.144889,0.855111
104,3,0.387777,0.179889,0.035000,0.144889,0.855111,0.144889,0.855111
104,4,0.457484,0.179889,0.035000,0.144889,0.855111,0.144889,0.855111
104,5,0.527266,0.179889,0.035000,0.144889,0.855111,0.144889,0.855111
104,6,0.597105,0.179889,0.035000,0.144889,0.855111,0.144889,0.855111
104,7,0.674256,0.179889,0.035000,0.144889,0.855111,0.144889,0.855111
104,8,0.746509,0.179889,0.035000,0.144889,0.855111,0.144889,0.855111
104,9,0.820111,0.179889,0.035000,0.144889,0.855111,0.144889,0.855111
104,10,0.179889,0.249499,0.035000,0.144889,0.855111,0.144889,0.855111
104,11,0.249797,0.250387,0.035000,0.144889,0.855111,0.144889,0.855111
104,12,0.327835,0.249153,0.035000,0.144889,0.855111,0.144889,0.855111
104,13,0.409494,0.246329,0.035000,0.144889,0.855111,0.144889,0.855111
104,14,0.491163,0.240856,0.035000,0.144889,0.855111,0.144889,0.855111
104,15,0.560881,0.241139,0.035000,0.144889,0.855111,0.144889,0.855111
104,16,0.630397,0.240130,0.035000,0.144889,0.855111,0.144889,0.855111
104,17,0.687817,0.279188,0.035000,0.144889,0.855111,0.144889,0.855111
104,18,0.750715,0.247774,0.035000,0.144889,0.855111,0.144889,0.855111
104,19,0.820111,0.249664,0.035000,0.144889,0.855111,0.144889,0.855111
104,20,0.179889,0.319464,0.035000,0.144889,0.855111,0.144889,0.855111
104,21,0.240753,0.353448,0.035000,0.144889,0.855111,0.144889,0.855111
104,22,0.297110,0.311987,0.035000,0.144889,0.855111,0.144889,0.855111
104,23,0.369883,0.306721,0.035000,0.144889,0.855111,0.144889,0.855111
104,24,0.454522,0.300500,0.035000,0.144889,0.855111,0.144889,0.855111
104,25,0.540336,0.310597,0.035000,0.144889,0.855111,0.144889,0.855111
104,26,0.613551,0.308091,0.035000,0.144889,0.855111,0.144889,0.855111
104,27,0.684275,0.349232,0.035000,0.144889,0.855111,0.144889,0.855111
104,28,0.746183,0.316836,0.035000,0.144889,0.855111,0.144889,0.855111
104,29,0.820111,0.319640,0.035000,0.144889,0.855111,0.144889,0.855111
104,30,0.179889,0.392939,0.035000,0.144889,0.855111,0.144889,0.855111
104,31,0.249068,0.422876,0.035000,0.144889,0.855111,0.144889,0.855111
104,32,0.318677,0.383982,0.035000,0.144889,0.855111,0.144889,0.855111
104,33,0.388391,0.375688,0.035000,0.144889,0.855111,0.144889,0.855111
104,34,0.468121,0.372164,0.035000,0.144889,0.855111,0.144889,0.855111
104,35,0.575064,0.411280,0.035000,0.144889,0.855111,0.144889,0.855111
104,36,0.644957,0.407091,0.035000,0.144889,0.855111,0.144889,0.855111
104,37,0.718953,0.410035,0.035000,0.144889,0.855111,0.144889,0.855111
104,38,0.780530,0.376959,0.035000,0.144889,0.855111,0.144889,0.855111
104,39,0.820111,0.433262,0.035000,0.144889,0.855111,0.144889,0.855111
104,40,0.179889,0.529635,0.035000,0.144889,0.855111,0.144889,0.855111
104,41,0.238774,0.492096,0.035000,0.144889,0.855111,0.144889,0.855111
104,42,0.317263,0.456200,0.035000,0.144889,0.855111,0.144889,0.855111
104,43,0.392388,0.452816,0.035000,0.144889,0.855111,0.144889,0.855111
104,44,0.457500,0.489936,0.035000,0.144889,0.855111,0.144889,0.855111
104,45,0.538017,0.515566,0.035000,0.144889,0.855111,0.144889,0.855111
104,46,0.619682,0.472369,0.035000,0.144889,0.855111,0.144889,0.855111
104,47,0.689695,0.475423,0.035000,0.144889,0.855111,0.144889,0.855111
104,48,0.759326,0.467675,0.035000,0.144889,0.855111,0.144889,0.855111
104,49,0.820093,0.502569,0.035000,0.144889,0.855111,0.144889,0.855111
104,50,0.179889,0.599653,0.035000,0.144889,0.855111,0.144889,0.855111
104,51,0.241735,0.562020,0.035000,0.144889,0.855111,0.144889,0.855111
104,52,0.306045,0.534388,0.035000,0.144889,0.855111,0.144889,0.855111
104,53,0.382603,0.594375,0.035000,0.144889,0.855111,0.144889,0.855111
104,54,0.481433,0.604398,0.035000,0.144889,0.855111,0.144889,0.855111
104,55,0.561932,0.581703,0.035000,0.144889,0.855111,0.144889,0.855111
104,56,0.634604,0.549436,0.035000,0.144889,0.855111,0.144889,0.855111
104,57,0.755429,0.537577,0.035000,0.144889,0.855111,0.144889,0.855111
104,58,0.756458,0.611828,0.035000,0.144889,0.855111,0.144889,0.855111
104,59,0.820111,0.571896,0.035000,0.144889,0.855111,0.144889,0.855111
104,60,0.179889,0.676797,0.035000,0.144889,0.855111,0.144889,0.855111
104,61,0.241913,0.632013,0.035000,0.144889,0.855111,0.144889,0.855111
104,62,0.293634,0.679183,0.035000,0.144889,0.855111,0.144889,0.855111
104,63,0.363717,0.690285,0.035000,0.144889,0.855111,0.144889,0.855111
104,64,0.457974,0.678685,0.035000,0.144889,0.855111,0.144889,0.855111
104,65,0.553724,0.652316,0.035000,0.144889,0.855111,0.144889,0.855111
104,66,0.621053,0.623466,0.035000,0.144889,0.855111,0.144889,0.855111
104,67,0.678191,0.693829,0.035000,0.144889,0.855111,0.144889,0.855111
104,68,0.750968,0.699794,0.035000,0.144889,0.855111,0.144889,0.855111
104,69,0.820105,0.641211,0.035000,0.144889,0.855111,0.144889,0.855111
104,70,0.179889,0.750181,0.035000,0.144889,0.855111,0.144889,0.855111
104,71,0.251703,0.750251,0.035000,0.144889,0.855111,0.144889,0.855111
104,72,0.328885,0.750970,0.035000,0.144889,0.855111,0.144889,0.855111
104,73,0.399071,0.750895,0.035000,0.144889,0.855111,0.144889,0.855111
104,74,0.469362,0.749786,0.035000,0.144889,0.855111,0.144889,0.855111
104,75,0.564710,0.733551,0.035000,0.144889,0.855111,0.144889,0.855111
104,76,0.637686,0.756914,0.035000,0.144889,0.855111,0.144889,0.855111
104,77,0.707962,0.757183,0.035000,0.144889,0.855111,0.144889,0.855111
104,78,0.777631,0.764592,0.035000,0.144889,0.855111,0.144889,0.855111
104,79,0.820111,0.710556,0.035000,0.144889,0.855111,0.144889,0.855111
104,80,0.179889,0.820111,0.035000,0.144889,0.855111,0.144889,0.855111
104,81,0.249166,0.820111,0.035000,0.144889,0.855111,0.144889,0.855111
104,82,0.318959,0.820111,0.035000,0.144889,0.855111,0.144889,0.855111
104,83,0.388742,0.820111,0.035000,0.144889,0.855111,0.144889,0.855111
104,84,0.458499,0.820111,0.035000,0.144889,0.855111,0.144889,0.855111
104,85,0.528239,0.820111,0.035000,0.144889,0.855111,0.144889,0.855111
104,86,0.597897,0.820110,0.035000,0.144889,0.855111,0.144889,0.855111
104,87,0.667564,0.820111,0.035000,0.144889,0.855111,0.144889,0.855111
104,88,0.737547,0.820111,0.035000,0.144889,0.855111,0.144889,0.855111
104,89,0.820111,0.820111,0.035000,0.144889,0.855111,0.144889,0.855111
105,0,0.181667,0.181667,0.035000,0.146667,0.853333,0.146667,0.853333
105,1,0.250086,0.181669,0.035000,0.146667,0.853333,0.146667,0.853333
105,2,0.319657,0.181667,0.035000,0.146667,0.853333,0.146667,0.853333
105,3,0.389269,0.181667,0.035000,0.146667,0.853333,0.146667,0.853333
105,4,0.458964,0.181667,0.035000,0.146667,0.853333,0.146667,0.853333
105,5,0.528725,0.181667,0.035000,0.146667,0.853333,0.146667,0.853333
105,6,0.598563,0.181667,0.035000,0.146667,0.853333,0.146667,0.853333
105,7,0.669890,0.181667,0.035000,0.146667,0.853333,0.146667,0.853333
105,8,0.744161,0.181667,0.035000,0.146667,0.853333,0.146667,0.853333
105,9,0.818333,0.181667,0.035000,0.146667,0.853333,0.146667,0.853333
105,10,0.181667,0.251325,0.035000,0.146667,0.853333,0.146667,0.853333
105,11,0.251548,0.253593,0.035000,0.146667,0.853333,0.146667,0.853333
105,12,0.330857,0.250461,0.035000,0.146667,0.853333,0.146667,0.853333
105,13,0.412848,0.247442,0.035000,0.146667,0.853333,0.146667,0.853333
105,14,0.488788,0.244538,0.035000,0.146667,0.853333,0.146667,0.853333
105,15,0.558465,0.244910,0.035000,0.146667,0.853333,0.146667,0.853333
105,16,0.627917,0.243695,0.035000,0.146667,0.853333,0.146667,0.853333
105,17,0.686383,0.281047,0.035000,0.146667,0.853333,0.146667,0.853333
105,18,0.749047,0.248979,0.035000,0.146667,0.853333,0.146667,0.853333
105,19,0.818333,0.251528,0.035000,0.146667,0.853333,0.146667,0.853333
105,20,0.181667,0.321290,0.035000,0.146667,0.853333,0.146667,0.853333
105,21,0.242372,0.355577,0.035000,0.146667,0.853333,0.146667,0.853333
105,22,0.296718,0.311507,0.035000,0.146667,0.853333,0.146667,0.853333
105,23,0.373940,0.305633,0.035000,0.146667,0.853333,0.146667,0.853333
105,24,0.454784,0.305724,0.035000,0.146667,0.853333,0.146667,0.853333
105,25,0.535938,0.314274,0.035000,0.146667,0.853333,0.146667,0.853333
105,26,0.611775,0.311808,0.035000,0.146667,0.853333,0.146667,0.853333
105,27,0.683699,0.351143,0.035000,0.146667,0.853333,0.146667,0.853333
105,28,0.745161,0.317874,0.035000,0.146667,0.853333,0.146667,0.853333
105,29,0.818333,0.321525,0.035000,0.146667,0.853333,0.146667,0.853333
105,30,0.181667,0.396674,0.035000,0.146667,0.853333,0.146667,0.853333
105,31,0.255082,0.424349,0.035000,0.146667,0.853333,0.146667,0.853333
105,32,0.316538,0.381619,0.035000,0.146667,0.853333,0.146667,0.853333
105,33,0.387500,0.375092,0.035000,0.146667,0.853333,0.146667,0.853333
105,34,0.470188,0.375857,0.035000,0.146667,0.853333,0.146667,0.853333
105,35,0.573415,0.413900,0.035000,0.146667,0.853333,0.146667,0.853333
105,36,0.643203,0.408186,0.035000,0.146667,0.853333,0.146667,0.853333
105,37,0.717213,0.412541,0.035000,0.146667,0.853333,0.146667,0.853333
105,38,0.778239,0.378493,0.035000,0.146667,0.853333,0.146667,0.853333
105,39,0.818333,0.434069,0.035000,0.146667,0.853333,0.146667,0.853333
105,40,0.181667,0.529253,0.035000,0.146667,0.853333,0.146667,0.853333
105,41,0.241367,0.492986,0.035000,0.146667,0.853333,0.146667,0.853333
105,42,0.321867,0.453801,0.035000,0.146667,0.853333,0.146667,0.853333
105,43,0.392503,0.454156,0.035000,0.146667,0.853333,0.146667,0.853333
105,44,0.453063,0.492341,0.035000,0.146667,0.853333,0.146667,0.853333
105,45,0.538512,0.512689,0.035000,0.146667,0.853333,0.146667,0.853333
105,46,0.617652,0.473356,0.035000,0.146667,0.853333,0.146667,0.853333
105,47,0.687839,0.476950,0.035000,0.146667,0.853333,0.146667,0.853333
105,48,0.757417,0.469781,0.035000,0.146667,0.853333,0.146667,0.853333
105,49,0.818333,0.503174,0.035000,0.146667,0.853333,0.146667,0.853333
105,50,0.181667,0.599271,0.035000,0.146667,0.853333,0.146667,0.853333
105,51,0.242630,0.563355,0.035000,0.146667,0.853333,0.146667,0.853333
105,52,0.306444,0.534447,0.035000,0.146667,0.853333,0.146667,0.853333
105,53,0.386663,0.597532,0.035000,0.146667,0.853333,0.146667,0.853333
105,54,0.481307,0.604720,0.035000,0.146667,0.853333,0.146667,0.853333
105,55,0.559301,0.580433,0.035000,0.146667,0.853333,0.146667,0.853333
105,56,0.635583,0.547992,0.035000,0.146667,0.853333,0.146667,0.853333
105,57,0.756766,0.540002,0.035000,0.146667,0.853333,0.146667,0.853333
105,58,0.753156,0.613537,0.035000,0.146667,0.853333,0.146667,0.853333
105,59,0.818333,0.572243,0.035000,0.146667,0.853333,0.146667,0.853333
105,60,0.181667,0.673490,0.035000,0.146667,0.853333,0.146667,0.853333
105,61,0.242683,0.633522,0.035000,0.146667,0.853333,0.146667,0.853333
105,62,0.291504,0.683686,0.035000,0.146667,0.853333,0.146667,0.853333
105,63,0.363290,0.688276,0.035000,0.146667,0.853333,0.146667,0.853333
105,64,0.461902,0.676238,0.035000,0.146667,0.853333,0.146667,0.853333
105,65,0.552754,0.650978,0.035000,0.146667,0.853333,0.146667,0.853333
105,66,0.617731,0.624441,0.035000,0.146667,0.853333,0.146667,0.853333
105,67,0.676983,0.691821,0.035000,0.146667,0.853333,0.146667,0.853333
105,68,0.749537,0.697563,0.035000,0.146667,0.853333,0.146667,0.853333
105,69,0.818317,0.641256,0.035000,0.146667,0.853333,0.146667,0.853333
105,70,0.181667,0.748427,0.035000,0.146667,0.853333,0.146667,0.853333
105,71,0.255729,0.748662,0.035000,0.146667,0.853333,0.146667,0.853333
105,72,0.328318,0.748968,0.035000,0.146667,0.853333,0.146667,0.853333
105,73,0.398318,0.748919,0.035000,0.146667,0.853333,0.146667,0.853333
105,74,0.470574,0.747457,0.035000,0.146667,0.853333,0.146667,0.853333
105,75,0.567228,0.735147,0.035000,0.146667,0.853333,0.146667,0.853333
105,76,0.633890,0.756348,0.035000,0.146667,0.853333,0.146667,0.853333
105,77,0.705176,0.755892,0.035000,0.146667,0.853333,0.146667,0.853333
105,78,0.775111,0.762839,0.035000,0.146667,0.853333,0.146667,0.853333
105,79,0.818333,0.710301,0.035000,0.146667,0.853333,0.146667,0.853333
105,80,0.181667,0.818333,0.035000,0.146667,0.853333,0.146667,0.853333
105,81,0.249861,0.818333,0.035000,0.146667,0.853333,0.146667,0.853333
105,82,0.319297,0.818333,0.035000,0.146667,0.853333,0.146667,0.853333
105,83,0.388719,0.818332,0.035000,0.146667,0.853333,0.146667,0.853333
105,84,0.458116,0.818333,0.035000,0.146667,0.853333,0.146667,0.853333
105,85,0.527526,0.818333,0.035000,0.146667,0.853333,0.146667,0.853333
105,86,0.596850,0.818331,0.035000,0.146667,0.853333,0.146667,0.853333
105,87,0.666266,0.818333,0.035000,0.146667,0.853333,0.146667,0.853333
105,88,0.736231,0.818333,0.035000,0.146667,0.853333,0.146667,0.853333
105,89,0.818333,0.818333,0.035000,0.146667,0.853333,0.146667,0.853333
106,0,0.183444,0.183444,0.035000,0.148444,0.851556,0.148444,0.851556
106,1,0.251635,0.183447,0.035000,0.148444,0.851556,0.148444,0.851556
106,2,0.321127,0.183444,0.035000,0.148444,0.851556,0.148444,0.851556
106,3,0.390687,0.183444,0.035000,0.148444,0.851556,0.148444,0.851556
106,4,0.460383,0.183444,0.035000,0.148444,0.851556,0.148444,0.851556
106,5,0.530071,0.183449,0.035000,0.148444,0.851556,0.148444,0.851556
106,6,0.599913,0.183444,0.035000,0.148444,0.851556,0.148444,0.851556
106,7,0.670041,0.183445,0.035000,0.148444,0.851556,0.148444,0.851556
106,8,0.742063,0.183444,0.035000,0.148444,0.851556,0.148444,0.851556
106,9,0.816556,0.183444,0.035000,0.148444,0.851556,0.148444,0.851556
106,10,0.183444,0.253121,0.035000,0.148444,0.851556,0.148444,0.851556
106,11,0.253265,0.256372,0.035000,0.148444,0.851556,0.148444,0.851556
106,12,0.334530,0.251876,0.035000,0.148444,0.851556,0.148444,0.851556
106,13,0.416007,0.248223,0.035000,0.148444,0.851556,0.148444,0.851556
106,14,0.485701,0.248452,0.035000,0.148444,0.851556,0.148444,0.851556
106,15,0.555303,0.248738,0.035000,0.148444,0.851556,0.148444,0.851556
106,16,0.624690,0.247387,0.035000,0.148444,0.851556,0.148444,0.851556
106,17,0.684570,0.282341,0.035000,0.148444,0.851556,0.148444,0.851556
106,18,0.747345,0.250229,0.035000,0.148444,0.851556,0.148444,0.851556
106,19,0.816556,0.253425,0.035000,0.148444,0.851556,0.148444,0.851556
106,20,0.183444,0.323086,0.035000,0.148444,0.851556,0.148444,0.851556
106,21,0.244373,0.356956,0.035000,0.148444,0.851556,0.148444,0.851556
106,22,0.297096,0.310963,0.035000,0.148444,0.851556,0.148444,0.851556
106,23,0.377839,0.306860,0.035000,0.148444,0.851556,0.148444,0.851556
106,24,0.454784,0.311254,0.035000,0.148444,0.851556,0.148444,0.851556
106,25,0.531076,0.318179,0.035000,0.148444,0.851556,0.148444,0.851556
106,26,0.610615,0.315957,0.035000,0.148444,0.851556,0.148444,0.851556
106,27,0.682059,0.352492,0.035000,0.148444,0.851556,0.148444,0.851556
106,28,0.743401,0.318906,0.035000,0.148444,0.851556,0.148444,0.851556
106,29,0.816555,0.323421,0.035000,0.148444,0.851556,0.148444,0.851556
106,30,0.183444,0.399986,0.035000,0.148444,0.851556,0.148444,0.851556
106,31,0.259547,0.425228,0.035000,0.148444,0.851556,0.148444,0.851556
106,32,0.313483,0.379018,0.035000,0.148444,0.851556,0.148444,0.851556
106,33,0.386851,0.376278,0.035000,0.148444,0.851556,0.148444,0.851556
106,34,0.473182,0.379980,0.035000,0.148444,0.851556,0.148444,0.851556
106,35,0.570856,0.415666,0.035000,0.148444,0.851556,0.148444,0.851556
106,36,0.640537,0.408795,0.035000,0.148444,0.851556,0.148444,0.851556
106,37,0.713856,0.414795,0.035000,0.148444,0.851556,0.148444,0.851556
106,38,0.774585,0.380341,0.035000,0.148444,0.851556,0.148444,0.851556
106,39,0.816556,0.434061,0.035000,0.148444,0.851556,0.148444,0.851556
106,40,0.183444,0.528200,0.035000,0.148444,0.851556,0.148444,0.851556
106,41,0.244178,0.493513,0.035000,0.148444,0.851556,0.148444,0.851556
106,42,0.323723,0.453144,0.035000,0.148444,0.851556,0.148444,0.851556
106,43,0.393685,0.455291,0.035000,0.148444,0.851556,0.148444,0.851556
106,44,0.451100,0.495334,0.035000,0.148444,0.851556,0.148444,0.851556
106,45,0.540113,0.508826,0.035000,0.148444,0.851556,0.148444,0.851556
106,46,0.615355,0.474108,0.035000,0.148444,0.851556,0.148444,0.851556
106,47,0.685165,0.479427,0.035000,0.148444,0.851556,0.148444,0.851556
106,48,0.754679,0.471567,0.035000,0.148444,0.851556,0.148444,0.851556
106,49,0.816556,0.502970,0.035000,0.148444,0.851556,0.148444,0.851556
106,50,0.183444,0.598590,0.035000,0.148444,0.851556,0.148444,0.851556
106,51,0.243873,0.563539,0.035000,0.148444,0.851556,0.148444,0.851556
106,52,0.308070,0.535632,0.035000,0.148444,0.851556,0.148444,0.851556
106,53,0.390551,0.600235,0.035000,0.148444,0.851556,0.148444,0.851556
106,54,0.479980,0.603783,0.035000,0.148444,0.851556,0.148444,0.851556
106,55,0.557029,0.579027,0.035000,0.148444,0.851556,0.148444,0.851556
106,56,0.637661,0.547776,0.035000,0.148444,0.851556,0.148444,0.851556
106,57,0.754088,0.541553,0.035000,0.148444,0.851556,0.148444,0.851556
106,58,0.749169,0.614339,0.035000,0.148444,0.851556,0.148444,0.851556
106,59,0.816556,0.571835,0.035000,0.148444,0.851556,0.148444,0.851556
106,60,0.183444,0.671434,0.035000,0.148444,0.851556,0.148444,0.851556
106,61,0.243114,0.634900,0.035000,0.148444,0.851556,0.148444,0.851556
106,62,0.291106,0.685829,0.035000,0.148444,0.851556,0.148444,0.851556
106,63,0.363490,0.685462,0.035000,0.148444,0.851556,0.148444,0.851556
106,64,0.465724,0.673403,0.035000,0.148444,0.851556,0.148444,0.851556
106,65,0.549296,0.651245,0.035000,0.148444,0.851556,0.148444,0.851556
106,66,0.616183,0.625758,0.035000,0.148444,0.851556,0.148444,0.851556
106,67,0.677258,0.689737,0.035000,0.148444,0.851556,0.148444,0.851556
106,68,0.748384,0.693430,0.035000,0.148444,0.851556,0.148444,0.851556
106,69,0.816531,0.640594,0.035000,0.148444,0.851556,0.148444,0.851556
106,70,0.183444,0.746650,0.035000,0.148444,0.851556,0.148444,0.851556
106,71,0.257197,0.747023,0.035000,0.148444,0.851556,0.148444,0.851556
106,72,0.328058,0.747015,0.035000,0.148444,0.851556,0.148444,0.851556
106,73,0.398111,0.746764,0.035000,0.148444,0.851556,0.148444,0.851556
106,74,0.472657,0.746050,0.035000,0.148444,0.851556,0.148444,0.851556
106,75,0.564976,0.736145,0.035000,0.148444,0.851556,0.148444,0.851556
106,76,0.632215,0.755059,0.035000,0.148444,0.851556,0.148444,0.851556
106,77,0.702155,0.755171,0.035000,0.148444,0.851556,0.148444,0.851556
106,78,0.771498,0.759610,0.035000,0.148444,0.851556,0.148444,0.851556
106,79,0.816556,0.709446,0.035000,0.148444,0.851556,0.148444,0.851556
106,80,0.183444,0.816556,0.035000,0.148444,0.851556,0.148444,0.851556
106,81,0.250801,0.816556,0.035000,0.148444,0.851556,0.148444,0.851556
106,82,0.319975,0.816554,0.035000,0.148444,0.851556,0.148444,0.851556
106,83,0.389132,0.816556,0.035000,0.148444,0.851556,0.148444,0.851556
106,84,0.458269,0.816556,0.035000,0.148444,0.851556,0.148444,0.851556
106,85,0.527437,0.816556,0.035000,0.148444,0.851556,0.148444,0.851556
106,86,0.596525,0.816555,0.035000,0.148444,0.851556,0.148444,0.851556
106,87,0.665806,0.816550,0.035000,0.148444,0.851556,0.148444,0.851556
106,88,0.735748,0.816556,0.035000,0.148444,0.851556,0.148444,0.851556
106,89,0.816556,0.816556,0.035000,0.148444,0.851556,0.148444,0.851556
107,0,0.185222,0.185222,0.035000,0.150222,0.849778,0.150222,0.849778
107,1,0.253348,0.185224,0.035000,0.150222,0.849778,0.150222,0.849778
107,2,0.322817,0.185222,0.035000,0.150222,0.849778,0.150222,0.849778
107,3,0.392356,0.185222,0.035000,0.150222,0.849778,0.150222,0.849778
107,4,0.462024,0.185222,0.035000,0.150222,0.849778,0.150222,0.849778
107,5,0.531664,0.185227,0.035000,0.150222,0.849778,0.150222,0.849778
107,6,0.601471,0.185222,0.035000,0.150222,0.849778,0.150222,0.849778
107,7,0.671494,0.185225,0.035000,0.150222,0.849778,0.150222,0.849778
107,8,0.741427,0.185222,0.035000,0.150222,0.849778,0.150222,0.849778
107,9,0.814778,0.185222,0.035000,0.150222,0.849778,0.150222,0.849778
107,10,0.185222,0.254892,0.035000,0.150222,0.849778,0.150222,0.849778
107,11,0.255130,0.255891,0.035000,0.150222,0.849778,0.150222,0.849778
107,12,0.339624,0.252999,0.035000,0.150222,0.849778,0.150222,0.849778
107,13,0.413687,0.251297,0.035000,0.150222,0.849778,0.150222,0.849778
107,14,0.483335,0.251735,0.035000,0.150222,0.849778,0.150222,0.849778
107,15,0.552894,0.252879,0.035000,0.150222,0.849778,0.150222,0.849778
107,16,0.622230,0.250490,0.035000,0.150222,0.849778,0.150222,0.849778
107,17,0.682958,0.283958,0.035000,0.150222,0.849778,0.150222,0.849778
107,18,0.745665,0.251636,0.035000,0.150222,0.849778,0.150222,0.849778
107,19,0.814778,0.255604,0.035000,0.150222,0.849778,0.150222,0.849778
107,20,0.185222,0.324850,0.035000,0.150222,0.849778,0.150222,0.849778
107,21,0.247128,0.356841,0.035000,0.150222,0.849778,0.150222,0.849778
107,22,0.299317,0.310200,0.035000,0.150222,0.849778,0.150222,0.849778
107,23,0.378075,0.311518,0.035000,0.150222,0.849778,0.150222,0.849778
107,24,0.454840,0.315672,0.035000,0.150222,0.849778,0.150222,0.849778
107,25,0.526085,0.321766,0.035000,0.150222,0.849778,0.150222,0.849778
107,26,0.610532,0.319506,0.035000,0.150222,0.849778,0.150222,0.849778
107,27,0.680655,0.354118,0.035000,0.150222,0.849778,0.150222,0.849778
107,28,0.742000,0.320193,0.035000,0.150222,0.849778,0.150222,0.849778
107,29,0.814778,0.325600,0.035000,0.150222,0.849778,0.150222,0.849778
107,30,0.185222,0.402377,0.035000,0.150222,0.849778,0.150222,0.849778
107,31,0.260524,0.425528,0.035000,0.150222,0.849778,0.150222,0.849778
107,32,0.313488,0.379121,0.035000,0.150222,0.849778,0.150222,0.849778
107,33,0.387052,0.380940,0.035000,0.150222,0.849778,0.150222,0.849778
107,34,0.476825,0.384029,0.035000,0.150222,0.849778,0.150222,0.849778
107,35,0.567619,0.416226,0.035000,0.150222,0.849778,0.150222,0.849778
107,36,0.637257,0.409016,0.035000,0.150222,0.849778,0.150222,0.849778
107,37,0.707398,0.418744,0.035000,0.150222,0.849778,0.150222,0.849778
107,38,0.767760,0.384096,0.035000,0.150222,0.849778,0.150222,0.849778
107,39,0.814778,0.433003,0.035000,0.150222,0.849778,0.150222,0.849778
107,40,0.185222,0.526366,0.035000,0.150222,0.849778,0.150222,0.849778
107,41,0.247385,0.494231,0.035000,0.150222,0.849778,0.150222,0.849778
107,42,0.324678,0.454408,0.035000,0.150222,0.849778,0.150222,0.849778
107,43,0.394652,0.456310,0.035000,0.150222,0.849778,0.150222,0.849778
107,44,0.451042,0.497901,0.035000,0.150222,0.849778,0.150222,0.849778
107,45,0.542592,0.504439,0.035000,0.150222,0.849778,0.150222,0.849778
107,46,0.612506,0.474494,0.035000,0.150222,0.849778,0.150222,0.849778
107,47,0.681993,0.483971,0.035000,0.150222,0.849778,0.150222,0.849778
107,48,0.751671,0.472896,0.035000,0.150222,0.849778,0.150222,0.849778
107,49,0.814778,0.501853,0.035000,0.150222,0.849778,0.150222,0.849778
107,50,0.185222,0.597918,0.035000,0.150222,0.849778,0.150222,0.849778
107,51,0.246304,0.564222,0.035000,0.150222,0.849778,0.150222,0.849778
107,52,0.311021,0.537496,0.035000,0.150222,0.849778,0.150222,0.849778
107,53,0.393854,0.602001,0.035000,0.150222,0.849778,0.150222,0.849778
107,54,0.477677,0.601403,0.035000,0.150222,0.849778,0.150222,0.849778
107,55,0.555447,0.577887,0.035000,0.150222,0.849778,0.150222,0.849778
107,56,0.640568,0.548816,0.035000,0.150222,0.849778,0.150222,0.849778
107,57,0.750992,0.543177,0.035000,0.150222,0.849778,0.150222,0.849778
107,58,0.744822,0.613970,0.035000,0.150222,0.849778,0.150222,0.849778
107,59,0.814778,0.570661,0.035000,0.150222,0.849778,0.150222,0.849778
107,60,0.185222,0.671929,0.035000,0.150222,0.849778,0.150222,0.849778
107,61,0.244426,0.634624,0.035000,0.150222,0.849778,0.150222,0.849778
107,62,0.292745,0.685154,0.035000,0.150222,0.849778,0.150222,0.849778
107,63,0.364865,0.681782,0.035000,0.150222,0.849778,0.150222,0.849778
107,64,0.468957,0.671136,0.035000,0.150222,0.849778,0.150222,0.849778
107,65,0.545111,0.652618,0.035000,0.150222,0.849778,0.150222,0.849778
107,66,0.615169,0.627570,0.035000,0.150222,0.849778,0.150222,0.849778
107,67,0.677649,0.686168,0.035000,0.150222,0.849778,0.150222,0.849778
107,68,0.747619,0.688324,0.035000,0.150222,0.849778,0.150222,0.849778
107,69,0.814746,0.639330,0.035000,0.150222,0.849778,0.150222,0.849778
107,70,0.185222,0.744871,0.035000,0.150222,0.849778,0.150222,0.849778
107,71,0.256401,0.745006,0.035000,0.150222,0.849778,0.150222,0.849778
107,72,0.328397,0.745339,0.035000,0.150222,0.849778,0.150222,0.849778
107,73,0.398387,0.744457,0.035000,0.150222,0.849778,0.150222,0.849778
107,74,0.475650,0.745855,0.035000,0.150222,0.849778,0.150222,0.849778
107,75,0.560548,0.737251,0.035000,0.150222,0.849778,0.150222,0.849778
107,76,0.628640,0.752600,0.035000,0.150222,0.849778,0.150222,0.849778
107,77,0.698297,0.752965,0.035000,0.150222,0.849778,0.150222,0.849778
107,78,0.767446,0.755631,0.035000,0.150222,0.849778,0.150222,0.849778
107,79,0.814778,0.708122,0.035000,0.150222,0.849778,0.150222,0.849778
107,80,0.185222,0.814778,0.035000,0.150222,0.849778,0.150222,0.849778
107,81,0.251949,0.814778,0.035000,0.150222,0.849778,0.150222,0.849778
107,82,0.320931,0.814778,0.035000,0.150222,0.849778,0.150222,0.849778
107,83,0.389899,0.814773,0.035000,0.150222,0.849778,0.150222,0.849778
107,84,0.458856,0.814778,0.035000,0.150222,0.849778,0.150222,0.849778
107,85,0.527869,0.814773,0.035000,0.150222,0.849778,0.150222,0.849778
107,86,0.596883,0.814778,0.035000,0.150222,0.849778,0.150222,0.849778
107,87,0.666191,0.814778,0.035000,0.150222,0.849778,0.150222,0.849778
107,88,0.736129,0.814778,0.035000,0.150222,0.849778,0.150222,0.849778
107,89,0.814778,0.814778,0.035000,0.150222,0.849778,0.150222,0.849778
108,0,0.187000,0.187000,0.035000,0.152000,0.848000,0.152000,0.848000
108,1,0.255188,0.187000,0.035000,0.152000,0.848000,0.152000,0.848000
108,2,0.324730,0.187000,0.035000,0.152000,0.848000,0.152000,0.848000
108,3,0.394388,0.187000,0.035000,0.152000,0.848000,0.152000,0.848000
108,4,0.464080,0.187000,0.035000,0.152000,0.848000,0.152000,0.848000
108,5,0.533767,0.187003,0.035000,0.152000,0.848000,0.152000,0.848000
108,6,0.603565,0.187000,0.035000,0.152000,0.848000,0.152000,0.848000
108,7,0.673440,0.187006,0.035000,0.152000,0.848000,0.152000,0.848000
108,8,0.743341,0.187000,0.035000,0.152000,0.848000,0.152000,0.848000
108,9,0.813000,0.187002,0.035000,0.152000,0.848000,0.152000,0.848000
108,10,0.187000,0.256594,0.035000,0.152000,0.848000,0.152000,0.848000
108,11,0.256970,0.256888,0.035000,0.152000,0.848000,0.152000,0.848000
108,12,0.342488,0.253939,0.035000,0.152000,0.848000,0.152000,0.848000
108,13,0.412040,0.254455,0.035000,0.152000,0.848000,0.152000,0.848000
108,14,0.481670,0.254699,0.035000,0.152000,0.848000,0.152000,0.848000
108,15,0.551188,0.258057,0.035000,0.152000,0.848000,0.152000,0.848000
108,16,0.620560,0.253659,0.035000,0.152000,0.848000,0.152000,0.848000
108,17,0.681616,0.286900,0.035000,0.152000,0.848000,0.152000,0.848000
108,18,0.743769,0.253777,0.035000,0.152000,0.848000,0.152000,0.848000
108,19,0.813000,0.258479,0.035000,0.152000,0.848000,0.152000,0.848000
108,20,0.187000,0.326521,0.035000,0.152000,0.848000,0.152000,0.848000
108,21,0.249409,0.356885,0.035000,0.152000,0.848000,0.152000,0.848000
108,22,0.301962,0.310777,0.035000,0.152000,0.848000,0.152000,0.848000
108,23,0.378907,0.316101,0.035000,0.152000,0.848000,0.152000,0.848000
108,24,0.452488,0.319855,0.035000,0.152000,0.848000,0.152000,0.848000
108,25,0.522955,0.324647,0.035000,0.152000,0.848000,0.152000,0.848000
108,26,0.611508,0.323104,0.035000,0.152000,0.848000,0.152000,0.848000
108,27,0.679934,0.356990,0.035000,0.152000,0.848000,0.152000,0.848000
108,28,0.741289,0.322605,0.035000,0.152000,0.848000,0.152000,0.848000
108,29,0.813000,0.328476,0.035000,0.152000,0.848000,0.152000,0.848000
108,30,0.187000,0.403512,0.035000,0.152000,0.848000,0.152000,0.848000
108,31,0.260853,0.425786,0.035000,0.152000,0.848000,0.152000,0.848000
108,32,0.315490,0.380005,0.035000,0.152000,0.848000,0.152000,0.848000
108,33,0.387981,0.385510,0.035000,0.152000,0.848000,0.152000,0.848000
108,34,0.480738,0.387465,0.035000,0.152000,0.848000,0.152000,0.848000
108,35,0.561769,0.415718,0.035000,0.152000,0.848000,0.152000,0.848000
108,36,0.631066,0.407180,0.035000,0.152000,0.848000,0.152000,0.848000
108,37,0.698428,0.424497,0.035000,0.152000,0.848000,0.152000,0.848000
108,38,0.758492,0.389613,0.035000,0.152000,0.848000,0.152000,0.848000
108,39,0.813000,0.430248,0.035000,0.152000,0.848000,0.152000,0.848000
108,40,0.187000,0.523418,0.035000,0.152000,0.848000,0.152000,0.848000
108,41,0.250963,0.494933,0.035000,0.152000,0.848000,0.152000,0.848000
108,42,0.324603,0.456608,0.035000,0.152000,0.848000,0.152000,0.848000
108,43,0.394597,0.457496,0.035000,0.152000,0.848000,0.152000,0.848000
108,44,0.451729,0.498921,0.035000,0.152000,0.848000,0.152000,0.848000
108,45,0.544783,0.500282,0.035000,0.152000,0.848000,0.152000,0.848000
108,46,0.610089,0.474662,0.035000,0.152000,0.848000,0.152000,0.848000
108,47,0.678271,0.491403,0.035000,0.152000,0.848000,0.152000,0.848000
108,48,0.748491,0.473324,0.035000,0.152000,0.848000,0.152000,0.848000
108,49,0.813000,0.499367,0.035000,0.152000,0.848000,0.152000,0.848000
108,50,0.187000,0.595522,0.035000,0.152000,0.848000,0.152000,0.848000
108,51,0.249725,0.564748,0.035000,0.152000,0.848000,0.152000,0.848000
108,52,0.314978,0.539557,0.035000,0.152000,0.848000,0.152000,0.848000
108,53,0.396217,0.602528,0.035000,0.152000,0.848000,0.152000,0.848000
108,54,0.474693,0.598013,0.035000,0.152000,0.848000,0.152000,0.848000
108,55,0.554850,0.577517,0.035000,0.152000,0.848000,0.152000,0.848000
108,56,0.643264,0.552021,0.035000,0.152000,0.848000,0.152000,0.848000
108,57,0.748016,0.543190,0.035000,0.152000,0.848000,0.152000,0.848000
108,58,0.740238,0.612669,0.035000,0.152000,0.848000,0.152000,0.848000
108,59,0.812997,0.568437,0.035000,0.152000,0.848000,0.152000,0.848000
108,60,0.187000,0.673357,0.035000,0.152000,0.848000,0.152000,0.848000
108,61,0.244847,0.634422,0.035000,0.152000,0.848000,0.152000,0.848000
108,62,0.294567,0.683445,0.035000,0.152000,0.848000,0.152000,0.848000
108,63,0.367262,0.677544,0.035000,0.152000,0.848000,0.152000,0.848000
108,64,0.471240,0.669956,0.035000,0.152000,0.848000,0.152000,0.848000
108,65,0.540433,0.655024,0.035000,0.152000,0.848000,0.152000,0.848000
108,66,0.615016,0.629277,0.035000,0.152000,0.848000,0.152000,0.848000
108,67,0.677013,0.679707,0.035000,0.152000,0.848000,0.152000,0.848000
108,68,0.746900,0.681859,0.035000,0.152000,0.848000,0.152000,0.848000
108,69,0.812977,0.637363,0.035000,0.152000,0.848000,0.152000,0.848000
108,70,0.187000,0.743302,0.035000,0.152000,0.848000,0.152000,0.848000
108,71,0.256918,0.743102,0.035000,0.152000,0.848000,0.152000,0.848000
108,72,0.329956,0.743728,0.035000,0.152000,0.848000,0.152000,0.848000
108,73,0.399936,0.742511,0.035000,0.152000,0.848000,0.152000,0.848000
108,74,0.479741,0.745807,0.035000,0.152000,0.848000,0.152000,0.848000
108,75,0.554081,0.738390,0.035000,0.152000,0.848000,0.152000,0.848000
108,76,0.623211,0.747576,0.035000,0.152000,0.848000,0.152000,0.848000
108,77,0.692756,0.747777,0.035000,0.152000,0.848000,0.152000,0.848000
108,78,0.761902,0.750262,0.035000,0.152000,0.848000,0.152000,0.848000
108,79,0.813000,0.706454,0.035000,0.152000,0.848000,0.152000,0.848000
108,80,0.187000,0.813000,0.035000,0.152000,0.848000,0.152000,0.848000
108,81,0.253567,0.813000,0.035000,0.152000,0.848000,0.152000,0.848000
108,82,0.322543,0.813000,0.035000,0.152000,0.848000,0.152000,0.848000
108,83,0.391541,0.812987,0.035000,0.152000,0.848000,0.152000,0.848000
108,84,0.460580,0.813000,0.035000,0.152000,0.848000,0.152000,0.848000
108,85,0.529715,0.812992,0.035000,0.152000,0.848000,0.152000,0.848000
108,86,0.598904,0.813000,0.035000,0.152000,0.848000,0.152000,0.848000
108,87,0.668379,0.813000,0.035000,0.152000,0.848000,0.152000,0.848000
108,88,0.738326,0.813000,0.035000,0.152000,0.848000,0.152000,0.848000
108,89,0.813000,0.813000,0.035000,0.152000,0.848000,0.152000,0.848000
109,0,0.188778,0.188778,0.035000,0.153778,0.846222,0.153778,0.846222
109,1,0.256441,0.188778,0.035000,0.153778,0.846222,0.153778,0.846222
109,2,0.325790,0.188778,0.035000,0.153778,0.846222,0.153778,0.846222
109,3,0.395224,0.188778,0.035000,0.153778,0.846222,0.153778,0.846222
109,4,0.464616,0.188778,0.035000,0.153778,0.846222,0.153778,0.846222
109,5,0.533950,0.188783,0.035000,0.153778,0.846222,0.153778,0.846222
109,6,0.603400,0.188778,0.035000,0.153778,0.846222,0.153778,0.846222
109,7,0.672773,0.188793,0.035000,0.153778,0.846222,0.153778,0.846222
109,8,0.742434,0.188778,0.035000,0.153778,0.846222,0.153778,0.846222
109,9,0.811222,0.188783,0.035000,0.153778,0.846222,0.153778,0.846222
109,10,0.188789,0.258080,0.035000,0.153778,0.846222,0.153778,0.846222
109,11,0.258906,0.258648,0.035000,0.153778,0.846222,0.153778,0.846222
109,12,0.343479,0.255275,0.035000,0.153778,0.846222,0.153778,0.846222
109,13,0.412931,0.256463,0.035000,0.153778,0.846222,0.153778,0.846222
109,14,0.482632,0.256551,0.035000,0.153778,0.846222,0.153778,0.846222
109,15,0.551916,0.264134,0.035000,0.153778,0.846222,0.153778,0.846222
109,16,0.621033,0.255540,0.035000,0.153778,0.846222,0.153778,0.846222
109,17,0.681071,0.290805,0.035000,0.153778,0.846222,0.153778,0.846222
109,18,0.742140,0.256605,0.035000,0.153778,0.846222,0.153778,0.846222
109,19,0.811222,0.261751,0.035000,0.153778,0.846222,0.153778,0.846222
109,20,0.188778,0.327965,0.035000,0.153778,0.846222,0.153778,0.846222
109,21,0.251064,0.357453,0.035000,0.153778,0.846222,0.153778,0.846222
109,22,0.305422,0.313566,0.035000,0.153778,0.846222,0.153778,0.846222
109,23,0.380101,0.319363,0.035000,0.153778,0.846222,0.153778,0.846222
109,24,0.450248,0.324160,0.035000,0.153778,0.846222,0.153778,0.846222
109,25,0.520769,0.326822,0.035000,0.153778,0.846222,0.153778,0.846222
109,26,0.613651,0.325196,0.035000,0.153778,0.846222,0.153778,0.846222
109,27,0.679364,0.360665,0.035000,0.153778,0.846222,0.153778,0.846222
109,28,0.741390,0.326113,0.035000,0.153778,0.846222,0.153778,0.846222
109,29,0.811222,0.331747,0.035000,0.153778,0.846222,0.153778,0.846222
109,30,0.188778,0.403294,0.035000,0.153778,0.846222,0.153778,0.846222
109,31,0.262391,0.426161,0.035000,0.153778,0.846222,0.153778,0.846222
109,32,0.316806,0.382594,0.035000,0.153778,0.846222,0.153778,0.846222
109,33,0.389683,0.388706,0.035000,0.153778,0.846222,0.153778,0.846222
109,34,0.484494,0.389828,0.035000,0.153778,0.846222,0.153778,0.846222
109,35,0.555285,0.414191,0.035000,0.153778,0.846222,0.153778,0.846222
109,36,0.624480,0.404238,0.035000,0.153778,0.846222,0.153778,0.846222
109,37,0.689231,0.429896,0.035000,0.153778,0.846222,0.153778,0.846222
109,38,0.749754,0.395286,0.035000,0.153778,0.846222,0.153778,0.846222
109,39,0.811222,0.426551,0.035000,0.153778,0.846222,0.153778,0.846222
109,40,0.188778,0.520141,0.035000,0.153778,0.846222,0.153778,0.846222
109,41,0.254330,0.495307,0.035000,0.153778,0.846222,0.153778,0.846222
109,42,0.323823,0.459719,0.035000,0.153778,0.846222,0.153778,0.846222
109,43,0.393876,0.458645,0.035000,0.153778,0.846222,0.153778,0.846222
109,44,0.453394,0.498551,0.035000,0.153778,0.846222,0.153778,0.846222
109,45,0.543966,0.497789,0.035000,0.153778,0.846222,0.153778,0.846222
109,46,0.610014,0.474600,0.035000,0.153778,0.846222,0.153778,0.846222
109,47,0.676773,0.498715,0.035000,0.153778,0.846222,0.153778,0.846222
109,48,0.746946,0.469325,0.035000,0.153778,0.846222,0.153778,0.846222
109,49,0.811222,0.496106,0.035000,0.153778,0.846222,0.153778,0.846222
109,50,0.188778,0.594578,0.035000,0.153778,0.846222,0.153778,0.846222
109,51,0.252719,0.564847,0.035000,0.153778,0.846222,0.153778,0.846222
109,52,0.318816,0.541543,0.035000,0.153778,0.846222,0.153778,0.846222
109,53,0.397400,0.601762,0.035000,0.153778,0.846222,0.153778,0.846222
109,54,0.471344,0.594640,0.035000,0.153778,0.846222,0.153778,0.846222
109,55,0.555396,0.578221,0.035000,0.153778,0.846222,0.153778,0.846222
109,56,0.643452,0.560276,0.035000,0.153778,0.846222,0.153778,0.846222
109,57,0.746013,0.539158,0.035000,0.153778,0.846222,0.153778,0.846222
109,58,0.733568,0.607918,0.035000,0.153778,0.846222,0.153778,0.846222
109,59,0.811219,0.565562,0.035000,0.153778,0.846222,0.153778,0.846222
109,60,0.188778,0.671965,0.035000,0.153778,0.846222,0.153778,0.846222
109,61,0.246881,0.634303,0.035000,0.153778,0.846222,0.153778,0.846222
109,62,0.298930,0.680727,0.035000,0.153778,0.846222,0.153778,0.846222
109,63,0.370367,0.673194,0.035000,0.153778,0.846222,0.153778,0.846222
109,64,0.469100,0.670472,0.035000,0.153778,0.846222,0.153778,0.846222
109,65,0.538896,0.657448,0.035000,0.153778,0.846222,0.153778,0.846222
109,66,0.615913,0.630330,0.035000,0.153778,0.846222,0.153778,0.846222
109,67,0.676210,0.674182,0.035000,0.153778,0.846222,0.153778,0.846222
109,68,0.746089,0.676255,0.035000,0.153778,0.846222,0.153778,0.846222
109,69,0.811211,0.634860,0.035000,0.153778,0.846222,0.153778,0.846222
109,70,0.188778,0.741831,0.035000,0.153778,0.846222,0.153778,0.846222
109,71,0.258685,0.741238,0.035000,0.153778,0.846222,0.153778,0.846222
109,72,0.332324,0.742088,0.035000,0.153778,0.846222,0.153778,0.846222
109,73,0.402307,0.741433,0.035000,0.153778,0.846222,0.153778,0.846222
109,74,0.479298,0.743252,0.035000,0.153778,0.846222,0.153778,0.846222
109,75,0.548867,0.738568,0.035000,0.153778,0.846222,0.153778,0.846222
109,76,0.618330,0.743174,0.035000,0.153778,0.846222,0.153778,0.846222
109,77,0.687797,0.743153,0.035000,0.153778,0.846222,0.153778,0.846222
109,78,0.757092,0.745395,0.035000,0.153778,0.846222,0.153778,0.846222
109,79,0.811222,0.704258,0.035000,0.153778,0.846222,0.153778,0.846222
109,80,0.188778,0.811222,0.035000,0.153778,0.846222,0.153778,0.846222
109,81,0.255853,0.811194,0.035000,0.153778,0.846222,0.153778,0.846222
109,82,0.325027,0.811222,0.035000,0.153778,0.846222,0.153778,0.846222
109,83,0.394249,0.811206,0.035000,0.153778,0.846222,0.153778,0.846222
109,84,0.463540,0.811222,0.035000,0.153778,0.846222,0.153778,0.846222
109,85,0.532916,0.811217,0.035000,0.153778,0.846222,0.153778,0.846222
109,86,0.602338,0.811222,0.035000,0.153778,0.846222,0.153778,0.846222
109,87,0.671870,0.811222,0.035000,0.153778,0.846222,0.153778,0.846222
109,88,0.741672,0.811222,0.035000,0.153778,0.846222,0.153778,0.846222
109,89,0.811222,0.811210,0.035000,0.153778,0.846222,0.153778,0.846222
110,0,0.190556,0.190556,0.035000,0.155556,0.844444,0.155556,0.844444
110,1,0.257305,0.190556,0.035000,0.155556,0.844444,0.155556,0.844444
110,2,0.326364,0.190556,0.035000,0.155556,0.844444,0.155556,0.844444
110,3,0.395490,0.190556,0.035000,0.155556,0.844444,0.155556,0.844444
110,4,0.464567,0.190556,0.035000,0.155556,0.844444,0.155556,0.844444
110,5,0.533557,0.190566,0.035000,0.155556,0.844444,0.155556,0.844444
110,6,0.602708,0.190556,0.035000,0.155556,0.844444,0.155556,0.844444
110,7,0.671766,0.190574,0.035000,0.155556,0.844444,0.155556,0.844444
110,8,0.741255,0.190556,0.035000,0.155556,0.844444,0.155556,0.844444
110,9,0.809444,0.190561,0.035000,0.155556,0.844444,0.155556,0.844444
110,10,0.190573,0.259724,0.035000,0.155556,0.844444,0.155556,0.844444
110,11,0.261721,0.260338,0.035000,0.155556,0.844444,0.155556,0.844444
110,12,0.344993,0.256757,0.035000,0.155556,0.844444,0.155556,0.844444
110,13,0.414459,0.257924,0.035000,0.155556,0.844444,0.155556,0.844444
110,14,0.484136,0.258466,0.035000,0.155556,0.844444,0.155556,0.844444
110,15,0.553050,0.268458,0.035000,0.155556,0.844444,0.155556,0.844444
110,16,0.621556,0.256590,0.035000,0.155556,0.844444,0.155556,0.844444
110,17,0.679674,0.294406,0.035000,0.155556,0.844444,0.155556,0.844444
110,18,0.740259,0.259160,0.035000,0.155556,0.844444,0.155556,0.844444
110,19,0.809444,0.265185,0.035000,0.155556,0.844444,0.155556,0.844444
110,20,0.190556,0.329591,0.035000,0.155556,0.844444,0.155556,0.844444
110,21,0.253277,0.357495,0.035000,0.155556,0.844444,0.155556,0.844444
110,22,0.309969,0.316938,0.035000,0.155556,0.844444,0.155556,0.844444
110,23,0.379691,0.321982,0.035000,0.155556,0.844444,0.155556,0.844444
110,24,0.449340,0.328285,0.035000,0.155556,0.844444,0.155556,0.844444
110,25,0.519340,0.329734,0.035000,0.155556,0.844444,0.155556,0.844444
110,26,0.616612,0.326495,0.035000,0.155556,0.844444,0.155556,0.844444
110,27,0.678939,0.364397,0.035000,0.155556,0.844444,0.155556,0.844444
110,28,0.740372,0.328750,0.035000,0.155556,0.844444,0.155556,0.844444
110,29,0.809444,0.335241,0.035000,0.155556,0.844444,0.155556,0.844444
110,30,0.190556,0.401885,0.035000,0.155556,0.844444,0.155556,0.844444
110,31,0.261932,0.426529,0.035000,0.155556,0.844444,0.155556,0.844444
110,32,0.318892,0.386341,0.035000,0.155556,0.844444,0.155556,0.844444
110,33,0.392383,0.390818,0.035000,0.155556,0.844444,0.155556,0.844444
110,34,0.484981,0.390724,0.035000,0.155556,0.844444,0.155556,0.844444
110,35,0.551411,0.412679,0.035000,0.155556,0.844444,0.155556,0.844444
110,36,0.620761,0.403480,0.035000,0.155556,0.844444,0.155556,0.844444
110,37,0.683436,0.434048,0.035000,0.155556,0.844444,0.155556,0.844444
110,38,0.744005,0.398304,0.035000,0.155556,0.844444,0.155556,0.844444
110,39,0.809444,0.423021,0.035000,0.155556,0.844444,0.155556,0.844444
110,40,0.190556,0.516852,0.035000,0.155556,0.844444,0.155556,0.844444
110,41,0.257499,0.495961,0.035000,0.155556,0.844444,0.155556,0.844444
110,42,0.321885,0.463052,0.035000,0.155556,0.844444,0.155556,0.844444
110,43,0.392981,0.460816,0.035000,0.155556,0.844444,0.155556,0.844444
110,44,0.456043,0.497144,0.035000,0.155556,0.844444,0.155556,0.844444
110,45,0.542579,0.496275,0.035000,0.155556,0.844444,0.155556,0.844444
110,46,0.609434,0.475530,0.035000,0.155556,0.844444,0.155556,0.844444
110,47,0.676196,0.503702,0.035000,0.155556,0.844444,0.155556,0.844444
110,48,0.744527,0.467944,0.035000,0.155556,0.844444,0.155556,0.844444
110,49,0.809444,0.492872,0.035000,0.155556,0.844444,0.155556,0.844444
110,50,0.190556,0.594985,0.035000,0.155556,0.844444,0.155556,0.844444
110,51,0.256411,0.565468,0.035000,0.155556,0.844444,0.155556,0.844444
110,52,0.322737,0.542716,0.035000,0.155556,0.844444,0.155556,0.844444
110,53,0.397303,0.599912,0.035000,0.155556,0.844444,0.155556,0.844444
110,54,0.468070,0.591836,0.035000,0.155556,0.844444,0.155556,0.844444
110,55,0.557083,0.580048,0.035000,0.155556,0.844444,0.155556,0.844444
110,56,0.644591,0.566124,0.035000,0.155556,0.844444,0.155556,0.844444
110,57,0.743450,0.537669,0.035000,0.155556,0.844444,0.155556,0.844444
110,58,0.727320,0.605611,0.035000,0.155556,0.844444,0.155556,0.844444
110,59,0.809442,0.562607,0.035000,0.155556,0.844444,0.155556,0.844444
110,60,0.190556,0.670242,0.035000,0.155556,0.844444,0.155556,0.844444
110,61,0.249887,0.634851,0.035000,0.155556,0.844444,0.155556,0.844444
110,62,0.305300,0.677149,0.035000,0.155556,0.844444,0.155556,0.844444
110,63,0.374924,0.669134,0.035000,0.155556,0.844444,0.155556,0.844444
110,64,0.465666,0.671147,0.035000,0.155556,0.844444,0.155556,0.844444
110,65,0.537518,0.660109,0.035000,0.155556,0.844444,0.155556,0.844444
110,66,0.617711,0.630757,0.035000,0.155556,0.844444,0.155556,0.844444
110,67,0.675717,0.669940,0.035000,0.155556,0.844444,0.155556,0.844444
110,68,0.745787,0.672672,0.035000,0.155556,0.844444,0.155556,0.844444
110,69,0.809441,0.632241,0.035000,0.155556,0.844444,0.155556,0.844444
110,70,0.190556,0.740098,0.035000,0.155556,0.844444,0.155556,0.844444
110,71,0.260449,0.738726,0.035000,0.155556,0.844444,0.155556,0.844444
110,72,0.334998,0.740414,0.035000,0.155556,0.844444,0.155556,0.844444
110,73,0.404983,0.740155,0.035000,0.155556,0.844444,0.155556,0.844444
110,74,0.474891,0.740466,0.035000,0.155556,0.844444,0.155556,0.844444
110,75,0.544650,0.737761,0.035000,0.155556,0.844444,0.155556,0.844444
110,76,0.614362,0.740158,0.035000,0.155556,0.844444,0.155556,0.844444
110,77,0.684046,0.740527,0.035000,0.155556,0.844444,0.155556,0.844444
110,78,0.753631,0.742221,0.035000,0.155556,0.844444,0.155556,0.844444
110,79,0.809444,0.701915,0.035000,0.155556,0.844444,0.155556,0.844444
110,80,0.190556,0.809444,0.035000,0.155556,0.844444,0.155556,0.844444
110,81,0.257520,0.809414,0.035000,0.155556,0.844444,0.155556,0.844444
110,82,0.326588,0.809444,0.035000,0.155556,0.844444,0.155556,0.844444
110,83,0.395634,0.809444,0.035000,0.155556,0.844444,0.155556,0.844444
110,84,0.464692,0.809444,0.035000,0.155556,0.844444,0.155556,0.844444
110,85,0.533719,0.809437,0.035000,0.155556,0.844444,0.155556,0.844444
110,86,0.602803,0.809444,0.035000,0.155556,0.844444,0.155556,0.844444
110,87,0.671713,0.809438,0.035000,0.155556,0.844444,0.155556,0.844444
110,88,0.741185,0.809444,0.035000,0.155556,0.844444,0.155556,0.844444
110,89,0.809444,0.809411,0.035000,0.155556,0.844444,0.155556,0.844444
111,0,0.192333,0.192333,0.035000,0.157333,0.842667,0.157333,0.842667
111,1,0.258128,0.192333,0.035000,0.157333,0.842667,0.157333,0.842667
111,2,0.326890,0.192333,0.035000,0.157333,0.842667,0.157333,0.842667
111,3,0.395708,0.192347,0.035000,0.157333,0.842667,0.157333,0.842667
111,4,0.464474,0.192333,0.035000,0.157333,0.842667,0.157333,0.842667
111,5,0.533126,0.192350,0.035000,0.157333,0.842667,0.157333,0.842667
111,6,0.601998,0.192333,0.035000,0.157333,0.842667,0.157333,0.842667
111,7,0.670734,0.192361,0.035000,0.157333,0.842667,0.157333,0.842667
111,8,0.740056,0.192333,0.035000,0.157333,0.842667,0.157333,0.842667
111,9,0.807667,0.192341,0.035000,0.157333,0.842667,0.157333,0.842667
111,10,0.192365,0.261133,0.035000,0.157333,0.842667,0.157333,0.842667
111,11,0.265446,0.261892,0.035000,0.157333,0.842667,0.157333,0.842667
111,12,0.345264,0.258397,0.035000,0.157333,0.842667,0.157333,0.842667
111,13,0.414651,0.259755,0.035000,0.157333,0.842667,0.157333,0.842667
111,14,0.484269,0.260118,0.035000,0.157333,0.842667,0.157333,0.842667
111,15,0.552927,0.271197,0.035000,0.157333,0.842667,0.157333,0.842667
111,16,0.621084,0.257963,0.035000,0.157333,0.842667,0.157333,0.842667
111,17,0.678371,0.296678,0.035000,0.157333,0.842667,0.157333,0.842667
111,18,0.738702,0.260972,0.035000,0.157333,0.842667,0.157333,0.842667
111,19,0.807667,0.268690,0.035000,0.157333,0.842667,0.157333,0.842667
111,20,0.192333,0.330897,0.035000,0.157333,0.842667,0.157333,0.842667
111,21,0.254636,0.358974,0.035000,0.157333,0.842667,0.157333,0.842667
111,22,0.311906,0.319460,0.035000,0.157333,0.842667,0.157333,0.842667
111,23,0.381591,0.324219,0.035000,0.157333,0.842667,0.157333,0.842667
111,24,0.451285,0.329576,0.035000,0.157333,0.842667,0.157333,0.842667
111,25,0.521187,0.333548,0.035000,0.157333,0.842667,0.157333,0.842667
111,26,0.616314,0.328549,0.035000,0.157333,0.842667,0.157333,0.842667
111,27,0.678320,0.366791,0.035000,0.157333,0.842667,0.157333,0.842667
111,28,0.739209,0.330532,0.035000,0.157333,0.842667,0.157333,0.842667
111,29,0.807667,0.339148,0.035000,0.157333,0.842667,0.157333,0.842667
111,30,0.192335,0.400886,0.035000,0.157333,0.842667,0.157333,0.842667
111,31,0.261294,0.428111,0.035000,0.157333,0.842667,0.157333,0.842667
111,32,0.319197,0.389290,0.035000,0.157333,0.842667,0.157333,0.842667
111,33,0.396109,0.392692,0.035000,0.157333,0.842667,0.157333,0.842667
111,34,0.482183,0.392363,0.035000,0.157333,0.842667,0.157333,0.842667
111,35,0.549208,0.412358,0.035000,0.157333,0.842667,0.157333,0.842667
111,36,0.618576,0.403408,0.035000,0.157333,0.842667,0.157333,0.842667
111,37,0.679899,0.436590,0.035000,0.157333,0.842667,0.157333,0.842667
111,38,0.740787,0.400170,0.035000,0.157333,0.842667,0.157333,0.842667
111,39,0.807667,0.420960,0.035000,0.157333,0.842667,0.157333,0.842667
111,40,0.192333,0.514788,0.035000,0.157333,0.842667,0.157333,0.842667
111,41,0.260114,0.497606,0.035000,0.157333,0.842667,0.157333,0.842667
111,42,0.321705,0.464815,0.035000,0.157333,0.842667,0.157333,0.842667
111,43,0.392292,0.462588,0.035000,0.157333,0.842667,0.157333,0.842667
111,44,0.459523,0.495228,0.035000,0.157333,0.842667,0.157333,0.842667
111,45,0.540674,0.495932,0.035000,0.157333,0.842667,0.157333,0.842667
111,46,0.608143,0.477278,0.035000,0.157333,0.842667,0.157333,0.842667
111,47,0.677690,0.506597,0.035000,0.157333,0.842667,0.157333,0.842667
111,48,0.741371,0.469810,0.035000,0.157333,0.842667,0.157333,0.842667
111,49,0.807667,0.490884,0.035000,0.157333,0.842667,0.157333,0.842667
111,50,0.192333,0.596533,0.035000,0.157333,0.842667,0.157333,0.842667
111,51,0.261576,0.567037,0.035000,0.157333,0.842667,0.157333,0.842667
111,52,0.326873,0.542555,0.035000,0.157333,0.842667,0.157333,0.842667
111,53,0.395815,0.597207,0.035000,0.157333,0.842667,0.157333,0.842667
111,54,0.465516,0.590037,0.035000,0.157333,0.842667,0.157333,0.842667
111,55,0.559753,0.582781,0.035000,0.157333,0.842667,0.157333,0.842667
111,56,0.645933,0.568940,0.035000,0.157333,0.842667,0.157333,0.842667
111,57,0.741086,0.539573,0.035000,0.157333,0.842667,0.157333,0.842667
111,58,0.718857,0.605753,0.035000,0.157333,0.842667,0.157333,0.842667
111,59,0.807667,0.560715,0.035000,0.157333,0.842667,0.157333,0.842667
111,60,0.192333,0.668565,0.035000,0.157333,0.842667,0.157333,0.842667
111,61,0.253014,0.636173,0.035000,0.157333,0.842667,0.157333,0.842667
111,62,0.312644,0.672158,0.035000,0.157333,0.842667,0.157333,0.842667
111,63,0.382437,0.665882,0.035000,0.157333,0.842667,0.157333,0.842667
111,64,0.461003,0.669648,0.035000,0.157333,0.842667,0.157333,0.842667
111,65,0.536315,0.662525,0.035000,0.157333,0.842667,0.157333,0.842667
111,66,0.615073,0.631770,0.035000,0.157333,0.842667,0.157333,0.842667
111,67,0.674881,0.667941,0.035000,0.157333,0.842667,0.157333,0.842667
111,68,0.744788,0.670484,0.035000,0.157333,0.842667,0.157333,0.842667
111,69,0.807661,0.630382,0.035000,0.157333,0.842667,0.157333,0.842667
111,70,0.192333,0.738406,0.035000,0.157333,0.842667,0.157333,0.842667
111,71,0.262167,0.735322,0.035000,0.157333,0.842667,0.157333,0.842667
111,72,0.333973,0.738624,0.035000,0.157333,0.842667,0.157333,0.842667
111,73,0.403782,0.738187,0.035000,0.157333,0.842667,0.157333,0.842667
111,74,0.473538,0.738462,0.035000,0.157333,0.842667,0.157333,0.842667
111,75,0.543192,0.735937,0.035000,0.157333,0.842667,0.157333,0.842667
111,76,0.612858,0.736759,0.035000,0.157333,0.842667,0.157333,0.842667
111,77,0.682436,0.738667,0.035000,0.157333,0.842667,0.157333,0.842667
111,78,0.752003,0.740193,0.035000,0.157333,0.842667,0.157333,0.842667
111,79,0.807667,0.700050,0.035000,0.157333,0.842667,0.157333,0.842667
111,80,0.192333,0.807667,0.035000,0.157333,0.842667,0.157333,0.842667
111,81,0.258484,0.807620,0.035000,0.157333,0.842667,0.157333,0.842667
111,82,0.327281,0.807667,0.035000,0.157333,0.842667,0.157333,0.842667
111,83,0.396033,0.807667,0.035000,0.157333,0.842667,0.157333,0.842667
111,84,0.464793,0.807667,0.035000,0.157333,0.842667,0.157333,0.842667
111,85,0.533499,0.807658,0.035000,0.157333,0.842667,0.157333,0.842667
111,86,0.602292,0.807664,0.035000,0.157333,0.842667,0.157333,0.842667
111,87,0.670819,0.807667,0.035000,0.157333,0.842667,0.157333,0.842667
111,88,0.740095,0.807667,0.035000,0.157333,0.842667,0.157333,0.842667
111,89,0.807667,0.807624,0.035000,0.157333,0.842667,0.157333,0.842667
112,0,0.194111,0.194111,0.035000,0.159111,0.840889,0.159111,0.840889
112,1,0.259002,0.194111,0.035000,0.159111,0.840889,0.159111,0.840889
112,2,0.327466,0.194111,0.035000,0.159111,0.840889,0.159111,0.840889
112,3,0.395958,0.194130,0.035000,0.159111,0.840889,0.159111,0.840889
112,4,0.464406,0.194111,0.035000,0.159111,0.840889,0.159111,0.840889
112,5,0.532748,0.194135,0.035000,0.159111,0.840889,0.159111,0.840889
112,6,0.601336,0.194111,0.035000,0.159111,0.840889,0.159111,0.840889
112,7,0.669727,0.194146,0.035000,0.159111,0.840889,0.159111,0.840889
112,8,0.738874,0.194111,0.035000,0.159111,0.840889,0.159111,0.840889
112,9,0.805889,0.194119,0.035000,0.159111,0.840889,0.159111,0.840889
112,10,0.194149,0.262879,0.035000,0.159111,0.840889,0.159111,0.840889
112,11,0.269802,0.263246,0.035000,0.159111,0.840889,0.159111,0.840889
112,12,0.344558,0.260508,0.035000,0.159111,0.840889,0.159111,0.840889
112,13,0.413981,0.262508,0.035000,0.159111,0.840889,0.159111,0.840889
112,14,0.483577,0.261247,0.035000,0.159111,0.840889,0.159111,0.840889
112,15,0.551970,0.273704,0.035000,0.159111,0.840889,0.159111,0.840889
112,16,0.619940,0.259691,0.035000,0.159111,0.840889,0.159111,0.840889
112,17,0.676941,0.298689,0.035000,0.159111,0.840889,0.159111,0.840889
112,18,0.737151,0.262973,0.035000,0.159111,0.840889,0.159111,0.840889
112,19,0.805889,0.271959,0.035000,0.159111,0.840889,0.159111,0.840889
112,20,0.194111,0.332650,0.035000,0.159111,0.840889,0.159111,0.840889
112,21,0.256205,0.361479,0.035000,0.159111,0.840889,0.159111,0.840889
112,22,0.314289,0.323173,0.035000,0.159111,0.840889,0.159111,0.840889
112,23,0.384097,0.326016,0.035000,0.159111,0.840889,0.159111,0.840889
112,24,0.453983,0.328299,0.035000,0.159111,0.840889,0.159111,0.840889
112,25,0.523372,0.337572,0.035000,0.159111,0.840889,0.159111,0.840889
112,26,0.615118,0.331091,0.035000,0.159111,0.840889,0.159111,0.840889
112,27,0.676497,0.368714,0.035000,0.159111,0.840889,0.159111,0.840889
112,28,0.737727,0.332643,0.035000,0.159111,0.840889,0.159111,0.840889
112,29,0.805889,0.343046,0.035000,0.159111,0.840889,0.159111,0.840889
112,30,0.194113,0.402641,0.035000,0.159111,0.840889,0.159111,0.840889
112,31,0.258375,0.430940,0.035000,0.159111,0.840889,0.159111,0.840889
112,32,0.319703,0.392963,0.035000,0.159111,0.840889,0.159111,0.840889
112,33,0.400601,0.394036,0.035000,0.159111,0.840889,0.159111,0.840889
112,34,0.479309,0.393543,0.035000,0.159111,0.840889,0.159111,0.840889
112,35,0.546688,0.412347,0.035000,0.159111,0.840889,0.159111,0.840889
112,36,0.616199,0.404415,0.035000,0.159111,0.840889,0.159111,0.840889
112,37,0.677044,0.438509,0.035000,0.159111,0.840889,0.159111,0.840889
112,38,0.737853,0.402400,0.035000,0.159111,0.840889,0.159111,0.840889
112,39,0.805889,0.418681,0.035000,0.159111,0.840889,0.159111,0.840889
112,40,0.194111,0.514379,0.035000,0.159111,0.840889,0.159111,0.840889
112,41,0.262583,0.500372,0.035000,0.159111,0.840889,0.159111,0.840889
112,42,0.322507,0.464575,0.035000,0.159111,0.840889,0.159111,0.840889
112,43,0.392500,0.463566,0.035000,0.159111,0.840889,0.159111,0.840889
112,44,0.463548,0.493403,0.035000,0.159111,0.840889,0.159111,0.840889
112,45,0.538218,0.496810,0.035000,0.159111,0.840889,0.159111,0.840889
112,46,0.606240,0.479414,0.035000,0.159111,0.840889,0.159111,0.840889
112,47,0.676990,0.508445,0.035000,0.159111,0.840889,0.159111,0.840889
112,48,0.738325,0.472151,0.035000,0.159111,0.840889,0.159111,0.840889
112,49,0.805889,0.489047,0.035000,0.159111,0.840889,0.159111,0.840889
112,50,0.194111,0.597062,0.035000,0.159111,0.840889,0.159111,0.840889
112,51,0.268059,0.569671,0.035000,0.159111,0.840889,0.159111,0.840889
112,52,0.331457,0.540680,0.035000,0.159111,0.840889,0.159111,0.840889
112,53,0.393020,0.593890,0.035000,0.159111,0.840889,0.159111,0.840889
112,54,0.464240,0.589483,0.035000,0.159111,0.840889,0.159111,0.840889
112,55,0.561681,0.584679,0.035000,0.159111,0.840889,0.159111,0.840889
112,56,0.646090,0.571214,0.035000,0.159111,0.840889,0.159111,0.840889
112,57,0.738408,0.541959,0.035000,0.159111,0.840889,0.159111,0.840889
112,58,0.711287,0.606319,0.035000,0.159111,0.840889,0.159111,0.840889
112,59,0.805889,0.558903,0.035000,0.159111,0.840889,0.159111,0.840889
112,60,0.194111,0.666880,0.035000,0.159111,0.840889,0.159111,0.840889
112,61,0.256617,0.638439,0.035000,0.159111,0.840889,0.159111,0.840889
112,62,0.319750,0.667903,0.035000,0.159111,0.840889,0.159111,0.840889
112,63,0.389572,0.664101,0.035000,0.159111,0.840889,0.159111,0.840889
112,64,0.459447,0.667774,0.035000,0.159111,0.840889,0.159111,0.840889
112,65,0.535667,0.663764,0.035000,0.159111,0.840889,0.159111,0.840889
112,66,0.612605,0.632685,0.035000,0.159111,0.840889,0.159111,0.840889
112,67,0.673304,0.667246,0.035000,0.159111,0.840889,0.159111,0.840889
112,68,0.743270,0.668401,0.035000,0.159111,0.840889,0.159111,0.840889
112,69,0.805880,0.628565,0.035000,0.159111,0.840889,0.159111,0.840889
112,70,0.194111,0.736722,0.035000,0.159111,0.840889,0.159111,0.840889
112,71,0.263193,0.730914,0.035000,0.159111,0.840889,0.159111,0.840889
112,72,0.332696,0.736565,0.035000,0.159111,0.840889,0.159111,0.840889
112,73,0.402403,0.736224,0.035000,0.159111,0.840889,0.159111,0.840889
112,74,0.472060,0.736570,0.035000,0.159111,0.840889,0.159111,0.840889
112,75,0.541605,0.733497,0.035000,0.159111,0.840889,0.159111,0.840889
112,76,0.611209,0.732905,0.035000,0.159111,0.840889,0.159111,0.840889
112,77,0.680636,0.736805,0.035000,0.159111,0.840889,0.159111,0.840889
112,78,0.750174,0.738210,0.035000,0.159111,0.840889,0.159111,0.840889
112,79,0.805889,0.698222,0.035000,0.159111,0.840889,0.159111,0.840889
112,80,0.194111,0.805889,0.035000,0.159111,0.840889,0.159111,0.840889
112,81,0.259422,0.805831,0.035000,0.159111,0.840889,0.159111,0.840889
112,82,0.327933,0.805889,0.035000,0.159111,0.840889,0.159111,0.840889
112,83,0.396381,0.805889,0.035000,0.159111,0.840889,0.159111,0.840889
112,84,0.464838,0.805889,0.035000,0.159111,0.840889,0.159111,0.840889
112,85,0.533223,0.805876,0.035000,0.159111,0.840889,0.159111,0.840889
112,86,0.601728,0.805884,0.035000,0.159111,0.840889,0.159111,0.840889
112,87,0.669885,0.805889,0.035000,0.159111,0.840889,0.159111,0.840889
112,88,0.738974,0.805889,0.035000,0.159111,0.840889,0.159111,0.840889
112,89,0.805889,0.805837,0.035000,0.159111,0.840889,0.159111,0.840889
113,0,0.195000,0.195000,0.035000,0.160000,0.840000,0.160000,0.840000
113,1,0.259455,0.195000,0.035000,0.160000,0.840000,0.160000,0.840000
113,2,0.327774,0.195000,0.035000,0.160000,0.840000,0.160000,0.840000
113,3,0.396103,0.195022,0.035000,0.160000,0.840000,0.160000,0.840000
113,4,0.464401,0.195000,0.035000,0.160000,0.840000,0.160000,0.840000
113,5,0.532584,0.195028,0.035000,0.160000,0.840000,0.160000,0.840000
113,6,0.601028,0.195000,0.035000,0.160000,0.840000,0.160000,0.840000
113,7,0.669237,0.195038,0.035000,0.160000,0.840000,0.160000,0.840000
113,8,0.738294,0.195000,0.035000,0.160000,0.840000,0.160000,0.840000
113,9,0.805000,0.195008,0.035000,0.160000,0.840000,0.160000,0.840000
113,10,0.195043,0.263683,0.035000,0.160000,0.840000,0.160000,0.840000
113,11,0.272096,0.263841,0.035000,0.160000,0.840000,0.160000,0.840000
113,12,0.343869,0.261617,0.035000,0.160000,0.840000,0.160000,0.840000
113,13,0.413309,0.263093,0.035000,0.160000,0.840000,0.160000,0.840000
113,14,0.482876,0.262291,0.035000,0.160000,0.840000,0.160000,0.840000
113,15,0.551230,0.274879,0.035000,0.160000,0.840000,0.160000,0.840000
113,16,0.619156,0.260673,0.035000,0.160000,0.840000,0.160000,0.840000
113,17,0.676202,0.299585,0.035000,0.160000,0.840000,0.160000,0.840000
113,18,0.736388,0.263904,0.035000,0.160000,0.840000,0.160000,0.840000
113,19,0.805000,0.273505,0.035000,0.160000,0.840000,0.160000,0.840000
113,20,0.195000,0.333426,0.035000,0.160000,0.840000,0.160000,0.840000
113,21,0.256952,0.363008,0.035000,0.160000,0.840000,0.160000,0.840000
113,22,0.315415,0.325099,0.035000,0.160000,0.840000,0.160000,0.840000
113,23,0.385310,0.327173,0.035000,0.160000,0.840000,0.160000,0.840000
113,24,0.455278,0.327356,0.035000,0.160000,0.840000,0.160000,0.840000
113,25,0.524226,0.339450,0.035000,0.160000,0.840000,0.160000,0.840000
113,26,0.614640,0.332530,0.035000,0.160000,0.840000,0.160000,0.840000
113,27,0.675117,0.369584,0.035000,0.160000,0.840000,0.160000,0.840000
113,28,0.736956,0.333607,0.035000,0.160000,0.840000,0.160000,0.840000
113,29,0.805000,0.344779,0.035000,0.160000,0.840000,0.160000,0.840000
113,30,0.195000,0.403396,0.035000,0.160000,0.840000,0.160000,0.840000
113,31,0.258221,0.432546,0.035000,0.160000,0.840000,0.160000,0.840000
113,32,0.320288,0.394860,0.035000,0.160000,0.840000,0.160000,0.840000
113,33,0.403225,0.394822,0.035000,0.160000,0.840000,0.160000,0.840000
113,34,0.477838,0.393621,0.035000,0.160000,0.840000,0.160000,0.840000
113,35,0.545232,0.412437,0.035000,0.160000,0.840000,0.160000,0.840000
113,36,0.614847,0.405419,0.035000,0.160000,0.840000,0.160000,0.840000
113,37,0.675784,0.439337,0.035000,0.160000,0.840000,0.160000,0.840000
113,38,0.736417,0.403405,0.035000,0.160000,0.840000,0.160000,0.840000
113,39,0.805000,0.417458,0.035000,0.160000,0.840000,0.160000,0.840000
113,40,0.195000,0.514626,0.035000,0.160000,0.840000,0.160000,0.840000
113,41,0.263632,0.501927,0.035000,0.160000,0.840000,0.160000,0.840000
113,42,0.322762,0.464800,0.035000,0.160000,0.840000,0.160000,0.840000
113,43,0.392803,0.464042,0.035000,0.160000,0.840000,0.160000,0.840000
113,44,0.465647,0.492701,0.035000,0.160000,0.840000,0.160000,0.840000
113,45,0.536727,0.497680,0.035000,0.160000,0.840000,0.160000,0.840000
113,46,0.605192,0.480445,0.035000,0.160000,0.840000,0.160000,0.840000
113,47,0.675804,0.509241,0.035000,0.160000,0.840000,0.160000,0.840000
113,48,0.736953,0.473170,0.035000,0.160000,0.840000,0.160000,0.840000
113,49,0.805000,0.488048,0.035000,0.160000,0.840000,0.160000,0.840000
113,50,0.195000,0.596189,0.035000,0.160000,0.840000,0.160000,0.840000
113,51,0.272002,0.570966,0.035000,0.160000,0.840000,0.160000,0.840000
113,52,0.333941,0.539030,0.035000,0.160000,0.840000,0.160000,0.840000
113,53,0.391360,0.592457,0.035000,0.160000,0.840000,0.160000,0.840000
113,54,0.463976,0.589707,0.035000,0.160000,0.840000,0.160000,0.840000
113,55,0.561325,0.584271,0.035000,0.160000,0.840000,0.160000,0.840000
113,56,0.645574,0.572336,0.035000,0.160000,0.840000,0.160000,0.840000
113,57,0.737091,0.542972,0.035000,0.160000,0.840000,0.160000,0.840000
113,58,0.708249,0.606458,0.035000,0.160000,0.840000,0.160000,0.840000
113,59,0.805000,0.557894,0.035000,0.160000,0.840000,0.160000,0.840000
113,60,0.195000,0.666010,0.035000,0.160000,0.840000,0.160000,0.840000
113,61,0.258217,0.639321,0.035000,0.160000,0.840000,0.160000,0.840000
113,62,0.322342,0.666582,0.035000,0.160000,0.840000,0.160000,0.840000
113,63,0.392183,0.663338,0.035000,0.160000,0.840000,0.160000,0.840000
113,64,0.462098,0.666365,0.035000,0.160000,0.840000,0.160000,0.840000
113,65,0.535588,0.663097,0.035000,0.160000,0.840000,0.160000,0.840000
113,66,0.611197,0.633314,0.035000,0.160000,0.840000,0.160000,0.840000
113,67,0.672465,0.666682,0.035000,0.160000,0.840000,0.160000,0.840000
113,68,0.742464,0.667458,0.035000,0.160000,0.840000,0.160000,0.840000
113,69,0.804990,0.627527,0.035000,0.160000,0.840000,0.160000,0.840000
113,70,0.195000,0.735864,0.035000,0.160000,0.840000,0.160000,0.840000
113,71,0.263499,0.727593,0.035000,0.160000,0.840000,0.160000,0.840000
113,72,0.332661,0.735702,0.035000,0.160000,0.840000,0.160000,0.840000
113,73,0.402274,0.735303,0.035000,0.160000,0.840000,0.160000,0.840000
113,74,0.471855,0.735636,0.035000,0.160000,0.840000,0.160000,0.840000
113,75,0.541346,0.732866,0.035000,0.160000,0.840000,0.160000,0.840000
113,76,0.610869,0.730695,0.035000,0.160000,0.840000,0.160000,0.840000
113,77,0.680116,0.736148,0.035000,0.160000,0.840000,0.160000,0.840000
113,78,0.749581,0.737328,0.035000,0.160000,0.840000,0.160000,0.840000
113,79,0.805000,0.697136,0.035000,0.160000,0.840000,0.160000,0.840000
113,80,0.195000,0.805000,0.035000,0.160000,0.840000,0.160000,0.840000
113,81,0.259872,0.804933,0.035000,0.160000,0.840000,0.160000,0.840000
113,82,0.328236,0.805000,0.035000,0.160000,0.840000,0.160000,0.840000
113,83,0.396529,0.805000,0.035000,0.160000,0.840000,0.160000,0.840000
113,84,0.464829,0.805000,0.035000,0.160000,0.840000,0.160000,0.840000
113,85,0.533046,0.804986,0.035000,0.160000,0.840000,0.160000,0.840000
113,86,0.601400,0.804984,0.035000,0.160000,0.840000,0.160000,0.840000
113,87,0.669383,0.805000,0.035000,0.160000,0.840000,0.160000,0.840000
113,88,0.738385,0.805000,0.035000,0.160000,0.840000,0.160000,0.840000
113,89,0.805000,0.804942,0.035000,0.160000,0.840000,0.160000,0.840000
