frame,particle_id,x,y,radius
0,0,0.095000,0.100002,0.023000
0,1,0.185002,0.100001,0.023000
0,2,0.275002,0.099998,0.023000
0,3,0.365000,0.099998,0.023000
0,4,0.454998,0.100001,0.023000
0,5,0.544998,0.100002,0.023000
0,6,0.634999,0.100000,0.023000
0,7,0.725001,0.099998,0.023000
0,8,0.815002,0.099999,0.023000
0,9,0.905001,0.100001,0.023000
0,10,0.112999,0.200002,0.023000
0,11,0.202998,0.200000,0.023000
0,12,0.292999,0.199998,0.023000
0,13,0.383001,0.199999,0.023000
0,14,0.473002,0.200002,0.023000
0,15,0.563001,0.200002,0.023000
0,16,0.652999,0.199999,0.023000
0,17,0.742998,0.199998,0.023000
0,18,0.832998,0.200000,0.023000
0,19,0.923000,0.200002,0.023000
0,20,0.095002,0.300001,0.023000
0,21,0.185002,0.299999,0.023000
0,22,0.275000,0.299998,0.023000
0,23,0.364998,0.300000,0.023000
0,24,0.454998,0.300002,0.023000
0,25,0.545000,0.300001,0.023000
0,26,0.635002,0.299998,0.023000
0,27,0.725002,0.299998,0.023000
0,28,0.815001,0.300001,0.023000
0,29,0.904999,0.300002,0.023000
0,30,0.112998,0.400001,0.023000
0,31,0.202999,0.399998,0.023000
0,32,0.293001,0.399998,0.023000
0,33,0.383002,0.400001,0.023000
0,34,0.473001,0.400002,0.023000
0,35,0.562999,0.400000,0.023000
0,36,0.652998,0.399998,0.023000
0,37,0.742999,0.399999,0.023000
0,38,0.833001,0.400001,0.023000
0,39,0.923002,0.400002,0.023000
0,40,0.095002,0.500000,0.023000
0,41,0.185000,0.499998,0.023000
0,42,0.274998,0.499999,0.023000
0,43,0.364998,0.500002,0.023000
0,44,0.455000,0.500002,0.023000
0,45,0.545002,0.499999,0.023000
0,46,0.635002,0.499998,0.023000
0,47,0.725000,0.500000,0.023000
0,48,0.814998,0.500002,0.023000
0,49,0.904998,0.500001,0.023000
0,50,0.112999,0.599999,0.023000
0,51,0.203001,0.599998,0.023000
0,52,0.293002,0.600000,0.023000
0,53,0.383001,0.600002,0.023000
0,54,0.472999,0.600001,0.023000
0,55,0.562998,0.599998,0.023000
0,56,0.652999,0.599998,0.023000
0,57,0.743001,0.600001,0.023000
0,58,0.833002,0.600002,0.023000
0,59,0.923001,0.600001,0.023000
0,60,0.094999,0.699998,0.023000
0,61,0.184998,0.699998,0.023000
0,62,0.274998,0.700001,0.023000
0,63,0.365000,0.700002,0.023000
0,64,0.455002,0.700000,0.023000
0,65,0.545002,0.699998,0.023000
0,66,0.635000,0.699999,0.023000
0,67,0.724998,0.700001,0.023000
0,68,0.814998,0.700002,0.023000
0,69,0.905000,0.700000,0.023000
0,70,0.113002,0.799998,0.023000
0,71,0.203002,0.799999,0.023000
0,72,0.293001,0.800002,0.023000
0,73,0.382999,0.800002,0.023000
0,74,0.472998,0.799999,0.023000
0,75,0.562999,0.799998,0.023000
0,76,0.653001,0.800000,0.023000
0,77,0.743002,0.800002,0.023000
0,78,0.833001,0.800001,0.023000
0,79,0.922999,0.799999,0.023000
0,80,0.094998,0.899998,0.023000
0,81,0.184999,0.900000,0.023000
0,82,0.275001,0.900002,0.023000
0,83,0.365002,0.900001,0.023000
0,84,0.455002,0.899998,0.023000
0,85,0.545000,0.899998,0.023000
0,86,0.634998,0.900001,0.023000
0,87,0.724998,0.900002,0.023000
0,88,0.815000,0.900001,0.023000
0,89,0.905002,0.899998,0.023000
1,0,0.095068,0.100477,0.023219
1,1,0.185436,0.100075,0.023219
1,2,0.275403,0.099563,0.023219
1,3,0.365000,0.099692,0.023219
1,4,0.454597,0.100272,0.023219
1,5,0.544564,0.100454,0.023219
1,6,0.634933,0.099971,0.023219
1,7,0.725363,0.099530,0.023219
1,8,0.815460,0.099778,0.023219
1,9,0.905134,0.100351,0.023219
1,10,0.112685,0.200410,0.023219
1,11,0.202526,0.199868,0.023219
1,12,0.292803,0.199520,0.023219
1,13,0.383261,0.199875,0.023219
1,14,0.473479,0.200413,0.023219
1,15,0.563257,0.200346,0.023219
1,16,0.652798,0.199772,0.023219
1,17,0.742525,0.199532,0.023219
1,18,0.832688,0.199977,0.023219
1,19,0.923138,0.200456,0.023219
1,20,0.095461,0.300267,0.023219
1,21,0.185360,0.299686,0.023219
1,22,0.274928,0.299566,0.023219
1,23,0.364562,0.300081,0.023219
1,24,0.454599,0.300478,0.023219
1,25,0.545004,0.300174,0.023219
1,26,0.635406,0.299615,0.023219
1,27,0.725434,0.299620,0.023219
1,28,0.815063,0.300181,0.023219
1,29,0.904634,0.300477,0.023219
1,30,0.112542,0.400074,0.023219
1,31,0.202870,0.399563,0.023219
1,32,0.293318,0.399692,0.023219
1,33,0.383474,0.400273,0.023219
1,34,0.473193,0.400454,0.023219
1,35,0.562735,0.399970,0.023219
1,36,0.652521,0.399530,0.023219
1,37,0.742747,0.399778,0.023219
1,38,0.833205,0.400351,0.023219
1,39,0.923475,0.400410,0.023219
1,40,0.095308,0.499868,0.023219
1,41,0.184858,0.499520,0.023219
1,42,0.274538,0.499875,0.023219
1,43,0.364643,0.500414,0.023219
1,44,0.455076,0.500346,0.023219
1,45,0.545439,0.499772,0.023219
1,46,0.635399,0.499532,0.023219
1,47,0.724991,0.499978,0.023219
1,48,0.814592,0.500456,0.023219
1,49,0.904568,0.500266,0.023219
1,50,0.112941,0.599686,0.023219
1,51,0.203368,0.599566,0.023219
1,52,0.293457,0.600082,0.023219
1,53,0.383126,0.600478,0.023219
1,54,0.472679,0.600174,0.023219
1,55,0.562527,0.599615,0.023219
1,56,0.652810,0.599620,0.023219
1,57,0.743268,0.600182,0.023219
1,58,0.833479,0.600477,0.023219
1,59,0.923250,0.600074,0.023219
1,60,0.094791,0.699562,0.023219
1,61,0.184524,0.699692,0.023219
1,62,0.274695,0.700273,0.023219
1,63,0.365146,0.700454,0.023219
1,64,0.455463,0.699970,0.023219
1,65,0.545354,0.699530,0.023219
1,66,0.634920,0.699779,0.023219
1,67,0.724559,0.700352,0.023219
1,68,0.814604,0.700409,0.023219
1,69,0.905013,0.699867,0.023219
1,70,0.113410,0.799520,0.023219
1,71,0.203430,0.799876,0.023219
1,72,0.293055,0.800414,0.023219
1,73,0.382629,0.800346,0.023219
1,74,0.472544,0.799771,0.023219
1,75,0.562879,0.799532,0.023219
1,76,0.653325,0.799978,0.023219
1,77,0.743472,0.800457,0.023219
1,78,0.833186,0.800266,0.023219
1,79,0.922728,0.799686,0.023219
1,80,0.094521,0.899566,0.023219
1,81,0.184754,0.900082,0.023219
1,82,0.275213,0.900478,0.023219
1,83,0.365476,0.900174,0.023219
1,84,0.455302,0.899615,0.023219
1,85,0.544850,0.899620,0.023219
1,86,0.634536,0.900182,0.023219
1,87,0.724649,0.900477,0.023219
1,88,0.815085,0.900073,0.023219
1,89,0.905443,0.899562,0.023219
2,0,0.095473,0.101638,0.023438
2,1,0.186604,0.100064,0.023438
2,2,0.276260,0.098397,0.023438
2,3,0.364758,0.099078,0.023438
2,4,0.453478,0.101110,0.023438
2,5,0.543598,0.101516,0.023438
2,6,0.635007,0.099701,0.023438
2,7,0.726409,0.098324,0.023438
2,8,0.816516,0.099402,0.023438
2,9,0.905229,0.101356,0.023438
2,10,0.111731,0.201323,0.023438
2,11,0.201400,0.199352,0.023438
2,12,0.292539,0.198330,0.023438
2,13,0.384102,0.199755,0.023438
2,14,0.474652,0.201539,0.023438
2,15,0.563683,0.201068,0.023438
2,16,0.652086,0.199033,0.023438
2,17,0.741329,0.198414,0.023438
2,18,0.832109,0.200119,0.023438
2,19,0.923708,0.201649,0.023438
2,20,0.096656,0.300764,0.023438
2,21,0.186081,0.298759,0.023438
2,22,0.274513,0.298572,0.023438
2,23,0.363392,0.300477,0.023438
2,24,0.453750,0.301683,0.023438
2,25,0.545257,0.300423,0.023438
2,26,0.636528,0.298544,0.023438
2,27,0.726394,0.298798,0.023438
2,28,0.814979,0.300813,0.023438
2,29,0.903583,0.301637,0.023438
2,30,0.111490,0.400063,0.023438
2,31,0.202785,0.398396,0.023438
2,32,0.294278,0.399079,0.023438
2,33,0.384596,0.401111,0.023438
2,34,0.473446,0.401515,0.023438
2,35,0.561886,0.399699,0.023438
2,36,0.651350,0.398324,0.023438
2,37,0.742331,0.399404,0.023438
2,38,0.833927,0.401357,0.023438
2,39,0.924670,0.401322,0.023438
2,40,0.095878,0.499350,0.023438
2,41,0.184279,0.498330,0.023438
2,42,0.273342,0.499756,0.023438
2,43,0.363930,0.501539,0.023438
2,44,0.455501,0.501067,0.023438
2,45,0.546612,0.499031,0.023438
2,46,0.636240,0.498415,0.023438
2,47,0.724729,0.500120,0.023438
2,48,0.813466,0.501650,0.023438
2,49,0.903614,0.500762,0.023438
2,50,0.113036,0.598758,0.023438
2,51,0.204425,0.598573,0.023438
2,52,0.294504,0.600479,0.023438
2,53,0.383200,0.601683,0.023438
2,54,0.471712,0.600422,0.023438
2,55,0.561409,0.598543,0.023438
2,56,0.652568,0.598799,0.023438
2,57,0.744124,0.600815,0.023438
2,58,0.834647,0.601637,0.023438
2,59,0.923655,0.600061,0.023438
2,60,0.094061,0.698396,0.023438
2,61,0.183330,0.699080,0.023438
2,62,0.274134,0.701112,0.023438
2,63,0.365735,0.701515,0.023438
2,64,0.456659,0.699698,0.023438
2,65,0.546059,0.698324,0.023438
2,66,0.634485,0.699405,0.023438
2,67,0.723384,0.701358,0.023438
2,68,0.813770,0.701321,0.023438
2,69,0.905286,0.699349,0.023438
2,70,0.114540,0.798330,0.023438
2,71,0.204378,0.799758,0.023438
2,72,0.292949,0.801540,0.023438
2,73,0.381567,0.801066,0.023438
2,74,0.471503,0.799030,0.023438
2,75,0.562815,0.798415,0.023438
2,76,0.654297,0.800122,0.023438
2,77,0.744587,0.801650,0.023438
2,78,0.833418,0.800761,0.023438
2,79,0.921865,0.798757,0.023438
2,80,0.093355,0.898574,0.023438
2,81,0.184358,0.900480,0.023438
2,82,0.275951,0.901683,0.023438
2,83,0.366670,0.900420,0.023438
2,84,0.455853,0.898542,0.023438
2,85,0.544252,0.898800,0.023438
2,86,0.633339,0.900816,0.023438
2,87,0.723953,0.901637,0.023438
2,88,0.815529,0.900060,0.023438
2,89,0.906619,0.898395,0.023438
3,0,0.096431,0.103244,0.023657
3,1,0.188368,0.099718,0.023657
3,2,0.277208,0.096605,0.023657
3,3,0.364018,0.098466,0.023657
3,4,0.451731,0.102574,0.023657
3,5,0.542449,0.102911,0.023657
3,6,0.635513,0.098984,0.023657
3,7,0.728105,0.096545,0.023657
3,8,0.817842,0.099168,0.023657
3,9,0.904967,0.103010,0.023657
3,10,0.110122,0.202442,0.023657
3,11,0.199923,0.198297,0.023657
3,12,0.292553,0.196647,0.023657
3,13,0.385594,0.199909,0.023657
3,14,0.476250,0.203305,0.023657
3,15,0.563918,0.201859,0.023657
3,16,0.650742,0.197690,0.023657
3,17,0.739642,0.196905,0.023657
3,18,0.831630,0.200655,0.023657
3,19,0.924877,0.203445,0.023657
3,20,0.098399,0.301188,0.023657
3,21,0.186796,0.297191,0.023657
3,22,0.273542,0.297309,0.023657
3,23,0.361628,0.301369,0.023657
3,24,0.452815,0.303424,0.023657
3,25,0.546010,0.300462,0.023657
3,26,0.638277,0.296823,0.023657
3,27,0.727531,0.297838,0.023657
3,28,0.814458,0.302020,0.023657
3,29,0.901883,0.303243,0.023657
3,30,0.110174,0.399715,0.023657
3,31,0.203063,0.396605,0.023657
3,32,0.295894,0.398469,0.023657
3,33,0.386064,0.402576,0.023657
3,34,0.473417,0.402909,0.023657
3,35,0.560387,0.398981,0.023657
3,36,0.649759,0.396545,0.023657
3,37,0.742111,0.399171,0.023657
3,38,0.835281,0.403011,0.023657
3,39,0.926353,0.402440,0.023657
3,40,0.096343,0.498294,0.023657
3,41,0.183098,0.496647,0.023657
3,42,0.271602,0.499912,0.023657
3,43,0.363230,0.503306,0.023657
3,44,0.456485,0.501856,0.023657
3,45,0.548375,0.497687,0.023657
3,46,0.637162,0.496907,0.023657
3,47,0.723961,0.500658,0.023657
3,48,0.811715,0.503445,0.023657
3,49,0.902490,0.501186,0.023657
3,50,0.113572,0.597189,0.023657
3,51,0.206129,0.597311,0.023657
3,52,0.295809,0.601372,0.023657
3,53,0.382907,0.603424,0.023657
3,54,0.470090,0.600459,0.023657
3,55,0.559949,0.596822,0.023657
3,56,0.652613,0.597841,0.023657
3,57,0.745633,0.602022,0.023657
3,58,0.836232,0.603241,0.023657
3,59,0.923860,0.599712,0.023657
3,60,0.092697,0.696604,0.023657
3,61,0.181652,0.698472,0.023657
3,62,0.273685,0.702578,0.023657
3,63,0.366927,0.702908,0.023657
3,64,0.458397,0.698978,0.023657
3,65,0.546744,0.696545,0.023657
3,66,0.633488,0.699174,0.023657
3,67,0.721621,0.703013,0.023657
3,68,0.812861,0.702438,0.023657
3,69,0.906068,0.698291,0.023657
3,70,0.116292,0.796648,0.023657
3,71,0.205490,0.799915,0.023657
3,72,0.292398,0.803307,0.023657
3,73,0.379860,0.801854,0.023657
3,74,0.470208,0.797685,0.023657
3,75,0.563124,0.796908,0.023657
3,76,0.655925,0.800661,0.023657
3,77,0.746037,0.803445,0.023657
3,78,0.833357,0.801183,0.023657
3,79,0.920348,0.797187,0.023657
3,80,0.091778,0.897313,0.023657
3,81,0.184169,0.901375,0.023657
3,82,0.277325,0.903423,0.023657
3,83,0.368343,0.900456,0.023657
3,84,0.456287,0.896821,0.023657
3,85,0.543048,0.897843,0.023657
3,86,0.631604,0.902025,0.023657
3,87,0.723282,0.903240,0.023657
3,88,0.816539,0.899709,0.023657
3,89,0.908382,0.896604,0.023657
4,0,0.098019,0.105019,0.023876
4,1,0.190477,0.098860,0.023876
4,2,0.277899,0.094371,0.023876
4,3,0.362656,0.098129,0.023876
4,4,0.449568,0.104628,0.023876
4,5,0.541474,0.104347,0.023876
4,6,0.636622,0.097698,0.023876
4,7,0.730279,0.094421,0.023876
4,8,0.819082,0.099317,0.023876
4,9,0.904133,0.105214,0.023876
4,10,0.107981,0.203472,0.023876
4,11,0.198443,0.196644,0.023876
4,12,0.293096,0.194732,0.023876
4,13,0.387660,0.200538,0.023876
4,14,0.477940,0.205556,0.023876
4,15,0.563678,0.202434,0.023876
4,16,0.648793,0.195747,0.023876
4,17,0.737776,0.195290,0.023876
4,18,0.831562,0.201734,0.023876
4,19,0.926670,0.205637,0.023876
4,20,0.100404,0.301282,0.023876
4,21,0.187170,0.295049,0.023876
4,22,0.271941,0.296069,0.023876
4,23,0.359524,0.302848,0.023876
4,24,0.452142,0.305455,0.023876
4,25,0.547388,0.300070,0.023876
4,26,0.640438,0.294583,0.023876
4,27,0.728489,0.297032,0.023876
4,28,0.813332,0.303829,0.023876
4,29,0.899709,0.305017,0.023876
4,30,0.108950,0.398855,0.023876
4,31,0.203915,0.394370,0.023876
4,32,0.298039,0.398133,0.023876
4,33,0.387530,0.404631,0.023876
4,34,0.472856,0.404344,0.023876
4,35,0.558315,0.397693,0.023876
4,36,0.648081,0.394422,0.023876
4,37,0.742370,0.399322,0.023876
4,38,0.837238,0.405216,0.023876
4,39,0.928210,0.403468,0.023876
4,40,0.096392,0.496640,0.023876
4,41,0.181294,0.494734,0.023876
4,42,0.269604,0.500543,0.023876
4,43,0.362875,0.505557,0.023876
4,44,0.458100,0.502430,0.023876
4,45,0.550475,0.495743,0.023876
4,46,0.637816,0.495293,0.023876
4,47,0.722569,0.501739,0.023876
4,48,0.809556,0.505637,0.023876
4,49,0.901549,0.501277,0.023876
4,50,0.114714,0.595046,0.023876
4,51,0.208304,0.596073,0.023876
4,52,0.297017,0.602853,0.023876
4,53,0.382037,0.605454,0.023876
4,54,0.467943,0.600065,0.023876
4,55,0.558498,0.594581,0.023876
4,56,0.653192,0.597036,0.023876
4,57,0.747710,0.603833,0.023876
4,58,0.837897,0.605015,0.023876
4,59,0.923582,0.598850,0.023876
4,60,0.090732,0.694370,0.023876
4,61,0.179806,0.698138,0.023876
4,62,0.273655,0.704634,0.023876
4,63,0.368741,0.704341,0.023876
4,64,0.460388,0.697689,0.023876
4,65,0.547081,0.694422,0.023876
4,66,0.631861,0.699327,0.023876
4,67,0.719527,0.705218,0.023876
4,68,0.812225,0.703464,0.023876
4,69,0.907475,0.696636,0.023876
4,70,0.118449,0.794736,0.023876
4,71,0.206413,0.800548,0.023876
4,72,0.291240,0.805557,0.023876
4,73,0.377685,0.802425,0.023876
4,74,0.469016,0.795740,0.023876
4,75,0.564011,0.795296,0.023876
4,76,0.658076,0.801743,0.023876
4,77,0.747474,0.805637,0.023876
4,78,0.832759,0.801272,0.023876
4,79,0.918265,0.795044,0.023876
4,80,0.090125,0.896076,0.023876
4,81,0.184466,0.902857,0.023876
4,82,0.279299,0.905452,0.023876
4,83,0.370179,0.900060,0.023876
4,84,0.456298,0.894580,0.023876
4,85,0.541223,0.897040,0.023876
4,86,0.629621,0.903837,0.023876
4,87,0.722964,0.905012,0.023876
4,88,0.818179,0.898845,0.023876
4,89,0.910471,0.894370,0.023876
5,0,0.100168,0.106684,0.024095
5,1,0.192612,0.097405,0.024095
5,2,0.278057,0.091928,0.024095
5,3,0.360692,0.098277,0.024095
5,4,0.447287,0.107150,0.024095
5,5,0.540974,0.105548,0.024095
5,6,0.638362,0.095818,0.024095
5,7,0.732659,0.092214,0.024095
5,8,0.819914,0.100016,0.024095
5,9,0.902651,0.107795,0.024095
5,10,0.105548,0.204154,0.024095
5,11,0.197296,0.194428,0.024095
5,12,0.294288,0.192865,0.024095
5,13,0.390096,0.201755,0.024095
5,14,0.479380,0.208074,0.024095
5,15,0.562798,0.202564,0.024095
5,16,0.646402,0.193298,0.024095
5,17,0.736072,0.193850,0.024095
5,18,0.832112,0.203412,0.024095
5,19,0.928968,0.207975,0.024095
5,20,0.102338,0.300855,0.024095
5,21,0.186961,0.292482,0.024095
5,22,0.269781,0.295123,0.024095
5,23,0.357400,0.304909,0.024095
5,24,0.452006,0.307503,0.024095
5,25,0.549365,0.299105,0.024095
5,26,0.642711,0.292018,0.024095
5,27,0.728968,0.296624,0.024095
5,28,0.811576,0.306176,0.024095
5,29,0.897333,0.306680,0.024095
5,30,0.108139,0.397398,0.024095
5,31,0.205414,0.391928,0.024095
5,32,0.300470,0.398284,0.024095
5,33,0.388658,0.407154,0.024095
5,34,0.471644,0.405543,0.024095
5,35,0.555877,0.395812,0.024095
5,36,0.646659,0.392216,0.024095
5,37,0.743270,0.400024,0.024095
5,38,0.839633,0.407796,0.024095
5,39,0.929898,0.404147,0.024095
5,40,0.095820,0.494422,0.024095
5,41,0.178989,0.492869,0.024095
5,42,0.267684,0.501762,0.024095
5,43,0.363105,0.508074,0.024095
5,44,0.460269,0.502557,0.024095
5,45,0.552588,0.493294,0.024095
5,46,0.637931,0.493855,0.024095
5,47,0.720579,0.503418,0.024095
5,48,0.807292,0.507974,0.024095
5,49,0.901091,0.500848,0.024095
5,50,0.116485,0.592480,0.024095
5,51,0.210674,0.595129,0.024095
5,52,0.297808,0.604914,0.024095
5,53,0.380522,0.607500,0.024095
5,54,0.465514,0.599098,0.024095
5,55,0.557389,0.592017,0.024095
5,56,0.654423,0.596631,0.024095
5,57,0.750149,0.606180,0.024095
5,58,0.839302,0.606675,0.024095
5,59,0.922662,0.597391,0.024095
5,60,0.088332,0.691929,0.024095
5,61,0.178133,0.698291,0.024095
5,62,0.274247,0.707157,0.024095
5,63,0.371054,0.705538,0.024095
5,64,0.462294,0.695806,0.024095
5,65,0.546828,0.692218,0.024095
5,66,0.629681,0.700031,0.024095
5,67,0.717424,0.707798,0.024095
5,68,0.812132,0.704141,0.024095
5,69,0.909477,0.694417,0.024095
5,70,0.120705,0.792872,0.024095
5,71,0.206850,0.801769,0.024095
5,72,0.289455,0.808075,0.024095
5,73,0.375319,0.802551,0.024095
5,74,0.468245,0.793290,0.024095
5,75,0.565543,0.793860,0.024095
5,76,0.660503,0.803425,0.024095
5,77,0.748564,0.807973,0.024095
5,78,0.831510,0.800841,0.024095
5,79,0.915826,0.792477,0.024095
5,80,0.088737,0.895135,0.024095
5,81,0.185407,0.904920,0.024095
5,82,0.281702,0.907498,0.024095
5,83,0.371836,0.899091,0.024095
5,84,0.455685,0.892016,0.024095
5,85,0.538904,0.896638,0.024095
5,86,0.627728,0.906185,0.024095
5,87,0.723238,0.906671,0.024095
5,88,0.820368,0.897384,0.024095
5,89,0.912563,0.891929,0.024095
6,0,0.102682,0.107979,0.024314
6,1,0.194442,0.095363,0.024314
6,2,0.277521,0.089540,0.024314
6,3,0.358282,0.099041,0.024314
6,4,0.445220,0.109947,0.024314
6,5,0.541149,0.106281,0.024314
6,6,0.640619,0.093413,0.024314
6,7,0.734923,0.090195,0.024314
6,8,0.820104,0.101341,0.024314
6,9,0.900592,0.110522,0.024314
6,10,0.103133,0.204288,0.024314
6,11,0.196746,0.191772,0.024314
6,12,0.296108,0.191310,0.024314
6,13,0.392613,0.203579,0.024314
6,14,0.480280,0.210605,0.024314
6,15,0.561253,0.202095,0.024314
6,16,0.643833,0.190516,0.024314
6,17,0.734841,0.192831,0.024314
6,18,0.833350,0.205649,0.024314
6,19,0.931538,0.210191,0.024314
6,20,0.103876,0.299803,0.024314
6,21,0.186054,0.289704,0.024314
6,22,0.267263,0.294688,0.024314
6,23,0.355586,0.307455,0.024314
6,24,0.452564,0.309300,0.024314
6,25,0.551782,0.297521,0.024314
6,26,0.644765,0.289374,0.024314
6,27,0.728770,0.296794,0.024314
6,28,0.809309,0.308911,0.024314
6,29,0.895080,0.307973,0.024314
6,30,0.107972,0.395354,0.024314
6,31,0.207486,0.389541,0.024314
6,32,0.302876,0.399050,0.024314
6,33,0.389186,0.409951,0.024314
6,34,0.469808,0.406273,0.024314
6,35,0.553365,0.393406,0.024314
6,36,0.645780,0.390199,0.024314
6,37,0.744833,0.401351,0.024314
6,38,0.842200,0.410524,0.024314
6,39,0.931109,0.404279,0.024314
6,40,0.094562,0.491766,0.024314
6,41,0.176418,0.491315,0.024314
6,42,0.266164,0.503588,0.024314
6,43,0.364034,0.510604,0.024314
6,44,0.462792,0.502085,0.024314
6,45,0.554386,0.490511,0.024314
6,46,0.637351,0.492838,0.024314
6,47,0.718154,0.505657,0.024314
6,48,0.805252,0.510188,0.024314
6,49,0.901312,0.499794,0.024314
6,50,0.118763,0.589701,0.024314
6,51,0.212916,0.594697,0.024314
6,52,0.297952,0.607462,0.024314
6,53,0.378436,0.609295,0.024314
6,54,0.463116,0.597511,0.024314
6,55,0.556883,0.589373,0.024314
6,56,0.656275,0.596803,0.024314
6,57,0.752655,0.608916,0.024314
6,58,0.840159,0.607967,0.024314
6,59,0.921081,0.595346,0.024314
6,60,0.085767,0.689543,0.024314
6,61,0.176942,0.699060,0.024314
6,62,0.275526,0.709954,0.024314
6,63,0.373626,0.706266,0.024314
6,64,0.463796,0.693398,0.024314
6,65,0.545879,0.690203,0.024314
6,66,0.627154,0.701360,0.024314
6,67,0.715643,0.710525,0.024314
6,68,0.812735,0.704271,0.024314
6,69,0.911909,0.691760,0.024314
6,70,0.122732,0.791321,0.024314
6,71,0.206607,0.803597,0.024314
6,72,0.287166,0.810604,0.024314
6,73,0.373089,0.802076,0.024314
6,74,0.468124,0.790507,0.024314
6,75,0.567642,0.792845,0.024314
6,76,0.662892,0.805665,0.024314
6,77,0.749047,0.810186,0.024314
6,78,0.829643,0.799784,0.024314
6,79,0.913325,0.789699,0.024314
6,80,0.087902,0.894705,0.024314
6,81,0.187005,0.907468,0.024314
6,82,0.284265,0.909291,0.024314
6,83,0.373006,0.897502,0.024314
6,84,0.454387,0.889373,0.024314
6,85,0.536331,0.896812,0.024314
6,86,0.626246,0.908922,0.024314
6,87,0.724209,0.907961,0.024314
6,88,0.822900,0.895337,0.024314
6,89,0.914327,0.889545,0.024314
7,0,0.105273,0.108702,0.024533
7,1,0.195684,0.092835,0.024533
7,2,0.276272,0.087465,0.024533
7,3,0.355690,0.100459,0.024533
7,4,0.443669,0.112781,0.024533
7,5,0.542065,0.106379,0.024533
7,6,0.643160,0.090632,0.024533
7,7,0.736753,0.088609,0.024533
7,8,0.819540,0.103274,0.024533
7,9,0.898154,0.113142,0.024533
7,10,0.101062,0.203757,0.024533
7,11,0.196946,0.188868,0.024533
7,12,0.298396,0.190287,0.024533
7,13,0.394885,0.205936,0.024533
7,14,0.480447,0.212888,0.024533
7,15,0.559162,0.200960,0.024533
7,16,0.641406,0.187625,0.024533
7,17,0.734309,0.192420,0.024533
7,18,0.835203,0.208320,0.024533
7,19,0.934071,0.212031,0.024533
7,20,0.104761,0.298117,0.024533
7,21,0.184477,0.286961,0.024533
7,22,0.264673,0.294907,0.024533
7,23,0.354364,0.310314,0.024533
7,24,0.453834,0.310611,0.024533
7,25,0.554375,0.295363,0.024533
7,26,0.646297,0.286908,0.024533
7,27,0.727833,0.297633,0.024533
7,28,0.806764,0.311826,0.024533
7,29,0.893267,0.308693,0.024533
7,30,0.108558,0.392825,0.024533
7,31,0.209933,0.387468,0.024533
7,32,0.304934,0.400470,0.024533
7,33,0.388963,0.412783,0.024533
7,34,0.467510,0.406369,0.024533
7,35,0.551104,0.390624,0.024533
7,36,0.645636,0.388615,0.024533
7,37,0.746938,0.403285,0.024533
7,38,0.844619,0.413142,0.024533
7,39,0.931618,0.403746,0.024533
7,40,0.092694,0.488862,0.024533
7,41,0.173889,0.490295,0.024533
7,42,0.265300,0.505946,0.024533
7,43,0.365629,0.512886,0.024533
7,44,0.465380,0.500948,0.024533
7,45,0.555587,0.487621,0.024533
7,46,0.636061,0.492429,0.024533
7,47,0.715559,0.508329,0.024533
7,48,0.803737,0.512027,0.024533
7,49,0.902270,0.498105,0.024533
7,50,0.121313,0.586960,0.024533
7,51,0.214713,0.594918,0.024533
7,52,0.297344,0.610321,0.024533
7,53,0.375981,0.610604,0.024533
7,54,0.461072,0.595352,0.024533
7,55,0.557129,0.586909,0.024533
7,56,0.658584,0.597645,0.024533
7,57,0.754905,0.611831,0.024533
7,58,0.840281,0.608684,0.024533
7,59,0.918963,0.592816,0.024533
7,60,0.083356,0.687472,0.024533
7,61,0.176455,0.700482,0.024533
7,62,0.277410,0.712786,0.024533
7,63,0.376149,0.706359,0.024533
7,64,0.464638,0.690616,0.024533
7,65,0.544265,0.688621,0.024533
7,66,0.624568,0.703296,0.024533
7,67,0.714462,0.713143,0.024533
7,68,0.814044,0.703735,0.024533
7,69,0.914505,0.688856,0.024533
7,70,0.124227,0.790303,0.024533
7,71,0.205627,0.805957,0.024533
7,72,0.284612,0.812884,0.024533
7,73,0.371309,0.800936,0.024533
7,74,0.468755,0.787617,0.024533
7,75,0.570104,0.792439,0.024533
7,76,0.664922,0.808338,0.024533
7,77,0.748779,0.812022,0.024533
7,78,0.827323,0.798094,0.024533
7,79,0.911086,0.786958,0.024533
7,80,0.087803,0.894929,0.024533
7,81,0.189137,0.910329,0.024533
7,82,0.286667,0.910597,0.024533
7,83,0.373471,0.895341,0.024533
7,84,0.452486,0.886910,0.024533
7,85,0.533813,0.897656,0.024533
7,86,0.625425,0.911836,0.024533
7,87,0.725840,0.908676,0.024533
7,88,0.825483,0.892806,0.024533
7,89,0.915488,0.887475,0.024533
8,0,0.107620,0.108720,0.024752
8,1,0.196150,0.089998,0.024752
8,2,0.274429,0.085928,0.024752
8,3,0.353233,0.102474,0.024752
8,4,0.442855,0.115395,0.024752
8,5,0.543644,0.105762,0.024752
8,6,0.645679,0.087688,0.024752
8,7,0.737896,0.087651,0.024752
8,8,0.818257,0.105706,0.024752
8,9,0.895623,0.115402,0.024752
8,10,0.099611,0.202534,0.024752
8,11,0.197908,0.185954,0.024752
8,12,0.300887,0.189951,0.024752
8,13,0.396615,0.208670,0.024752
8,14,0.479825,0.214687,0.024752
8,15,0.556760,0.199188,0.024752
8,16,0.639432,0.184878,0.024752
8,17,0.734579,0.192722,0.024752
8,18,0.837467,0.211228,0.024752
8,19,0.936249,0.213285,0.024752
8,20,0.104849,0.295879,0.024752
8,21,0.182394,0.284510,0.024752
8,22,0.262335,0.295834,0.024752
8,23,0.353920,0.313261,0.024752
8,24,0.455692,0.311261,0.024752
8,25,0.556828,0.292764,0.024752
8,26,0.647089,0.284868,0.024752
8,27,0.726236,0.299141,0.024752
8,28,0.804246,0.314672,0.024752
8,29,0.892143,0.308709,0.024752
8,30,0.109861,0.389987,0.024752
8,31,0.212464,0.385934,0.024752
8,32,0.306366,0.402488,0.024752
8,33,0.387980,0.415397,0.024752
8,34,0.465015,0.405750,0.024752
8,35,0.549391,0.387679,0.024752
8,36,0.646280,0.387659,0.024752
8,37,0.749347,0.405718,0.024752
8,38,0.846579,0.415400,0.024752
8,39,0.931326,0.402521,0.024752
8,40,0.090419,0.485948,0.024752
8,41,0.171723,0.489961,0.024752
8,42,0.265234,0.508681,0.024752
8,43,0.367724,0.514683,0.024752
8,44,0.467709,0.499174,0.024752
8,45,0.556010,0.484875,0.024752
8,46,0.634188,0.492734,0.024752
8,47,0.713113,0.511238,0.024752
8,48,0.802967,0.513278,0.024752
8,49,0.903884,0.495866,0.024752
8,50,0.123827,0.584510,0.024752
8,51,0.215816,0.595847,0.024752
8,52,0.296022,0.613268,0.024752
8,53,0.373449,0.611251,0.024752
8,54,0.459658,0.592752,0.024752
8,55,0.558133,0.584871,0.024752
8,56,0.661083,0.599154,0.024752
8,57,0.756601,0.614677,0.024752
8,58,0.839615,0.608698,0.024752
8,59,0.916547,0.589977,0.024752
8,60,0.081412,0.685940,0.024752
8,61,0.176770,0.702501,0.024752
8,62,0.279695,0.715398,0.024752
8,63,0.378303,0.705737,0.024752
8,64,0.464681,0.687671,0.024752
8,65,0.542158,0.687667,0.024752
8,66,0.622248,0.705731,0.024752
8,67,0.714062,0.715399,0.024752
8,68,0.815932,0.702507,0.024752
8,69,0.916946,0.685942,0.024752
8,70,0.124976,0.789972,0.024752
8,71,0.203996,0.808693,0.024752
8,72,0.282100,0.814679,0.024752
8,73,0.370226,0.799160,0.024752
8,74,0.470096,0.784872,0.024752
8,75,0.572636,0.792746,0.024752
8,76,0.666317,0.811247,0.024752
8,77,0.747754,0.813271,0.024752
8,78,0.824820,0.795853,0.024752
8,79,0.909407,0.784510,0.024752
8,80,0.088491,0.895860,0.024752
8,81,0.191559,0.913275,0.024752
8,82,0.288597,0.911242,0.024752
8,83,0.373134,0.892739,0.024752
8,84,0.450192,0.884874,0.024752
8,85,0.531671,0.899168,0.024752
8,86,0.625404,0.914681,0.024752
8,87,0.727960,0.908686,0.024752
8,88,0.827794,0.889966,0.024752
8,89,0.915866,0.885946,0.024752
9,0,0.109423,0.107991,0.024971
9,1,0.195785,0.087079,0.024971
9,2,0.272231,0.085096,0.024971
9,3,0.351223,0.104948,0.024971
9,4,0.442881,0.117551,0.024971
9,5,0.545681,0.104442,0.024971
9,6,0.647855,0.084825,0.024971
9,7,0.738210,0.087439,0.024971
9,8,0.816420,0.108455,0.024971
9,9,0.893324,0.117084,0.024971
9,10,0.098963,0.200685,0.024971
9,11,0.199508,0.183283,0.024971
9,12,0.303263,0.190371,0.024971
9,13,0.397583,0.211566,0.024971
9,14,0.478495,0.215817,0.024971
9,15,0.554355,0.196896,0.024971
9,16,0.638164,0.182523,0.024971
9,17,0.735612,0.193754,0.024971
9,18,0.839853,0.214136,0.024971
9,19,0.937793,0.213809,0.024971
9,20,0.104132,0.293252,0.024971
9,21,0.180075,0.282581,0.024971
9,22,0.260546,0.297429,0.024971
9,23,0.354305,0.316043,0.024971
9,24,0.457898,0.311154,0.024971
9,25,0.558826,0.289924,0.024971
9,26,0.647043,0.283455,0.024971
9,27,0.724187,0.301224,0.024971
9,28,0.802079,0.317200,0.024971
9,29,0.891851,0.307978,0.024971
9,30,0.111711,0.387068,0.024971
9,31,0.214757,0.385104,0.024971
9,32,0.306993,0.404963,0.024971
9,33,0.386364,0.417551,0.024971
9,34,0.462642,0.404427,0.024971
9,35,0.548443,0.384817,0.024971
9,36,0.647627,0.387450,0.024971
9,37,0.751751,0.408468,0.024971
9,38,0.847829,0.417080,0.024971
9,39,0.930273,0.400670,0.024971
9,40,0.088030,0.483278,0.024971
9,41,0.170195,0.490384,0.024971
9,42,0.265972,0.511578,0.024971
9,43,0.370049,0.515810,0.024971
9,44,0.469484,0.496881,0.024971
9,45,0.555603,0.482521,0.024971
9,46,0.631973,0.493768,0.024971
9,47,0.711127,0.514145,0.024971
9,48,0.803035,0.513799,0.024971
9,49,0.905944,0.493238,0.024971
9,50,0.125985,0.582583,0.024971
9,51,0.216088,0.597444,0.024971
9,52,0.294158,0.616050,0.024971
9,53,0.371163,0.611142,0.024971
9,54,0.459051,0.589911,0.024971
9,55,0.559764,0.583460,0.024971
9,56,0.663452,0.601240,0.024971
9,57,0.757530,0.617203,0.024971
9,58,0.838250,0.607964,0.024971
9,59,0.914143,0.587057,0.024971
9,60,0.080179,0.685112,0.024971
9,61,0.177842,0.704978,0.024971
9,62,0.282086,0.717551,0.024971
9,63,0.379815,0.704412,0.024971
9,64,0.463924,0.684810,0.024971
9,65,0.539828,0.687461,0.024971
9,66,0.620487,0.708482,0.024971
9,67,0.714490,0.717077,0.024971
9,68,0.818155,0.700654,0.024971
9,69,0.918920,0.683273,0.024971
9,70,0.124887,0.790397,0.024971
9,71,0.201925,0.811589,0.024971
9,72,0.279952,0.815803,0.024971
9,73,0.369975,0.796865,0.024971
9,74,0.471973,0.782520,0.024971
9,75,0.574916,0.793783,0.024971
9,76,0.666903,0.814154,0.024971
9,77,0.746108,0.813790,0.024971
9,78,0.822455,0.793223,0.024971
9,79,0.908498,0.782585,0.024971
9,80,0.089873,0.897460,0.024971
9,81,0.193962,0.916056,0.024971
9,82,0.289811,0.911130,0.024971
9,83,0.372043,0.889899,0.024971
9,84,0.447799,0.883466,0.024971
9,85,0.530176,0.901256,0.024971
9,86,0.626182,0.917206,0.024971
9,87,0.730295,0.907950,0.024971
9,88,0.829540,0.887047,0.024971
9,89,0.915417,0.885120,0.024971
10,0,0.110463,0.106564,0.025190
10,1,0.194674,0.084330,0.025190
10,2,0.269991,0.085053,0.025190
10,3,0.349913,0.107673,0.025190
10,4,0.443706,0.119052,0.025190
10,5,0.547883,0.102520,0.025190
10,6,0.649409,0.082296,0.025190
10,7,0.737688,0.088009,0.025190
10,8,0.814301,0.111289,0.025190
10,9,0.891558,0.118031,0.025190
10,10,0.099173,0.198358,0.025190
10,11,0.201500,0.181090,0.025190
10,12,0.305207,0.191526,0.025190
10,13,0.397690,0.214376,0.025190
10,14,0.476668,0.216165,0.025190
10,15,0.552273,0.194272,0.025190
10,16,0.637741,0.180771,0.025190
10,17,0.737238,0.195440,0.025190
10,18,0.842033,0.216790,0.025190
10,19,0.938523,0.213543,0.025190
10,20,0.102742,0.290456,0.025190
10,21,0.177842,0.281351,0.025190
10,22,0.259524,0.299567,0.025190
10,23,0.355434,0.318417,0.025190
10,24,0.460139,0.310286,0.025190
10,25,0.560119,0.287086,0.025190
10,26,0.646199,0.282805,0.025190
10,27,0.721982,0.303715,0.025190
10,28,0.800540,0.319183,0.025190
10,29,0.892392,0.306548,0.025190
10,30,0.113836,0.384320,0.025190
10,31,0.216511,0.385064,0.025190
10,32,0.306764,0.407689,0.025190
10,33,0.384363,0.419050,0.025190
10,34,0.460708,0.402503,0.025190
10,35,0.548355,0.382289,0.025190
10,36,0.649466,0.388022,0.025190
10,37,0.753826,0.411303,0.025190
10,38,0.848233,0.418025,0.025190
10,39,0.928634,0.398341,0.025190
10,40,0.085856,0.481087,0.025190
10,41,0.169484,0.491541,0.025190
10,42,0.267378,0.514387,0.025190
10,43,0.372279,0.516156,0.025190
10,44,0.470488,0.494256,0.025190
10,45,0.554457,0.480771,0.025190
10,46,0.629731,0.495456,0.025190
10,47,0.709850,0.516798,0.025190
10,48,0.803897,0.513530,0.025190
10,49,0.908152,0.490441,0.025190
10,50,0.127510,0.581355,0.025190
10,51,0.215527,0.599584,0.025190
10,52,0.292027,0.618422,0.025190
10,53,0.369422,0.610272,0.025190
10,54,0.459300,0.587073,0.025190
10,55,0.561775,0.582813,0.025190
10,56,0.665375,0.603732,0.025190
10,57,0.757598,0.619184,0.025190
10,58,0.836400,0.606532,0.025190
10,59,0.912075,0.584310,0.025190
10,60,0.079795,0.685075,0.025190
10,61,0.179494,0.707705,0.025190
10,62,0.284255,0.719047,0.025190
10,63,0.380507,0.702486,0.025190
10,64,0.462502,0.682282,0.025190
10,65,0.537599,0.688035,0.025190
10,66,0.619501,0.711316,0.025190
10,67,0.715652,0.718019,0.025190
10,68,0.820398,0.698324,0.025190
10,69,0.920181,0.681084,0.025190
10,70,0.124006,0.791557,0.025190
10,71,0.199713,0.814399,0.025190
10,72,0.278442,0.816147,0.025190
10,73,0.370555,0.794240,0.025190
10,74,0.474111,0.780772,0.025190
10,75,0.576645,0.795473,0.025190
10,76,0.666634,0.816806,0.025190
10,77,0.744088,0.813518,0.025190
10,78,0.820542,0.790426,0.025190
10,79,0.908449,0.781360,0.025190
10,80,0.091735,0.899601,0.025190
10,81,0.196022,0.918427,0.025190
10,82,0.290176,0.910257,0.025190
10,83,0.370377,0.887060,0.025190
10,84,0.445635,0.882820,0.025190
10,85,0.529503,0.903749,0.025190
10,86,0.627619,0.919185,0.025190
10,87,0.732521,0.906515,0.025190
10,88,0.830509,0.884300,0.025190
10,89,0.914237,0.885085,0.025190
11,0,0.110637,0.104571,0.025410
11,1,0.193027,0.081997,0.025410
11,2,0.268038,0.085798,0.025410
11,3,0.349449,0.110405,0.025410
11,4,0.445158,0.119769,0.025410
11,5,0.549916,0.100172,0.025410
11,6,0.650154,0.080323,0.025410
11,7,0.736460,0.089301,0.025410
11,8,0.812230,0.113953,0.025410
11,9,0.890547,0.118164,0.025410
11,10,0.100152,0.195764,0.025410
11,11,0.203570,0.179570,0.025410
11,12,0.306464,0.193306,0.025410
11,13,0.396979,0.216848,0.025410
11,14,0.474642,0.215708,0.025410
11,15,0.550795,0.191555,0.025410
11,16,0.638170,0.179774,0.025410
11,17,0.739179,0.197624,0.025410
11,18,0.843701,0.218955,0.025410
11,19,0.938385,0.212517,0.025410
11,20,0.100924,0.287742,0.025410
11,21,0.176017,0.280925,0.025410
11,22,0.259368,0.302053,0.025410
11,23,0.357092,0.320173,0.025410
11,24,0.462086,0.308740,0.025410
11,25,0.560565,0.284502,0.025410
11,26,0.644734,0.282969,0.025410
11,27,0.719953,0.306386,0.025410
11,28,0.799812,0.320448,0.025410
11,29,0.893635,0.304553,0.025410
11,30,0.115907,0.381988,0.025410
11,31,0.217506,0.385811,0.025410
11,32,0.305768,0.410420,0.025410
11,33,0.382292,0.419764,0.025410
11,34,0.459466,0.400153,0.025410
11,35,0.549084,0.380318,0.025410
11,36,0.651496,0.389317,0.025410
11,37,0.755291,0.413967,0.025410
11,38,0.847786,0.418155,0.025410
11,39,0.926687,0.395747,0.025410
11,40,0.084198,0.479569,0.025410
11,41,0.169641,0.493323,0.025410
11,42,0.269204,0.516859,0.025410
11,43,0.374097,0.515696,0.025410
11,44,0.470625,0.491539,0.025410
11,45,0.552788,0.479777,0.025410
11,46,0.627791,0.497642,0.025410
11,47,0.709421,0.518962,0.025410
11,48,0.805375,0.512503,0.025410
11,49,0.910178,0.487727,0.025410
11,50,0.128220,0.580932,0.025410
11,51,0.214269,0.602071,0.025410
11,52,0.289957,0.620177,0.025410
11,53,0.368443,0.608723,0.025410
11,54,0.460312,0.584490,0.025410
11,55,0.563846,0.582979,0.025410
11,56,0.666603,0.606403,0.025410
11,57,0.756853,0.620447,0.025410
11,58,0.834367,0.604535,0.025410
11,59,0.910624,0.581980,0.025410
11,60,0.080260,0.685824,0.025410
11,61,0.181448,0.710436,0.025410
11,62,0.285901,0.719759,0.025410
11,63,0.380332,0.700135,0.025410
11,64,0.460667,0.680313,0.025410
11,65,0.535791,0.689332,0.025410
11,66,0.619382,0.713980,0.025410
11,67,0.717332,0.718147,0.025410
11,68,0.822332,0.695729,0.025410
11,69,0.920591,0.679568,0.025410
11,70,0.122516,0.793340,0.025410
11,71,0.197692,0.816869,0.025410
11,72,0.277748,0.815685,0.025410
11,73,0.371827,0.791522,0.025410
11,74,0.476178,0.779780,0.025410
11,75,0.577607,0.797660,0.025410
11,76,0.665606,0.818968,0.025410
11,77,0.742015,0.812488,0.025410
11,78,0.819330,0.787713,0.025410
11,79,0.909212,0.780938,0.025410
11,80,0.093771,0.902089,0.025410
11,81,0.197460,0.920180,0.025410
11,82,0.289693,0.908707,0.025410
11,83,0.368417,0.884479,0.025410
11,84,0.444000,0.882989,0.025410
11,85,0.529696,0.906421,0.025410
11,86,0.629463,0.920446,0.025410
11,87,0.734320,0.904518,0.025410
11,88,0.830609,0.881971,0.025410
11,89,0.912547,0.885837,0.025410
12,0,0.109982,0.102216,0.025629
12,1,0.191147,0.080287,0.025629
12,2,0.266660,0.087238,0.025629
12,3,0.349841,0.112885,0.025629
12,4,0.446959,0.119656,0.025629
12,5,0.551470,0.097631,0.025629
12,6,0.650032,0.079076,0.025629
12,7,0.734774,0.091175,0.025629
12,8,0.810530,0.116203,0.025629
12,9,0.890395,0.117493,0.025629
12,10,0.101688,0.193156,0.025629
12,11,0.205381,0.178846,0.025629
12,12,0.306885,0.195526,0.025629
12,13,0.395623,0.218761,0.025629
12,14,0.472755,0.214511,0.025629
12,15,0.550113,0.189002,0.025629
12,16,0.639319,0.179605,0.025629
12,17,0.741103,0.200087,0.025629
12,18,0.844632,0.220441,0.025629
12,19,0.937466,0.210849,0.025629
12,20,0.099000,0.285363,0.025629
12,21,0.174857,0.281320,0.025629
12,22,0.260039,0.304643,0.025629
12,23,0.358976,0.321164,0.025629
12,24,0.463452,0.306680,0.025629
12,25,0.560157,0.282410,0.025629
12,26,0.642927,0.283910,0.025629
12,27,0.718409,0.308982,0.025629
12,28,0.799951,0.320896,0.025629
12,29,0.895329,0.302197,0.025629
12,30,0.117598,0.380280,0.025629
12,31,0.217640,0.387253,0.025629
12,32,0.304222,0.412900,0.025629
12,33,0.380486,0.419649,0.025629
12,34,0.459062,0.397612,0.025629
12,35,0.550452,0.379073,0.025629
12,36,0.653379,0.391192,0.025629
12,37,0.755957,0.416215,0.025629
12,38,0.846623,0.417482,0.025629
12,39,0.924764,0.393138,0.025629
12,40,0.083283,0.478847,0.025629
12,41,0.170575,0.495545,0.025629
12,42,0.271129,0.518770,0.025629
12,43,0.375242,0.514497,0.025629
12,44,0.469939,0.488986,0.025629
12,45,0.550900,0.479610,0.025629
12,46,0.626437,0.500105,0.025629
12,47,0.709847,0.520446,0.025629
12,48,0.807188,0.510833,0.025629
12,49,0.911712,0.485350,0.025629
12,50,0.128065,0.581329,0.025629
12,51,0.212567,0.604661,0.025629
12,52,0.288274,0.621165,0.025629
12,53,0.368326,0.606662,0.025629
12,54,0.461869,0.582399,0.025629
12,55,0.565646,0.583922,0.025629
12,56,0.666990,0.608999,0.025629
12,57,0.755472,0.620893,0.025629
12,58,0.832487,0.602178,0.025629
12,59,0.909973,0.580273,0.025629
12,60,0.081437,0.687268,0.025629
12,61,0.183370,0.712915,0.025629
12,62,0.286802,0.719642,0.025629
12,63,0.379383,0.697593,0.025629
12,64,0.458741,0.679070,0.025629
12,65,0.534659,0.691210,0.025629
12,66,0.620085,0.716227,0.025629
12,67,0.719223,0.717472,0.025629
12,68,0.823673,0.693121,0.025629
12,69,0.920149,0.678848,0.025629
12,70,0.120697,0.795563,0.025629
12,71,0.196168,0.818778,0.025629
12,72,0.277921,0.814483,0.025629
12,73,0.373537,0.788970,0.025629
12,74,0.477853,0.779616,0.025629
12,75,0.577708,0.800124,0.025629
12,76,0.664040,0.820451,0.025629
12,77,0.740222,0.810817,0.025629
12,78,0.818958,0.785336,0.025629
12,79,0.910605,0.781338,0.025629
12,80,0.095647,0.904680,0.025629
12,81,0.198095,0.921166,0.025629
12,82,0.288503,0.906644,0.025629
12,83,0.366497,0.882389,0.025629
12,84,0.443114,0.883934,0.025629
12,85,0.530660,0.909016,0.025629
12,86,0.631389,0.920889,0.025629
12,87,0.735439,0.902160,0.025629
12,88,0.829891,0.880266,0.025629
12,89,0.910652,0.887283,0.025629
13,0,0.108670,0.099747,0.025848
13,1,0.189373,0.079344,0.025848
13,2,0.266055,0.089203,0.025848
13,3,0.350961,0.114879,0.025848
13,4,0.448775,0.118758,0.025848
13,5,0.552312,0.095156,0.025848
13,6,0.649127,0.078651,0.025848
13,7,0.732953,0.093422,0.025848
13,8,0.809468,0.117830,0.025848
13,9,0.891069,0.116117,0.025848
13,10,0.103478,0.190793,0.025848
13,11,0.206642,0.178957,0.025848
13,12,0.306457,0.197950,0.025848
13,13,0.393900,0.219946,0.025848
13,14,0.471322,0.212721,0.025848
13,15,0.550286,0.186860,0.025848
13,16,0.640940,0.180249,0.025848
13,17,0.742682,0.202573,0.025848
13,18,0.844716,0.221128,0.025848
13,19,0.935979,0.208730,0.025848
13,20,0.097309,0.283543,0.025848
13,21,0.174516,0.282465,0.025848
13,22,0.261362,0.307076,0.025848
13,23,0.360747,0.321321,0.025848
13,24,0.464042,0.304330,0.025848
13,25,0.559024,0.280996,0.025848
13,26,0.641113,0.285503,0.025848
13,27,0.717581,0.311248,0.025848
13,28,0.800871,0.320515,0.025848
13,29,0.897150,0.299728,0.025848
13,30,0.118647,0.379339,0.025848
13,31,0.216952,0.389219,0.025848
13,32,0.302429,0.414893,0.025848
13,33,0.379237,0.418749,0.025848
13,34,0.459505,0.395138,0.025848
13,35,0.552180,0.378650,0.025848
13,36,0.654803,0.393440,0.025848
13,37,0.755768,0.417840,0.025848
13,38,0.844995,0.416104,0.025848
13,39,0.923193,0.390775,0.025848
13,40,0.083214,0.478960,0.025848
13,41,0.172071,0.497968,0.025848
13,42,0.272814,0.519953,0.025848
13,43,0.375567,0.512706,0.025848
13,44,0.468605,0.486845,0.025848
13,45,0.549134,0.480256,0.025848
13,46,0.625862,0.502592,0.025848
13,47,0.710992,0.521131,0.025848
13,48,0.809000,0.508713,0.025848
13,49,0.912525,0.483531,0.025848
13,50,0.127131,0.582476,0.025848
13,51,0.210745,0.607094,0.025848
13,52,0.287238,0.621319,0.025848
13,53,0.369029,0.604312,0.025848
13,54,0.463664,0.580988,0.025848
13,55,0.566883,0.585517,0.025848
13,56,0.666532,0.611264,0.025848
13,57,0.753739,0.620510,0.025848
13,58,0.831073,0.599709,0.025848
13,59,0.910179,0.579335,0.025848
13,60,0.083072,0.689235,0.025848
13,61,0.184932,0.714906,0.025848
13,62,0.286854,0.718740,0.025848
13,63,0.377878,0.695119,0.025848
13,64,0.457062,0.678649,0.025848
13,65,0.534350,0.693458,0.025848
13,66,0.621430,0.717851,0.025848
13,67,0.720986,0.716092,0.025848
13,68,0.824233,0.690758,0.025848
13,69,0.918991,0.678964,0.025848
13,70,0.118886,0.797987,0.025848
13,71,0.195370,0.819959,0.025848
13,72,0.278868,0.812691,0.025848
13,73,0.375360,0.786830,0.025848
13,74,0.478876,0.780263,0.025848
13,75,0.576989,0.802611,0.025848
13,76,0.662241,0.821134,0.025848
13,77,0.738997,0.808696,0.025848
13,78,0.819433,0.783519,0.025848
13,79,0.912342,0.782487,0.025848
13,80,0.097050,0.907112,0.025848
13,81,0.197873,0.921318,0.025848
13,82,0.286861,0.904293,0.025848
13,83,0.364943,0.880979,0.025848
13,84,0.443078,0.885531,0.025848
13,85,0.532174,0.911280,0.025848
13,86,0.633062,0.920504,0.025848
13,87,0.735732,0.899690,0.025848
13,88,0.828535,0.879330,0.025848
13,89,0.908894,0.889252,0.025848
14,0,0.106978,0.097428,0.026067
14,1,0.188024,0.079234,0.026067
14,2,0.266290,0.091463,0.026067
14,3,0.352564,0.116198,0.026067
14,4,0.450271,0.117203,0.026067
14,5,0.552327,0.093005,0.026067
14,6,0.647646,0.079055,0.026067
14,7,0.731339,0.095789,0.026067
14,8,0.809204,0.118692,0.026067
14,9,0.892398,0.114211,0.026067
14,10,0.105178,0.188911,0.026067
14,11,0.207150,0.179856,0.026067
14,12,0.305306,0.200312,0.026067
14,13,0.392148,0.220311,0.026067
14,14,0.470579,0.210554,0.026067
14,15,0.551236,0.185335,0.026067
14,16,0.642709,0.181600,0.026067
14,17,0.743643,0.204821,0.026067
14,18,0.843986,0.220979,0.026067
14,19,0.934229,0.206403,0.026067
14,20,0.096147,0.282447,0.026067
14,21,0.175011,0.284206,0.026067
14,22,0.263059,0.309104,0.026067
14,23,0.362085,0.320664,0.026067
14,24,0.463791,0.301952,0.026067
14,25,0.557415,0.280380,0.026067
14,26,0.639624,0.287552,0.026067
14,27,0.717582,0.312960,0.026067
14,28,0.802360,0.319382,0.026067
14,29,0.898759,0.297409,0.026067
14,30,0.118896,0.379232,0.026067
14,31,0.215612,0.391480,0.026067
14,32,0.300733,0.416210,0.026067
14,33,0.378744,0.417193,0.026067
14,34,0.460668,0.392988,0.026067
14,35,0.553930,0.379056,0.026067
14,36,0.655531,0.395807,0.026067
14,37,0.754805,0.418701,0.026067
14,38,0.843226,0.414198,0.026067
14,39,0.922245,0.388895,0.026067
14,40,0.083958,0.479861,0.026067
14,41,0.173823,0.500331,0.026067
14,42,0.273964,0.520316,0.026067
14,43,0.375057,0.510538,0.026067
14,44,0.466904,0.485322,0.026067
14,45,0.547806,0.481609,0.026067
14,46,0.626128,0.504839,0.026067
14,47,0.712607,0.520980,0.026067
14,48,0.810480,0.506385,0.026067
14,49,0.912508,0.482436,0.026067
14,50,0.125634,0.584218,0.026067
14,51,0.209144,0.609121,0.026067
14,52,0.287005,0.620661,0.026067
14,53,0.370378,0.601933,0.026067
14,54,0.465356,0.580373,0.026067
14,55,0.567361,0.587567,0.026067
14,56,0.665357,0.612975,0.026067
14,57,0.751992,0.619375,0.026067
14,58,0.830359,0.597391,0.026067
14,59,0.911155,0.579229,0.026067
14,60,0.084841,0.691497,0.026067
14,61,0.185867,0.716222,0.026067
14,62,0.286096,0.717182,0.026067
14,63,0.376124,0.692970,0.026067
14,64,0.455924,0.679057,0.026067
14,65,0.534875,0.695825,0.026067
14,66,0.623135,0.718709,0.026067
14,67,0.722303,0.714184,0.026067
14,68,0.823951,0.688879,0.026067
14,69,0.917369,0.679866,0.026067
14,70,0.117415,0.800349,0.026067
14,71,0.195402,0.820321,0.026067
14,72,0.280374,0.810522,0.026067
14,73,0.376955,0.785309,0.026067
14,74,0.479093,0.781618,0.026067
14,75,0.575630,0.804857,0.026067
14,76,0.660554,0.820980,0.026067
14,77,0.738534,0.806367,0.026067
14,78,0.820619,0.782426,0.026067
14,79,0.914088,0.784231,0.026067
14,80,0.097750,0.909137,0.026067
14,81,0.196884,0.920658,0.026067
14,82,0.285092,0.901915,0.026067
14,83,0.364021,0.880367,0.026067
14,84,0.443850,0.887582,0.026067
14,85,0.533930,0.912990,0.026067
14,86,0.634188,0.919368,0.026067
14,87,0.735192,0.897372,0.026067
14,88,0.826826,0.879226,0.026067
14,89,0.907587,0.891514,0.026067
15,0,0.105241,0.095509,0.026286
15,1,0.187345,0.079933,0.026286
15,2,0.267293,0.093756,0.026286
15,3,0.354326,0.116726,0.026286
15,4,0.451173,0.115193,0.026286
15,5,0.551538,0.091402,0.026286
15,6,0.645892,0.080207,0.026286
15,7,0.730232,0.098009,0.026286
15,8,0.809762,0.118728,0.026286
15,9,0.894107,0.112010,0.026286
15,10,0.106468,0.187698,0.026286
15,11,0.206834,0.181408,0.026286
15,12,0.303675,0.202356,0.026286
15,13,0.390702,0.219852,0.026286
15,14,0.470647,0.208265,0.026286
15,15,0.552756,0.184570,0.026286
15,16,0.644283,0.183479,0.026286
15,17,0.743824,0.206592,0.026286
15,18,0.842608,0.220047,0.026286
15,19,0.932558,0.204133,0.026286
15,20,0.095720,0.282164,0.026286
15,21,0.176221,0.286324,0.026286
15,22,0.264793,0.310519,0.026286
15,23,0.362749,0.319303,0.026286
15,24,0.462775,0.299808,0.026286
15,25,0.555653,0.280594,0.026286
15,26,0.638736,0.289810,0.026286
15,27,0.718385,0.313955,0.026286
15,28,0.804115,0.317656,0.026286
15,29,0.899853,0.295491,0.026286
15,30,0.118323,0.379932,0.026286
15,31,0.213899,0.393772,0.026286
15,32,0.299454,0.416736,0.026286
15,33,0.379076,0.415181,0.026286
15,34,0.462305,0.391386,0.026286
15,35,0.555367,0.380210,0.026286
15,36,0.655447,0.398027,0.026286
15,37,0.753277,0.418734,0.026286
15,38,0.841658,0.411996,0.026286
15,39,0.922079,0.387684,0.026286
15,40,0.085347,0.481415,0.026286
15,41,0.175489,0.502373,0.026286
15,42,0.274376,0.519855,0.026286
15,43,0.373836,0.508249,0.026286
15,44,0.465173,0.484558,0.026286
15,45,0.547156,0.483490,0.026286
15,46,0.627157,0.506609,0.026286
15,47,0.714369,0.520046,0.026286
15,48,0.811355,0.504116,0.026286
15,49,0.911692,0.482156,0.026286
15,50,0.123877,0.586338,0.026286
15,51,0.208061,0.610535,0.026286
15,52,0.287593,0.619298,0.026286
15,53,0.372096,0.599790,0.026286
15,54,0.466624,0.580589,0.026286
15,55,0.567014,0.589825,0.026286
15,56,0.663714,0.613967,0.026286
15,57,0.750563,0.617647,0.026286
15,58,0.830459,0.595474,0.026286
15,59,0.912691,0.579931,0.026286
15,60,0.086401,0.693789,0.026286
15,61,0.186017,0.716746,0.026286
15,62,0.284698,0.715170,0.026286
15,63,0.374463,0.691370,0.026286
15,64,0.455527,0.680213,0.026286
15,65,0.536107,0.698044,0.026286
15,66,0.624863,0.718741,0.026286
15,67,0.722939,0.711982,0.026286
15,68,0.822910,0.687670,0.026286
15,69,0.915609,0.681421,0.026286
15,70,0.116554,0.802391,0.026286
15,71,0.196232,0.819858,0.026286
15,72,0.282132,0.808233,0.026286
15,73,0.378024,0.784547,0.026286
15,74,0.478491,0.783500,0.026286
15,75,0.573909,0.806626,0.026286
15,76,0.659297,0.820045,0.026286
15,77,0.738896,0.804098,0.026286
15,78,0.822268,0.782148,0.026286
15,79,0.915507,0.786351,0.026286
15,80,0.097635,0.910550,0.026286
15,81,0.195341,0.919294,0.026286
15,82,0.283539,0.899772,0.026286
15,83,0.363887,0.880585,0.026286
15,84,0.445258,0.889841,0.026286
15,85,0.535586,0.913980,0.026286
15,86,0.634569,0.917639,0.026286
15,87,0.733949,0.895456,0.026286
15,88,0.825101,0.879931,0.026286
15,89,0.906966,0.893806,0.026286
16,0,0.103797,0.094196,0.026505
16,1,0.187462,0.081328,0.026505
16,2,0.268864,0.095815,0.026505
16,3,0.355907,0.116433,0.026505
16,4,0.451310,0.112977,0.026505
16,5,0.550106,0.090510,0.026505
16,6,0.644207,0.081946,0.026505
16,7,0.729844,0.099831,0.026505
16,8,0.811027,0.117964,0.026505
16,9,0.895863,0.109779,0.026505
16,10,0.107100,0.187268,0.026505
16,11,0.205761,0.183409,0.026505
16,12,0.301884,0.203856,0.026505
16,13,0.389839,0.218653,0.026505
16,14,0.471506,0.206124,0.026505
16,15,0.554547,0.184623,0.026505
16,16,0.645359,0.185649,0.026505
16,17,0.743197,0.207700,0.026505
16,18,0.840853,0.218470,0.026505
16,19,0.931290,0.202182,0.026505
16,20,0.096105,0.282697,0.026505
16,21,0.177904,0.288561,0.026505
16,22,0.266227,0.311183,0.026505
16,23,0.362616,0.317421,0.026505
16,24,0.461197,0.298137,0.026505
16,25,0.554080,0.281582,0.026505
16,26,0.638615,0.292009,0.026505
16,27,0.719826,0.314143,0.026505
16,28,0.805794,0.315557,0.026505
16,29,0.900226,0.294180,0.026505
16,30,0.117047,0.381329,0.026505
16,31,0.212147,0.395831,0.026505
16,32,0.298838,0.416440,0.026505
16,33,0.380161,0.412965,0.026505
16,34,0.464095,0.390496,0.026505
16,35,0.556216,0.381951,0.026505
16,36,0.654574,0.399848,0.026505
16,37,0.751485,0.417968,0.026505
16,38,0.840595,0.409765,0.026505
16,39,0.922722,0.387256,0.026505
16,40,0.087104,0.483417,0.026505
16,41,0.176746,0.503872,0.026505
16,42,0.273976,0.518654,0.026505
16,43,0.372148,0.506108,0.026505
16,44,0.463748,0.484613,0.026505
16,45,0.547305,0.485660,0.026505
16,46,0.628743,0.507715,0.026505
16,47,0.715934,0.518467,0.026505
16,48,0.811460,0.502165,0.026505
16,49,0.910241,0.482691,0.026505
16,50,0.122203,0.588575,0.026505
16,51,0.207704,0.611196,0.026505
16,52,0.288880,0.617415,0.026505
16,53,0.373844,0.598121,0.026505
16,54,0.467226,0.581579,0.026505
16,55,0.565916,0.592024,0.026505
16,56,0.661926,0.614154,0.026505
16,57,0.749729,0.615548,0.026505
16,58,0.831346,0.594164,0.026505
16,59,0.914483,0.581330,0.026505
16,60,0.087451,0.695847,0.026505
16,61,0.185359,0.716448,0.026505
16,62,0.282937,0.712953,0.026505
16,63,0.373218,0.690481,0.026505
16,64,0.455943,0.681955,0.026505
16,65,0.537801,0.699865,0.026505
16,66,0.626278,0.717973,0.026505
16,67,0.722774,0.709751,0.026505
16,68,0.821316,0.687244,0.026505
16,69,0.914052,0.683425,0.026505
16,70,0.116465,0.803888,0.026505
16,71,0.197692,0.818655,0.026505
16,72,0.283800,0.806092,0.026505
16,73,0.378366,0.784604,0.026505
16,74,0.477192,0.785671,0.026505
16,75,0.572164,0.807730,0.026505
16,76,0.658711,0.818465,0.026505
16,77,0.740007,0.802149,0.026505
16,78,0.824055,0.782685,0.026505
16,79,0.916327,0.788588,0.026505
16,80,0.096735,0.911210,0.026505
16,81,0.193547,0.917409,0.026505
16,82,0.282502,0.898104,0.026505
16,83,0.364559,0.881576,0.026505
16,84,0.447022,0.892039,0.026505
16,85,0.536820,0.914165,0.026505
16,86,0.634138,0.915539,0.026505
16,87,0.732249,0.894149,0.026505
16,88,0.823695,0.881331,0.026505
16,89,0.907147,0.895863,0.026505
17,0,0.102927,0.093629,0.026724
17,1,0.188362,0.083234,0.026724
17,2,0.270706,0.097402,0.026724
17,3,0.356998,0.115376,0.026724
17,4,0.450647,0.110824,0.026724
17,5,0.548298,0.090415,0.026724
17,6,0.642917,0.084048,0.026724
17,7,0.730257,0.101050,0.026724
17,8,0.812764,0.116514,0.026724
17,9,0.897326,0.107784,0.026724
17,10,0.106944,0.187651,0.026724
17,11,0.204130,0.185609,0.026724
17,12,0.300277,0.204650,0.026724
17,13,0.389733,0.216879,0.026724
17,14,0.473000,0.204380,0.026724
17,15,0.556266,0.185465,0.026724
17,16,0.645724,0.187843,0.026724
17,17,0.741871,0.208032,0.026724
17,18,0.839056,0.216454,0.026724
17,19,0.930673,0.200771,0.026724
17,20,0.097235,0.283959,0.026724
17,21,0.179742,0.290647,0.026724
17,22,0.267083,0.311037,0.026724
17,23,0.361703,0.315258,0.026724
17,24,0.459354,0.297126,0.026724
17,25,0.553002,0.283204,0.026724
17,26,0.639293,0.293889,0.026724
17,27,0.721637,0.313526,0.026724
17,28,0.807073,0.313348,0.026724
17,29,0.899797,0.293615,0.026724
17,30,0.115304,0.383236,0.026724
17,31,0.210693,0.397417,0.026724
17,32,0.299009,0.415382,0.026724
17,33,0.381800,0.410813,0.026724
17,34,0.465694,0.390403,0.026724
17,35,0.556305,0.384053,0.026724
17,36,0.653071,0.401065,0.026724
17,37,0.749772,0.416517,0.026724
17,38,0.840246,0.407771,0.026724
17,39,0.924059,0.387641,0.026724
17,40,0.088898,0.485617,0.026724
17,41,0.177347,0.504664,0.026724
17,42,0.272833,0.516879,0.026724
17,43,0.370311,0.504366,0.026724
17,44,0.462906,0.485457,0.026724
17,45,0.548233,0.487854,0.026724
17,46,0.630587,0.508045,0.026724
17,47,0.716999,0.516450,0.026724
17,48,0.810767,0.500756,0.026724
17,49,0.908427,0.483954,0.026724
17,50,0.120936,0.590660,0.026724
17,51,0.208149,0.611049,0.026724
17,52,0.290628,0.615252,0.026724
17,53,0.375287,0.597111,0.026724
17,54,0.467038,0.583203,0.026724
17,55,0.564270,0.593903,0.026724
17,56,0.660334,0.613535,0.026724
17,57,0.749656,0.613339,0.026724
17,58,0.832858,0.593601,0.026724
17,59,0.916191,0.583238,0.026724
17,60,0.087784,0.697431,0.026724
17,61,0.184012,0.715388,0.026724
17,62,0.281148,0.710801,0.026724
17,63,0.372632,0.690391,0.026724
17,64,0.457099,0.684058,0.026724
17,65,0.539636,0.701080,0.026724
17,66,0.627105,0.716520,0.026724
17,67,0.721832,0.707758,0.026724
17,68,0.819472,0.687630,0.026724
17,69,0.913000,0.685624,0.026724
17,70,0.117173,0.804679,0.026724
17,71,0.199509,0.816879,0.026724
17,72,0.285055,0.804351,0.026724
17,73,0.377905,0.785449,0.026724
17,74,0.475440,0.787864,0.026724
17,75,0.570731,0.808058,0.026724
17,76,0.658915,0.816447,0.026724
17,77,0.741660,0.800741,0.026724
17,78,0.825638,0.783950,0.026724
17,79,0.916384,0.790672,0.026724
17,80,0.095213,0.911060,0.026724
17,81,0.191846,0.915245,0.026724
17,82,0.282185,0.897096,0.026724
17,83,0.365918,0.883201,0.026724
17,84,0.448807,0.893917,0.026724
17,85,0.537390,0.913544,0.026724
17,86,0.632969,0.913329,0.026724
17,87,0.730416,0.893587,0.026724
17,88,0.822883,0.883240,0.026724
17,89,0.908103,0.897446,0.026724
18,0,0.102808,0.093862,0.026943
18,1,0.189893,0.085410,0.026943
18,2,0.272480,0.098332,0.026943
18,3,0.357384,0.113698,0.026943
18,4,0.449290,0.108996,0.026943
18,5,0.546446,0.091115,0.026943
18,6,0.642273,0.086251,0.026943
18,7,0.731413,0.101529,0.026943
18,8,0.814657,0.114567,0.026943
18,9,0.898217,0.106264,0.026943
18,10,0.106013,0.188784,0.026943
18,11,0.202233,0.187735,0.026943
18,12,0.299158,0.204654,0.026943
18,13,0.390422,0.214755,0.026943
18,14,0.474862,0.203240,0.026943
18,15,0.557590,0.186978,0.026943
18,16,0.645292,0.189794,0.026943
18,17,0.740081,0.207561,0.026943
18,18,0.837553,0.214252,0.026943
18,19,0.930839,0.200063,0.026943
18,20,0.098918,0.285782,0.026943
18,21,0.181394,0.292330,0.026943
18,22,0.267186,0.310115,0.026943
18,23,0.360161,0.313081,0.026943
18,24,0.457586,0.296884,0.026943
18,25,0.552633,0.285252,0.026943
18,26,0.640662,0.295226,0.026943
18,27,0.723486,0.312194,0.026943
18,28,0.807702,0.311298,0.026943
18,29,0.898627,0.293850,0.026943
18,30,0.113412,0.385412,0.026943
18,31,0.209818,0.398345,0.026943
18,32,0.299955,0.413703,0.026943
18,33,0.383698,0.408985,0.026943
18,34,0.466799,0.391105,0.026943
18,35,0.555601,0.386256,0.026943
18,36,0.651206,0.401542,0.026943
18,37,0.748460,0.414570,0.026943
18,38,0.840694,0.406253,0.026943
18,39,0.925855,0.388776,0.026943
18,40,0.090390,0.487742,0.026943
18,41,0.177164,0.504667,0.026943
18,42,0.271142,0.514754,0.026943
18,43,0.368667,0.503227,0.026943
18,44,0.462820,0.486972,0.026943
18,45,0.549784,0.489803,0.026943
18,46,0.632349,0.507573,0.026943
18,47,0.717351,0.514248,0.026943
18,48,0.809386,0.500050,0.026943
18,49,0.906582,0.485779,0.026943
18,50,0.120324,0.592342,0.026943
18,51,0.209332,0.610124,0.026943
18,52,0.292518,0.613075,0.026943
18,53,0.376148,0.596871,0.026943
18,54,0.466077,0.585251,0.026943
18,55,0.562371,0.595239,0.026943
18,56,0.659243,0.612201,0.026943
18,57,0.750375,0.611289,0.026943
18,58,0.834727,0.593838,0.026943
18,59,0.917490,0.585414,0.026943
18,60,0.087320,0.698358,0.026943
18,61,0.182210,0.713708,0.026943
18,62,0.279666,0.708975,0.026943
18,63,0.372832,0.691094,0.026943
18,64,0.458797,0.686260,0.026943
18,65,0.541272,0.701555,0.026943
18,66,0.627174,0.714572,0.026943
18,67,0.720272,0.706241,0.026943
18,68,0.817717,0.688767,0.026943
18,69,0.912664,0.687750,0.026943
18,70,0.118565,0.804679,0.026943
18,71,0.201350,0.814754,0.026943
18,72,0.285652,0.803214,0.026943
18,73,0.376710,0.786966,0.026943
18,74,0.473551,0.789813,0.026943
18,75,0.569886,0.807584,0.026943
18,76,0.659890,0.814245,0.026943
18,77,0.743560,0.800037,0.026943
18,78,0.826715,0.785775,0.026943
18,79,0.915649,0.792353,0.026943
18,80,0.093341,0.910134,0.026943
18,81,0.190559,0.913069,0.026943
18,82,0.282666,0.896858,0.026943
18,83,0.367725,0.885250,0.026943
18,84,0.450279,0.895251,0.026943
18,85,0.537173,0.912209,0.026943
18,86,0.631264,0.911281,0.026943
18,87,0.728789,0.893826,0.026943
18,88,0.822831,0.885416,0.026943
18,89,0.909673,0.898371,0.026943
19,0,0.103482,0.094861,0.027162
19,1,0.191795,0.087587,0.027162
19,2,0.273861,0.098498,0.027162
19,3,0.356974,0.111609,0.027162
19,4,0.447466,0.107713,0.027162
19,5,0.544885,0.092517,0.027162
19,6,0.642409,0.088284,0.027162
19,7,0.733122,0.101215,0.027162
19,8,0.816367,0.112366,0.027162
19,9,0.898356,0.105401,0.027162
19,10,0.104453,0.190523,0.027162
19,11,0.200408,0.189529,0.027162
19,12,0.298746,0.203875,0.027162
19,13,0.391801,0.212544,0.027162
19,14,0.476764,0.202837,0.027162
19,15,0.558266,0.188973,0.027162
19,16,0.644121,0.191264,0.027162
19,17,0.738138,0.206353,0.027162
19,18,0.836626,0.212135,0.027162
19,19,0.931780,0.200139,0.027162
19,20,0.100862,0.287940,0.027162
19,21,0.182554,0.293409,0.027162
19,22,0.266496,0.308534,0.027162
19,23,0.358256,0.311157,0.027162
19,24,0.456217,0.297435,0.027162
19,25,0.553059,0.287471,0.027162
19,26,0.642492,0.295862,0.027162
19,27,0.725037,0.310315,0.027162
19,28,0.807548,0.309657,0.027162
19,29,0.896910,0.294851,0.027162
19,30,0.111711,0.387589,0.027162
19,31,0.209696,0.398509,0.027162
19,32,0.301525,0.411614,0.027162
19,33,0.385516,0.407704,0.027162
19,34,0.467194,0.392508,0.027162
19,35,0.554209,0.388288,0.027162
19,36,0.649307,0.401226,0.027162
19,37,0.747800,0.412368,0.027162
19,38,0.841880,0.405391,0.027162
19,39,0.927796,0.390516,0.027162
19,40,0.091302,0.489535,0.027162
19,41,0.176209,0.503885,0.027162
19,42,0.269198,0.512544,0.027162
19,43,0.367521,0.502826,0.027162
19,44,0.463527,0.488968,0.027162
19,45,0.551693,0.491272,0.027162
19,46,0.633705,0.506363,0.027162
19,47,0.716908,0.512132,0.027162
19,48,0.807551,0.500128,0.027162
19,49,0.905042,0.487937,0.027162
19,50,0.120495,0.593418,0.027162
19,51,0.211057,0.608542,0.027162
19,52,0.294212,0.611152,0.027162
19,53,0.376253,0.597424,0.027162
19,54,0.464497,0.587470,0.027162
19,55,0.560559,0.595873,0.027162
19,56,0.658865,0.610322,0.027162
19,57,0.751779,0.609649,0.027162
19,58,0.836621,0.594841,0.027162
19,59,0.918134,0.587590,0.027162
19,60,0.086121,0.698520,0.027162
19,61,0.180271,0.711618,0.027162
19,62,0.278769,0.707695,0.027162
19,63,0.373802,0.692499,0.027162
19,64,0.460743,0.688292,0.027162
19,65,0.542403,0.701237,0.027162
19,66,0.626452,0.712370,0.027162
19,67,0.718359,0.705381,0.027162
19,68,0.816372,0.690509,0.027162
19,69,0.913124,0.689541,0.027162
19,70,0.120406,0.803896,0.027162
19,71,0.202880,0.812543,0.027162
19,72,0.285464,0.802815,0.027162
19,73,0.374977,0.788963,0.027162
19,74,0.471866,0.791280,0.027162
19,75,0.569798,0.806372,0.027162
19,76,0.661480,0.812129,0.027162
19,77,0.745365,0.800117,0.027162
19,78,0.827076,0.787934,0.027162
19,79,0.914233,0.793428,0.027162
19,80,0.091451,0.908550,0.027162
19,81,0.189931,0.911147,0.027162
19,82,0.283878,0.897413,0.027162
19,83,0.369663,0.887469,0.027162
19,84,0.451160,0.895883,0.027162
19,85,0.536188,0.910328,0.027162
19,86,0.629318,0.909642,0.027162
19,87,0.727672,0.894831,0.027162
19,88,0.823569,0.887592,0.027162
19,89,0.911588,0.898531,0.027162
20,0,0.104851,0.096504,0.027381
20,1,0.193741,0.089499,0.027381
20,2,0.274595,0.097878,0.027381
20,3,0.355821,0.109365,0.027381
20,4,0.445486,0.107133,0.027381
20,5,0.543898,0.094451,0.027381
20,6,0.643323,0.089898,0.027381
20,7,0.735096,0.100145,0.027381
20,8,0.817587,0.110179,0.027381
20,9,0.897699,0.105301,0.027381
20,10,0.102524,0.192657,0.027381
20,11,0.198980,0.190771,0.027381
20,12,0.299132,0.202405,0.027381
20,13,0.393646,0.210516,0.027381
20,14,0.478372,0.203221,0.027381
20,15,0.558159,0.191207,0.027381
20,16,0.642397,0.192075,0.027381
20,17,0.736383,0.204553,0.027381
20,18,0.836453,0.210361,0.027381
20,19,0.933348,0.200990,0.027381
20,20,0.102729,0.290168,0.027381
20,21,0.183004,0.293750,0.027381
20,22,0.265114,0.306488,0.027381
20,23,0.356313,0.309721,0.027381
20,24,0.455499,0.298713,0.027381
20,25,0.554226,0.289590,0.027381
20,26,0.644471,0.295718,0.027381
20,27,0.726008,0.308119,0.027381
20,28,0.806619,0.308625,0.027381
20,29,0.894935,0.296496,0.027381
20,30,0.110505,0.389500,0.027381
20,31,0.210369,0.397887,0.027381
20,32,0.303458,0.409370,0.027381
20,33,0.386932,0.407126,0.027381
20,34,0.466791,0.394443,0.027381
20,35,0.552358,0.389901,0.027381
20,36,0.647710,0.400154,0.027381
20,37,0.747925,0.410181,0.027381
20,38,0.843612,0.405293,0.027381
20,39,0.929543,0.392650,0.027381
20,40,0.091458,0.490775,0.027381
20,41,0.174630,0.502415,0.027381
20,42,0.267336,0.510517,0.027381
20,43,0.367089,0.503212,0.027381
20,44,0.464921,0.491202,0.027381
20,45,0.553632,0.492081,0.027381
20,46,0.634407,0.504562,0.027381
20,47,0.715727,0.510360,0.027381
20,48,0.805573,0.500981,0.027381
20,49,0.904086,0.490165,0.027381
20,50,0.121439,0.593758,0.027381
20,51,0.213034,0.606495,0.027381
20,52,0.295403,0.609717,0.027381
20,53,0.375563,0.598703,0.027381
20,54,0.462560,0.589589,0.027381
20,55,0.559156,0.595727,0.027381
20,56,0.659286,0.608125,0.027381
20,57,0.753636,0.608620,0.027381
20,58,0.838208,0.596487,0.027381
20,59,0.917992,0.589501,0.027381
20,60,0.084380,0.697896,0.027381
20,61,0.178532,0.709374,0.027381
20,62,0.278631,0.707119,0.027381
20,63,0.375392,0.694435,0.027381
20,64,0.462598,0.689904,0.027381
20,65,0.542819,0.700164,0.027381
20,66,0.625045,0.710184,0.027381
20,67,0.716424,0.705285,0.027381
20,68,0.815687,0.692643,0.027381
20,69,0.914319,0.690780,0.027381
20,70,0.122383,0.802424,0.027381
20,71,0.203820,0.810517,0.027381
20,72,0.284503,0.803203,0.027381
20,73,0.372998,0.791196,0.027381
20,74,0.470689,0.792087,0.027381
20,75,0.570504,0.804570,0.027381
20,76,0.663420,0.810358,0.027381
20,77,0.746756,0.800971,0.027381
20,78,0.826639,0.790162,0.027381
20,79,0.912370,0.793765,0.027381
20,80,0.089874,0.906503,0.027381
20,81,0.190091,0.909714,0.027381
20,82,0.285628,0.898694,0.027381
20,83,0.371393,0.889588,0.027381
20,84,0.451280,0.895735,0.027381
20,85,0.534588,0.908131,0.027381
20,86,0.627468,0.908615,0.027381
20,87,0.727273,0.896478,0.027381
20,88,0.824988,0.889501,0.027381
20,89,0.913520,0.897905,0.027381
21,0,0.106692,0.098598,0.027600
21,1,0.195397,0.090914,0.027600
21,2,0.274543,0.096541,0.027600
21,3,0.354109,0.107235,0.027600
21,4,0.443688,0.107330,0.027600
21,5,0.543667,0.096686,0.027600
21,6,0.644872,0.090897,0.027600
21,7,0.737000,0.098444,0.027600
21,8,0.818096,0.108270,0.027600
21,9,0.896345,0.105981,0.027600
21,10,0.100552,0.194929,0.027600
21,11,0.198203,0.191307,0.027600
21,12,0.300265,0.200420,0.027600
21,13,0.395647,0.208918,0.027600
21,14,0.479402,0.204351,0.027600
21,15,0.557270,0.193410,0.027600
21,16,0.640407,0.192123,0.027600
21,17,0.735121,0.202376,0.027600
21,18,0.837080,0.209148,0.027600
21,19,0.935287,0.202518,0.027600
21,20,0.104198,0.292199,0.027600
21,21,0.182652,0.293308,0.027600
21,22,0.263265,0.304221,0.027600
21,23,0.354667,0.308950,0.027600
21,24,0.455569,0.300567,0.027600
21,25,0.555948,0.291354,0.027600
21,26,0.646261,0.294807,0.027600
21,27,0.726221,0.305868,0.027600
21,28,0.805058,0.308333,0.027600
21,29,0.893036,0.298590,0.027600
21,30,0.110013,0.390913,0.027600
21,31,0.211737,0.396549,0.027600
21,32,0.305428,0.407240,0.027600
21,33,0.387693,0.407325,0.027600
21,34,0.465643,0.396679,0.027600
21,35,0.550358,0.390898,0.027600
21,36,0.646695,0.398452,0.027600
21,37,0.748829,0.408274,0.027600
21,38,0.845604,0.405975,0.027600
21,39,0.930791,0.394923,0.027600
21,40,0.090815,0.491309,0.027600
21,41,0.172687,0.500428,0.027600
21,42,0.265879,0.508920,0.027600
21,43,0.367458,0.504344,0.027600
21,44,0.466776,0.493404,0.027600
21,45,0.555268,0.492127,0.027600
21,46,0.634319,0.502384,0.027600
21,47,0.713996,0.509148,0.027600
21,48,0.803790,0.502511,0.027600
21,49,0.903890,0.492195,0.027600
21,50,0.123011,0.593314,0.027600
21,51,0.214927,0.604228,0.027600
21,52,0.295878,0.608948,0.027600
21,53,0.374183,0.600559,0.027600
21,54,0.460594,0.591351,0.027600
21,55,0.558411,0.594813,0.027600
21,56,0.660447,0.605874,0.027600
21,57,0.755636,0.608329,0.027600
21,58,0.839207,0.598582,0.027600
21,59,0.917071,0.590912,0.027600
21,60,0.082386,0.696556,0.027600
21,61,0.177298,0.707245,0.027600
21,62,0.279291,0.707320,0.027600
21,63,0.377339,0.696671,0.027600
21,64,0.464043,0.690899,0.027600
21,65,0.542432,0.698460,0.027600
21,66,0.623183,0.708277,0.027600
21,67,0.714798,0.705968,0.027600
21,68,0.815793,0.694916,0.027600
21,69,0.916059,0.691312,0.027600
21,70,0.124157,0.800436,0.027600
21,71,0.203998,0.808922,0.027600
21,72,0.282921,0.804337,0.027600
21,73,0.371111,0.793399,0.027600
21,74,0.470231,0.792131,0.027600
21,75,0.571897,0.802391,0.027600
21,76,0.665383,0.809148,0.027600
21,77,0.747484,0.802503,0.027600
21,78,0.825462,0.792191,0.027600
21,79,0.910371,0.793319,0.027600
21,80,0.088890,0.904235,0.027600
21,81,0.191027,0.908946,0.027600
21,82,0.287623,0.900551,0.027600
21,83,0.372613,0.891348,0.027600
21,84,0.450604,0.894820,0.027600
21,85,0.532637,0.905880,0.027600
21,86,0.626036,0.908326,0.027600
21,87,0.727677,0.898574,0.027600
21,88,0.826857,0.890911,0.027600
21,89,0.915135,0.896564,0.027600
22,0,0.108700,0.100897,0.027819
22,1,0.196478,0.091657,0.027819
22,2,0.273703,0.094640,0.027819
22,3,0.352120,0.105475,0.027819
22,4,0.442379,0.108289,0.027819
22,5,0.544242,0.098960,0.027819
22,6,0.646801,0.091154,0.027819
22,7,0.738511,0.096308,0.027819
22,8,0.817799,0.106870,0.027819
22,9,0.894513,0.107368,0.027819
22,10,0.098869,0.197071,0.027819
22,11,0.198217,0.191065,0.027819
22,12,0.301962,0.198148,0.027819
22,13,0.397468,0.207944,0.027819
22,14,0.479672,0.206102,0.027819
22,15,0.555742,0.195320,0.027819
22,16,0.638485,0.191395,0.027819
22,17,0.734573,0.200076,0.027819
22,18,0.838409,0.208646,0.027819
22,19,0.937272,0.204550,0.027819
22,20,0.105013,0.293788,0.027819
22,21,0.181548,0.292127,0.027819
22,22,0.261257,0.302000,0.027819
22,23,0.353601,0.308943,0.027819
22,24,0.456425,0.302785,0.027819
22,25,0.557939,0.292547,0.027819
22,26,0.647557,0.293228,0.027819
22,27,0.725630,0.303830,0.027819
22,28,0.803124,0.308821,0.027819
22,29,0.891537,0.300889,0.027819
22,30,0.110328,0.391655,0.027819
22,31,0.213575,0.394646,0.027819
22,32,0.307100,0.405481,0.027819
22,33,0.387661,0.408286,0.027819
22,34,0.463937,0.398952,0.027819
22,35,0.548545,0.391153,0.027819
22,36,0.646443,0.396315,0.027819
22,37,0.750369,0.406875,0.027819
22,38,0.847520,0.407363,0.027819
22,39,0.931321,0.397064,0.027819
22,40,0.089472,0.491066,0.027819
22,41,0.170705,0.498156,0.027819
22,42,0.265081,0.507948,0.027819
22,43,0.368576,0.506096,0.027819
22,44,0.468784,0.495313,0.027819
22,45,0.556319,0.491397,0.027819
22,46,0.633447,0.500084,0.027819
22,47,0.712003,0.508648,0.027819
22,48,0.802509,0.504543,0.027819
22,49,0.904499,0.493782,0.027819
22,50,0.124950,0.592131,0.027819
22,51,0.216414,0.602008,0.027819
22,52,0.295546,0.608943,0.027819
22,53,0.372337,0.602777,0.027819
22,54,0.458931,0.592542,0.027819
22,55,0.558461,0.593233,0.027819
22,56,0.662163,0.603837,0.027819
22,57,0.757441,0.608820,0.027819
22,58,0.839442,0.600881,0.027819
22,59,0.915520,0.591652,0.027819
22,60,0.080475,0.694653,0.027819
22,61,0.176784,0.705487,0.027819
22,62,0.280647,0.708283,0.027819
22,63,0.379318,0.698944,0.027819
22,64,0.464825,0.691152,0.027819
22,65,0.541299,0.696322,0.027819
22,66,0.621176,0.706881,0.027819
22,67,0.713762,0.707359,0.027819
22,68,0.816681,0.697056,0.027819
22,69,0.918054,0.691066,0.027819
22,70,0.125425,0.798164,0.027819
22,71,0.203373,0.807951,0.027819
22,72,0.280978,0.806090,0.027819
22,73,0.369636,0.795307,0.027819
22,74,0.470581,0.791399,0.027819
22,75,0.573750,0.800092,0.027819
22,76,0.667036,0.808650,0.027819
22,77,0.747417,0.804536,0.027819
22,78,0.823737,0.793777,0.027819
22,79,0.908574,0.792135,0.027819
22,80,0.088674,0.902015,0.027819
22,81,0.192590,0.908944,0.027819
22,82,0.289528,0.902769,0.027819
22,83,0.373109,0.892538,0.027819
22,84,0.449235,0.893238,0.027819
22,85,0.530661,0.903845,0.027819
22,86,0.625270,0.908818,0.027819
22,87,0.728825,0.900873,0.027819
22,88,0.828863,0.891649,0.027819
22,89,0.916156,0.894659,0.027819
23,0,0.110537,0.103134,0.028038
23,1,0.196799,0.091634,0.028038
23,2,0.272213,0.092390,0.028038
23,3,0.350189,0.104295,0.028038
23,4,0.441783,0.109907,0.028038
23,5,0.545528,0.101006,0.028038
23,6,0.648788,0.090631,0.028038
23,7,0.739371,0.093982,0.028038
23,8,0.816742,0.106150,0.028038
23,9,0.892511,0.109308,0.028038
23,10,0.097762,0.198830,0.028038
23,11,0.199023,0.190066,0.028038
23,12,0.303941,0.195855,0.028038
23,13,0.398799,0.207717,0.028038
23,14,0.479132,0.208273,0.028038
23,15,0.553827,0.196710,0.028038
23,16,0.636956,0.189966,0.028038
23,17,0.734836,0.197922,0.028038
23,18,0.840222,0.208922,0.028038
23,19,0.938968,0.206851,0.028038
23,20,0.105034,0.294743,0.028038
23,21,0.179874,0.290337,0.028038
23,22,0.259428,0.300087,0.028038
23,23,0.353298,0.309710,0.028038
23,24,0.457927,0.305108,0.028038
23,25,0.559865,0.293023,0.028038
23,26,0.648136,0.291159,0.028038
23,27,0.724330,0.302248,0.028038
23,28,0.801140,0.310043,0.028038
23,29,0.890693,0.303125,0.028038
23,30,0.111400,0.391629,0.028038
23,31,0.215578,0.392396,0.028038
23,32,0.308192,0.404303,0.028038
23,33,0.386839,0.409906,0.028038
23,34,0.461956,0.400997,0.028038
23,35,0.547227,0.390627,0.028038
23,36,0.647000,0.393989,0.028038
23,37,0.752289,0.406157,0.028038
23,38,0.849038,0.409305,0.028038
23,39,0.931042,0.398821,0.028038
23,40,0.087652,0.490065,0.028038
23,41,0.169018,0.495863,0.028038
23,42,0.265078,0.507722,0.028038
23,43,0.370260,0.508268,0.028038
23,44,0.470606,0.496701,0.028038
23,45,0.556604,0.489967,0.028038
23,46,0.631933,0.497931,0.028038
23,47,0.710082,0.508926,0.028038
23,48,0.801946,0.506844,0.028038
23,49,0.905812,0.494735,0.028038
23,50,0.126932,0.590339,0.028038
23,51,0.217242,0.600096,0.028038
23,52,0.294459,0.609712,0.028038
23,53,0.370334,0.605100,0.028038
23,54,0.457854,0.593016,0.028038
23,55,0.559299,0.591164,0.028038
23,56,0.664147,0.602256,0.028038
23,57,0.758746,0.610043,0.028038
23,58,0.838868,0.603117,0.028038
23,59,0.913595,0.591624,0.028038
23,60,0.078969,0.692402,0.028038
23,61,0.177082,0.704311,0.028038
23,62,0.282474,0.709904,0.028038
23,63,0.380995,0.700988,0.028038
23,64,0.464810,0.690624,0.028038
23,65,0.539606,0.693996,0.028038
23,66,0.619361,0.706164,0.028038
23,67,0.713494,0.709301,0.028038
23,68,0.818206,0.698812,0.028038
23,69,0.919970,0.690063,0.028038
23,70,0.125971,0.795871,0.028038
23,71,0.202046,0.807728,0.028038
23,72,0.278998,0.808263,0.028038
23,73,0.368824,0.796693,0.028038
23,74,0.471683,0.789968,0.028038
23,75,0.575753,0.797940,0.028038
23,76,0.668098,0.808930,0.028038
23,77,0.746562,0.806838,0.028038
23,78,0.821751,0.794728,0.028038
23,79,0.907283,0.790342,0.028038
23,80,0.089264,0.900105,0.028038
23,81,0.194519,0.909715,0.028038
23,82,0.291022,0.905092,0.028038
23,83,0.372795,0.893010,0.028038
23,84,0.447400,0.891168,0.028038
23,85,0.528993,0.902265,0.028038
23,86,0.625303,0.910044,0.028038
23,87,0.730528,0.903108,0.028038
23,88,0.830671,0.891619,0.028038
23,89,0.916406,0.892408,0.028038
24,0,0.111893,0.105049,0.028257
24,1,0.196306,0.090838,0.028257
24,2,0.270324,0.090050,0.028257
24,3,0.348641,0.103839,0.028257
24,4,0.441999,0.112004,0.028257
24,5,0.547310,0.102583,0.028257
24,6,0.650497,0.089378,0.028257
24,7,0.739436,0.091734,0.028257
24,8,0.815103,0.106200,0.028257
24,9,0.890675,0.111583,0.028257
24,10,0.097417,0.199997,0.028257
24,11,0.200486,0.188416,0.028257
24,12,0.305866,0.193805,0.028257
24,13,0.399417,0.208270,0.028257
24,14,0.477874,0.210619,0.028257
24,15,0.551850,0.197411,0.028257
24,16,0.636077,0.187996,0.028257
24,17,0.735863,0.196166,0.028257
24,18,0.842211,0.209953,0.028257
24,19,0.940090,0.209159,0.028257
24,20,0.104257,0.294946,0.028257
24,21,0.177913,0.288138,0.028257
24,22,0.258085,0.298707,0.028257
24,23,0.353808,0.311171,0.028257
24,24,0.459822,0.307269,0.028257
24,25,0.561402,0.292718,0.028257
24,26,0.647902,0.288835,0.028257
24,27,0.722540,0.301309,0.028257
24,28,0.799440,0.311865,0.028257
24,29,0.890645,0.305039,0.028257
24,30,0.113048,0.390831,0.028257
24,31,0.217407,0.390056,0.028257
24,32,0.308520,0.403849,0.028257
24,33,0.385364,0.412004,0.028257
24,34,0.460034,0.402573,0.028257
24,35,0.546625,0.389373,0.028257
24,36,0.648271,0.391742,0.028257
24,37,0.754264,0.406209,0.028257
24,38,0.849901,0.411580,0.028257
24,39,0.929999,0.399987,0.028257
24,40,0.085662,0.488413,0.028257
24,41,0.167910,0.493814,0.028257
24,42,0.265871,0.508278,0.028257
24,43,0.372225,0.510614,0.028257
24,44,0.471936,0.497401,0.028257
24,45,0.556077,0.487995,0.028257
24,46,0.630033,0.496177,0.028257
24,47,0.708556,0.509959,0.028257
24,48,0.802197,0.509152,0.028257
24,49,0.907609,0.494937,0.028257
24,50,0.128622,0.588139,0.028257
24,51,0.217272,0.598718,0.028257
24,52,0.292800,0.611175,0.028257
24,53,0.368512,0.607261,0.028257
24,54,0.457544,0.592710,0.028257
24,55,0.560786,0.588839,0.028257
24,56,0.666064,0.601319,0.028257
24,57,0.759331,0.611867,0.028257
24,58,0.837583,0.605029,0.028257
24,59,0.911622,0.590824,0.028257
24,60,0.078122,0.690062,0.028257
24,61,0.178139,0.703859,0.028257
24,62,0.284464,0.712003,0.028257
24,63,0.382088,0.702563,0.028257
24,64,0.464001,0.689368,0.028257
24,65,0.537639,0.691749,0.028257
24,66,0.618044,0.706218,0.028257
24,67,0.714039,0.711577,0.028257
24,68,0.820111,0.699976,0.028257
24,69,0.921484,0.688410,0.028257
24,70,0.125702,0.793823,0.028257
24,71,0.200241,0.808286,0.028257
24,72,0.277317,0.810609,0.028257
24,73,0.368812,0.797390,0.028257
24,74,0.473351,0.787994,0.028257
24,75,0.577568,0.796187,0.028257
24,76,0.668391,0.809965,0.028257
24,77,0.745064,0.809145,0.028257
24,78,0.819839,0.794927,0.028257
24,79,0.906715,0.788141,0.028257
24,80,0.090563,0.898729,0.028257
24,81,0.196490,0.911179,0.028257
24,82,0.291854,0.907252,0.028257
24,83,0.371722,0.892701,0.028257
24,84,0.445410,0.888843,0.028257
24,85,0.527915,0.901330,0.028257
24,86,0.626128,0.911868,0.028257
24,87,0.732498,0.905020,0.028257
24,88,0.831974,0.890817,0.028257
24,89,0.915845,0.890068,0.028257
25,0,0.112541,0.106419,0.028476
25,1,0.195086,0.089353,0.028476
25,2,0.268358,0.087884,0.028476
25,3,0.347737,0.104165,0.028476
25,4,0.442987,0.114344,0.028476
25,5,0.549282,0.103509,0.028476
25,6,0.651640,0.087533,0.028476
25,7,0.738699,0.089822,0.028476
25,8,0.813163,0.107022,0.028476
25,9,0.889316,0.113935,0.028476
25,10,0.097888,0.200434,0.028476
25,11,0.202354,0.186297,0.028476
25,12,0.307414,0.192235,0.028476
25,13,0.399221,0.209549,0.028476
25,14,0.476115,0.212873,0.028476
25,15,0.550145,0.197338,0.028476
25,16,0.635993,0.185703,0.028476
25,17,0.737478,0.195013,0.028476
25,18,0.844039,0.211629,0.028476
25,19,0.940451,0.211209,0.028476
25,20,0.102819,0.294368,0.028476
25,21,0.175997,0.285778,0.028476
25,22,0.257453,0.298024,0.028476
25,23,0.355041,0.313165,0.028476
25,24,0.461785,0.309020,0.028476
25,25,0.562291,0.291661,0.028476
25,26,0.646899,0.286519,0.028476
25,27,0.720567,0.301127,0.028476
25,28,0.798311,0.314084,0.028476
25,29,0.891398,0.306408,0.028476
25,30,0.114991,0.389344,0.028476
25,31,0.218753,0.387891,0.028476
25,32,0.308032,0.404178,0.028476
25,33,0.383490,0.414344,0.028476
25,34,0.458498,0.403496,0.028476
25,35,0.546839,0.387527,0.028476
25,36,0.650038,0.389831,0.028476
25,37,0.755961,0.407033,0.028476
25,38,0.849967,0.413932,0.028476
25,39,0.928374,0.400421,0.028476
25,40,0.083840,0.486293,0.028476
25,41,0.167566,0.492246,0.028476
25,42,0.267321,0.509558,0.028476
25,43,0.374136,0.512868,0.028476
25,44,0.472551,0.497326,0.028476
25,45,0.554830,0.485702,0.028476
25,46,0.628071,0.495025,0.028476
25,47,0.707683,0.511637,0.028476
25,48,0.803216,0.511201,0.028476
25,49,0.909583,0.494356,0.028476
25,50,0.129737,0.585779,0.028476
25,51,0.216503,0.598036,0.028476
25,52,0.290855,0.613170,0.028476
25,53,0.367179,0.609010,0.028476
25,54,0.458049,0.591650,0.028476
25,55,0.562665,0.586523,0.028476
25,56,0.667589,0.601140,0.028476
25,57,0.759100,0.614087,0.028476
25,58,0.835809,0.606397,0.028476
25,59,0.909935,0.589336,0.028476
25,60,0.078073,0.687898,0.028476
25,61,0.179774,0.704190,0.028476
25,62,0.286279,0.714344,0.028476
25,63,0.382415,0.703484,0.028476
25,64,0.462539,0.687520,0.028476
25,65,0.535732,0.689840,0.028476
25,66,0.617446,0.707044,0.028476
25,67,0.715299,0.713929,0.028476
25,68,0.822071,0.700408,0.028476
25,69,0.922342,0.686289,0.028476
25,70,0.124669,0.792257,0.028476
25,71,0.198267,0.809568,0.028476
25,72,0.276217,0.812862,0.028476
25,73,0.369597,0.797313,0.028476
25,74,0.475299,0.785701,0.028476
25,75,0.578888,0.795037,0.028476
25,76,0.667869,0.811644,0.028476
25,77,0.743180,0.811193,0.028476
25,78,0.818325,0.794344,0.028476
25,79,0.906963,0.785781,0.028476
25,80,0.092345,0.898049,0.028476
25,81,0.198168,0.913175,0.028476
25,82,0.291885,0.909000,0.028476
25,83,0.370078,0.891640,0.028476
25,84,0.443602,0.886528,0.028476
25,85,0.527606,0.901152,0.028476
25,86,0.627602,0.914089,0.028476
25,87,0.734400,0.906385,0.028476
25,88,0.832556,0.889327,0.028476
25,89,0.914571,0.887905,0.028476
26,0,0.112375,0.107086,0.028695
26,1,0.193354,0.087342,0.028695
26,2,0.266652,0.086142,0.028695
26,3,0.347625,0.105244,0.028695
26,4,0.444573,0.116663,0.028695
26,5,0.551107,0.103671,0.028695
26,6,0.652026,0.085301,0.028695
26,7,0.737292,0.088465,0.028695
26,8,0.811257,0.108528,0.028695
26,9,0.888663,0.116098,0.028695
26,10,0.099089,0.200084,0.028695
26,11,0.204305,0.183947,0.028695
26,12,0.308321,0.191328,0.028695
26,13,0.398251,0.211413,0.028695
26,14,0.474159,0.214778,0.028695
26,15,0.549001,0.196493,0.028695
26,16,0.636714,0.183346,0.028695
26,17,0.739400,0.194597,0.028695
26,18,0.845396,0.213763,0.028695
26,19,0.939995,0.212767,0.028695
26,20,0.100969,0.293067,0.028695
26,21,0.174455,0.283524,0.028695
26,22,0.257636,0.298119,0.028695
26,23,0.356782,0.315469,0.028695
26,24,0.463483,0.310158,0.028695
26,25,0.562385,0.289965,0.028695
26,26,0.645304,0.284474,0.028695
26,27,0.718749,0.301729,0.028695
26,28,0.797942,0.316451,0.028695
26,29,0.892818,0.307073,0.028695
26,30,0.116894,0.387333,0.028695
26,31,0.219390,0.386150,0.028695
26,32,0.306817,0.405258,0.028695
26,33,0.381541,0.416663,0.028695
26,34,0.457606,0.403657,0.028695
26,35,0.547824,0.385294,0.028695
26,36,0.651995,0.388476,0.028695
26,37,0.757090,0.408541,0.028695
26,38,0.849230,0.416094,0.028695
26,39,0.926449,0.400069,0.028695
26,40,0.082496,0.483943,0.028695
26,41,0.168040,0.491340,0.028695
26,42,0.269176,0.511424,0.028695
26,43,0.375667,0.514771,0.028695
26,44,0.472351,0.496479,0.028695
26,45,0.553082,0.483345,0.028695
26,46,0.626383,0.494611,0.028695
26,47,0.707606,0.513772,0.028695
26,48,0.804821,0.512757,0.028695
26,49,0.911395,0.493053,0.028695
26,50,0.130089,0.583526,0.028695
26,51,0.215072,0.598133,0.028695
26,52,0.288956,0.615475,0.028695
26,53,0.366558,0.610146,0.028695
26,54,0.459277,0.589953,0.028695
26,55,0.564613,0.584479,0.028695
26,56,0.668466,0.601743,0.028695
26,57,0.758100,0.616454,0.028695
26,58,0.833851,0.607059,0.028695
26,59,0.908820,0.587323,0.028695
26,60,0.078826,0.686159,0.028695
26,61,0.181702,0.705272,0.028695
26,62,0.287610,0.716662,0.028695
26,63,0.381925,0.703642,0.028695
26,64,0.460678,0.685287,0.028695
26,65,0.534212,0.688486,0.028695
26,66,0.617664,0.708553,0.028695
26,67,0.717055,0.716090,0.028695
26,68,0.823751,0.700055,0.028695
26,69,0.922401,0.683939,0.028695
26,70,0.123053,0.791353,0.028695
26,71,0.196462,0.811434,0.028695
26,72,0.275882,0.814764,0.028695
26,73,0.371040,0.796464,0.028695
26,74,0.477194,0.783344,0.028695
26,75,0.579492,0.794625,0.028695
26,76,0.666627,0.813780,0.028695
26,77,0.741234,0.812748,0.028695
26,78,0.817464,0.793040,0.028695
26,79,0.907978,0.783529,0.028695
26,80,0.094303,0.898148,0.028695
26,81,0.199269,0.915481,0.028695
26,82,0.291116,0.910134,0.028695
26,83,0.368146,0.889941,0.028695
26,84,0.442284,0.884485,0.028695
26,85,0.528113,0.901758,0.028695
26,86,0.629468,0.916456,0.028695
26,87,0.735909,0.907046,0.028695
26,88,0.832321,0.887313,0.028695
26,89,0.912808,0.886167,0.028695
27,0,0.111431,0.106970,0.028914
27,1,0.191412,0.085032,0.028914
27,2,0.265498,0.085022,0.028914
27,3,0.348320,0.106955,0.028914
27,4,0.446478,0.118699,0.028914
27,5,0.552470,0.103049,0.028914
27,6,0.651595,0.082932,0.028914
27,7,0.735462,0.087820,0.028914
27,8,0.809711,0.110551,0.028914
27,9,0.888822,0.117826,0.028914
27,10,0.100808,0.198985,0.028914
27,11,0.206003,0.181632,0.028914
27,12,0.308437,0.191188,0.028914
27,13,0.396679,0.213654,0.028914
27,14,0.472344,0.216117,0.028914
27,15,0.548613,0.194969,0.028914
27,16,0.638109,0.181191,0.028914
27,17,0.741296,0.194969,0.028914
27,18,0.846050,0.216117,0.028914
27,19,0.938806,0.213654,0.028914
27,20,0.099030,0.291188,0.028914
27,21,0.173549,0.281632,0.028914
27,22,0.258596,0.298985,0.028914
27,23,0.358725,0.317826,0.028914
27,24,0.464623,0.310551,0.028914
27,25,0.561674,0.287819,0.028914
27,26,0.643395,0.282932,0.028914
27,27,0.717398,0.303049,0.028914
27,28,0.798390,0.318699,0.028914
27,29,0.894653,0.306955,0.028914
27,30,0.118429,0.385022,0.028914
27,31,0.219214,0.385032,0.028914
27,32,0.305091,0.406970,0.028914
27,33,0.379852,0.418697,0.028914
27,34,0.457507,0.403033,0.028914
27,35,0.549406,0.382925,0.028914
27,36,0.653803,0.387832,0.028914
27,37,0.757462,0.410565,0.028914
27,38,0.847824,0.417820,0.028914
27,39,0.924557,0.398968,0.028914
27,40,0.081859,0.481628,0.028914
27,41,0.169242,0.491203,0.028914
27,42,0.271113,0.513665,0.028914
27,43,0.376558,0.516108,0.028914
27,44,0.471376,0.494953,0.028914
27,45,0.551138,0.481191,0.028914
27,46,0.625257,0.494985,0.028914
27,47,0.708333,0.516126,0.028914
27,48,0.806733,0.513642,0.028914
27,49,0.912733,0.491173,0.028914
27,50,0.129624,0.581635,0.028914
27,51,0.213230,0.599002,0.028914
27,52,0.287431,0.617831,0.028914
27,53,0.366752,0.610538,0.028914
27,54,0.461011,0.587807,0.028914
27,55,0.566293,0.582939,0.028914
27,56,0.668547,0.603066,0.028914
27,57,0.756507,0.618701,0.028914
27,58,0.832049,0.606939,0.028914
27,59,0.908465,0.585011,0.028914
27,60,0.080244,0.685042,0.028914
27,61,0.183590,0.706986,0.028914
27,62,0.288232,0.718696,0.028914
27,63,0.380708,0.703016,0.028914
27,64,0.458743,0.682918,0.028914
27,65,0.533336,0.687845,0.028914
27,66,0.618653,0.710579,0.028914
27,67,0.718999,0.717815,0.028914
27,68,0.824863,0.698952,0.028914
27,69,0.921658,0.681624,0.028914
27,70,0.121138,0.791217,0.028914
27,71,0.195136,0.813677,0.028914
27,72,0.276364,0.816100,0.028914
27,73,0.372887,0.794936,0.028914
27,74,0.478708,0.781191,0.028914
27,75,0.579281,0.795001,0.028914
27,76,0.664886,0.816134,0.028914
27,77,0.739562,0.813631,0.028914
27,78,0.817400,0.791158,0.028914
27,79,0.909580,0.781639,0.028914
27,80,0.096098,0.899019,0.028914
27,81,0.199607,0.917836,0.028914
27,82,0.289686,0.910524,0.028914
27,83,0.366263,0.887794,0.028914
27,84,0.441679,0.882946,0.028914
27,85,0.529342,0.903082,0.028914
27,86,0.631401,0.918703,0.028914
27,87,0.736769,0.906924,0.028914
27,88,0.831317,0.885001,0.028914
27,89,0.910862,0.885052,0.028914
28,0,0.109877,0.106083,0.029133
28,1,0.189598,0.082680,0.029133
28,2,0.265092,0.084651,0.029133
28,3,0.349695,0.109108,0.029133
28,4,0.448369,0.120222,0.029133
28,5,0.553139,0.101711,0.029133
28,6,0.650426,0.080693,0.029133
28,7,0.733530,0.087960,0.029133
28,8,0.808792,0.112865,0.029133
28,9,0.889761,0.118923,0.029133
28,10,0.102741,0.197259,0.029133
28,11,0.207153,0.179610,0.029133
28,12,0.307747,0.191833,0.029133
28,13,0.394782,0.216020,0.029133
28,14,0.470985,0.216738,0.029133
28,15,0.549040,0.192934,0.029133
28,16,0.639930,0.179482,0.029133
28,17,0.742836,0.196089,0.029133
28,18,0.845893,0.218425,0.029133
28,19,0.937096,0.213769,0.029133
28,20,0.097339,0.288941,0.029133
28,21,0.173432,0.280315,0.029133
28,22,0.260160,0.300527,0.029133
28,23,0.360532,0.319967,0.029133
28,24,0.465012,0.310155,0.029133
28,25,0.560287,0.285466,0.029133
28,26,0.641507,0.282069,0.029133
28,27,0.716745,0.304941,0.029133
28,28,0.799572,0.320575,0.029133
28,29,0.896584,0.306066,0.029133
28,30,0.119333,0.382671,0.029133
28,31,0.218260,0.384663,0.029133
28,32,0.303156,0.409124,0.029133
28,33,0.378715,0.420219,0.029133
28,34,0.458214,0.401693,0.029133
28,35,0.551306,0.380687,0.029133
28,36,0.655150,0.387975,0.029133
28,37,0.757017,0.412879,0.029133
28,38,0.845997,0.418916,0.029133
28,39,0.923027,0.397240,0.029133
28,40,0.082033,0.479608,0.029133
28,41,0.170960,0.491850,0.029133
28,42,0.272796,0.516032,0.029133
28,43,0.376658,0.516727,0.029133
28,44,0.469802,0.492917,0.029133
28,45,0.549337,0.479484,0.029133
28,46,0.624885,0.496107,0.029133
28,47,0.709732,0.518433,0.029133
28,48,0.808617,0.513755,0.029133
28,49,0.913370,0.488926,0.029133
28,50,0.128428,0.580320,0.029133
28,51,0.211301,0.600546,0.029133
28,52,0.286543,0.619972,0.029133
28,53,0.367721,0.610139,0.029133
28,54,0.462947,0.585453,0.029133
28,55,0.567416,0.582078,0.029133
28,56,0.667825,0.604959,0.029133
28,57,0.754604,0.620575,0.029133
28,58,0.830715,0.606049,0.029133
28,59,0.908926,0.582661,0.029133
28,60,0.082077,0.684675,0.029133
28,61,0.185109,0.709140,0.029133
28,62,0.288041,0.720215,0.029133
28,63,0.378983,0.701675,0.029133
28,64,0.457069,0.680681,0.029133
28,65,0.533253,0.687990,0.029133
28,66,0.620237,0.712894,0.029133
28,67,0.720794,0.718908,0.029133
28,68,0.825218,0.697222,0.029133
28,69,0.920247,0.679606,0.029133
28,70,0.119258,0.791867,0.029133
28,71,0.194515,0.816043,0.029133
28,72,0.277573,0.816716,0.029133
28,73,0.374814,0.792900,0.029133
28,74,0.479581,0.779485,0.029133
28,75,0.578298,0.796125,0.029133
28,76,0.662949,0.818441,0.029133
28,77,0.738454,0.813742,0.029133
28,78,0.818138,0.788910,0.029133
28,79,0.911486,0.780325,0.029133
28,80,0.097420,0.900564,0.029133
28,81,0.199129,0.919976,0.029133
28,82,0.287848,0.910123,0.029133
28,83,0.364754,0.885440,0.029133
28,84,0.441887,0.882087,0.029133
28,85,0.531076,0.904977,0.029133
28,86,0.633066,0.920576,0.029133
28,87,0.736835,0.906031,0.029133
28,88,0.829723,0.882651,0.029133
28,89,0.909074,0.884687,0.029133
29,0,0.107988,0.104525,0.029352
29,1,0.188230,0.080554,0.029352
29,2,0.265502,0.085071,0.029352
29,3,0.351507,0.111459,0.029352
29,4,0.449917,0.121059,0.029352
29,5,0.553000,0.099808,0.029352
29,6,0.648728,0.078838,0.029352
29,7,0.731834,0.088871,0.029352
29,8,0.808657,0.115208,0.029352
29,9,0.891312,0.119266,0.029352
29,10,0.104551,0.195099,0.029352
29,11,0.207559,0.178112,0.029352
29,12,0.306375,0.193191,0.029352
29,13,0.392894,0.218245,0.029352
29,14,0.470317,0.216570,0.029352
29,15,0.550206,0.190620,0.029352
29,16,0.641858,0.178412,0.029352
29,17,0.743754,0.197830,0.029352
29,18,0.844956,0.220427,0.029352
29,19,0.935166,0.213098,0.029352
29,20,0.096191,0.286580,0.029352
29,21,0.174120,0.279722,0.029352
29,22,0.262053,0.302571,0.029352
29,23,0.361889,0.321653,0.029352
29,24,0.464585,0.309013,0.029352
29,25,0.558469,0.283169,0.029352
29,26,0.639970,0.281982,0.029352
29,27,0.716901,0.307192,0.029352
29,28,0.801279,0.321866,0.029352
29,29,0.898272,0.304506,0.029352
29,30,0.119451,0.380545,0.029352
29,31,0.216699,0.385086,0.029352
29,32,0.301353,0.411476,0.029352
29,33,0.378327,0.421054,0.029352
29,34,0.459598,0.399788,0.029352
29,35,0.553190,0.378833,0.029352
29,36,0.655802,0.388887,0.029352
29,37,0.755838,0.415222,0.029352
29,38,0.844070,0.419256,0.029352
29,39,0.922125,0.395080,0.029352
29,40,0.082984,0.478112,0.029352
29,41,0.172891,0.493210,0.029352
29,42,0.273930,0.518256,0.029352
29,43,0.375954,0.516557,0.029352
29,44,0.467906,0.490602,0.029352
29,45,0.547993,0.478415,0.029352
29,46,0.625328,0.497850,0.029352
29,47,0.711556,0.520434,0.029352
29,48,0.810144,0.513083,0.029352
29,49,0.913197,0.486565,0.029352
29,50,0.126714,0.579730,0.029352
29,51,0.209622,0.602591,0.029352
29,52,0.286442,0.621656,0.029352
29,53,0.369292,0.608995,0.029352
29,54,0.464744,0.583156,0.029352
29,55,0.567787,0.581993,0.029352
29,56,0.666429,0.607210,0.029352
29,57,0.752724,0.621864,0.029352
29,58,0.830079,0.604487,0.029352
29,59,0.910119,0.580536,0.029352
29,60,0.084002,0.685100,0.029352
29,61,0.185996,0.711492,0.029352
29,62,0.287074,0.721048,0.029352
29,63,0.377051,0.699769,0.029352
29,64,0.455948,0.678828,0.029352
29,65,0.533973,0.688904,0.029352
29,66,0.622136,0.715236,0.029352
29,67,0.722126,0.719247,0.029352
29,68,0.824758,0.695061,0.029352
29,69,0.918418,0.678111,0.029352
29,70,0.117742,0.793228,0.029352
29,71,0.194706,0.818266,0.029352
29,72,0.279295,0.816544,0.029352
29,73,0.376485,0.790585,0.029352
29,74,0.479664,0.778419,0.029352
29,75,0.576717,0.797869,0.029352
29,76,0.661158,0.820441,0.029352
29,77,0.738099,0.813067,0.029352
29,78,0.819546,0.786549,0.029352
29,79,0.913362,0.779737,0.029352
29,80,0.098040,0.902610,0.029352
29,81,0.197923,0.921659,0.029352
29,82,0.285924,0.908978,0.029352
29,83,0.363882,0.883144,0.029352
29,84,0.442868,0.882004,0.029352
29,85,0.533008,0.907229,0.029352
29,86,0.634173,0.921863,0.029352
29,87,0.736099,0.904468,0.029352
29,88,0.827820,0.880527,0.029352
29,89,0.907755,0.885114,0.029352
30,0,0.106096,0.102473,0.029571
30,1,0.187545,0.078893,0.029571
30,2,0.266654,0.086235,0.029571
30,3,0.353436,0.113743,0.029571
30,4,0.450851,0.121117,0.029571
30,5,0.552080,0.097555,0.029571
30,6,0.646800,0.077575,0.029571
30,7,0.730671,0.090448,0.029571
30,8,0.809329,0.117315,0.029571
30,9,0.893200,0.118816,0.029571
30,10,0.105920,0.192752,0.029571
30,11,0.207150,0.177306,0.029571
30,12,0.304564,0.195107,0.029571
30,13,0.391346,0.220076,0.029571
30,14,0.470455,0.215633,0.029571
30,15,0.551904,0.188288,0.029571
30,16,0.643554,0.178101,0.029571
30,17,0.743889,0.199996,0.029571
30,18,0.843406,0.221897,0.029571
30,19,0.933356,0.211719,0.029571
30,20,0.095785,0.284372,0.029571
30,21,0.175492,0.279920,0.029571
30,22,0.263941,0.304885,0.029571
30,23,0.362558,0.322693,0.029571
30,24,0.463420,0.307256,0.029571
30,25,0.556541,0.281188,0.029571
30,26,0.639051,0.282680,0.029571
30,27,0.717837,0.309545,0.029571
30,28,0.803208,0.322427,0.029571
30,29,0.899421,0.302453,0.029571
30,30,0.118763,0.378886,0.029571
30,31,0.214807,0.386251,0.029571
30,32,0.299995,0.413759,0.029571
30,33,0.378753,0.421110,0.029571
30,34,0.461415,0.397535,0.029571
30,35,0.554728,0.377571,0.029571
30,36,0.655647,0.390466,0.029571
30,37,0.754132,0.417328,0.029571
30,38,0.842382,0.418805,0.029571
30,39,0.922007,0.392732,0.029571
30,40,0.084544,0.477307,0.029571
30,41,0.174695,0.495127,0.029571
30,42,0.274320,0.520086,0.029571
30,43,0.374570,0.515619,0.029571
30,44,0.466022,0.488270,0.029571
30,45,0.547340,0.478106,0.029571
30,46,0.626507,0.500016,0.029571
30,47,0.713482,0.521903,0.029571
30,48,0.811047,0.511702,0.029571
30,49,0.912246,0.484358,0.029571
30,50,0.124783,0.579930,0.029571
30,51,0.208487,0.604905,0.029571
30,52,0.287146,0.622694,0.029571
30,53,0.371187,0.607237,0.029571
30,54,0.466089,0.581177,0.029571
30,55,0.567345,0.582693,0.029571
30,56,0.664606,0.609564,0.029571
30,57,0.751196,0.622423,0.029571
30,58,0.830251,0.602433,0.029571
30,59,0.911833,0.578878,0.029571
30,60,0.085682,0.686267,0.029571
30,61,0.186098,0.713775,0.029571
30,62,0.285504,0.721102,0.029571
30,63,0.375253,0.697515,0.029571
30,64,0.455575,0.677568,0.029571
30,65,0.535369,0.690484,0.029571
30,66,0.624017,0.717341,0.029571
30,67,0.722763,0.718793,0.029571
30,68,0.823566,0.692713,0.029571
30,69,0.916493,0.677308,0.029571
30,70,0.116854,0.795147,0.029571
30,71,0.195671,0.820095,0.029571
30,72,0.281227,0.815604,0.029571
30,73,0.377606,0.788253,0.029571
30,74,0.478945,0.778111,0.029571
30,75,0.574818,0.800037,0.029571
30,76,0.659825,0.821908,0.029571
30,77,0.738558,0.811684,0.029571
30,78,0.821374,0.784343,0.029571
30,79,0.914879,0.779939,0.029571
30,80,0.097851,0.904925,0.029571
30,81,0.196201,0.922695,0.029571
30,82,0.284253,0.907217,0.029571
30,83,0.363798,0.881166,0.029571
30,84,0.444448,0.882706,0.029571
30,85,0.534799,0.909582,0.029571
30,86,0.634529,0.922420,0.029571
30,87,0.734692,0.902413,0.029571
30,88,0.825944,0.878871,0.029571
30,89,0.907134,0.886283,0.029571
31,0,0.104533,0.100160,0.029790
31,1,0.187663,0.077884,0.029790
31,2,0.268344,0.088008,0.029790
31,3,0.355145,0.115700,0.029790
31,4,0.451006,0.120391,0.029790
31,5,0.550539,0.095209,0.029790
31,6,0.644980,0.077046,0.029790
31,7,0.730245,0.092510,0.029790
31,8,0.810688,0.118948,0.029790
31,9,0.895095,0.117626,0.029790
31,10,0.106609,0.190483,0.029790
31,11,0.205999,0.177282,0.029790
31,12,0.302631,0.197363,0.029790
31,13,0.390409,0.221308,0.029790
31,14,0.471375,0.214036,0.029790
31,15,0.553835,0.186202,0.029790
31,16,0.644721,0.178582,0.029790
31,17,0.743219,0.202339,0.029790
31,18,0.841515,0.222670,0.029790
31,19,0.931983,0.209789,0.029790
31,20,0.096191,0.282567,0.029790
31,21,0.177305,0.280885,0.029790
31,22,0.265493,0.307206,0.029790
31,23,0.362422,0.322971,0.029790
31,24,0.461721,0.305083,0.029790
31,25,0.554841,0.279749,0.029790
31,26,0.638913,0.284082,0.029790
31,27,0.719387,0.311735,0.029790
31,28,0.805022,0.322196,0.029790
31,29,0.899831,0.300139,0.029790
31,30,0.117392,0.377879,0.029790
31,31,0.212915,0.388026,0.029790
31,32,0.299323,0.415715,0.029790
31,33,0.379917,0.420382,0.029790
31,34,0.463346,0.395189,0.029790
31,35,0.555651,0.377044,0.029790
31,36,0.654712,0.392530,0.029790
31,37,0.752200,0.418959,0.029790
31,38,0.841229,0.417613,0.029790
31,39,0.922693,0.390464,0.029790
31,40,0.086439,0.477285,0.029790
31,41,0.176056,0.497383,0.029790
31,42,0.273897,0.521315,0.029790
31,43,0.372751,0.514020,0.029790
31,44,0.464480,0.486185,0.029790
31,45,0.547492,0.478589,0.029790
31,46,0.628214,0.502360,0.029790
31,47,0.715174,0.522673,0.029790
31,48,0.811169,0.509770,0.029790
31,49,0.910685,0.482554,0.029790
31,50,0.122975,0.580896,0.029790
31,51,0.208094,0.607226,0.029790
31,52,0.288529,0.622970,0.029790
31,53,0.373075,0.605063,0.029790
31,54,0.466746,0.579739,0.029790
31,55,0.566167,0.584097,0.029790
31,56,0.662676,0.611753,0.029790
31,57,0.750289,0.622191,0.029790
31,58,0.831201,0.600119,0.029790
31,59,0.913766,0.577873,0.029790
31,60,0.086821,0.688043,0.029790
31,61,0.185396,0.715730,0.029790
31,62,0.283606,0.720372,0.029790
31,63,0.373904,0.695169,0.029790
31,64,0.456016,0.677043,0.029790
31,65,0.537193,0.692549,0.029790
31,66,0.625549,0.718971,0.029790
31,67,0.722593,0.717600,0.029790
31,68,0.821851,0.690445,0.029790
31,69,0.914810,0.677288,0.029790
31,70,0.116750,0.797404,0.029790
31,71,0.197242,0.821323,0.029790
31,72,0.283028,0.814004,0.029790
31,73,0.377983,0.786169,0.029790
31,74,0.477550,0.778597,0.029790
31,75,0.572934,0.802380,0.029790
31,76,0.659185,0.822677,0.029790
31,77,0.739750,0.809752,0.029790
31,78,0.823303,0.782541,0.029790
31,79,0.915771,0.780907,0.029790
31,80,0.096886,0.907245,0.029790
31,81,0.194267,0.922969,0.029790
31,82,0.283128,0.905043,0.029790
31,83,0.364516,0.879729,0.029790
31,84,0.446349,0.884112,0.029790
31,85,0.536136,0.911771,0.029790
31,86,0.634072,0.922185,0.029790
31,87,0.732861,0.900099,0.029790
31,88,0.824423,0.877867,0.029790
31,89,0.907321,0.888061,0.029790
32,0,0.103574,0.097850,0.030010
32,1,0.188565,0.077641,0.030010
32,2,0.270278,0.090188,0.030010
32,3,0.356332,0.117110,0.030010
32,4,0.450356,0.118966,0.030010
32,5,0.548649,0.093037,0.030010
32,6,0.643587,0.077309,0.030010
32,7,0.730630,0.094823,0.030010
32,8,0.812497,0.119921,0.030010
32,9,0.896665,0.115835,0.030010
32,10,0.106496,0.188550,0.030010
32,11,0.204307,0.178040,0.030010
32,12,0.300916,0.199701,0.030010
32,13,0.390248,0.221801,0.030010
32,14,0.472915,0.211962,0.030010
32,15,0.555661,0.184599,0.030010
32,16,0.645154,0.179799,0.030010
32,17,0.741861,0.204593,0.030010
32,18,0.839615,0.222659,0.030010
32,19,0.931287,0.207529,0.030010
32,20,0.097341,0.281369,0.030010
32,21,0.179242,0.282504,0.030010
32,22,0.266437,0.309270,0.030010
32,23,0.361505,0.322456,0.030010
32,24,0.459786,0.302744,0.030010
32,25,0.553667,0.279012,0.030010
32,26,0.639579,0.286028,0.030010
32,27,0.721282,0.313513,0.030010
32,28,0.806403,0.321202,0.030010
32,29,0.899428,0.297830,0.030010
32,30,0.115576,0.377637,0.030010
32,31,0.211356,0.390206,0.030010
32,32,0.299453,0.417123,0.030010
32,33,0.381617,0.418955,0.030010
32,34,0.465053,0.393018,0.030010
32,35,0.555795,0.377310,0.030010
32,36,0.653161,0.394843,0.030010
32,37,0.750379,0.419931,0.030010
32,38,0.840813,0.415820,0.030010
32,39,0.924063,0.388533,0.030010
32,40,0.088336,0.478045,0.030010
32,41,0.176736,0.499721,0.030010
32,42,0.272733,0.521806,0.030010
32,43,0.370815,0.511945,0.030010
32,44,0.463550,0.484584,0.030010
32,45,0.548425,0.479808,0.030010
32,46,0.630150,0.504613,0.030010
32,47,0.716335,0.522660,0.030010
32,48,0.810486,0.507510,0.030010
32,49,0.908788,0.481358,0.030010
32,50,0.121607,0.582516,0.030010
32,51,0.208513,0.609288,0.030010
32,52,0.290350,0.622453,0.030010
32,53,0.374624,0.602724,0.030010
32,54,0.466598,0.579004,0.030010
32,55,0.564458,0.586044,0.030010
32,56,0.660978,0.613529,0.030010
32,57,0.750162,0.621194,0.030010
32,58,0.832762,0.597810,0.030010
32,59,0.915581,0.577634,0.030010
32,60,0.087221,0.690224,0.030010
32,61,0.184013,0.717136,0.030010
32,62,0.281713,0.718944,0.030010
32,63,0.373241,0.692999,0.030010
32,64,0.457192,0.677311,0.030010
32,65,0.539128,0.694863,0.030010
32,66,0.626462,0.719941,0.030010
32,67,0.721646,0.715806,0.030010
32,68,0.819913,0.688515,0.030010
32,69,0.913663,0.678050,0.030010
32,70,0.117448,0.799742,0.030010
32,71,0.199144,0.821812,0.030010
32,72,0.284384,0.811928,0.030010
32,73,0.377546,0.784569,0.030010
32,74,0.475722,0.779817,0.030010
32,75,0.571395,0.804633,0.030010
32,76,0.659350,0.822661,0.030010
32,77,0.741466,0.807491,0.030010
32,78,0.824993,0.781346,0.030010
32,79,0.915881,0.782529,0.030010
32,80,0.095315,0.909307,0.030010
32,81,0.192459,0.922450,0.030010
32,82,0.282745,0.902704,0.030010
32,83,0.365911,0.878997,0.030010
32,84,0.448239,0.886059,0.030010
32,85,0.536783,0.913545,0.030010
32,86,0.632882,0.921187,0.030010
32,87,0.730928,0.897790,0.030010
32,88,0.823524,0.877630,0.030010
32,89,0.908283,0.890242,0.030010
33,0,0.103388,0.095807,0.030229
33,1,0.190094,0.078189,0.030229
33,2,0.272117,0.092524,0.030229
33,3,0.356790,0.117811,0.030229
33,4,0.449012,0.117005,0.030229
33,5,0.546739,0.091286,0.030229
33,6,0.642867,0.078333,0.030229
33,7,0.731762,0.097122,0.030229
33,8,0.814440,0.120127,0.030229
33,9,0.897633,0.113646,0.030229
33,10,0.105599,0.187173,0.030229
33,11,0.202369,0.179492,0.030229
33,12,0.299720,0.201855,0.030229
33,13,0.390892,0.221501,0.030229
33,14,0.474809,0.209648,0.030229
33,15,0.557062,0.183661,0.030229
33,16,0.644775,0.181611,0.030229
33,17,0.740050,0.206501,0.030229
33,18,0.838037,0.221867,0.030229
33,19,0.931393,0.205198,0.030229
33,20,0.099033,0.280914,0.030229
33,21,0.180965,0.284591,0.030229
33,22,0.266607,0.310842,0.030229
33,23,0.359965,0.321210,0.030229
33,24,0.457953,0.300505,0.030229
33,25,0.553226,0.279060,0.030229
33,26,0.640936,0.288292,0.030229
33,27,0.723188,0.314676,0.030229
33,28,0.807107,0.319559,0.030229
33,29,0.898282,0.295788,0.030229
33,30,0.113634,0.378187,0.030229
33,31,0.210403,0.392542,0.030229
33,32,0.300366,0.417823,0.030229
33,33,0.383557,0.416993,0.030229
33,34,0.466236,0.391269,0.030229
33,35,0.555134,0.378336,0.030229
33,36,0.651264,0.397141,0.030229
33,37,0.748990,0.420135,0.030229
33,38,0.841209,0.413631,0.030229
33,39,0.925880,0.387158,0.030229
33,40,0.089904,0.479498,0.030229
33,41,0.176613,0.501874,0.030229
33,42,0.271033,0.521504,0.030229
33,43,0.369101,0.509631,0.030229
33,44,0.463398,0.483648,0.030229
33,45,0.549975,0.481621,0.030229
33,46,0.631977,0.506519,0.030229
33,47,0.716759,0.521867,0.030229
33,48,0.809117,0.505179,0.030229
33,49,0.906884,0.480904,0.030229
33,50,0.120919,0.584605,0.030229
33,51,0.209673,0.610859,0.030229
33,52,0.292292,0.621205,0.030229
33,53,0.375562,0.600486,0.030229
33,54,0.465671,0.579055,0.030229
33,55,0.562518,0.588309,0.030229
33,56,0.659808,0.614690,0.030229
33,57,0.750839,0.619551,0.030229
33,58,0.834663,0.595769,0.030229
33,59,0.916958,0.578186,0.030229
33,60,0.086808,0.692560,0.030229
33,61,0.182190,0.717834,0.030229
33,62,0.280155,0.716981,0.030229
33,63,0.373381,0.691251,0.030229
33,64,0.458901,0.678338,0.030229
33,65,0.540835,0.697160,0.030229
33,66,0.626598,0.720142,0.030229
33,67,0.720086,0.713616,0.030229
33,68,0.818092,0.687142,0.030229
33,69,0.913256,0.679505,0.030229
33,70,0.118829,0.801893,0.030229
33,71,0.201043,0.821508,0.030229
33,72,0.285057,0.809613,0.030229
33,73,0.376373,0.783635,0.030229
33,74,0.473782,0.781632,0.030229
33,75,0.570472,0.806538,0.030229
33,76,0.660292,0.821866,0.030229
33,77,0.743408,0.805161,0.030229
33,78,0.826148,0.780895,0.030229
33,79,0.915188,0.784618,0.030229
33,80,0.093410,0.910876,0.030229
33,81,0.191094,0.921200,0.030229
33,82,0.283175,0.900466,0.030229
33,83,0.367740,0.879049,0.030229
33,84,0.449786,0.888325,0.030229
33,85,0.536626,0.914705,0.030229
33,86,0.631165,0.919542,0.030229
33,87,0.729230,0.895750,0.030229
33,88,0.823406,0.878184,0.030229
33,89,0.909854,0.892579,0.030229
34,0,0.104008,0.094264,0.030448
34,1,0.191985,0.079464,0.030448
34,2,0.273540,0.094749,0.030448
34,3,0.356437,0.117727,0.030448
34,4,0.447207,0.114735,0.030448
34,5,0.545142,0.090156,0.030448
34,6,0.642946,0.079999,0.030448
34,7,0.733445,0.099143,0.030448
34,8,0.816179,0.119543,0.030448
34,9,0.897830,0.111313,0.030448
34,10,0.104072,0.186509,0.030448
34,11,0.200523,0.181470,0.030448
34,12,0.299251,0.203577,0.030448
34,13,0.392232,0.220444,0.030448
34,14,0.476725,0.207360,0.030448
34,15,0.557793,0.183494,0.030448
34,16,0.643649,0.183809,0.030448
34,17,0.738102,0.207844,0.030448
34,18,0.837058,0.220387,0.030448
34,19,0.932284,0.203063,0.030448
34,20,0.100974,0.281251,0.030448
34,21,0.182172,0.286906,0.030448
34,22,0.265970,0.311744,0.030448
34,23,0.358070,0.319376,0.030448
34,24,0.456542,0.298623,0.030448
34,25,0.553596,0.279887,0.030448
34,26,0.642747,0.290617,0.030448
34,27,0.724776,0.315093,0.030448
34,28,0.807011,0.317458,0.030448
34,29,0.896591,0.294247,0.030448
34,30,0.111903,0.379464,0.030448
34,31,0.210223,0.394766,0.030448
34,32,0.301903,0.417736,0.030448
34,33,0.385397,0.414722,0.030448
34,34,0.466688,0.390140,0.030448
34,35,0.553782,0.380003,0.030448
34,36,0.649351,0.399161,0.030448
34,37,0.748275,0.419548,0.030448
34,38,0.842349,0.411297,0.030448
34,39,0.927828,0.386496,0.030448
34,40,0.090868,0.481478,0.030448
34,41,0.175707,0.503595,0.030448
34,42,0.269090,0.520446,0.030448
34,43,0.367907,0.507343,0.030448
34,44,0.464051,0.483483,0.030448
34,45,0.551874,0.483820,0.030448
34,46,0.633377,0.507861,0.030448
34,47,0.716372,0.520385,0.030448
34,48,0.807300,0.503045,0.030448
34,49,0.905307,0.481244,0.030448
34,50,0.121032,0.586920,0.030448
34,51,0.211372,0.611758,0.030448
34,52,0.294015,0.619370,0.030448
34,53,0.375725,0.598605,0.030448
34,54,0.464123,0.579883,0.030448
34,55,0.560683,0.590633,0.030448
34,56,0.659373,0.615106,0.030448
34,57,0.752204,0.617449,0.030448
34,58,0.836573,0.594229,0.030448
34,59,0.917657,0.579464,0.030448
34,60,0.085653,0.694784,0.030448
34,61,0.180243,0.717745,0.030448
34,62,0.279207,0.714710,0.030448
34,63,0.374302,0.690124,0.030448
34,64,0.460845,0.680007,0.030448
34,65,0.542014,0.699179,0.030448
34,66,0.625928,0.719554,0.030448
34,67,0.718183,0.711282,0.030448
34,68,0.816705,0.686482,0.030448
34,69,0.913660,0.681486,0.030448
34,70,0.120653,0.803613,0.030448
34,71,0.202610,0.820447,0.030448
34,72,0.284926,0.807326,0.030448
34,73,0.374665,0.783472,0.030448
34,74,0.472067,0.783832,0.030448
34,75,0.570327,0.807878,0.030448
34,76,0.661850,0.820383,0.030448
34,77,0.745237,0.803027,0.030448
34,78,0.826566,0.781237,0.030448
34,79,0.913811,0.786934,0.030448
34,80,0.091504,0.911773,0.030448
34,81,0.190411,0.919364,0.030448
34,82,0.284343,0.898586,0.030448
34,83,0.369685,0.879879,0.030448
34,84,0.450720,0.890649,0.030448
34,85,0.535690,0.915118,0.030448
34,86,0.629219,0.917439,0.030448
34,87,0.728064,0.894212,0.030448
34,88,0.824092,0.879464,0.030448
34,89,0.911760,0.894802,0.030448
35,0,0.105329,0.093398,0.030667
35,1,0.193910,0.081318,0.030667
35,2,0.274299,0.096608,0.030667
35,3,0.355332,0.116867,0.030667
35,4,0.445255,0.112416,0.030667
35,5,0.544137,0.089776,0.030667
35,6,0.643812,0.082114,0.030667
35,7,0.735386,0.100655,0.030667
35,8,0.817411,0.118237,0.030667
35,9,0.897219,0.109101,0.030667
35,10,0.102181,0.186632,0.030667
35,11,0.199090,0.183747,0.030667
35,12,0.299594,0.204672,0.030667
35,13,0.394035,0.218753,0.030667
35,14,0.478331,0.205360,0.030667
35,15,0.557725,0.184115,0.030667
35,16,0.641969,0.186141,0.030667
35,17,0.736355,0.208470,0.030667
35,18,0.836850,0.218391,0.030667
35,19,0.933805,0.201368,0.030667
35,20,0.102827,0.282342,0.030667
35,21,0.182652,0.289184,0.030667
35,22,0.264636,0.311872,0.030667
35,23,0.356149,0.317167,0.030667
35,24,0.455799,0.297312,0.030667
35,25,0.554715,0.281395,0.030667
35,26,0.644699,0.292734,0.030667
35,27,0.725766,0.314718,0.030667
35,28,0.806129,0.315140,0.030667
35,29,0.894648,0.293382,0.030667
35,30,0.110685,0.381319,0.030667
35,31,0.210850,0.396624,0.030667
35,32,0.303798,0.416874,0.030667
35,33,0.386818,0.412404,0.030667
35,34,0.466328,0.389762,0.030667
35,35,0.551972,0.382119,0.030667
35,36,0.647755,0.400672,0.030667
35,37,0.748360,0.418241,0.030667
35,38,0.844037,0.409087,0.030667
35,39,0.929567,0.386621,0.030667
35,40,0.091059,0.483755,0.030667
35,41,0.174174,0.504688,0.030667
35,42,0.267243,0.518753,0.030667
35,43,0.367444,0.505344,0.030667
35,44,0.465398,0.484106,0.030667
35,45,0.553792,0.486152,0.030667
35,46,0.634103,0.508485,0.030667
35,47,0.715239,0.518387,0.030667
35,48,0.805349,0.501352,0.030667
35,49,0.904332,0.482336,0.030667
35,50,0.121929,0.589198,0.030667
35,51,0.213317,0.611885,0.030667
35,52,0.295219,0.617160,0.030667
35,53,0.375081,0.597296,0.030667
35,54,0.462223,0.581393,0.030667
35,55,0.559274,0.592749,0.030667
35,56,0.659750,0.614728,0.030667
35,57,0.754020,0.615130,0.030667
35,58,0.838159,0.593366,0.030667
35,59,0.917554,0.581321,0.030667
35,60,0.083957,0.696640,0.030667
35,61,0.178512,0.716882,0.030667
35,62,0.279033,0.712391,0.030667
35,63,0.375846,0.689748,0.030667
35,64,0.462687,0.682124,0.030667
35,65,0.542461,0.700688,0.030667
35,66,0.624569,0.718245,0.030667
35,67,0.716268,0.709072,0.030667
35,68,0.815994,0.686609,0.030667
35,69,0.914807,0.683764,0.030667
35,70,0.122603,0.804704,0.030667
35,71,0.203570,0.818753,0.030667
35,72,0.284013,0.805329,0.030667
35,73,0.372719,0.784097,0.030667
35,74,0.470877,0.786164,0.030667
35,75,0.570987,0.808500,0.030667
35,76,0.663754,0.818384,0.030667
35,77,0.746634,0.801335,0.030667
35,78,0.826173,0.782330,0.030667
35,79,0.911989,0.789212,0.030667
35,80,0.089928,0.911898,0.030667
35,81,0.190531,0.917154,0.030667
35,82,0.286048,0.897279,0.030667
35,83,0.371408,0.881391,0.030667
35,84,0.450876,0.892765,0.030667
35,85,0.534136,0.914738,0.030667
35,86,0.627384,0.915120,0.030667
35,87,0.727634,0.893351,0.030667
35,88,0.825463,0.881322,0.030667
35,89,0.913672,0.896657,0.030667
36,0,0.107123,0.093306,0.030886
36,1,0.195533,0.083538,0.030886
36,2,0.274260,0.097887,0.030886
36,3,0.353667,0.115332,0.030886
36,4,0.443493,0.110315,0.030886
36,5,0.543899,0.090187,0.030886
36,6,0.645317,0.084435,0.030886
36,7,0.737250,0.101486,0.030886
36,8,0.817920,0.116360,0.030886
36,9,0.895906,0.107267,0.030886
36,10,0.100253,0.187528,0.030886
36,11,0.198320,0.186061,0.030886
36,12,0.300690,0.205015,0.030886
36,13,0.395990,0.216622,0.030886
36,14,0.479347,0.203878,0.030886
36,15,0.556869,0.185452,0.030886
36,16,0.640028,0.188339,0.030886
36,17,0.735113,0.208309,0.030886
36,18,0.837450,0.216106,0.030886
36,19,0.935695,0.200308,0.030886
36,20,0.104269,0.284058,0.030886
36,21,0.182321,0.291163,0.030886
36,22,0.262836,0.311214,0.030886
36,23,0.354535,0.314836,0.030886
36,24,0.455855,0.296723,0.030886
36,25,0.556390,0.283411,0.030886
36,26,0.646452,0.294402,0.030886
36,27,0.725986,0.313594,0.030886
36,28,0.804613,0.312871,0.030886
36,29,0.892790,0.293292,0.030886
36,30,0.110193,0.383540,0.030886
36,31,0.212177,0.397902,0.030886
36,32,0.305724,0.415337,0.030886
36,33,0.387573,0.410303,0.030886
36,34,0.465218,0.390175,0.030886
36,35,0.550018,0.384440,0.030886
36,36,0.646754,0.401501,0.030886
36,37,0.749232,0.416363,0.030886
36,38,0.845981,0.407253,0.030886
36,39,0.930795,0.387518,0.030886
36,40,0.090442,0.486069,0.030886
36,41,0.172280,0.505029,0.030886
36,42,0.265812,0.516622,0.030886
36,43,0.367792,0.503864,0.030886
36,44,0.467205,0.485445,0.030886
36,45,0.555397,0.488350,0.030886
36,46,0.634030,0.508322,0.030886
36,47,0.713555,0.516103,0.030886
36,48,0.803603,0.500293,0.030886
36,49,0.904129,0.484054,0.030886
36,50,0.123456,0.591176,0.030886
36,51,0.215170,0.611225,0.030886
36,52,0.295695,0.614829,0.030886
36,53,0.373742,0.596709,0.030886
36,54,0.460301,0.583410,0.030886
36,55,0.558535,0.594416,0.030886
36,56,0.660874,0.613602,0.030886
36,57,0.755974,0.612862,0.030886
36,58,0.839145,0.593279,0.030886
36,59,0.916667,0.583542,0.030886
36,60,0.082011,0.697917,0.030886
36,61,0.177297,0.715343,0.030886
36,62,0.279666,0.710292,0.030886
36,63,0.377744,0.690163,0.030886
36,64,0.464106,0.684445,0.030886
36,65,0.542096,0.701515,0.030886
36,66,0.622756,0.716365,0.030886
36,67,0.714673,0.707240,0.030886
36,68,0.816085,0.687508,0.030886
36,69,0.916499,0.686077,0.030886
36,70,0.124341,0.805043,0.030886
36,71,0.203756,0.816621,0.030886
36,72,0.282476,0.803849,0.030886
36,73,0.370871,0.785438,0.030886
36,74,0.470418,0.788360,0.030886
36,75,0.572338,0.808334,0.030886
36,76,0.665673,0.816099,0.030886
36,77,0.747356,0.800278,0.030886
36,78,0.825034,0.784050,0.030886
36,79,0.910036,0.791188,0.030886
36,80,0.088957,0.911236,0.030886
36,81,0.191434,0.914823,0.030886
36,82,0.287996,0.896694,0.030886
36,83,0.372609,0.883409,0.030886
36,84,0.450227,0.894429,0.030886
36,85,0.532233,0.913611,0.030886
36,86,0.625977,0.912852,0.030886
36,87,0.728016,0.893265,0.030886
36,88,0.827283,0.883544,0.030886
36,89,0.915256,0.897931,0.030886
37,0,0.109078,0.093998,0.031105
37,1,0.196575,0.085869,0.031105
37,2,0.273429,0.098441,0.031105
37,3,0.351728,0.113297,0.031105
37,4,0.442229,0.108673,0.031105
37,5,0.544471,0.091342,0.031105
37,6,0.647200,0.086696,0.031105
37,7,0.738712,0.101540,0.031105
37,8,0.817617,0.114128,0.031105
37,9,0.894116,0.106019,0.031105
37,10,0.098622,0.189092,0.031105
37,11,0.198347,0.188145,0.031105
37,12,0.302350,0.204566,0.031105
37,13,0.397757,0.214297,0.031105
37,14,0.479597,0.203083,0.031105
37,15,0.555371,0.187352,0.031105
37,16,0.638160,0.190150,0.031105
37,17,0.734592,0.207378,0.031105
37,18,0.838755,0.213797,0.031105
37,19,0.937626,0.200003,0.031105
37,20,0.105050,0.286204,0.031105
37,21,0.181234,0.292616,0.031105
37,22,0.260880,0.309845,0.031105
37,23,0.353508,0.312651,0.031105
37,24,0.456701,0.296923,0.031105
37,25,0.558330,0.285703,0.031105
37,26,0.647704,0.295428,0.031105
37,27,0.725397,0.311851,0.031105
37,28,0.802726,0.310912,0.031105
37,29,0.891339,0.293987,0.031105
37,30,0.110512,0.385871,0.031105
37,31,0.213973,0.398454,0.031105
37,32,0.307345,0.413302,0.031105
37,33,0.387528,0.408663,0.031105
37,34,0.463549,0.391332,0.031105
37,35,0.548258,0.386700,0.031105
37,36,0.646521,0.401552,0.031105
37,37,0.750741,0.414130,0.031105
37,38,0.847844,0.406007,0.031105
37,39,0.931299,0.389084,0.031105
37,40,0.089124,0.488153,0.031105
37,41,0.170352,0.504578,0.031105
37,42,0.265047,0.514297,0.031105
37,43,0.368893,0.503071,0.031105
37,44,0.469160,0.487346,0.031105
37,45,0.556408,0.490159,0.031105
37,46,0.633168,0.507389,0.031105
37,47,0.711612,0.513794,0.031105
37,48,0.802365,0.499990,0.031105
37,49,0.904734,0.486201,0.031105
37,50,0.125348,0.592627,0.031105
37,51,0.216609,0.609855,0.031105
37,52,0.295358,0.612645,0.031105
37,53,0.371939,0.596910,0.031105
37,54,0.458689,0.585702,0.031105
37,55,0.558597,0.595440,0.031105
37,56,0.662552,0.611858,0.031105
37,57,0.757726,0.610904,0.031105
37,58,0.839360,0.593975,0.031105
37,59,0.915147,0.585873,0.031105
37,60,0.080154,0.698467,0.031105
37,61,0.176810,0.713307,0.031105
37,62,0.280996,0.708652,0.031105
37,63,0.379669,0.691322,0.031105
37,64,0.464855,0.686705,0.031105
37,65,0.540981,0.701565,0.031105
37,66,0.620801,0.714132,0.031105
37,67,0.713676,0.705996,0.031105
37,68,0.816962,0.689075,0.031105
37,69,0.918444,0.688160,0.031105
37,70,0.125566,0.804590,0.031105
37,71,0.203134,0.814296,0.031105
37,72,0.280580,0.803058,0.031105
37,73,0.369444,0.787340,0.031105
37,74,0.470772,0.790169,0.031105
37,75,0.574148,0.807400,0.031105
37,76,0.667275,0.813790,0.031105
37,77,0.747277,0.799978,0.031105
37,78,0.823347,0.786198,0.031105
37,79,0.908292,0.792638,0.031105
37,80,0.088759,0.909864,0.031105
37,81,0.192964,0.912639,0.031105
37,82,0.289847,0.896898,0.031105
37,83,0.373080,0.885702,0.031105
37,84,0.448884,0.895452,0.031105
37,85,0.530311,0.911865,0.031105
37,86,0.625243,0.910896,0.031105
37,87,0.729146,0.893964,0.031105
37,88,0.829237,0.885875,0.031105
37,89,0.916238,0.898479,0.031105
38,0,0.110857,0.095396,0.031324
38,1,0.196853,0.088042,0.031324
38,2,0.271951,0.098206,0.031324
38,3,0.349853,0.110998,0.031324
38,4,0.441681,0.107678,0.031324
38,5,0.545754,0.093109,0.031324
38,6,0.649135,0.088636,0.031324
38,7,0.739520,0.100811,0.031324
38,8,0.816555,0.111798,0.031324
38,9,0.892161,0.105501,0.031324
38,10,0.097571,0.191145,0.031324
38,11,0.199166,0.189762,0.031324
38,12,0.304286,0.203378,0.031324
38,13,0.399030,0.212045,0.031324
38,14,0.479036,0.203067,0.031324
38,15,0.553492,0.189595,0.031324
38,16,0.636690,0.191367,0.031324
38,17,0.734883,0.205786,0.031324
38,18,0.840539,0.211729,0.031324
38,19,0.939263,0.200489,0.031324
38,20,0.105035,0.288533,0.031324
38,21,0.179581,0.293376,0.031324
38,22,0.259109,0.307923,0.031324
38,23,0.353247,0.310863,0.031324
38,24,0.458191,0.297888,0.031324
38,25,0.560201,0.288007,0.031324
38,26,0.648235,0.295696,0.031324
38,27,0.724101,0.309690,0.031324
38,28,0.800793,0.309488,0.031324
38,29,0.890547,0.295386,0.031324
38,30,0.111589,0.388044,0.031324
38,31,0.215928,0.398217,0.031324
38,32,0.308381,0.411003,0.031324
38,33,0.386693,0.407669,0.031324
38,34,0.461610,0.393100,0.031324
38,35,0.546998,0.388639,0.031324
38,36,0.647099,0.400822,0.031324
38,37,0.752625,0.411800,0.031324
38,38,0.849302,0.405491,0.031324
38,39,0.930991,0.391138,0.031324
38,40,0.087333,0.489767,0.031324
38,41,0.168724,0.503388,0.031324
38,42,0.265079,0.512045,0.031324
38,43,0.370555,0.503056,0.031324
38,44,0.470924,0.489590,0.031324
38,45,0.556652,0.491374,0.031324
38,46,0.631667,0.505795,0.031324
38,47,0.709747,0.511726,0.031324
38,48,0.801850,0.500478,0.031324
38,49,0.906043,0.488530,0.031324
38,50,0.127277,0.593385,0.031324
38,51,0.217385,0.607931,0.031324
38,52,0.294267,0.610858,0.031324
38,53,0.369984,0.597878,0.031324
38,54,0.457668,0.588006,0.031324
38,55,0.559448,0.595706,0.031324
38,56,0.664493,0.609696,0.031324
38,57,0.758972,0.609482,0.031324
38,58,0.838766,0.595376,0.031324
38,59,0.913259,0.588045,0.031324
38,60,0.078707,0.698228,0.031324
38,61,0.177136,0.711007,0.031324
38,62,0.282794,0.707661,0.031324
38,63,0.381287,0.693092,0.031324
38,64,0.464806,0.688643,0.031324
38,65,0.539309,0.700832,0.031324
38,66,0.619045,0.711802,0.031324
38,67,0.713450,0.705482,0.031324
38,68,0.818474,0.691131,0.031324
38,69,0.920304,0.689773,0.031324
38,70,0.126064,0.803398,0.031324
38,71,0.201813,0.812045,0.031324
38,72,0.278653,0.803046,0.031324
38,73,0.368684,0.789585,0.031324
38,74,0.471877,0.791382,0.031324
38,75,0.576102,0.805805,0.031324
38,76,0.668282,0.811724,0.031324
38,77,0.746411,0.800467,0.031324
38,78,0.821404,0.788526,0.031324
38,79,0.907059,0.793394,0.031324
38,80,0.089369,0.907939,0.031324
38,81,0.194857,0.910853,0.031324
38,82,0.291282,0.897867,0.031324
38,83,0.372737,0.888005,0.031324
38,84,0.447079,0.895716,0.031324
38,85,0.528703,0.909703,0.031324
38,86,0.625310,0.909475,0.031324
38,87,0.730826,0.895367,0.031324
38,88,0.830985,0.888046,0.031324
38,89,0.916448,0.898238,0.031324
39,0,0.112151,0.097339,0.031543
39,1,0.196319,0.089809,0.031543
39,2,0.270081,0.097209,0.031543
39,3,0.348365,0.108698,0.031543
39,4,0.441943,0.107444,0.031543
39,5,0.547526,0.095285,0.031543
39,6,0.650786,0.090033,0.031543
39,7,0.739533,0.099383,0.031543
39,8,0.814918,0.109637,0.031543
39,9,0.890379,0.105773,0.031543
39,10,0.097282,0.193452,0.031543
39,11,0.200637,0.190724,0.031543
39,12,0.306164,0.201586,0.031543
39,13,0.399588,0.210124,0.031543
39,14,0.477762,0.203831,0.031543
39,15,0.551557,0.191925,0.031543
39,16,0.635873,0.191849,0.031543
39,17,0.735936,0.203714,0.031543
39,18,0.842493,0.210138,0.031543
39,19,0.940322,0.201710,0.031543
39,20,0.104226,0.290777,0.031543
39,21,0.177647,0.293356,0.031543
39,22,0.257828,0.305669,0.031543
39,23,0.353797,0.309677,0.031543
39,24,0.460066,0.299508,0.031543
39,25,0.561677,0.290060,0.031543
39,26,0.647955,0.295174,0.031543
39,27,0.722323,0.307358,0.031543
39,28,0.799152,0.308763,0.031543
39,29,0.890551,0.297330,0.031543
39,30,0.113235,0.389809,0.031543
39,31,0.217703,0.397218,0.031543
39,32,0.308653,0.408703,0.031543
39,33,0.385211,0.407438,0.031543
39,34,0.459737,0.395277,0.031543
39,35,0.546457,0.390035,0.031543
39,36,0.648386,0.399392,0.031543
39,37,0.754557,0.409640,0.031543
39,38,0.850103,0.405765,0.031543
39,39,0.929924,0.393445,0.031543
39,40,0.085379,0.490728,0.031543
39,41,0.167680,0.501595,0.031543
39,42,0.265904,0.510125,0.031543
39,43,0.372492,0.503822,0.031543
39,44,0.472191,0.491920,0.031543
39,45,0.556085,0.491855,0.031543
39,46,0.629788,0.503723,0.031543
39,47,0.708282,0.510137,0.031543
39,48,0.802147,0.501701,0.031543
39,49,0.907829,0.490773,0.031543
39,50,0.128910,0.593363,0.031543
39,51,0.217363,0.605676,0.031543
39,52,0.292611,0.609674,0.031543
39,53,0.368217,0.599499,0.031543
39,54,0.457414,0.590058,0.031543
39,55,0.560941,0.595182,0.031543
39,56,0.666361,0.607364,0.031543
39,57,0.759497,0.608758,0.031543
39,58,0.837466,0.597321,0.031543
39,59,0.911329,0.589809,0.031543
39,60,0.077922,0.697226,0.031543
39,61,0.178217,0.708707,0.031543
39,62,0.284748,0.707432,0.031543
39,63,0.382317,0.695269,0.031543
39,64,0.463965,0.690037,0.031543
39,65,0.537371,0.699401,0.031543
39,66,0.617791,0.709643,0.031543
39,67,0.714033,0.705758,0.031543
39,68,0.820358,0.693438,0.031543
39,69,0.921757,0.690731,0.031543
39,70,0.125750,0.801604,0.031543
39,71,0.200020,0.810126,0.031543
39,72,0.277030,0.803814,0.031543
39,73,0.368723,0.791914,0.031543
39,74,0.473542,0.791860,0.031543
39,75,0.577863,0.803731,0.031543
39,76,0.668519,0.810136,0.031543
39,77,0.744907,0.801692,0.031543
39,78,0.819542,0.790769,0.031543
39,79,0.906550,0.793370,0.031543
39,80,0.090682,0.905684,0.031543
39,81,0.196784,0.909671,0.031543
39,82,0.292052,0.899490,0.031543
39,83,0.371642,0.890056,0.031543
39,84,0.445126,0.895190,0.031543
39,85,0.527688,0.907370,0.031543
39,86,0.626167,0.908753,0.031543
39,87,0.732767,0.897313,0.031543
39,88,0.832226,0.889809,0.031543
39,89,0.915848,0.897235,0.031543
40,0,0.112735,0.099603,0.031762
40,1,0.195067,0.090966,0.031762
40,2,0.268144,0.095563,0.031762
40,3,0.347524,0.106660,0.031762
40,4,0.442972,0.108000,0.031762
40,5,0.549478,0.097619,0.031762
40,6,0.651867,0.090727,0.031762
40,7,0.738749,0.097419,0.031762
40,8,0.812990,0.107893,0.031762
40,9,0.889079,0.106803,0.031762
40,10,0.097806,0.195747,0.031762
40,11,0.202502,0.190921,0.031762
40,12,0.307656,0.199396,0.031762
40,13,0.399336,0.208756,0.031762
40,14,0.475996,0.205288,0.031762
40,15,0.549902,0.194074,0.031762
40,16,0.635850,0.191541,0.031762
40,17,0.737566,0.201401,0.031762
40,18,0.844278,0.209208,0.031762
40,19,0.940621,0.203526,0.031762
40,20,0.102763,0.292678,0.031762
40,21,0.175768,0.292557,0.031762
40,22,0.257261,0.303340,0.031762
40,23,0.355063,0.309230,0.031762
40,24,0.462001,0.301598,0.031762
40,25,0.562503,0.291625,0.031762
40,26,0.646912,0.293922,0.031762
40,27,0.720370,0.305123,0.031762
40,28,0.798084,0.308819,0.031762
40,29,0.891351,0.299595,0.031762
40,30,0.115166,0.390964,0.031762
40,31,0.218990,0.395571,0.031762
40,32,0.308113,0.406666,0.031762
40,33,0.383341,0.407996,0.031762
40,34,0.458256,0.397612,0.031762
40,35,0.546726,0.390726,0.031762
40,36,0.650159,0.397427,0.031762
40,37,0.756204,0.407897,0.031762
40,38,0.850109,0.406798,0.031762
40,39,0.928284,0.395740,0.031762
40,40,0.083601,0.490923,0.031762
40,41,0.167398,0.499404,0.031762
40,42,0.267378,0.508758,0.031762
40,43,0.374366,0.505282,0.031762
40,44,0.472742,0.494067,0.031762
40,45,0.554807,0.491545,0.031762
40,46,0.627855,0.501409,0.031762
40,47,0.707472,0.509209,0.031762
40,48,0.803204,0.503518,0.031762
40,49,0.909781,0.492673,0.031762
40,50,0.129962,0.592562,0.031762
40,51,0.216548,0.603348,0.031762
40,52,0.290678,0.609229,0.031762
40,53,0.366943,0.601590,0.031762
40,54,0.457970,0.591621,0.031762
40,55,0.562816,0.593928,0.031762
40,56,0.667831,0.605130,0.031762
40,57,0.759210,0.608817,0.031762
40,58,0.835686,0.599587,0.031762
40,59,0.909692,0.590962,0.031762
40,60,0.077934,0.695578,0.031762
40,61,0.179866,0.706672,0.031762
40,62,0.286519,0.707992,0.031762
40,63,0.382581,0.697604,0.031762
40,64,0.462480,0.690726,0.031762
40,65,0.535501,0.697435,0.031762
40,66,0.617256,0.707901,0.031762
40,67,0.715324,0.706792,0.031762
40,68,0.822288,0.695732,0.031762
40,69,0.922551,0.690925,0.031762
40,70,0.124678,0.799412,0.031762
40,71,0.198068,0.808761,0.031762
40,72,0.275992,0.805275,0.031762
40,73,0.369554,0.794061,0.031762
40,74,0.475478,0.791548,0.031762
40,75,0.579124,0.801417,0.031762
40,76,0.667946,0.809210,0.031762
40,77,0.743027,0.803510,0.031762
40,78,0.818083,0.792668,0.031762
40,79,0.906854,0.792567,0.031762
40,80,0.092470,0.903356,0.031762
40,81,0.198411,0.909228,0.031762
40,82,0.292023,0.901582,0.031762
40,83,0.369984,0.891618,0.031762
40,84,0.443362,0.893934,0.031762
40,85,0.527441,0.905137,0.031762
40,86,0.627663,0.908814,0.031762
40,87,0.734631,0.899579,0.031762
40,88,0.832744,0.890960,0.031762
40,89,0.914543,0.895585,0.031762
41,0,0.112509,0.101931,0.031981
41,1,0.193314,0.091380,0.031981
41,2,0.266475,0.093458,0.031981
41,3,0.347474,0.105120,0.031981
41,4,0.444586,0.109281,0.031981
41,5,0.551272,0.099846,0.031981
41,6,0.652192,0.090636,0.031981
41,7,0.737305,0.095145,0.031981
41,8,0.811105,0.106766,0.031981
41,9,0.888486,0.108475,0.031981
41,10,0.099050,0.197768,0.031981
41,11,0.204439,0.190331,0.031981
41,12,0.308506,0.197059,0.031981
41,13,0.398316,0.208096,0.031981
41,14,0.474045,0.207272,0.031981
41,15,0.548813,0.195795,0.031981
41,16,0.636625,0.190478,0.031981
41,17,0.739491,0.199111,0.031981
41,18,0.845584,0.209046,0.031981
41,19,0.940107,0.205729,0.031981
41,20,0.100902,0.294019,0.031981
41,21,0.174271,0.291071,0.031981
41,22,0.257504,0.301204,0.031981
41,23,0.356823,0.309573,0.031981
41,24,0.463660,0.303917,0.031981
41,25,0.562535,0.292522,0.031981
41,26,0.645288,0.292082,0.031981
41,27,0.718583,0.303242,0.031981
41,28,0.797777,0.309652,0.031981
41,29,0.892806,0.301922,0.031981
41,30,0.117046,0.391376,0.031981
41,31,0.219566,0.393464,0.031981
41,32,0.306855,0.405127,0.031981
41,33,0.381406,0.409279,0.031981
41,34,0.457422,0.399837,0.031981
41,35,0.547761,0.390634,0.031981
41,36,0.652110,0.395152,0.031981
41,37,0.757278,0.406772,0.031981
41,38,0.849319,0.408471,0.031981
41,39,0.926356,0.397760,0.031981
41,40,0.082308,0.490330,0.031981
41,41,0.167929,0.497067,0.031981
41,42,0.269245,0.508101,0.031981
41,43,0.375852,0.507267,0.031981
41,44,0.472482,0.495787,0.031981
41,45,0.553039,0.490480,0.031981
41,46,0.626205,0.499119,0.031981
41,47,0.707457,0.509049,0.031981
41,48,0.804838,0.505722,0.031981
41,49,0.911562,0.494012,0.031981
41,50,0.130253,0.591074,0.031981
41,51,0.215081,0.601213,0.031981
41,52,0.288803,0.609575,0.031981
41,53,0.366383,0.603909,0.031981
41,54,0.459241,0.592517,0.031981
41,55,0.564749,0.592087,0.031981
41,56,0.668649,0.603250,0.031981
41,57,0.758162,0.609651,0.031981
41,58,0.833735,0.601914,0.031981
41,59,0.908632,0.591372,0.031981
41,60,0.078740,0.693471,0.031981
41,61,0.181797,0.705134,0.031981
41,62,0.287799,0.709276,0.031981
41,63,0.382034,0.699828,0.031981
41,64,0.460608,0.690632,0.031981
41,65,0.534026,0.695160,0.031981
41,66,0.617534,0.706778,0.031981
41,67,0.717100,0.708467,0.031981
41,68,0.823929,0.697751,0.031981
41,69,0.922549,0.690330,0.031981
41,70,0.123035,0.797075,0.031981
41,71,0.196294,0.808105,0.031981
41,72,0.275719,0.807261,0.031981
41,73,0.371032,0.795779,0.031981
41,74,0.477348,0.790481,0.031981
41,75,0.579667,0.799128,0.031981
41,76,0.666662,0.809052,0.031981
41,77,0.741096,0.805715,0.031981
41,78,0.817281,0.794005,0.031981
41,79,0.907917,0.791078,0.031981
41,80,0.094421,0.901222,0.031981
41,81,0.199457,0.909576,0.031981
41,82,0.291201,0.903901,0.031981
41,83,0.368050,0.892511,0.031981
41,84,0.442095,0.892092,0.031981
41,85,0.528005,0.903258,0.031981
41,86,0.629539,0.909651,0.031981
41,87,0.736095,0.901905,0.031981
41,88,0.832450,0.891369,0.031981
41,89,0.912761,0.893477,0.031981
42,0,0.111512,0.104054,0.032200
42,1,0.191365,0.091004,0.032200
42,2,0.265366,0.091133,0.032200
42,3,0.348224,0.104253,0.032200
42,4,0.446506,0.111142,0.032200
42,5,0.552597,0.101708,0.032200
42,6,0.651704,0.089772,0.032200
42,7,0.735453,0.092820,0.032200
42,8,0.809592,0.106387,0.032200
42,9,0.888703,0.110597,0.032200
42,10,0.100798,0.199283,0.032200
42,11,0.206111,0.189019,0.032200
42,12,0.308564,0.194843,0.032200
42,13,0.396708,0.208221,0.032200
42,14,0.472248,0.209556,0.032200
42,15,0.548480,0.196891,0.032200
42,16,0.638061,0.188781,0.032200
42,17,0.741377,0.197107,0.032200
42,18,0.846185,0.209671,0.032200
42,19,0.938871,0.208067,0.032200
42,20,0.098965,0.294645,0.032200
42,21,0.173414,0.289068,0.032200
42,22,0.258515,0.299507,0.032200
42,23,0.358773,0.310668,0.032200
42,24,0.464755,0.306201,0.032200
42,25,0.561769,0.292649,0.032200
42,26,0.643365,0.289866,0.032200
42,27,0.717271,0.301929,0.032200
42,28,0.798282,0.311166,0.032200
42,29,0.894664,0.304044,0.032200
42,30,0.118549,0.390998,0.032200
42,31,0.219332,0.391140,0.032200
42,32,0.305100,0.404262,0.032200
42,33,0.379743,0.411140,0.032200
42,34,0.457381,0.401698,0.032200
42,35,0.549379,0.389768,0.032200
42,36,0.653900,0.392828,0.032200
42,37,0.757594,0.406395,0.032200
42,38,0.847870,0.410594,0.032200
42,39,0.924475,0.399273,0.032200
42,40,0.081724,0.489017,0.032200
42,41,0.169179,0.494852,0.032200
42,42,0.271180,0.508228,0.032200
42,43,0.376693,0.509550,0.032200
42,44,0.471456,0.496881,0.032200
42,45,0.551089,0.488781,0.032200
42,46,0.625124,0.497117,0.032200
42,47,0.708239,0.509676,0.032200
42,48,0.806764,0.508060,0.032200
42,49,0.912861,0.494636,0.032200
42,50,0.129731,0.589070,0.032200
42,51,0.213219,0.599517,0.032200
42,52,0.287311,0.610671,0.032200
42,53,0.366634,0.606193,0.032200
42,54,0.461004,0.592642,0.032200
42,55,0.566403,0.589871,0.032200
42,56,0.668673,0.601939,0.032200
42,57,0.756534,0.611167,0.032200
42,58,0.831951,0.604035,0.032200
42,59,0.908333,0.590992,0.032200
42,60,0.080199,0.691146,0.032200
42,61,0.183673,0.704271,0.032200
42,62,0.288367,0.711139,0.032200
42,63,0.380771,0.701688,0.032200
42,64,0.458675,0.689764,0.032200
42,65,0.533201,0.692835,0.032200
42,66,0.618574,0.706403,0.032200
42,67,0.719050,0.710590,0.032200
42,68,0.824996,0.699263,0.032200
42,69,0.921752,0.689015,0.032200
42,70,0.121106,0.794860,0.032200
42,71,0.195008,0.808235,0.032200
42,72,0.276257,0.809545,0.032200
42,73,0.372900,0.796872,0.032200
42,74,0.478828,0.788781,0.032200
42,75,0.579398,0.797126,0.032200
42,76,0.664892,0.809681,0.032200
42,77,0.739452,0.808053,0.032200
42,78,0.817274,0.794627,0.032200
42,79,0.909555,0.789072,0.032200
42,80,0.096197,0.899526,0.032200
42,81,0.199739,0.910674,0.032200
42,82,0.289730,0.906184,0.032200
42,83,0.366179,0.892634,0.032200
42,84,0.441544,0.889875,0.032200
42,85,0.529281,0.901949,0.032200
42,86,0.631470,0.911168,0.032200
42,87,0.736905,0.904026,0.032200
42,88,0.831394,0.890986,0.032200
42,89,0.910811,0.891152,0.032200
43,0,0.109919,0.105729,0.032419
43,1,0.189559,0.089879,0.032419
43,2,0.265007,0.088856,0.032419
43,3,0.349643,0.104159,0.032419
43,4,0.448397,0.113369,0.032419
43,5,0.553223,0.102994,0.032419
43,6,0.650488,0.088233,0.032419
43,7,0.733514,0.090711,0.032419
43,8,0.808712,0.106798,0.032419
43,9,0.889692,0.112926,0.032419
43,10,0.102746,0.200118,0.032419
43,11,0.207227,0.187137,0.032419
43,12,0.307823,0.193001,0.032419
43,13,0.394790,0.209118,0.032419
43,14,0.470918,0.211877,0.032419
43,15,0.548960,0.197236,0.032419
43,16,0.639910,0.186644,0.032419
43,17,0.742896,0.195618,0.032419
43,18,0.845977,0.211012,0.032419
43,19,0.937127,0.210273,0.032419
43,20,0.097289,0.294484,0.032419
43,21,0.173347,0.286776,0.032419
43,22,0.260118,0.298441,0.032419
43,23,0.360572,0.312390,0.032419
43,24,0.465097,0.308187,0.032419
43,25,0.560339,0.291990,0.032419
43,26,0.641478,0.287527,0.032419
43,27,0.716662,0.301337,0.032419
43,28,0.799511,0.313188,0.032419
43,29,0.896601,0.305719,0.032419
43,30,0.119413,0.389872,0.032419
43,31,0.218329,0.388863,0.032419
43,32,0.303151,0.404170,0.032419
43,33,0.378641,0.413368,0.032419
43,34,0.458138,0.402982,0.032419
43,35,0.551299,0.388227,0.032419
43,36,0.655218,0.390720,0.032419
43,37,0.757097,0.406808,0.032419
43,38,0.846016,0.412923,0.032419
43,39,0.922967,0.400106,0.032419
43,40,0.081949,0.487134,0.032419
43,41,0.170930,0.493011,0.032419
43,42,0.272847,0.509127,0.032419
43,43,0.376743,0.511872,0.032419
43,44,0.469843,0.497225,0.032419
43,45,0.549296,0.486643,0.032419
43,46,0.624799,0.495630,0.032419
43,47,0.709681,0.511019,0.032419
43,48,0.808647,0.510265,0.032419
43,49,0.913454,0.494473,0.032419
43,50,0.128488,0.586778,0.032419
43,51,0.211283,0.598453,0.032419
43,52,0.286463,0.612394,0.032419
43,53,0.367652,0.608178,0.032419
43,54,0.462953,0.591981,0.032419
43,55,0.567491,0.587532,0.032419
43,56,0.667900,0.601349,0.032419
43,57,0.754610,0.613190,0.032419
43,58,0.830646,0.605708,0.032419
43,59,0.908846,0.589864,0.032419
43,60,0.082059,0.688869,0.032419
43,61,0.185170,0.704181,0.032419
43,62,0.288124,0.713368,0.032419
43,63,0.379012,0.702970,0.032419
43,64,0.457018,0.688222,0.032419
43,65,0.533168,0.690728,0.032419
43,66,0.620196,0.706818,0.032419
43,67,0.720835,0.712919,0.032419
43,68,0.825303,0.700094,0.032419
43,69,0.920298,0.687131,0.032419
43,70,0.119228,0.793021,0.032419
43,71,0.194432,0.809136,0.032419
43,72,0.277513,0.811866,0.032419
43,73,0.374833,0.797213,0.032419
43,74,0.479662,0.786643,0.032419
43,75,0.578366,0.795641,0.032419
43,76,0.662943,0.811025,0.032419
43,77,0.738378,0.810258,0.032419
43,78,0.818063,0.794462,0.032419
43,79,0.911481,0.786780,0.032419
43,80,0.097489,0.898465,0.032419
43,81,0.199209,0.912399,0.032419
43,82,0.287865,0.908169,0.032419
43,83,0.364693,0.891971,0.032419
43,84,0.441803,0.887536,0.032419
43,85,0.531047,0.901361,0.032419
43,86,0.633118,0.913192,0.032419
43,87,0.736920,0.905697,0.032419
43,88,0.829763,0.889856,0.032419
43,89,0.909032,0.888876,0.032419
44,0,0.108007,0.106766,0.032638
44,1,0.188210,0.088135,0.032638
44,2,0.265462,0.086887,0.032638
44,3,0.351483,0.104849,0.032638
44,4,0.449932,0.115707,0.032638
44,5,0.553040,0.103554,0.032638
44,6,0.648756,0.086194,0.032638
44,7,0.731825,0.089060,0.032638
44,8,0.808619,0.107953,0.032638
44,9,0.891280,0.115195,0.032638
44,10,0.104554,0.200177,0.032638
44,11,0.207594,0.184899,0.032638
44,12,0.306410,0.191745,0.032638
44,13,0.392897,0.210684,0.032638
44,14,0.470284,0.213971,0.032638
44,15,0.550169,0.196791,0.032638
44,16,0.641850,0.184312,0.032638
44,17,0.743783,0.194816,0.032638
44,18,0.844996,0.212915,0.032638
44,19,0.935180,0.212093,0.032638
44,20,0.096166,0.293555,0.032638
44,21,0.174080,0.284459,0.032638
44,22,0.262034,0.298130,0.032638
44,23,0.361909,0.314541,0.032638
44,24,0.464625,0.309649,0.032638
44,25,0.558493,0.290621,0.032638
44,26,0.639955,0.285333,0.032638
44,27,0.716861,0.301532,0.032638
44,28,0.801251,0.315487,0.032638
44,29,0.898281,0.306753,0.032638
44,30,0.119489,0.388126,0.032638
44,31,0.216731,0.386895,0.032638
44,32,0.301349,0.404862,0.032638
44,33,0.378291,0.415707,0.032638
44,34,0.459563,0.403541,0.032638
44,35,0.553188,0.386188,0.032638
44,36,0.655835,0.389070,0.032638
44,37,0.755875,0.407965,0.032638
44,38,0.844078,0.415192,0.032638
44,39,0.922096,0.400163,0.032638
44,40,0.082945,0.484896,0.032638
44,41,0.172878,0.491756,0.032638
44,42,0.273955,0.510694,0.032638
44,43,0.375994,0.513965,0.032638
44,44,0.467924,0.496777,0.032638
44,45,0.547972,0.484311,0.032638
44,46,0.625288,0.494829,0.032638
44,47,0.711532,0.512923,0.032638
44,48,0.810159,0.512084,0.032638
44,49,0.913237,0.493542,0.032638
44,50,0.126741,0.584461,0.032638
44,51,0.209612,0.598144,0.032638
44,52,0.286404,0.614547,0.032638
44,53,0.369260,0.609638,0.032638
44,54,0.464748,0.590610,0.032638
44,55,0.567823,0.585338,0.032638
44,56,0.666464,0.601546,0.032638
44,57,0.752726,0.615489,0.032638
44,58,0.830046,0.606740,0.032638
44,59,0.910082,0.588117,0.032638
44,60,0.083995,0.686902,0.032638
44,61,0.186026,0.704876,0.032638
44,62,0.287114,0.715706,0.032638
44,63,0.377064,0.703527,0.032638
44,64,0.455923,0.686181,0.032638
44,65,0.533933,0.689080,0.032638
44,66,0.622118,0.707977,0.032638
44,67,0.722147,0.715188,0.032638
44,68,0.824798,0.700149,0.032638
44,69,0.918442,0.684892,0.032638
44,70,0.117727,0.791768,0.032638
44,71,0.194666,0.810704,0.032638
44,72,0.279268,0.813959,0.032638
44,73,0.376495,0.796763,0.032638
44,74,0.479703,0.784310,0.032638
44,75,0.576748,0.794843,0.032638
44,76,0.661154,0.812931,0.032638
44,77,0.738063,0.812075,0.032638
44,78,0.819511,0.793529,0.032638
44,79,0.913361,0.784463,0.032638
44,80,0.098073,0.898158,0.032638
44,81,0.197960,0.914552,0.032638
44,82,0.285931,0.909627,0.032638
44,83,0.363853,0.890599,0.032638
44,84,0.442829,0.885343,0.032638
44,85,0.532995,0.901560,0.032638
44,86,0.634199,0.915491,0.032638
44,87,0.736139,0.906728,0.032638
44,88,0.827838,0.888108,0.032638
44,89,0.907734,0.886910,0.032638
45,0,0.106108,0.107044,0.032857
45,1,0.187553,0.085971,0.032857
45,2,0.266651,0.085451,0.032857
45,3,0.353425,0.106245,0.032857
45,4,0.450841,0.117890,0.032857
45,5,0.552081,0.103326,0.032857
45,6,0.646810,0.083889,0.032857
45,7,0.730681,0.088055,0.032857
45,8,0.809329,0.109720,0.032857
45,9,0.893190,0.117146,0.032857
45,10,0.105910,0.199453,0.032857
45,11,0.207148,0.182562,0.032857
45,12,0.304572,0.191218,0.032857
45,13,0.391357,0.212740,0.032857
45,14,0.470459,0.215598,0.032857
45,15,0.551896,0.195605,0.032857
45,16,0.643543,0.182051,0.032857
45,17,0.743884,0.194792,0.032857
45,18,0.843413,0.215163,0.032857
45,19,0.933368,0.213320,0.032857
45,20,0.095791,0.291963,0.032857
45,21,0.175487,0.282380,0.032857
45,22,0.263929,0.298610,0.032857
45,23,0.362550,0.316876,0.032857
45,24,0.463423,0.310419,0.032857
45,25,0.556552,0.288698,0.032857
45,26,0.639060,0.283535,0.032857
45,27,0.717835,0.302493,0.032857
45,28,0.803197,0.317799,0.032857
45,29,0.899411,0.307029,0.032857
45,30,0.118763,0.385961,0.032857
45,31,0.214817,0.385460,0.032857
45,32,0.300006,0.406260,0.032857
45,33,0.378754,0.417889,0.032857
45,34,0.461406,0.403311,0.032857
45,35,0.554717,0.383882,0.032857
45,36,0.655644,0.388066,0.032857
45,37,0.754140,0.409733,0.032857
45,38,0.842394,0.417141,0.032857
45,39,0.922011,0.399437,0.032857
45,40,0.084538,0.482558,0.032857
45,41,0.174683,0.491232,0.032857
45,42,0.274314,0.512751,0.032857
45,43,0.374575,0.515590,0.032857
45,44,0.466033,0.495590,0.032857
45,45,0.547347,0.482050,0.032857
45,46,0.626503,0.494807,0.032857
45,47,0.713471,0.515172,0.032857
45,48,0.811038,0.513310,0.032857
45,49,0.912248,0.491949,0.032857
45,50,0.124794,0.582383,0.032857
45,51,0.208497,0.598626,0.032857
45,52,0.287146,0.616882,0.032857
45,53,0.371177,0.610406,0.032857
45,54,0.466079,0.588685,0.032857
45,55,0.567343,0.583541,0.032857
45,56,0.664615,0.602509,0.032857
45,57,0.751208,0.617801,0.032857
45,58,0.830254,0.607014,0.032857
45,59,0.911825,0.585951,0.032857
45,60,0.085670,0.685470,0.032857
45,61,0.186093,0.706275,0.032857
45,62,0.285511,0.717888,0.032857
45,63,0.375265,0.703295,0.032857
45,64,0.455582,0.683875,0.032857
45,65,0.535364,0.688078,0.032857
45,66,0.624005,0.709747,0.032857
45,67,0.722755,0.717136,0.032857
45,68,0.823569,0.699421,0.032857
45,69,0.916505,0.682554,0.032857
45,70,0.116863,0.791245,0.032857
45,71,0.195669,0.812762,0.032857
45,72,0.281216,0.815582,0.032857
45,73,0.377597,0.795574,0.032857
45,74,0.478945,0.782050,0.032857
45,75,0.574828,0.794823,0.032857
45,76,0.659836,0.815180,0.032857
45,77,0.738559,0.813299,0.032857
45,78,0.821365,0.791935,0.032857
45,79,0.914868,0.782386,0.032857
45,80,0.097847,0.898642,0.032857
45,81,0.196209,0.916887,0.032857
45,82,0.284265,0.910393,0.032857
45,83,0.363803,0.888673,0.032857
45,84,0.444441,0.883547,0.032857
45,85,0.534788,0.902525,0.032857
45,86,0.634523,0.917803,0.032857
45,87,0.734697,0.907000,0.032857
45,88,0.825956,0.885941,0.032857
45,89,0.907142,0.885479,0.032857
46,0,0.104552,0.106532,0.033076
46,1,0.187701,0.083634,0.033076
46,2,0.268366,0.084712,0.033076
46,3,0.355131,0.108187,0.033076
46,4,0.450969,0.119668,0.033076
46,5,0.550513,0.102335,0.033076
46,6,0.644989,0.081582,0.033076
46,7,0.730281,0.087811,0.033076
46,8,0.810717,0.111897,0.033076
46,9,0.895092,0.118554,0.033076
46,10,0.106576,0.198029,0.033076
46,11,0.205966,0.180392,0.033076
46,12,0.302630,0.191481,0.033076
46,13,0.390440,0.215050,0.033076
46,14,0.471410,0.216571,0.033076
46,15,0.553842,0.193815,0.033076
46,16,0.644694,0.180120,0.033076
46,17,0.743182,0.195549,0.033076
46,18,0.841503,0.217499,0.033076
46,19,0.932006,0.213813,0.033076
46,20,0.096229,0.289891,0.033076
46,21,0.177322,0.280779,0.033076
46,22,0.265474,0.299826,0.033076
46,23,0.362384,0.319128,0.033076
46,24,0.461700,0.310408,0.033076
46,25,0.554855,0.286440,0.033076
46,26,0.638950,0.282338,0.033076
46,27,0.719413,0.304111,0.033076
46,28,0.805013,0.319861,0.033076
46,29,0.899795,0.306515,0.033076
46,30,0.117362,0.383624,0.033076
46,31,0.212919,0.384724,0.033076
46,32,0.299356,0.408203,0.033076
46,33,0.379950,0.419665,0.033076
46,34,0.463347,0.402318,0.033076
46,35,0.555620,0.381575,0.033076
46,36,0.654677,0.387825,0.033076
46,37,0.752193,0.411911,0.033076
46,38,0.841257,0.418547,0.033076
46,39,0.922729,0.398011,0.033076
46,40,0.086451,0.480389,0.033076
46,41,0.176032,0.491497,0.033076
46,42,0.273859,0.515062,0.033076
46,43,0.372734,0.516562,0.033076
46,44,0.464499,0.493798,0.033076
46,45,0.547530,0.480121,0.033076
46,46,0.628235,0.495566,0.033076
46,47,0.715160,0.517507,0.033076
46,48,0.811131,0.513800,0.033076
46,49,0.910660,0.489876,0.033076
46,50,0.122985,0.580783,0.033076
46,51,0.208130,0.599843,0.033076
46,52,0.288558,0.619133,0.033076
46,53,0.373071,0.610393,0.033076
46,54,0.466712,0.586427,0.033076
46,55,0.566134,0.582346,0.033076
46,56,0.662675,0.604128,0.033076
46,57,0.750320,0.619862,0.033076
46,58,0.831236,0.606499,0.033076
46,59,0.913773,0.583614,0.033076
46,60,0.086794,0.684735,0.033076
46,61,0.185359,0.708219,0.033076
46,62,0.283595,0.719662,0.033076
46,63,0.373928,0.702300,0.033076
46,64,0.456053,0.681568,0.033076
46,65,0.537210,0.687839,0.033076
46,66,0.625529,0.711925,0.033076
46,67,0.722555,0.718541,0.033076
46,68,0.821830,0.697994,0.033076
46,69,0.914825,0.680386,0.033076
46,70,0.116787,0.791513,0.033076
46,71,0.197267,0.815073,0.033076
46,72,0.283018,0.816552,0.033076
46,73,0.377946,0.793782,0.033076
46,74,0.477521,0.780121,0.033076
46,75,0.572939,0.795583,0.033076
46,76,0.659219,0.817516,0.033076
46,77,0.739782,0.813787,0.033076
46,78,0.823303,0.789861,0.033076
46,79,0.915740,0.780788,0.033076
46,80,0.096851,0.899861,0.033076
46,81,0.194261,0.919138,0.033076
46,82,0.283156,0.910378,0.033076
46,83,0.364552,0.886414,0.033076
46,84,0.446361,0.882354,0.033076
46,85,0.536112,0.904145,0.033076
46,86,0.634035,0.919864,0.033076
46,87,0.732845,0.906482,0.033076
46,88,0.824443,0.883604,0.033076
46,89,0.907359,0.884746,0.033076
47,0,0.103611,0.105288,0.033295
47,1,0.188629,0.081392,0.033295
47,2,0.270311,0.084756,0.033295
47,3,0.356303,0.110453,0.033295
47,4,0.450292,0.120836,0.033295
47,5,0.548609,0.100694,0.033295
47,6,0.643608,0.079536,0.033295
47,7,0.730693,0.088357,0.033295
47,8,0.812544,0.114235,0.033295
47,9,0.896653,0.119259,0.033295
47,10,0.106436,0.196068,0.033295
47,11,0.204254,0.178638,0.033295
47,12,0.300919,0.192503,0.033295
47,13,0.390303,0.217352,0.033295
47,14,0.472973,0.216780,0.033295
47,15,0.555667,0.191626,0.033295
47,16,0.645104,0.178740,0.033295
47,17,0.741800,0.197000,0.033295
47,18,0.839600,0.219655,0.033295
47,19,0.931332,0.213515,0.033295
47,20,0.097404,0.287575,0.033295
47,21,0.179266,0.279838,0.033295
47,22,0.266400,0.301638,0.033295
47,23,0.361441,0.321039,0.033295
47,24,0.459754,0.309618,0.033295
47,25,0.553696,0.284107,0.033295
47,26,0.639643,0.281879,0.033295
47,27,0.721321,0.306199,0.033295
47,28,0.806381,0.321437,0.033295
47,29,0.899365,0.305270,0.033295
47,30,0.115530,0.381383,0.033295
47,31,0.211368,0.384770,0.033295
47,32,0.299513,0.410469,0.033295
47,33,0.381670,0.420831,0.033295
47,34,0.465049,0.400675,0.033295
47,35,0.555739,0.379530,0.033295
47,36,0.653104,0.388373,0.033295
47,37,0.750374,0.414250,0.033295
47,38,0.840864,0.419250,0.033295
47,39,0.924124,0.396049,0.033295
47,40,0.088351,0.478636,0.033295
47,41,0.176691,0.492521,0.033295
47,42,0.272670,0.517363,0.033295
47,43,0.370792,0.516768,0.033295
47,44,0.463588,0.491608,0.033295
47,45,0.548489,0.478742,0.033295
47,46,0.630182,0.497019,0.033295
47,47,0.716304,0.519663,0.033295
47,48,0.810422,0.513500,0.033295
47,49,0.908748,0.487560,0.033295
47,50,0.121629,0.579844,0.033295
47,51,0.208576,0.601657,0.033295
47,52,0.290396,0.621042,0.033295
47,53,0.374611,0.609601,0.033295
47,54,0.466538,0.584094,0.033295
47,55,0.564406,0.581890,0.033295
47,56,0.660982,0.606217,0.033295
47,57,0.750218,0.621436,0.033295
47,58,0.832819,0.605252,0.033295
47,59,0.915586,0.581373,0.033295
47,60,0.087169,0.684783,0.033295
47,61,0.183952,0.710486,0.033295
47,62,0.281699,0.720827,0.033295
47,63,0.373286,0.700656,0.033295
47,64,0.457255,0.679524,0.033295
47,65,0.539151,0.688389,0.033295
47,66,0.626424,0.714264,0.033295
47,67,0.721582,0.719242,0.033295
47,68,0.819882,0.696031,0.033295
47,69,0.913694,0.678634,0.033295
47,70,0.117512,0.792539,0.033295
47,71,0.199182,0.817374,0.033295
47,72,0.284362,0.816756,0.033295
47,73,0.377484,0.791591,0.033295
47,74,0.475677,0.778745,0.033295
47,75,0.571409,0.797038,0.033295
47,76,0.659410,0.819670,0.033295
47,77,0.741518,0.813486,0.033295
47,78,0.824988,0.787544,0.033295
47,79,0.915825,0.779851,0.033295
47,80,0.095258,0.901676,0.033295
47,81,0.192454,0.921046,0.033295
47,82,0.282797,0.909584,0.033295
47,83,0.365971,0.884081,0.033295
47,84,0.448252,0.881900,0.033295
47,85,0.536737,0.906235,0.033295
47,86,0.632819,0.921436,0.033295
47,87,0.730906,0.905233,0.033295
47,88,0.823563,0.881364,0.033295
47,89,0.908347,0.884797,0.033295
48,0,0.103448,0.103456,0.033514
48,1,0.190176,0.079501,0.033514
48,2,0.272145,0.085577,0.033514
48,3,0.356739,0.112783,0.033514
48,4,0.448928,0.121261,0.033514
48,5,0.546699,0.098592,0.033514
48,6,0.642909,0.077985,0.033514
48,7,0.731847,0.089630,0.033514
48,8,0.814490,0.116467,0.033514
48,9,0.897602,0.119180,0.033514
48,10,0.105516,0.193794,0.033514
48,11,0.202310,0.177500,0.033514
48,12,0.299739,0.194169,0.033514
48,13,0.390972,0.219380,0.033514
48,14,0.474875,0.216200,0.033514
48,15,0.557055,0.189287,0.033514
48,16,0.644700,0.178069,0.033514
48,17,0.739976,0.198980,0.033514
48,18,0.838033,0.221386,0.033514
48,19,0.931462,0.212461,0.033514
48,20,0.099111,0.285281,0.033514
48,21,0.180981,0.279664,0.033514
48,22,0.266546,0.303839,0.033514
48,23,0.359883,0.322390,0.033514
48,24,0.457925,0.308139,0.033514
48,25,0.553278,0.281965,0.033514
48,26,0.641020,0.282212,0.033514
48,27,0.723227,0.308519,0.033514
48,28,0.807065,0.322345,0.033514
48,29,0.898198,0.303436,0.033514
48,30,0.113585,0.379493,0.033514
48,31,0.210434,0.385593,0.033514
48,32,0.300449,0.412799,0.033514
48,33,0.383615,0.421255,0.033514
48,34,0.466216,0.398572,0.033514
48,35,0.555054,0.377981,0.033514
48,36,0.651198,0.389648,0.033514
48,37,0.748999,0.416481,0.033514
48,38,0.841284,0.419169,0.033514
48,39,0.925953,0.393775,0.033514
48,40,0.089907,0.477500,0.033514
48,41,0.176543,0.494188,0.033514
48,42,0.270954,0.519390,0.033514
48,43,0.369085,0.516186,0.033514
48,44,0.463460,0.489269,0.033514
48,45,0.550057,0.478073,0.033514
48,46,0.632004,0.499000,0.033514
48,47,0.716706,0.521392,0.033514
48,48,0.809033,0.512444,0.033514
48,49,0.906846,0.485266,0.033514
48,50,0.120962,0.579673,0.033514
48,51,0.209757,0.603859,0.033514
48,52,0.292340,0.622392,0.033514
48,53,0.375530,0.608120,0.033514
48,54,0.465587,0.581953,0.033514
48,55,0.562460,0.582224,0.033514
48,56,0.659829,0.608537,0.033514
48,57,0.750920,0.622343,0.033514
48,58,0.834729,0.603416,0.033514
48,59,0.916949,0.579485,0.033514
48,60,0.086732,0.685608,0.033514
48,61,0.182117,0.712816,0.033514
48,62,0.280153,0.721248,0.033514
48,63,0.373451,0.698552,0.033514
48,64,0.458979,0.677977,0.033514
48,65,0.540849,0.689666,0.033514
48,66,0.626535,0.716494,0.033514
48,67,0.720004,0.719159,0.033514
48,68,0.818066,0.693756,0.033514
48,69,0.913309,0.677501,0.033514
48,70,0.118913,0.794207,0.033514
48,71,0.201081,0.819400,0.033514
48,72,0.285013,0.816172,0.033514
48,73,0.376288,0.789252,0.033514
48,74,0.473734,0.778078,0.033514
48,75,0.570505,0.799020,0.033514
48,76,0.660376,0.821398,0.033514
48,77,0.743465,0.812428,0.033514
48,78,0.826127,0.785251,0.033514
48,79,0.915108,0.779681,0.033514
48,80,0.093345,0.903879,0.033514
48,81,0.191104,0.922394,0.033514
48,82,0.283251,0.908102,0.033514
48,83,0.367812,0.881941,0.033514
48,84,0.449788,0.882237,0.033514
48,85,0.536556,0.908556,0.033514
48,86,0.631087,0.922341,0.033514
48,87,0.729216,0.903396,0.033514
48,88,0.823469,0.879476,0.033514
48,89,0.909935,0.885623,0.033514
49,0,0.104092,0.101243,0.033733
49,1,0.192074,0.078177,0.033733
49,2,0.273552,0.087082,0.033733
49,3,0.356361,0.114911,0.033733
49,4,0.447113,0.120896,0.033733
49,5,0.545116,0.096268,0.033733
49,6,0.643012,0.077107,0.033733
49,7,0.733542,0.091485,0.033733
49,8,0.816218,0.118337,0.033733
49,9,0.897774,0.118326,0.033733
49,10,0.103974,0.191467,0.033733
49,11,0.200472,0.177109,0.033733
49,12,0.299294,0.196286,0.033733
49,13,0.392330,0.220904,0.033733
49,14,0.476787,0.214897,0.033733
49,15,0.557763,0.187066,0.033733
49,16,0.643553,0.178183,0.033733
49,17,0.738029,0.201262,0.033733
49,18,0.837075,0.222492,0.033733
49,19,0.932374,0.210771,0.033733
49,20,0.101055,0.283271,0.033733
49,21,0.182169,0.280279,0.033733
49,22,0.265885,0.306178,0.033733
49,23,0.357982,0.323027,0.033733
49,24,0.456531,0.306141,0.033733
49,25,0.553672,0.280259,0.033733
49,26,0.642840,0.283298,0.033733
49,27,0.724800,0.310806,0.033733
49,28,0.806944,0.322483,0.033733
49,29,0.896494,0.301223,0.033733
49,30,0.111865,0.378171,0.033733
49,31,0.210279,0.387098,0.033733
49,32,0.302001,0.414927,0.033733
49,33,0.385447,0.420887,0.033733
49,34,0.466644,0.396248,0.033733
49,35,0.553684,0.377105,0.033733
49,36,0.649289,0.391504,0.033733
49,37,0.748306,0.418349,0.033733
49,38,0.842445,0.418313,0.033733
49,39,0.927900,0.391448,0.033733
49,40,0.090850,0.477112,0.033733
49,41,0.175616,0.496306,0.033733
49,42,0.269009,0.520912,0.033733
49,43,0.367911,0.514882,0.033733
49,44,0.464136,0.487049,0.033733
49,45,0.551962,0.478190,0.033733
49,46,0.633387,0.501282,0.033733
49,47,0.716295,0.522496,0.033733
49,48,0.807207,0.510753,0.033733
49,49,0.905284,0.483257,0.033733
49,50,0.121100,0.580289,0.033733
49,51,0.211469,0.606198,0.033733
49,52,0.294052,0.623027,0.033733
49,53,0.375668,0.606121,0.033733
49,54,0.464025,0.580248,0.033733
49,55,0.560634,0.583312,0.033733
49,56,0.659418,0.610824,0.033733
49,57,0.752302,0.622479,0.033733
49,58,0.836634,0.601203,0.033733
49,59,0.917625,0.578164,0.033733
49,60,0.085558,0.687115,0.033733
49,61,0.180172,0.714942,0.033733
49,62,0.279225,0.720879,0.033733
49,63,0.374394,0.696228,0.033733
49,64,0.460926,0.677103,0.033733
49,65,0.542010,0.691523,0.033733
49,66,0.625843,0.718361,0.033733
49,67,0.718095,0.718301,0.033733
49,68,0.816696,0.691429,0.033733
49,69,0.913737,0.677114,0.033733
49,70,0.120746,0.796327,0.033733
49,71,0.202633,0.820921,0.033733
49,72,0.284858,0.814866,0.033733
49,73,0.374568,0.787032,0.033733
49,74,0.472031,0.778196,0.033733
49,75,0.570385,0.801303,0.033733
49,76,0.661949,0.822500,0.033733
49,77,0.745285,0.810735,0.033733
49,78,0.826521,0.783243,0.033733
49,79,0.913713,0.780300,0.033733
49,80,0.091444,0.906218,0.033733
49,81,0.190444,0.923027,0.033733
49,82,0.284439,0.906101,0.033733
49,83,0.369756,0.880238,0.033733
49,84,0.450700,0.883326,0.033733
49,85,0.535598,0.910842,0.033733
49,86,0.629140,0.922475,0.033733
49,87,0.728070,0.901182,0.033733
49,88,0.824177,0.878158,0.033733
49,89,0.911847,0.887132,0.033733
50,0,0.105431,0.098905,0.033952
50,1,0.193991,0.077573,0.033952
50,2,0.274285,0.089097,0.033952
50,3,0.355236,0.116594,0.033952
50,4,0.445164,0.119781,0.033952
50,5,0.544135,0.093989,0.033952
50,6,0.643901,0.077003,0.033952
50,7,0.735483,0.093708,0.033952
50,8,0.817427,0.119631,0.033952
50,9,0.897139,0.116795,0.033952
50,10,0.102079,0.189354,0.033952
50,11,0.199059,0.177510,0.033952
50,12,0.299663,0.198614,0.033952
50,13,0.394141,0.221748,0.033952
50,14,0.478376,0.213022,0.033952
50,15,0.557669,0.185218,0.033952
50,16,0.641863,0.179070,0.033952
50,17,0.736297,0.203584,0.033952
50,18,0.836893,0.222847,0.033952
50,19,0.933911,0.208639,0.033952
50,20,0.102897,0.281775,0.033952
50,21,0.182623,0.281610,0.033952
50,22,0.264534,0.308387,0.033952
50,23,0.356068,0.322877,0.033952
50,24,0.455814,0.303852,0.033952
50,25,0.554811,0.279184,0.033952
50,26,0.644788,0.285012,0.033952
50,27,0.725766,0.312797,0.033952
50,28,0.806039,0.321835,0.033952
50,29,0.894551,0.298884,0.033952
50,30,0.110669,0.377568,0.033952
50,31,0.210930,0.389115,0.033952
50,32,0.303900,0.416608,0.033952
50,33,0.386848,0.419771,0.033952
50,34,0.466258,0.393969,0.033952
50,35,0.551867,0.377003,0.033952
50,36,0.647711,0.393727,0.033952
50,37,0.748418,0.419641,0.033952
50,38,0.844144,0.416781,0.033952
50,39,0.929624,0.389336,0.033952
50,40,0.091014,0.477514,0.033952
50,41,0.174069,0.498634,0.033952
50,42,0.267173,0.521755,0.033952
50,43,0.367474,0.513005,0.033952
50,44,0.465500,0.485203,0.033952
50,45,0.553872,0.479079,0.033952
50,46,0.634088,0.503604,0.033952
50,47,0.715142,0.522850,0.033952
50,48,0.805260,0.508620,0.033952
50,49,0.904333,0.481762,0.033952
50,50,0.122019,0.581623,0.033952
50,51,0.213414,0.608406,0.033952
50,52,0.295234,0.622875,0.033952
50,53,0.375000,0.603832,0.033952
50,54,0.462122,0.579175,0.033952
50,55,0.559245,0.585027,0.033952
50,56,0.659820,0.612814,0.033952
50,57,0.754125,0.621828,0.033952
50,58,0.838202,0.598864,0.033952
50,59,0.917496,0.577564,0.033952
50,60,0.083850,0.689133,0.033952
50,61,0.178456,0.716622,0.033952
50,62,0.279078,0.719760,0.033952
50,63,0.375951,0.693949,0.033952
50,64,0.462756,0.677003,0.033952
50,65,0.542430,0.693747,0.033952
50,66,0.624467,0.719652,0.033952
50,67,0.716188,0.716767,0.033952
50,68,0.816011,0.689318,0.033952
50,69,0.914904,0.677519,0.033952
50,70,0.122692,0.798654,0.033952
50,71,0.203569,0.821761,0.033952
50,72,0.283923,0.812988,0.033952
50,73,0.372622,0.785187,0.033952
50,74,0.470863,0.779087,0.033952
50,75,0.571068,0.803625,0.033952
50,76,0.663856,0.822852,0.033952
50,77,0.746662,0.808601,0.033952
50,78,0.826102,0.781750,0.033952
50,79,0.911884,0.781635,0.033952
50,80,0.089886,0.908425,0.033952
50,81,0.190590,0.922873,0.033952
50,82,0.286155,0.903812,0.033952
50,83,0.371464,0.879167,0.033952
50,84,0.450830,0.885043,0.033952
50,85,0.534030,0.912831,0.033952
50,86,0.627316,0.921822,0.033952
50,87,0.727666,0.898844,0.033952
50,88,0.825565,0.877559,0.033952
50,89,0.913751,0.889151,0.033952
51,0,0.107232,0.096708,0.034171
51,1,0.195595,0.077756,0.034171
51,2,0.274217,0.091392,0.034171
51,3,0.353559,0.117638,0.034171
51,4,0.443420,0.118045,0.034171
51,5,0.543927,0.092015,0.034171
51,6,0.645421,0.077684,0.034171
51,7,0.737334,0.096045,0.034171
51,8,0.817907,0.120201,0.034171
51,9,0.895808,0.114762,0.034171
51,10,0.100159,0.187697,0.034171
51,11,0.198317,0.178656,0.034171
51,12,0.300780,0.200884,0.034171
51,13,0.396090,0.221817,0.034171
51,14,0.479365,0.210788,0.034171
51,15,0.556788,0.183954,0.034171
51,16,0.639922,0.180628,0.034171
51,17,0.735080,0.205681,0.034171
51,18,0.837519,0.222412,0.034171
51,19,0.935804,0.206309,0.034171
51,20,0.104316,0.280963,0.034171
51,21,0.182264,0.283507,0.034171
51,22,0.262727,0.310213,0.034171
51,23,0.354474,0.321957,0.034171
51,24,0.455898,0.301534,0.034171
51,25,0.556497,0.278864,0.034171
51,26,0.646525,0.287158,0.034171
51,27,0.725957,0.314266,0.034171
51,28,0.804509,0.320474,0.034171
51,29,0.892706,0.296688,0.034171
51,30,0.110206,0.377754,0.034171
51,31,0.212275,0.391410,0.034171
51,32,0.305816,0.417651,0.034171
51,33,0.387575,0.418033,0.034171
51,34,0.465127,0.391997,0.034171
51,35,0.549918,0.377686,0.034171
51,36,0.646736,0.396065,0.034171
51,37,0.749314,0.420209,0.034171
51,38,0.846086,0.414747,0.034171
51,39,0.930827,0.387680,0.034171
51,40,0.090372,0.478662,0.034171
51,41,0.172172,0.500904,0.034171
51,42,0.265766,0.521822,0.034171
51,43,0.367850,0.510770,0.034171
51,44,0.467314,0.483941,0.034171
51,45,0.555457,0.480638,0.034171
51,46,0.633986,0.505701,0.034171
51,47,0.713447,0.522412,0.034171
51,48,0.803530,0.506290,0.034171
51,49,0.904159,0.480953,0.034171
51,50,0.123560,0.583520,0.034171
51,51,0.215253,0.610230,0.034171
51,52,0.295680,0.621953,0.034171
51,53,0.373643,0.601514,0.034171
51,54,0.460209,0.578857,0.034171
51,55,0.558534,0.587174,0.034171
51,56,0.660966,0.614281,0.034171
51,57,0.756073,0.620466,0.034171
51,58,0.839161,0.596668,0.034171
51,59,0.916585,0.577751,0.034171
51,60,0.081906,0.691429,0.034171
51,61,0.177266,0.717663,0.034171
51,62,0.279736,0.718021,0.034171
51,63,0.377852,0.691978,0.034171
51,64,0.464152,0.677687,0.034171
51,65,0.542037,0.696085,0.034171
51,66,0.622647,0.720218,0.034171
51,67,0.714614,0.714732,0.034171
51,68,0.816130,0.687664,0.034171
51,69,0.916607,0.678668,0.034171
51,70,0.124413,0.800924,0.034171
51,71,0.203726,0.821826,0.034171
51,72,0.282371,0.810753,0.034171
51,73,0.370789,0.783927,0.034171
51,74,0.470433,0.780648,0.034171
51,75,0.572438,0.805720,0.034171
51,76,0.665765,0.822412,0.034171
51,77,0.747356,0.806271,0.034171
51,78,0.824942,0.780942,0.034171
51,79,0.909937,0.783534,0.034171
51,80,0.088941,0.910248,0.034171
51,81,0.191516,0.921949,0.034171
51,82,0.288100,0.901495,0.034171
51,83,0.372640,0.878851,0.034171
51,84,0.450155,0.887191,0.034171
51,85,0.532125,0.914296,0.034171
51,86,0.625932,0.920458,0.034171
51,87,0.728076,0.896649,0.034171
51,88,0.827392,0.877749,0.034171
51,89,0.915315,0.891447,0.034171
52,0,0.109182,0.094903,0.034390
52,1,0.196608,0.078707,0.034390
52,2,0.273361,0.093705,0.034390
52,3,0.351621,0.117925,0.034390
52,4,0.442182,0.115885,0.034390
52,5,0.544527,0.090573,0.034390
52,6,0.647307,0.079071,0.034390
52,7,0.738772,0.098230,0.034390
52,8,0.817575,0.119982,0.034390
52,9,0.894010,0.112460,0.034390
52,10,0.098550,0.186684,0.034390
52,11,0.198375,0.180416,0.034390
52,12,0.302452,0.202838,0.034390
52,13,0.397839,0.221102,0.034390
52,14,0.479583,0.208452,0.034390
52,15,0.555275,0.183419,0.034390
52,16,0.638069,0.182678,0.034390
52,17,0.734590,0.207313,0.034390
52,18,0.838844,0.221235,0.034390
52,19,0.937725,0.204047,0.034390
52,20,0.105067,0.280930,0.034390
52,21,0.181154,0.285751,0.034390
52,22,0.260777,0.311446,0.034390
52,23,0.353476,0.320373,0.034390
52,24,0.456770,0.299453,0.034390
52,25,0.558437,0.279334,0.034390
52,26,0.647750,0.289491,0.034390
52,27,0.725340,0.315043,0.034390
52,28,0.802618,0.318557,0.034390
52,29,0.891280,0.294885,0.034390
52,30,0.110556,0.378706,0.034390
52,31,0.214079,0.393723,0.034390
52,32,0.307416,0.417936,0.034390
52,33,0.387499,0.415873,0.034390
52,34,0.463446,0.390556,0.034390
52,35,0.548176,0.379075,0.034390
52,36,0.646536,0.398249,0.034390
52,37,0.750838,0.419988,0.034390
52,38,0.847934,0.412445,0.034390
52,39,0.931300,0.386670,0.034390
52,40,0.089035,0.480424,0.034390
52,41,0.170254,0.502857,0.034390
52,42,0.265031,0.521105,0.034390
52,43,0.368973,0.508434,0.034390
52,44,0.469263,0.483407,0.034390
52,45,0.556439,0.482689,0.034390
52,46,0.633098,0.507331,0.034390
52,47,0.711506,0.521233,0.034390
52,48,0.802320,0.504029,0.034390
52,49,0.904792,0.480922,0.034390
52,50,0.125455,0.585765,0.034390
52,51,0.216667,0.611462,0.034390
52,52,0.295314,0.620368,0.034390
52,53,0.371833,0.599434,0.034390
52,54,0.458619,0.579330,0.034390
52,55,0.558627,0.589507,0.034390
52,56,0.662655,0.615057,0.034390
52,57,0.757807,0.618548,0.034390
52,58,0.839345,0.594867,0.034390
52,59,0.915050,0.578706,0.034390
52,60,0.080064,0.693741,0.034390
52,61,0.176810,0.717946,0.034390
52,62,0.281086,0.715860,0.034390
52,63,0.379767,0.690539,0.034390
52,64,0.464871,0.679078,0.034390
52,65,0.540899,0.698268,0.034390
52,66,0.620698,0.719995,0.034390
52,67,0.713646,0.712429,0.034390
52,68,0.817033,0.686655,0.034390
52,69,0.918550,0.680431,0.034390
52,70,0.125610,0.802876,0.034390
52,71,0.203076,0.821108,0.034390
52,72,0.280472,0.808417,0.034390
52,73,0.369386,0.783395,0.034390
52,74,0.470817,0.782700,0.034390
52,75,0.574254,0.807349,0.034390
52,76,0.667345,0.821232,0.034390
52,77,0.747247,0.804010,0.034390
52,78,0.823244,0.780913,0.034390
52,79,0.908211,0.785779,0.034390
52,80,0.088775,0.911478,0.034390
52,81,0.193062,0.920362,0.034390
52,82,0.289937,0.899415,0.034390
52,83,0.373079,0.879325,0.034390
52,84,0.448793,0.889524,0.034390
52,85,0.530214,0.915070,0.034390
52,86,0.625229,0.918539,0.034390
52,87,0.729227,0.894848,0.034390
52,88,0.829339,0.878705,0.034390
52,89,0.916267,0.893759,0.034390
53,0,0.110943,0.093699,0.034610
53,1,0.196852,0.080315,0.034610
53,2,0.271864,0.095770,0.034610
53,3,0.349760,0.117422,0.034610
53,4,0.441667,0.113551,0.034610
53,5,0.545832,0.089828,0.034610
53,6,0.649233,0.081007,0.034610
53,7,0.739548,0.100011,0.034610
53,8,0.816487,0.118999,0.034610
53,9,0.892060,0.110153,0.034610
53,10,0.097529,0.186433,0.034610
53,11,0.199223,0.182589,0.034610
53,12,0.304389,0.204252,0.034610
53,13,0.399084,0.219686,0.034610
53,14,0.478992,0.206280,0.034610
53,15,0.553391,0.183674,0.034610
53,16,0.636624,0.184985,0.034610
53,17,0.734914,0.208293,0.034610
53,18,0.840638,0.219452,0.034610
53,19,0.939340,0.202113,0.034610
53,20,0.105019,0.281679,0.034610
53,21,0.179487,0.288085,0.034610
53,22,0.259024,0.311947,0.034610
53,23,0.353249,0.318306,0.034610
53,24,0.458278,0.297847,0.034610
53,25,0.560293,0.280542,0.034610
53,26,0.648248,0.291743,0.034610
53,27,0.724023,0.315041,0.034610
53,28,0.800696,0.316304,0.034610
53,29,0.890520,0.293682,0.034610
53,30,0.111657,0.380316,0.034610
53,31,0.216029,0.395787,0.034610
53,32,0.308422,0.417430,0.034610
53,33,0.386636,0.413538,0.034610
53,34,0.461507,0.389813,0.034610
53,35,0.546945,0.381012,0.034610
53,36,0.647143,0.400029,0.034610
53,37,0.752727,0.419003,0.034610
53,38,0.849367,0.410138,0.034610
53,39,0.930960,0.386420,0.034610
53,40,0.087234,0.482597,0.034610
53,41,0.168649,0.504269,0.034610
53,42,0.265096,0.519687,0.034610
53,43,0.370649,0.506264,0.034610
53,44,0.471009,0.483664,0.034610
53,45,0.556650,0.484997,0.034610
53,46,0.631580,0.508309,0.034610
53,47,0.709655,0.519449,0.034610
53,48,0.801838,0.502096,0.034610
53,49,0.906122,0.481672,0.034610
53,50,0.127375,0.588099,0.034610
53,51,0.217411,0.611961,0.034610
53,52,0.294198,0.618300,0.034610
53,53,0.369883,0.597830,0.034610
53,54,0.457628,0.580539,0.034610
53,55,0.559506,0.591759,0.034610
53,56,0.664596,0.615052,0.034610
53,57,0.759025,0.616294,0.034610
53,58,0.838721,0.593665,0.034610
53,59,0.913157,0.580317,0.034610
53,60,0.078643,0.695804,0.034610
53,61,0.177167,0.717438,0.034610
53,62,0.282893,0.713525,0.034610
53,63,0.381362,0.689798,0.034610
53,64,0.464788,0.681017,0.034610
53,65,0.539215,0.700046,0.034610
53,66,0.618961,0.719008,0.034610
53,67,0.713453,0.710123,0.034610
53,68,0.818562,0.686408,0.034610
53,69,0.920396,0.682605,0.034610
53,70,0.126075,0.804286,0.034610
53,71,0.201733,0.819688,0.034610
53,72,0.278556,0.806247,0.034610
53,73,0.368659,0.783654,0.034610
53,74,0.471947,0.785008,0.034610
53,75,0.576203,0.808325,0.034610
53,76,0.668321,0.819446,0.034610
53,77,0.746352,0.802078,0.034610
53,78,0.821302,0.781666,0.034610
53,79,0.907007,0.788113,0.034610
53,80,0.089416,0.911975,0.034610
53,81,0.194959,0.918293,0.034610
53,82,0.291346,0.897812,0.034610
53,83,0.372705,0.880536,0.034610
53,84,0.446980,0.891775,0.034610
53,85,0.528629,0.915063,0.034610
53,86,0.625329,0.916284,0.034610
53,87,0.730921,0.893649,0.034610
53,88,0.831069,0.880318,0.034610
53,89,0.916443,0.895821,0.034610
54,0,0.112208,0.093231,0.034829
54,1,0.196286,0.082397,0.034829
54,2,0.269988,0.097351,0.034829
54,3,0.348297,0.116186,0.034829
54,4,0.441963,0.111308,0.034829
54,5,0.547615,0.089864,0.034829
54,6,0.650862,0.083269,0.034829
54,7,0.739526,0.101185,0.034829
54,8,0.814834,0.117365,0.034829
54,9,0.890295,0.108105,0.034829
54,10,0.097275,0.186971,0.034829
54,11,0.200713,0.184925,0.034829
54,12,0.306253,0.204963,0.034829
54,13,0.399608,0.217731,0.034829
54,14,0.477694,0.204522,0.034829
54,15,0.551464,0.184689,0.034829
54,16,0.635840,0.187286,0.034829
54,17,0.735993,0.208509,0.034829
54,18,0.842588,0.217266,0.034829
54,19,0.940368,0.200728,0.034829
54,20,0.104180,0.283123,0.034829
54,21,0.177552,0.290243,0.034829
54,22,0.257772,0.311657,0.034829
54,23,0.353831,0.315993,0.034829
54,24,0.460159,0.296900,0.034829
54,25,0.561744,0.282348,0.034829
54,26,0.647934,0.293656,0.034829
54,27,0.722233,0.314258,0.034829
54,28,0.799075,0.313972,0.034829
54,29,0.890559,0.293217,0.034829
54,30,0.113319,0.382399,0.034829
54,31,0.217786,0.397367,0.034829
54,32,0.308659,0.416192,0.034829
54,33,0.385135,0.411296,0.034829
54,34,0.459648,0.389851,0.034829
54,35,0.546437,0.383275,0.034829
54,36,0.648454,0.401201,0.034829
54,37,0.754651,0.417368,0.034829
54,38,0.850136,0.408091,0.034829
54,39,0.929866,0.386961,0.034829
54,40,0.085284,0.484933,0.034829
54,41,0.167635,0.504979,0.034829
54,42,0.265951,0.517730,0.034829
54,43,0.372587,0.504507,0.034829
54,44,0.472247,0.484681,0.034829
54,45,0.556051,0.487297,0.034829
54,46,0.629694,0.508523,0.034829
54,47,0.708216,0.517263,0.034829
54,48,0.802169,0.500712,0.034829
54,49,0.907919,0.483119,0.034829
54,50,0.128985,0.590256,0.034829
54,51,0.217355,0.611668,0.034829
54,52,0.292527,0.615987,0.034829
54,53,0.368134,0.596884,0.034829
54,54,0.457409,0.582347,0.034829
54,55,0.561018,0.593671,0.034829
54,56,0.666450,0.614268,0.034829
54,57,0.759516,0.613962,0.034829
54,58,0.837397,0.593202,0.034829
54,59,0.911236,0.582401,0.034829
54,60,0.077890,0.697383,0.034829
54,61,0.178275,0.716199,0.034829
54,62,0.284843,0.711284,0.034829
54,63,0.382361,0.689838,0.034829
54,64,0.463917,0.683280,0.034829
54,65,0.537275,0.701217,0.034829
54,66,0.617735,0.717371,0.034829
54,67,0.714068,0.708077,0.034829
54,68,0.820452,0.686950,0.034829
54,69,0.921823,0.684941,0.034829
54,70,0.125727,0.804994,0.034829
54,71,0.199930,0.817730,0.034829
54,72,0.276955,0.804492,0.034829
54,73,0.368732,0.784673,0.034829
54,74,0.473627,0.787308,0.034829
54,75,0.577945,0.808537,0.034829
54,76,0.668523,0.817259,0.034829
54,77,0.744829,0.800697,0.034829
54,78,0.819453,0.783114,0.034829
54,79,0.906532,0.790269,0.034829
54,80,0.090752,0.911680,0.034829
54,81,0.196877,0.915980,0.034829
54,82,0.292082,0.896869,0.034829
54,83,0.371583,0.882345,0.034829
54,84,0.445031,0.893686,0.034829
54,85,0.527645,0.914277,0.034829
54,86,0.626215,0.913952,0.034829
54,87,0.732862,0.893188,0.034829
54,88,0.832281,0.882403,0.034829
54,89,0.915812,0.897398,0.034829
55,0,0.112758,0.093555,0.035048
55,1,0.195008,0.084715,0.035048
55,2,0.268057,0.098268,0.035048
55,3,0.347489,0.114358,0.035048
55,4,0.443020,0.109414,0.035048
55,5,0.549566,0.090678,0.035048
55,6,0.651913,0.085599,0.035048
55,7,0.738711,0.101618,0.035048
55,8,0.812903,0.115266,0.035048
55,9,0.889023,0.106550,0.035048
55,10,0.097832,0.188238,0.035048
55,11,0.202587,0.187157,0.035048
55,12,0.307721,0.204891,0.035048
55,13,0.399321,0.215460,0.035048
55,14,0.475915,0.203379,0.035048
55,15,0.549829,0.186348,0.035048
55,16,0.635852,0.189317,0.035048
55,17,0.737641,0.207936,0.035048
55,18,0.844357,0.214929,0.035048
55,19,0.940631,0.200051,0.035048
55,20,0.102696,0.285098,0.035048
55,21,0.175685,0.291977,0.035048
55,22,0.257238,0.310609,0.035048
55,23,0.355122,0.313699,0.035048
55,24,0.462087,0.296720,0.035048
55,25,0.562537,0.284546,0.035048
55,26,0.646863,0.295012,0.035048
55,27,0.720282,0.312786,0.035048
55,28,0.798039,0.311828,0.035048
55,29,0.891390,0.293542,0.035048
55,30,0.115253,0.384717,0.035048
55,31,0.219045,0.398282,0.035048
55,32,0.308085,0.414363,0.035048
55,33,0.383256,0.409403,0.035048
55,34,0.458191,0.390667,0.035048
55,35,0.546742,0.385604,0.035048
55,36,0.650240,0.401631,0.035048
55,37,0.756276,0.415269,0.035048
55,38,0.850106,0.406537,0.035048
55,39,0.928209,0.388229,0.035048
55,40,0.083523,0.487165,0.035048
55,41,0.167389,0.504904,0.035048
55,42,0.267446,0.515459,0.035048
55,43,0.374449,0.503366,0.035048
55,44,0.472764,0.486342,0.035048
55,45,0.554747,0.489327,0.035048
55,46,0.627769,0.507948,0.035048
55,47,0.707439,0.514925,0.035048
55,48,0.803255,0.500037,0.035048
55,49,0.909869,0.485095,0.035048
55,50,0.130007,0.591989,0.035048
55,51,0.216509,0.610619,0.035048
55,52,0.290591,0.613693,0.035048
55,53,0.366888,0.596706,0.035048
55,54,0.457998,0.584545,0.035048
55,55,0.562901,0.595026,0.035048
55,56,0.667895,0.612794,0.035048
55,57,0.759194,0.611819,0.035048
55,58,0.835605,0.593530,0.035048
55,59,0.909620,0.584719,0.035048
55,60,0.077937,0.698295,0.035048
55,61,0.179942,0.714369,0.035048
55,62,0.286597,0.709392,0.035048
55,63,0.382590,0.690656,0.035048
55,64,0.462411,0.685609,0.035048
55,65,0.535418,0.701645,0.035048
55,66,0.617235,0.715271,0.035048
55,67,0.715385,0.706525,0.035048
55,68,0.822375,0.688220,0.035048
55,69,0.922584,0.687173,0.035048
55,70,0.124627,0.804917,0.035048
55,71,0.197980,0.815458,0.035048
55,72,0.275948,0.803353,0.035048
55,73,0.369594,0.786336,0.035048
55,74,0.475565,0.789337,0.035048
55,75,0.579178,0.807960,0.035048
55,76,0.667917,0.814922,0.035048
55,77,0.742941,0.800023,0.035048
55,78,0.818020,0.785091,0.035048
55,79,0.906871,0.792000,0.035048
55,80,0.092551,0.910629,0.035048
55,81,0.198483,0.913686,0.035048
55,82,0.292018,0.896693,0.035048
55,83,0.369907,0.884544,0.035048
55,84,0.443285,0.895039,0.035048
55,85,0.527433,0.912801,0.035048
55,86,0.627732,0.911810,0.035048
55,87,0.734714,0.893517,0.035048
55,88,0.832764,0.884722,0.035048
55,89,0.914483,0.898309,0.035048
56,0,0.112497,0.094632,0.035267
56,1,0.193241,0.087003,0.035267
56,2,0.266408,0.098415,0.035267
56,3,0.347475,0.112149,0.035267
56,4,0.444654,0.108085,0.035267
56,5,0.551345,0.092176,0.035267
56,6,0.652203,0.087729,0.035267
56,7,0.737244,0.101259,0.035267
56,8,0.811028,0.112944,0.035267
56,9,0.888464,0.105666,0.035267
56,10,0.099103,0.190087,0.035267
56,11,0.204519,0.189030,0.035267
56,12,0.308538,0.204044,0.035267
56,13,0.398272,0.213133,0.035267
56,14,0.473965,0.202982,0.035267
56,15,0.548770,0.188462,0.035267
56,16,0.636659,0.190845,0.035267
56,17,0.739571,0.206640,0.035267
56,18,0.845636,0.212707,0.035267
56,19,0.940083,0.200158,0.035267
56,20,0.100824,0.287378,0.035267
56,21,0.174210,0.293089,0.035267
56,22,0.257516,0.308925,0.035267
56,23,0.356897,0.311686,0.035267
56,24,0.463727,0.297327,0.035267
56,25,0.562534,0.286884,0.035267
56,26,0.645220,0.295656,0.035267
56,27,0.718510,0.310792,0.035267
56,28,0.797767,0.310118,0.035267
56,29,0.892868,0.294621,0.035267
56,30,0.117123,0.387004,0.035267
56,31,0.219588,0.398426,0.035267
56,32,0.306802,0.412154,0.035267
56,33,0.381326,0.408076,0.035267
56,34,0.457390,0.392167,0.035267
56,35,0.547805,0.387733,0.035267
56,36,0.652191,0.401270,0.035267
56,37,0.757320,0.412946,0.035267
56,38,0.849284,0.405656,0.035267
56,39,0.926276,0.390080,0.035267
56,40,0.082257,0.489037,0.035267
56,41,0.167953,0.504055,0.035267
56,42,0.269322,0.513133,0.035267
56,43,0.375912,0.502971,0.035267
56,44,0.472469,0.488457,0.035267
56,45,0.552965,0.490853,0.035267
56,46,0.626138,0.506650,0.035267
56,47,0.707459,0.512704,0.035267
56,48,0.804907,0.500147,0.035267
56,49,0.911634,0.487374,0.035267
56,50,0.130262,0.593099,0.035267
56,51,0.215019,0.608933,0.035267
56,52,0.288726,0.611681,0.035267
56,53,0.366362,0.597316,0.035267
56,54,0.459295,0.586883,0.035267
56,55,0.564828,0.595667,0.035267
56,56,0.668681,0.610799,0.035267
56,57,0.758116,0.610111,0.035267
56,58,0.833654,0.594611,0.035267
56,59,0.908591,0.587006,0.035267
56,60,0.078775,0.698438,0.035267
56,61,0.181877,0.712158,0.035267
56,62,0.287850,0.708067,0.035267
56,63,0.382009,0.692158,0.035267
56,64,0.460530,0.687738,0.035267
56,65,0.533967,0.701282,0.035267
56,66,0.617547,0.712948,0.035267
56,67,0.717174,0.705645,0.035267
56,68,0.823995,0.690072,0.035267
56,69,0.922547,0.689043,0.035267
56,70,0.122966,0.804066,0.035267
56,71,0.196222,0.813132,0.035267
56,72,0.275710,0.802959,0.035267
56,73,0.371094,0.788451,0.035267
56,74,0.477425,0.790862,0.035267
56,75,0.579687,0.806660,0.035267
56,76,0.666607,0.812701,0.035267
56,77,0.741017,0.800135,0.035267
56,78,0.817250,0.787371,0.035267
56,79,0.907963,0.793108,0.035267
56,80,0.094501,0.908942,0.035267
56,81,0.199498,0.911675,0.035267
56,82,0.291165,0.897304,0.035267
56,83,0.367970,0.886882,0.035267
56,84,0.442045,0.895678,0.035267
56,85,0.528030,0.910805,0.035267
56,86,0.629617,0.910103,0.035267
56,87,0.736153,0.894600,0.035267
56,88,0.832435,0.887008,0.035267
56,89,0.912687,0.898449,0.035267
57,0,0.111471,0.096340,0.035486
57,1,0.191291,0.088998,0.035486
57,2,0.265327,0.097775,0.035486
57,3,0.348257,0.109811,0.035486
57,4,0.446580,0.107474,0.035486
57,5,0.552645,0.094188,0.035486
57,6,0.651681,0.089416,0.035486
57,7,0.735381,0.100150,0.035486
57,8,0.809537,0.110664,0.035486
57,9,0.888716,0.105555,0.035486
57,10,0.100866,0.192308,0.035486
57,11,0.206173,0.190329,0.035486
57,12,0.308562,0.202518,0.035486
57,13,0.396644,0.211018,0.035486
57,14,0.472181,0.203376,0.035486
57,15,0.548472,0.190788,0.035486
57,16,0.638119,0.191696,0.035486
57,17,0.741448,0.204769,0.035486
57,18,0.846204,0.210856,0.035486
57,19,0.938820,0.201039,0.035486
57,20,0.098891,0.289700,0.035486
57,21,0.173385,0.293451,0.035486
57,22,0.258558,0.306796,0.035486
57,23,0.358847,0.310185,0.035486
57,24,0.464794,0.298653,0.035486
57,25,0.561736,0.289094,0.035486
57,26,0.643291,0.295512,0.035486
57,27,0.717224,0.308505,0.035486
57,28,0.798306,0.309038,0.035486
57,29,0.894736,0.296330,0.035486
57,30,0.118603,0.388999,0.035486
57,31,0.219319,0.397784,0.035486
57,32,0.305031,0.409816,0.035486
57,33,0.379682,0.407467,0.035486
57,34,0.457384,0.394179,0.035486
57,35,0.549443,0.389419,0.035486
57,36,0.653967,0.400160,0.035486
57,37,0.757602,0.410667,0.035486
57,38,0.847812,0.405547,0.035486
57,39,0.924404,0.392301,0.035486
57,40,0.081705,0.490334,0.035486
57,41,0.169230,0.502528,0.035486
57,42,0.271253,0.511018,0.035486
57,43,0.376721,0.503367,0.035486
57,44,0.471413,0.490783,0.035486
57,45,0.551015,0.491702,0.035486
57,46,0.625086,0.504778,0.035486
57,47,0.708273,0.510854,0.035486
57,48,0.806838,0.501029,0.035486
57,49,0.912907,0.489697,0.035486
57,50,0.129707,0.593458,0.035486
57,51,0.213146,0.606804,0.035486
57,52,0.287257,0.610181,0.035486
57,53,0.366648,0.598643,0.035486
57,54,0.461073,0.589093,0.035486
57,55,0.566464,0.595521,0.035486
57,56,0.668670,0.608511,0.035486
57,57,0.756469,0.609032,0.035486
57,58,0.831885,0.596321,0.035486
57,59,0.908326,0.589000,0.035486
57,60,0.080258,0.697794,0.035486
57,61,0.183744,0.709820,0.035486
57,62,0.288384,0.707460,0.035486
57,63,0.380719,0.694171,0.035486
57,64,0.458602,0.689422,0.035486
57,65,0.533173,0.700170,0.035486
57,66,0.618618,0.710669,0.035486
57,67,0.719124,0.705538,0.035486
57,68,0.825033,0.692294,0.035486
57,69,0.921717,0.690339,0.035486
57,70,0.121032,0.802537,0.035486
57,71,0.194962,0.811019,0.035486
57,72,0.276282,0.803358,0.035486
57,73,0.372972,0.790778,0.035486
57,74,0.478882,0.791708,0.035486
57,75,0.579384,0.804786,0.035486
57,76,0.664822,0.810852,0.035486
57,77,0.739391,0.801019,0.035486
57,78,0.817278,0.789693,0.035486
57,79,0.909620,0.793466,0.035486
57,80,0.096263,0.906811,0.035486
57,81,0.199745,0.910178,0.035486
57,82,0.289671,0.898634,0.035486
57,83,0.366108,0.889091,0.035486
57,84,0.441527,0.895530,0.035486
57,85,0.529333,0.908517,0.035486
57,86,0.631543,0.909027,0.035486
57,87,0.736932,0.896312,0.035486
57,88,0.831350,0.889000,0.035486
57,89,0.910737,0.897803,0.035486
58,0,0.109857,0.098482,0.035705
58,1,0.189497,0.090473,0.035705
58,2,0.265002,0.096421,0.035705
58,3,0.349700,0.107612,0.035705
58,4,0.448464,0.107651,0.035705
58,5,0.553238,0.096481,0.035705
58,6,0.650438,0.090466,0.035705
58,7,0.733444,0.098418,0.035705
58,8,0.808687,0.108687,0.035705
58,9,0.889734,0.106230,0.035705
58,10,0.102816,0.194645,0.035705
58,11,0.207261,0.190906,0.035705
58,12,0.307788,0.200489,0.035705
58,13,0.394719,0.209356,0.035705
58,14,0.470875,0.204516,0.035705
58,15,0.548985,0.193060,0.035705
58,16,0.639980,0.191771,0.035705
58,17,0.742945,0.202537,0.035705
58,18,0.845961,0.209586,0.035705
58,19,0.937060,0.202591,0.035705
58,20,0.097233,0.291800,0.035705
58,21,0.173352,0.293022,0.035705
58,22,0.260181,0.304467,0.035705
58,23,0.360634,0.309368,0.035705
58,24,0.465101,0.300545,0.035705
58,25,0.560282,0.290924,0.035705
58,26,0.641412,0.294599,0.035705
58,27,0.716647,0.306187,0.035705
58,28,0.799562,0.308711,0.035705
58,29,0.896670,0.298474,0.035705
58,30,0.119437,0.390472,0.035705
58,31,0.218285,0.396429,0.035705
58,32,0.303081,0.407617,0.035705
58,33,0.378608,0.407646,0.035705
58,34,0.458173,0.396474,0.035705
58,35,0.551370,0.390467,0.035705
58,36,0.655260,0.398427,0.035705
58,37,0.757072,0.408691,0.035705
58,38,0.845946,0.406223,0.035705
58,39,0.922918,0.394638,0.035705
58,40,0.081965,0.490908,0.035705
58,41,0.170997,0.500498,0.035705
58,42,0.272903,0.509358,0.035705
58,43,0.376737,0.504509,0.035705
58,44,0.469780,0.493054,0.035705
58,45,0.549235,0.491775,0.035705
58,46,0.624796,0.502545,0.035705
58,47,0.709738,0.509586,0.035705
58,48,0.808713,0.502583,0.035705
58,49,0.913467,0.491796,0.035705
58,50,0.128437,0.593027,0.035705
58,51,0.211214,0.604474,0.035705
58,52,0.286439,0.609366,0.035705
58,53,0.367696,0.600537,0.035705
58,54,0.463023,0.590921,0.035705
58,55,0.567523,0.594606,0.035705
58,56,0.667864,0.606193,0.035705
58,57,0.754539,0.608707,0.035705
58,58,0.830605,0.598465,0.035705
58,59,0.908873,0.590472,0.035705
58,60,0.082129,0.696437,0.035705
58,61,0.185219,0.707622,0.035705
58,62,0.288108,0.707641,0.035705
58,63,0.378945,0.696466,0.035705
58,64,0.456962,0.690468,0.035705
58,65,0.533175,0.698435,0.035705
58,66,0.620260,0.708695,0.035705
58,67,0.720897,0.706217,0.035705
58,68,0.825306,0.694631,0.035705
58,69,0.920240,0.690911,0.035705
58,70,0.119162,0.800506,0.035705
58,71,0.194419,0.809360,0.035705
58,72,0.277565,0.804501,0.035705
58,73,0.374902,0.793049,0.035705
58,74,0.479684,0.791780,0.035705
58,75,0.578321,0.802554,0.035705
58,76,0.662872,0.809586,0.035705
58,77,0.738346,0.802575,0.035705
58,78,0.818099,0.791791,0.035705
58,79,0.911552,0.793033,0.035705
58,80,0.097530,0.904482,0.035705
58,81,0.199182,0.909364,0.035705
58,82,0.287795,0.900528,0.035705
58,83,0.364645,0.890918,0.035705
58,84,0.441821,0.894613,0.035705
58,85,0.531114,0.906200,0.035705
58,86,0.633174,0.908704,0.035705
58,87,0.736913,0.898457,0.035705
58,88,0.829699,0.890471,0.035705
58,89,0.908971,0.896445,0.035705
59,0,0.107937,0.100814,0.035924
59,1,0.188171,0.091259,0.035924
59,2,0.265490,0.094509,0.035924
59,3,0.351552,0.105803,0.035924
59,4,0.449978,0.108595,0.035924
59,5,0.553021,0.098795,0.035924
59,6,0.648690,0.090760,0.035924
59,7,0.731772,0.096261,0.035924
59,8,0.808628,0.107240,0.035924
59,9,0.891343,0.107612,0.035924
59,10,0.104614,0.196832,0.035924
59,11,0.207595,0.190693,0.035924
59,12,0.306352,0.198189,0.035924
59,13,0.392833,0.208337,0.035924
59,14,0.470274,0.206272,0.035924
59,15,0.550221,0.195018,0.035924
59,16,0.641917,0.191063,0.035924
59,17,0.743803,0.200201,0.035924
59,18,0.844950,0.209045,0.035924
59,19,0.935111,0.204638,0.035924
59,20,0.096136,0.293437,0.035924
59,21,0.174117,0.291850,0.035924
59,22,0.262104,0.302203,0.035924
59,23,0.361947,0.309328,0.035924
59,24,0.464597,0.302787,0.035924
59,25,0.558424,0.292163,0.035924
59,26,0.639909,0.293020,0.035924
59,27,0.716881,0.304103,0.035924
59,28,0.801318,0.309175,0.035924
59,29,0.898334,0.300806,0.035924
59,30,0.119479,0.391256,0.035924
59,31,0.216667,0.394516,0.035924
59,32,0.301290,0.405810,0.035924
59,33,0.378291,0.408592,0.035924
59,34,0.459621,0.398787,0.035924
59,35,0.553252,0.390759,0.035924
59,36,0.655845,0.396269,0.035924
59,37,0.755822,0.407245,0.035924
59,38,0.844011,0.407607,0.035924
59,39,0.922076,0.396825,0.035924
59,40,0.082991,0.490694,0.035924
59,41,0.172947,0.498197,0.035924
59,42,0.273985,0.508341,0.035924
59,43,0.375956,0.506266,0.035924
59,44,0.467855,0.495011,0.035924
59,45,0.547935,0.491065,0.035924
59,46,0.625317,0.500209,0.035924
59,47,0.711601,0.509047,0.035924
59,48,0.810205,0.504631,0.035924
59,49,0.913217,0.493431,0.035924
59,50,0.126674,0.591855,0.035924
59,51,0.209560,0.602211,0.035924
59,52,0.286414,0.609328,0.035924
59,53,0.369324,0.602780,0.035924
59,54,0.464807,0.592159,0.035924
59,55,0.567823,0.593025,0.035924
59,56,0.666405,0.604110,0.035924
59,57,0.752662,0.609174,0.035924
59,58,0.830036,0.600798,0.035924
59,59,0.910135,0.591253,0.035924
59,60,0.084062,0.694523,0.035924
59,61,0.186045,0.705816,0.035924
59,62,0.287067,0.708589,0.035924
59,63,0.376995,0.698779,0.035924
59,64,0.455894,0.690758,0.035924
59,65,0.533972,0.696277,0.035924
59,66,0.622188,0.707250,0.035924
59,67,0.722184,0.707602,0.035924
59,68,0.824769,0.696817,0.035924
59,69,0.918372,0.690695,0.035924
59,70,0.117681,0.798205,0.035924
59,71,0.194686,0.808345,0.035924
59,72,0.279335,0.806260,0.035924
59,73,0.376547,0.795004,0.035924
59,74,0.479692,0.791067,0.035924
59,75,0.576684,0.800217,0.035924
59,76,0.661095,0.809049,0.035924
59,77,0.738064,0.804624,0.035924
59,78,0.819570,0.793425,0.035924
59,79,0.913424,0.791859,0.035924
59,80,0.098082,0.902219,0.035924
59,81,0.197906,0.909329,0.035924
59,82,0.285864,0.902772,0.035924
59,83,0.363834,0.892154,0.035924
59,84,0.442875,0.893031,0.035924
59,85,0.533064,0.904117,0.035924
59,86,0.634227,0.909172,0.035924
59,87,0.736100,0.900790,0.035924
59,88,0.827768,0.891250,0.035924
59,89,0.907697,0.894529,0.035924
60,0,0.106044,0.103069,0.036143
60,1,0.187544,0.091265,0.036143
60,2,0.266705,0.092258,0.036143
60,3,0.353492,0.104593,0.036143
60,4,0.450859,0.110199,0.036143
60,5,0.552033,0.100864,0.036143
60,6,0.646741,0.090263,0.036143
60,7,0.730654,0.093927,0.036143
60,8,0.809369,0.106488,0.036143
60,9,0.893261,0.109544,0.036143
60,10,0.105946,0.198618,0.036143
60,11,0.207116,0.189717,0.036143
60,12,0.304502,0.195880,0.036143
60,13,0.391313,0.208079,0.036143
60,14,0.470481,0.208442,0.036143
60,15,0.551965,0.196437,0.036143
60,16,0.643595,0.189652,0.036143
60,17,0.743872,0.198026,0.036143
60,18,0.843347,0.209292,0.036143
60,19,0.933310,0.206945,0.036143
60,20,0.095793,0.294423,0.036143
60,21,0.175548,0.290071,0.036143
60,22,0.263992,0.300265,0.036143
60,23,0.362557,0.310070,0.036143
60,24,0.463368,0.305123,0.036143
60,25,0.556485,0.292670,0.036143
60,26,0.639043,0.290956,0.036143
60,27,0.717883,0.302491,0.036143
60,28,0.803267,0.310377,0.036143
60,29,0.899438,0.303060,0.036143
60,30,0.118722,0.391260,0.036143
60,31,0.214746,0.392264,0.036143
60,32,0.299970,0.404601,0.036143
60,33,0.378786,0.410197,0.036143
60,34,0.461476,0.400855,0.036143
60,35,0.554761,0.390260,0.036143
60,36,0.655621,0.393934,0.036143
60,37,0.754071,0.406495,0.036143
60,38,0.842342,0.409540,0.036143
60,39,0.922025,0.398609,0.036143
60,40,0.084603,0.489715,0.036143
60,41,0.174741,0.495889,0.036143
60,42,0.274311,0.508085,0.036143
60,43,0.374514,0.508437,0.036143
60,44,0.465970,0.496429,0.036143
60,45,0.547341,0.489653,0.036143
60,46,0.626559,0.498035,0.036143
60,47,0.713538,0.509296,0.036143
60,48,0.811055,0.506938,0.036143
60,49,0.912199,0.494415,0.036143
60,50,0.124724,0.590074,0.036143
60,51,0.208470,0.600274,0.036143
60,52,0.287187,0.610073,0.036143
60,53,0.371248,0.605115,0.036143
60,54,0.466114,0.592664,0.036143
60,55,0.567311,0.590961,0.036143
60,56,0.664544,0.602500,0.036143
60,57,0.751164,0.610377,0.036143
60,58,0.830278,0.603051,0.036143
60,59,0.911894,0.591255,0.036143
60,60,0.085721,0.692270,0.036143
60,61,0.186079,0.704609,0.036143
60,62,0.285445,0.710196,0.036143
60,63,0.375208,0.700846,0.036143
60,64,0.455585,0.690257,0.036143
60,65,0.535425,0.693942,0.036143
60,66,0.624068,0.706502,0.036143
60,67,0.722762,0.709537,0.036143
60,68,0.823513,0.698600,0.036143
60,69,0.916438,0.689714,0.036143
60,70,0.116847,0.795897,0.036143
60,71,0.195719,0.808091,0.036143
60,72,0.281285,0.808431,0.036143
60,73,0.377622,0.796420,0.036143
60,74,0.478904,0.789653,0.036143
60,75,0.574757,0.798045,0.036143
60,76,0.659801,0.809301,0.036143
60,77,0.738592,0.806931,0.036143
60,78,0.821436,0.794408,0.036143
60,79,0.914911,0.790077,0.036143
60,80,0.097824,0.900283,0.036143
60,81,0.196140,0.910075,0.036143
60,82,0.284214,0.905107,0.036143
60,83,0.363817,0.892657,0.036143
60,84,0.444507,0.890965,0.036143
60,85,0.534845,0.902509,0.036143
60,86,0.634519,0.910377,0.036143
60,87,0.734635,0.903043,0.036143
60,88,0.825893,0.891251,0.036143
60,89,0.907136,0.892276,0.036143
61,0,0.104508,0.104988,0.036362
61,1,0.187725,0.090492,0.036362
61,2,0.268437,0.089925,0.036362
61,3,0.355183,0.104118,0.036362
61,4,0.450955,0.112278,0.036362
61,5,0.550445,0.102451,0.036362
61,6,0.644930,0.089033,0.036362
61,7,0.730285,0.091682,0.036362
61,8,0.810781,0.106517,0.036362
61,9,0.895156,0.111805,0.036362
61,10,0.106582,0.199799,0.036362
61,11,0.205908,0.188087,0.036362
61,12,0.302561,0.193828,0.036362
61,13,0.390423,0.208611,0.036362
61,14,0.471461,0.210779,0.036362
61,15,0.553913,0.197156,0.036362
61,16,0.644720,0.187700,0.036362
61,17,0.743139,0.196264,0.036362
61,18,0.841431,0.210301,0.036362
61,19,0.931971,0.209247,0.036362
61,20,0.096263,0.294646,0.036362
61,21,0.177394,0.287888,0.036362
61,22,0.265518,0.298874,0.036362
61,23,0.362360,0.311509,0.036362
61,24,0.461629,0.307283,0.036362
61,25,0.554803,0.292387,0.036362
61,26,0.638965,0.288644,0.036362
61,27,0.719481,0.301537,0.036362
61,28,0.805071,0.312179,0.036362
61,29,0.899790,0.304978,0.036362
61,30,0.117299,0.390485,0.036362
61,31,0.212855,0.389931,0.036362
61,32,0.299351,0.404128,0.036362
61,33,0.380008,0.412278,0.036362
61,34,0.463416,0.402440,0.036362
61,35,0.555635,0.389028,0.036362
61,36,0.654626,0.391690,0.036362
61,37,0.752122,0.406526,0.036362
61,38,0.841231,0.411802,0.036362
61,39,0.922773,0.399788,0.036362
61,40,0.086523,0.488085,0.036362
61,41,0.176067,0.493838,0.036362
61,42,0.273824,0.508619,0.036362
61,43,0.372662,0.510773,0.036362
61,44,0.464455,0.497145,0.036362
61,45,0.547556,0.487699,0.036362
61,46,0.628306,0.496274,0.036362
61,47,0.715211,0.510307,0.036362
61,48,0.811116,0.509240,0.036362
61,49,0.910592,0.494636,0.036362
61,50,0.122927,0.587890,0.036362
61,51,0.208135,0.598885,0.036362
61,52,0.288622,0.611513,0.036362
61,53,0.373135,0.607275,0.036362
61,54,0.466717,0.592379,0.036362
61,55,0.566076,0.588648,0.036362
61,56,0.662607,0.601548,0.036362
61,57,0.750305,0.612180,0.036362
61,58,0.831287,0.604968,0.036362
61,59,0.913844,0.590478,0.036362
61,60,0.086819,0.689937,0.036362
61,61,0.185315,0.704139,0.036362
61,62,0.283522,0.712277,0.036362
61,63,0.373894,0.702429,0.036362
61,64,0.456089,0.689023,0.036362
61,65,0.537283,0.691698,0.036362
61,66,0.625572,0.706536,0.036362
61,67,0.722529,0.711799,0.036362
61,68,0.821758,0.699777,0.036362
61,69,0.914774,0.688082,0.036362
61,70,0.116803,0.793847,0.036362
61,71,0.197336,0.808626,0.036362
61,72,0.283076,0.810768,0.036362
61,73,0.377940,0.797134,0.036362
61,74,0.477456,0.787699,0.036362
61,75,0.572875,0.796285,0.036362
61,76,0.659215,0.810313,0.036362
61,77,0.739841,0.809233,0.036362
61,78,0.823371,0.794626,0.036362
61,79,0.915754,0.787892,0.036362
61,80,0.096799,0.898896,0.036362
61,81,0.194190,0.911517,0.036362
61,82,0.283131,0.907266,0.036362
61,83,0.364597,0.892370,0.036362
61,84,0.446433,0.888652,0.036362
61,85,0.536146,0.901559,0.036362
61,86,0.633999,0.912182,0.036362
61,87,0.732772,0.904958,0.036362
61,88,0.824400,0.890471,0.036362
61,89,0.907385,0.889944,0.036362
62,0,0.103594,0.106352,0.036581
62,1,0.188682,0.089026,0.036581
62,2,0.270384,0.087777,0.036581
62,3,0.356330,0.104434,0.036581
62,4,0.450247,0.114596,0.036581
62,5,0.548534,0.103374,0.036581
62,6,0.643571,0.087210,0.036581
62,7,0.730729,0.089783,0.036581
62,8,0.812619,0.107324,0.036581
62,9,0.896698,0.114135,0.036581
62,10,0.106410,0.200238,0.036581
62,11,0.204181,0.185992,0.036581
62,12,0.300866,0.192268,0.036581
62,13,0.390319,0.209871,0.036581
62,14,0.473043,0.213014,0.036581
62,15,0.555728,0.197091,0.036581
62,16,0.645098,0.185430,0.036581
62,17,0.741734,0.195114,0.036581
62,18,0.839533,0.211956,0.036581
62,19,0.931326,0.211282,0.036581
62,20,0.097464,0.294080,0.036581
62,21,0.179336,0.285551,0.036581
62,22,0.266416,0.298190,0.036581
62,23,0.361388,0.313481,0.036581
62,24,0.459680,0.309023,0.036581
62,25,0.553670,0.291346,0.036581
62,26,0.639689,0.286348,0.036581
62,27,0.721396,0.301350,0.036581
62,28,0.806417,0.314375,0.036581
62,29,0.899329,0.306340,0.036581
62,30,0.115455,0.389018,0.036581
62,31,0.211323,0.387784,0.036581
62,32,0.299540,0.404447,0.036581
62,33,0.381743,0.414595,0.036581
62,34,0.465102,0.403362,0.036581
62,35,0.555723,0.387203,0.036581
62,36,0.653034,0.389792,0.036581
62,37,0.750314,0.407336,0.036581
62,38,0.840870,0.414132,0.036581
62,39,0.924190,0.400225,0.036581
62,40,0.088417,0.485988,0.036581
62,41,0.176696,0.492279,0.036581
62,42,0.272610,0.509881,0.036581
62,43,0.370721,0.513008,0.036581
62,44,0.463573,0.497078,0.036581
62,45,0.548542,0.485429,0.036581
62,46,0.630255,0.495126,0.036581
62,47,0.716330,0.511963,0.036581
62,48,0.810376,0.511274,0.036581
62,49,0.908673,0.494068,0.036581
62,50,0.121593,0.585552,0.036581
62,51,0.208613,0.598203,0.036581
62,52,0.290472,0.613486,0.036581
62,53,0.374655,0.609012,0.036581
62,54,0.466511,0.591336,0.036581
62,55,0.564333,0.586352,0.036581
62,56,0.660929,0.601363,0.036581
62,57,0.750235,0.614377,0.036581
62,58,0.832890,0.606329,0.036581
62,59,0.915645,0.589009,0.036581
62,60,0.087163,0.687791,0.036581
62,61,0.183886,0.704459,0.036581
62,62,0.281633,0.714595,0.036581
62,63,0.373282,0.703349,0.036581
62,64,0.457316,0.687197,0.036581
62,65,0.539221,0.689802,0.036581
62,66,0.626439,0.707347,0.036581
62,67,0.721528,0.714129,0.036581
62,68,0.819809,0.700212,0.036581
62,69,0.913669,0.685985,0.036581
62,70,0.117559,0.792290,0.036581
62,71,0.199257,0.809890,0.036581
62,72,0.284397,0.813002,0.036581
62,73,0.377446,0.797065,0.036581
62,74,0.475602,0.785428,0.036581
62,75,0.571365,0.795139,0.036581
62,76,0.659438,0.811971,0.036581
62,77,0.741592,0.811266,0.036581
62,78,0.825040,0.794056,0.036581
62,79,0.915807,0.785554,0.036581
62,80,0.095187,0.898215,0.036581
62,81,0.192395,0.913491,0.036581
62,82,0.282804,0.909002,0.036581
62,83,0.366038,0.891325,0.036581
62,84,0.448318,0.886357,0.036581
62,85,0.536741,0.901376,0.036581
62,86,0.632758,0.914379,0.036581
62,87,0.730836,0.906317,0.036581
62,88,0.823549,0.889001,0.036581
62,89,0.908402,0.887798,0.036581
63,0,0.103464,0.107005,0.036800
63,1,0.190249,0.087037,0.036800
63,2,0.272208,0.086060,0.036800
63,3,0.356735,0.105505,0.036800
63,4,0.448860,0.116885,0.036800
63,5,0.546630,0.103528,0.036800
63,6,0.642902,0.085002,0.036800
63,7,0.731908,0.088448,0.036800
63,8,0.814563,0.108817,0.036800
63,9,0.897620,0.116269,0.036800
63,10,0.105461,0.199887,0.036800
63,11,0.202234,0.183670,0.036800
63,12,0.299711,0.191377,0.036800
63,13,0.391018,0.211716,0.036800
63,14,0.474953,0.214891,0.036800
63,15,0.557093,0.196250,0.036800
63,16,0.644664,0.183103,0.036800
63,17,0.739899,0.194710,0.036800
63,18,0.837985,0.214067,0.036800
63,19,0.931488,0.212816,0.036800
63,20,0.099187,0.292790,0.036800
63,21,0.181036,0.283326,0.036800
63,22,0.266530,0.298290,0.036800
63,23,0.359811,0.315759,0.036800
63,24,0.457863,0.310141,0.036800
63,25,0.553283,0.289667,0.036800
63,26,0.641088,0.284331,0.036800
63,27,0.723296,0.301950,0.036800
63,28,0.807071,0.316713,0.036800
63,29,0.898136,0.306991,0.036800
63,30,0.113512,0.387027,0.036800
63,31,0.210417,0.386069,0.036800
63,32,0.300503,0.405520,0.036800
63,33,0.383691,0.416884,0.036800
63,34,0.466243,0.403513,0.036800
63,35,0.555008,0.384996,0.036800
63,36,0.651120,0.388459,0.036800
63,37,0.748961,0.408830,0.036800
63,38,0.841321,0.416265,0.036800
63,39,0.926031,0.399872,0.036800
63,40,0.089954,0.483666,0.036800
63,41,0.176516,0.491390,0.036800
63,42,0.270878,0.511727,0.036800
63,43,0.369030,0.514884,0.036800
63,44,0.463476,0.496236,0.036800
63,45,0.550130,0.483102,0.036800
63,46,0.632067,0.494724,0.036800
63,47,0.716701,0.514075,0.036800
63,48,0.808965,0.512806,0.036800
63,49,0.906778,0.492776,0.036800
63,50,0.120956,0.583329,0.036800
63,51,0.209820,0.598305,0.036800
63,52,0.292413,0.615764,0.036800
63,53,0.375546,0.610129,0.036800
63,54,0.465532,0.589655,0.036800
63,55,0.562384,0.584336,0.036800
63,56,0.659802,0.601965,0.036800
63,57,0.750966,0.616715,0.036800
63,58,0.834806,0.606977,0.036800
63,59,0.916985,0.587018,0.036800
63,60,0.086694,0.686077,0.036800
63,61,0.182039,0.705534,0.036800
63,62,0.280106,0.716883,0.036800
63,63,0.373479,0.703499,0.036800
63,64,0.459056,0.684989,0.036800
63,65,0.540904,0.688470,0.036800
63,66,0.626518,0.708843,0.036800
63,67,0.719931,0.716261,0.036800
63,68,0.818004,0.699857,0.036800
63,69,0.913315,0.683662,0.036800
63,70,0.118982,0.791403,0.036800
63,71,0.201149,0.811738,0.036800
63,72,0.285018,0.814877,0.036800
63,73,0.376226,0.796221,0.036800
63,74,0.473662,0.783101,0.036800
63,75,0.570490,0.794738,0.036800
63,76,0.660432,0.814084,0.036800
63,77,0.743541,0.812797,0.036800
63,78,0.826153,0.792762,0.036800
63,79,0.915060,0.783331,0.036800
63,80,0.093267,0.898320,0.036800
63,81,0.191068,0.915770,0.036800
63,82,0.283289,0.910117,0.036800
63,83,0.367890,0.889643,0.036800
63,84,0.449834,0.884342,0.036800
63,85,0.536527,0.901980,0.036800
63,86,0.631011,0.916717,0.036800
63,87,0.729162,0.906964,0.036800
63,88,0.823487,0.887008,0.036800
63,89,0.910009,0.886086,0.036800
64,0,0.104137,0.106871,0.037019
64,1,0.192153,0.084752,0.037019
64,2,0.273592,0.084971,0.037019
64,3,0.356326,0.107208,0.037019
64,4,0.447034,0.118885,0.037019
64,5,0.545066,0.102895,0.037019
64,6,0.643038,0.082664,0.037019
64,7,0.733619,0.087830,0.037019
64,8,0.816276,0.110825,0.037019
64,9,0.897760,0.117961,0.037019
64,10,0.103900,0.198784,0.037019
64,11,0.200407,0.181388,0.037019
64,12,0.299298,0.191258,0.037019
64,13,0.392398,0.213935,0.037019
64,14,0.476858,0.216197,0.037019
64,15,0.557771,0.194730,0.037019
64,16,0.643491,0.180984,0.037019
64,17,0.737954,0.195096,0.037019
64,18,0.837056,0.216393,0.037019
64,19,0.932429,0.213674,0.037019
64,20,0.101133,0.290923,0.037019
64,21,0.182199,0.281470,0.037019
64,22,0.265840,0.299164,0.037019
64,23,0.357903,0.318083,0.037019
64,24,0.456491,0.310510,0.037019
64,25,0.553709,0.287540,0.037019
64,26,0.642920,0.282824,0.037019
64,27,0.724849,0.303270,0.037019
64,28,0.806918,0.318926,0.037019
64,29,0.896417,0.306855,0.037019
64,30,0.111807,0.384742,0.037019
64,31,0.210294,0.384982,0.037019
64,32,0.302075,0.407224,0.037019
64,33,0.385512,0.418883,0.037019
64,34,0.466640,0.402879,0.037019
64,35,0.553615,0.382657,0.037019
64,36,0.649219,0.387843,0.037019
64,37,0.748299,0.410839,0.037019
64,38,0.842508,0.417956,0.037019
64,39,0.927975,0.398767,0.037019
64,40,0.090868,0.481385,0.037019
64,41,0.175560,0.491273,0.037019
64,42,0.268931,0.513947,0.037019
64,43,0.367882,0.516188,0.037019
64,44,0.464183,0.494714,0.037019
64,45,0.552041,0.480984,0.037019
64,46,0.633426,0.495113,0.037019
64,47,0.716258,0.516401,0.037019
64,48,0.807127,0.513662,0.037019
64,49,0.905235,0.490908,0.037019
64,50,0.121126,0.581474,0.037019
64,51,0.211547,0.599181,0.037019
64,52,0.294109,0.618088,0.037019
64,53,0.375652,0.610496,0.037019
64,54,0.463951,0.587528,0.037019
64,55,0.560569,0.582831,0.037019
64,56,0.659423,0.603287,0.037019
64,57,0.752371,0.618928,0.037019
64,58,0.836704,0.606839,0.037019
64,59,0.917631,0.584731,0.037019
64,60,0.085495,0.684992,0.037019
64,61,0.180097,0.707239,0.037019
64,62,0.279207,0.718881,0.037019
64,63,0.374449,0.702862,0.037019
64,64,0.461004,0.682650,0.037019
64,65,0.542038,0.687856,0.037019
64,66,0.625796,0.710853,0.037019
64,67,0.718016,0.717950,0.037019
64,68,0.816657,0.698751,0.037019
64,69,0.913775,0.681381,0.037019
64,70,0.120825,0.791289,0.037019
64,71,0.202681,0.813958,0.037019
64,72,0.284830,0.816179,0.037019
64,73,0.374491,0.794698,0.037019
64,74,0.471975,0.780984,0.037019
64,75,0.570401,0.795129,0.037019
64,76,0.662023,0.816410,0.037019
64,77,0.745349,0.813650,0.037019
64,78,0.826515,0.790893,0.037019
64,79,0.913643,0.781478,0.037019
64,80,0.091374,0.899197,0.037019
64,81,0.190438,0.918093,0.037019
64,82,0.284503,0.910482,0.037019
64,83,0.369831,0.887515,0.037019
64,84,0.450717,0.882838,0.037019
64,85,0.535542,0.903304,0.037019
64,86,0.629062,0.918929,0.037019
64,87,0.728042,0.906824,0.037019
64,88,0.824225,0.884721,0.037019
64,89,0.911927,0.885002,0.037019
65,0,0.105499,0.105966,0.037238
65,1,0.194064,0.082432,0.037238
65,2,0.274295,0.084635,0.037238
65,3,0.355175,0.109348,0.037238
65,4,0.445087,0.120366,0.037238
65,5,0.544114,0.101548,0.037238
65,6,0.643955,0.080462,0.037238
65,7,0.735563,0.087999,0.037238
65,8,0.817460,0.113118,0.037238
65,9,0.897095,0.119019,0.037238
65,10,0.101998,0.197057,0.037238
65,11,0.199016,0.179407,0.037238
65,12,0.299697,0.191926,0.037238
65,13,0.394221,0.216273,0.037238
65,14,0.478428,0.216781,0.037238
65,15,0.557645,0.192704,0.037238
65,16,0.641785,0.179316,0.037238
65,17,0.736236,0.196230,0.037238
65,18,0.836906,0.218667,0.037238
65,19,0.933985,0.213757,0.037238
65,20,0.102964,0.288693,0.037238
65,21,0.182621,0.280194,0.037238
65,22,0.264466,0.300711,0.037238
65,23,0.355995,0.320186,0.037238
65,24,0.455804,0.310089,0.037238
65,25,0.554873,0.285211,0.037238
65,26,0.644865,0.281999,0.037238
65,27,0.725787,0.305158,0.037238
65,28,0.805985,0.320760,0.037238
65,29,0.894471,0.305948,0.037238
65,30,0.110638,0.382422,0.037238
65,31,0.210976,0.384647,0.037238
65,32,0.303981,0.409364,0.037238
65,33,0.386890,0.420362,0.037238
65,34,0.466223,0.401530,0.037238
65,35,0.551786,0.380456,0.037238
65,36,0.647659,0.388014,0.037238
65,37,0.748443,0.413132,0.037238
65,38,0.844222,0.419011,0.037238
65,39,0.929684,0.397039,0.037238
65,40,0.091001,0.479405,0.037238
65,41,0.173994,0.491943,0.037238
65,42,0.267107,0.516285,0.037238
65,43,0.367476,0.516770,0.037238
65,44,0.465569,0.492687,0.037238
65,45,0.553945,0.479318,0.037238
65,46,0.634097,0.496248,0.037238
65,47,0.715079,0.518675,0.037238
65,48,0.805183,0.513743,0.037238
65,49,0.904312,0.488678,0.037238
65,50,0.122074,0.580200,0.037238
65,51,0.213493,0.600729,0.037238
65,52,0.295265,0.620190,0.037238
65,53,0.374954,0.610073,0.037238
65,54,0.462041,0.585198,0.037238
65,55,0.559203,0.582009,0.037238
65,56,0.659856,0.605176,0.037238
65,57,0.754206,0.620761,0.037238
65,58,0.838253,0.605931,0.037238
65,59,0.917470,0.582412,0.037238
65,60,0.083772,0.684660,0.037238
65,61,0.178396,0.709381,0.037238
65,62,0.279092,0.720359,0.037238
65,63,0.376026,0.701511,0.037238
65,64,0.462822,0.680450,0.037238
65,65,0.542427,0.688029,0.037238
65,66,0.624397,0.713146,0.037238
65,67,0.716116,0.719004,0.037238
65,68,0.816002,0.697021,0.037238
65,69,0.914967,0.679402,0.037238
65,70,0.122768,0.791960,0.037238
65,71,0.203588,0.816296,0.037238
65,72,0.283868,0.816759,0.037238
65,73,0.372543,0.792670,0.037238
65,74,0.470833,0.779320,0.037238
65,75,0.571115,0.796266,0.037238
65,76,0.663936,0.818683,0.037238
65,77,0.746703,0.813729,0.037238
65,78,0.826065,0.788662,0.037238
65,79,0.911803,0.780205,0.037238
65,80,0.089835,0.900748,0.037238
65,81,0.190616,0.920195,0.037238
65,82,0.286233,0.910057,0.037238
65,83,0.371523,0.885186,0.037238
65,84,0.450815,0.882018,0.037238
65,85,0.533955,0.905194,0.037238
65,86,0.627250,0.920761,0.037238
65,87,0.727670,0.905913,0.037238
65,88,0.825635,0.882402,0.037238
65,89,0.913823,0.884672,0.037238
66,0,0.107312,0.104394,0.037457
66,1,0.195649,0.080343,0.037457
66,2,0.274196,0.085090,0.037457
66,3,0.353481,0.111680,0.037457
66,4,0.443357,0.121159,0.037457
66,5,0.543937,0.099640,0.037457
66,6,0.645494,0.078649,0.037457
66,7,0.737403,0.088937,0.037457
66,8,0.817908,0.115433,0.037457
66,9,0.895740,0.119320,0.037457
66,10,0.100085,0.194903,0.037457
66,11,0.198304,0.177954,0.037457
66,12,0.300841,0.193302,0.037457
66,13,0.396168,0.218463,0.037457
66,14,0.479389,0.216576,0.037457
66,15,0.556736,0.190405,0.037457
66,16,0.639842,0.178291,0.037457
66,17,0.735045,0.197981,0.037457
66,18,0.837563,0.220629,0.037457
66,19,0.935885,0.213056,0.037457
66,20,0.104361,0.286356,0.037457
66,21,0.182231,0.279645,0.037457
66,22,0.262646,0.302754,0.037457
66,23,0.354420,0.321828,0.037457
66,24,0.455921,0.308924,0.037457
66,25,0.556575,0.282946,0.037457
66,26,0.646587,0.281952,0.037457
66,27,0.725946,0.307398,0.037457
66,28,0.804435,0.322006,0.037457
66,29,0.892638,0.304375,0.037457
66,30,0.110206,0.380334,0.037457
66,31,0.212343,0.385104,0.037457
66,32,0.305890,0.411696,0.037457
66,33,0.387586,0.421153,0.037457
66,34,0.465066,0.399621,0.037457
66,35,0.549840,0.378644,0.037457
66,36,0.646713,0.388954,0.037457
66,37,0.749367,0.415447,0.037457
66,38,0.846167,0.419310,0.037457
66,39,0.930861,0.394884,0.037457
66,40,0.090328,0.477953,0.037457
66,41,0.172090,0.493320,0.037457
66,42,0.265722,0.518474,0.037457
66,43,0.367884,0.516563,0.037457
66,44,0.467394,0.490388,0.037457
66,45,0.555510,0.478294,0.037457
66,46,0.633963,0.498000,0.037457
66,47,0.713369,0.520636,0.037457
66,48,0.803469,0.513040,0.037457
66,49,0.904171,0.486341,0.037457
66,50,0.123634,0.579652,0.037457
66,51,0.215321,0.602773,0.037457
66,52,0.295680,0.621831,0.037457
66,53,0.373575,0.608906,0.037457
66,54,0.460135,0.582934,0.037457
66,55,0.558524,0.581963,0.037457
66,56,0.661027,0.607417,0.037457
66,57,0.756151,0.622005,0.037457
66,58,0.839184,0.604356,0.037457
66,59,0.916531,0.580326,0.037457
66,60,0.081826,0.685118,0.037457
66,61,0.177233,0.711713,0.037457
66,62,0.279781,0.721148,0.037457
66,63,0.377933,0.699601,0.037457
66,64,0.464195,0.678639,0.037457
66,65,0.542003,0.688971,0.037457
66,66,0.622566,0.715461,0.037457
66,67,0.714561,0.719301,0.037457
66,68,0.816154,0.694865,0.037457
66,69,0.916685,0.677952,0.037457
66,70,0.124474,0.793339,0.037457
66,71,0.203713,0.818484,0.037457
66,72,0.282297,0.816550,0.037457
66,73,0.370721,0.790370,0.037457
66,74,0.470435,0.778298,0.037457
66,75,0.572507,0.798020,0.037457
66,76,0.665838,0.820642,0.037457
66,77,0.747366,0.813024,0.037457
66,78,0.824880,0.786325,0.037457
66,79,0.909859,0.779660,0.037457
66,80,0.088920,0.902793,0.037457
66,81,0.191571,0.921834,0.037457
66,82,0.288180,0.908888,0.037457
66,83,0.372672,0.882921,0.037457
66,84,0.450110,0.881974,0.037457
66,85,0.532044,0.907435,0.037457
66,86,0.625889,0.922003,0.037457
66,87,0.728111,0.904337,0.037457
66,88,0.827472,0.880317,0.037457
66,89,0.915367,0.885133,0.037457
67,0,0.109261,0.102335,0.037676
67,1,0.196633,0.078725,0.037676
67,2,0.273310,0.086283,0.037676
67,3,0.351541,0.113937,0.037676
67,4,0.442146,0.121173,0.037676
67,5,0.544569,0.097391,0.037676
67,6,0.647388,0.077431,0.037676
67,7,0.738818,0.090535,0.037676
67,8,0.817544,0.117505,0.037676
67,9,0.893930,0.118830,0.037676
67,10,0.098494,0.192569,0.037676
67,11,0.198395,0.177194,0.037676
67,12,0.302529,0.195230,0.037676
67,13,0.397902,0.220254,0.037676
67,14,0.479574,0.215606,0.037676
67,15,0.555202,0.188095,0.037676
67,16,0.637999,0.178025,0.037676
67,17,0.734588,0.200148,0.037676
67,18,0.838911,0.222054,0.037676
67,19,0.937799,0.211651,0.037676
67,20,0.105081,0.284179,0.037676
67,21,0.181095,0.279885,0.037676
67,22,0.260698,0.305059,0.037676
67,23,0.353451,0.322822,0.037676
67,24,0.456822,0.307150,0.037676
67,25,0.558518,0.281004,0.037676
67,26,0.647785,0.282687,0.037676
67,27,0.725298,0.309734,0.037676
67,28,0.802537,0.322521,0.037676
67,29,0.891234,0.302315,0.037676
67,30,0.110587,0.378718,0.037676
67,31,0.214159,0.386299,0.037676
67,32,0.307471,0.413953,0.037676
67,33,0.387478,0.421165,0.037676
67,34,0.463369,0.397371,0.037676
67,35,0.548114,0.377428,0.037676
67,36,0.646545,0.390553,0.037676
67,37,0.750911,0.417518,0.037676
67,38,0.848004,0.418819,0.037676
67,39,0.931302,0.392550,0.037676
67,40,0.088967,0.477195,0.037676
67,41,0.170179,0.495250,0.037676
67,42,0.265017,0.520263,0.037676
67,43,0.369033,0.515591,0.037676
67,44,0.469341,0.488078,0.037676
67,45,0.556464,0.478031,0.037676
67,46,0.633047,0.500168,0.037676
67,47,0.711425,0.522059,0.037676
67,48,0.802285,0.511633,0.037676
67,49,0.904834,0.484164,0.037676
67,50,0.125536,0.579895,0.037676
67,51,0.216713,0.605079,0.037676
67,52,0.295281,0.622823,0.037676
67,53,0.371753,0.607131,0.037676
67,54,0.458565,0.580992,0.037676
67,55,0.558648,0.582700,0.037676
67,56,0.662733,0.609752,0.037676
67,57,0.757869,0.622517,0.037676
67,58,0.839335,0.602295,0.037676
67,59,0.914976,0.578710,0.037676
67,60,0.079995,0.686315,0.037676
67,61,0.176809,0.713969,0.037676
67,62,0.281154,0.721158,0.037676
67,63,0.379841,0.697351,0.037676
67,64,0.464883,0.677425,0.037676
67,65,0.540839,0.690572,0.037676
67,66,0.620620,0.717531,0.037676
67,67,0.713622,0.718807,0.037676
67,68,0.817085,0.692531,0.037676
67,69,0.918631,0.677197,0.037676
67,70,0.125644,0.795269,0.037676
67,71,0.203033,0.820272,0.037676
67,72,0.280391,0.815576,0.037676
67,73,0.369342,0.788061,0.037676
67,74,0.470850,0.778036,0.037676
67,75,0.574335,0.800189,0.037676
67,76,0.667398,0.822065,0.037676
67,77,0.747224,0.811616,0.037676
67,78,0.823166,0.784150,0.037676
67,79,0.908149,0.779904,0.037676
67,80,0.088786,0.905099,0.037676
67,81,0.193136,0.922824,0.037676
67,82,0.290005,0.907112,0.037676
67,83,0.373079,0.880981,0.037676
67,84,0.448725,0.882713,0.037676
67,85,0.530140,0.909771,0.037676
67,86,0.625217,0.922514,0.037676
67,87,0.729289,0.902274,0.037676
67,88,0.829417,0.878703,0.037676
67,89,0.916291,0.886332,0.037676
68,0,0.111007,0.100024,0.037895
68,1,0.196778,0.077753,0.037895
68,2,0.271860,0.088088,0.037895
68,3,0.349689,0.115860,0.037895
68,4,0.441662,0.120406,0.037895
68,5,0.545898,0.095057,0.037895
68,6,0.649308,0.076949,0.037895
68,7,0.739563,0.092611,0.037895
68,8,0.816317,0.119099,0.037895
68,9,0.892093,0.117605,0.037895
68,10,0.097502,0.190322,0.037895
68,11,0.199272,0.177216,0.037895
68,12,0.304469,0.197489,0.037895
68,13,0.399122,0.221441,0.037895
68,14,0.478952,0.213982,0.037895
68,15,0.553310,0.186040,0.037895
68,16,0.636577,0.178549,0.037895
68,17,0.734943,0.202484,0.037895
68,18,0.840717,0.222780,0.037895
68,19,0.939396,0.209703,0.037895
68,20,0.104319,0.282441,0.037895
68,21,0.180093,0.280858,0.037895
68,22,0.258960,0.307363,0.037895
68,23,0.353256,0.323052,0.037895
68,24,0.458350,0.304970,0.037895
68,25,0.560363,0.279607,0.037895
68,26,0.648252,0.284120,0.037895
68,27,0.723957,0.311898,0.037895
68,28,0.800621,0.322245,0.037895
68,29,0.890505,0.300004,0.037895
68,30,0.111716,0.377757,0.037895
68,31,0.216107,0.388096,0.037895
68,32,0.308448,0.415875,0.037895
68,33,0.386586,0.420397,0.037895
68,34,0.461427,0.395037,0.037895
68,35,0.546908,0.376948,0.037895
68,36,0.647184,0.392630,0.037895
68,37,0.752807,0.419109,0.037895
68,38,0.849414,0.417593,0.037895
68,39,0.930929,0.390303,0.037895
68,40,0.087155,0.477219,0.037895
68,41,0.168593,0.497509,0.037895
68,42,0.265116,0.521448,0.037895
68,43,0.370726,0.513966,0.037895
68,44,0.471072,0.486024,0.037895
68,45,0.556641,0.478557,0.037895
68,46,0.631508,0.502504,0.037895
68,47,0.709585,0.522783,0.037895
68,48,0.801835,0.509684,0.037895
68,49,0.906188,0.482398,0.037895
68,50,0.127449,0.580899,0.037895
68,51,0.217426,0.607383,0.037895
68,52,0.294139,0.623051,0.037895
68,53,0.369805,0.604950,0.037895
68,54,0.457603,0.579597,0.037895
68,55,0.559556,0.584135,0.037895
68,56,0.664676,0.611915,0.037895
68,57,0.759061,0.622240,0.037895
68,58,0.838679,0.599983,0.037895
68,59,0.913076,0.577751,0.037895
68,60,0.078597,0.688114,0.037895
68,61,0.177198,0.715890,0.037895
68,62,0.282973,0.720387,0.037895
68,63,0.381417,0.695017,0.037895
68,64,0.464767,0.676947,0.037895
68,65,0.539138,0.692649,0.037895
68,66,0.618898,0.719120,0.037895
68,67,0.713462,0.717580,0.037895
68,68,0.818634,0.690285,0.037895
68,69,0.920465,0.677222,0.037895
68,70,0.126077,0.797529,0.037895
68,71,0.201666,0.821456,0.037895
68,72,0.278481,0.813949,0.037895
68,73,0.368645,0.786007,0.037895
68,74,0.472006,0.778564,0.037895
68,75,0.576281,0.802525,0.037895
68,76,0.668346,0.822786,0.037895
68,77,0.746301,0.809666,0.037895
68,78,0.821222,0.782385,0.037895
68,79,0.906971,0.780910,0.037895
68,80,0.089457,0.907402,0.037895
68,81,0.195040,0.923050,0.037895
68,82,0.291391,0.904930,0.037895
68,83,0.371961,0.879565,0.037895
68,84,0.447612,0.884172,0.037895
68,85,0.528574,0.911933,0.037895
68,86,0.625350,0.922234,0.037895
68,87,0.730998,0.899963,0.037895
68,88,0.831131,0.877746,0.037895
68,89,0.916434,0.888131,0.037895
69,0,0.112247,0.097726,0.038114
69,1,0.195511,0.077464,0.038114
69,2,0.270645,0.090372,0.038114
69,3,0.348249,0.117230,0.038114
69,4,0.441991,0.118947,0.038114
69,5,0.547693,0.092906,0.038114
69,6,0.650919,0.077258,0.038114
69,7,0.739509,0.094927,0.038114
69,8,0.814336,0.120033,0.038114
69,9,0.890654,0.115783,0.038114
69,10,0.097281,0.188419,0.038114
69,11,0.200783,0.178016,0.038114
69,12,0.306323,0.199820,0.038114
69,13,0.399614,0.221888,0.038114
69,14,0.477630,0.211890,0.038114
69,15,0.551389,0.184474,0.038114
69,16,0.635823,0.179803,0.038114
69,17,0.736050,0.204721,0.038114
69,18,0.842666,0.222722,0.038114
69,19,0.940396,0.207435,0.038114
69,20,0.102623,0.281322,0.038114
69,21,0.178980,0.282470,0.038114
69,22,0.257734,0.309402,0.038114
69,23,0.353870,0.322493,0.038114
69,24,0.460239,0.302632,0.038114
69,25,0.561792,0.278915,0.038114
69,26,0.647906,0.286087,0.038114
69,27,0.722155,0.313642,0.038114
69,28,0.799019,0.321211,0.038114
69,29,0.890577,0.297706,0.038114
69,30,0.113395,0.377562,0.038114
69,31,0.217850,0.390289,0.038114
69,32,0.308652,0.417243,0.038114
69,33,0.385064,0.418936,0.038114
69,34,0.459578,0.392887,0.038114
69,35,0.546432,0.377259,0.038114
69,36,0.648519,0.394946,0.038114
69,37,0.754725,0.420037,0.038114
69,38,0.850152,0.415774,0.038114
69,39,0.929809,0.388402,0.038114
69,40,0.085206,0.478021,0.038114
69,41,0.167608,0.499840,0.038114
69,42,0.266000,0.521893,0.038114
69,43,0.372667,0.511873,0.038114
69,44,0.472285,0.484459,0.038114
69,45,0.556011,0.479813,0.038114
69,46,0.629614,0.504741,0.038114
69,47,0.708169,0.522724,0.038114
69,48,0.802198,0.507416,0.038114
69,49,0.907997,0.481244,0.038114
69,50,0.129041,0.582549,0.038114
69,51,0.217337,0.609420,0.038114
69,52,0.292451,0.622490,0.038114
69,53,0.368070,0.602612,0.038114
69,54,0.457416,0.578907,0.038114
69,55,0.561089,0.586103,0.038114
69,56,0.666519,0.613658,0.038114
69,57,0.759520,0.621204,0.038114
69,58,0.837332,0.597686,0.038114
69,59,0.911161,0.577558,0.038114
69,60,0.077875,0.690308,0.038114
69,61,0.178333,0.717256,0.038114
69,62,0.284921,0.718924,0.038114
69,63,0.382387,0.692868,0.038114
69,64,0.463480,0.677175,0.038114
69,65,0.537583,0.695051,0.038114
69,66,0.617698,0.720047,0.038114
69,67,0.714108,0.715759,0.038114
69,68,0.820532,0.688384,0.038114
69,69,0.921870,0.678027,0.038114
69,70,0.125697,0.799860,0.038114
69,71,0.199851,0.821899,0.038114
69,72,0.276900,0.811856,0.038114
69,73,0.368751,0.784444,0.038114
69,74,0.473703,0.779822,0.038114
69,75,0.578008,0.804761,0.038114
69,76,0.668515,0.822725,0.038114
69,77,0.744758,0.807397,0.038114
69,78,0.819384,0.781232,0.038114
69,79,0.906529,0.782562,0.038114
69,80,0.090817,0.909438,0.038114
69,81,0.196951,0.922487,0.038114
69,82,0.292097,0.902592,0.038114
69,83,0.370147,0.878857,0.038114
69,84,0.446331,0.886162,0.038114
69,85,0.527619,0.913674,0.038114
69,86,0.626265,0.921196,0.038114
69,87,0.732942,0.897666,0.038114
69,88,0.832317,0.877555,0.038114
69,89,0.915771,0.890326,0.038114
70,0,0.112765,0.095704,0.038333
70,1,0.193694,0.077985,0.038333
70,2,0.269234,0.092780,0.038333
70,3,0.347471,0.117890,0.038333
70,4,0.443076,0.116962,0.038333
70,5,0.549644,0.091185,0.038333
70,6,0.651942,0.078322,0.038333
70,7,0.738664,0.097218,0.038333
70,8,0.812147,0.120198,0.038333
70,9,0.889660,0.113575,0.038333
70,10,0.097870,0.187078,0.038333
70,11,0.202666,0.179503,0.038333
70,12,0.307770,0.201956,0.038333
70,13,0.399294,0.221543,0.038333
70,14,0.475838,0.209569,0.038333
70,15,0.549773,0.183576,0.038333
70,16,0.635868,0.181644,0.038333
70,17,0.737715,0.206603,0.038333
70,18,0.844421,0.221889,0.038333
70,19,0.940626,0.205107,0.038333
70,20,0.100419,0.280941,0.038333
70,21,0.177822,0.284547,0.038333
70,22,0.257232,0.310941,0.038333
70,23,0.355185,0.321209,0.038333
70,24,0.462162,0.300406,0.038333
70,25,0.562554,0.279008,0.038333
70,26,0.646807,0.288363,0.038333
70,27,0.720205,0.314767,0.038333
70,28,0.798011,0.319537,0.038333
70,29,0.891437,0.295685,0.038333
70,30,0.115333,0.378155,0.038333
70,31,0.219084,0.392628,0.038333
70,32,0.307277,0.417887,0.038333
70,33,0.383947,0.416963,0.038333
70,34,0.458144,0.391167,0.038333
70,35,0.546769,0.378325,0.038333
70,36,0.650318,0.397237,0.038333
70,37,0.756332,0.420197,0.038333
70,38,0.850089,0.413568,0.038333
70,39,0.928135,0.387062,0.038333
70,40,0.083459,0.479510,0.038333
70,41,0.167395,0.501976,0.038333
70,42,0.267516,0.521547,0.038333
70,43,0.374518,0.509552,0.038333
70,44,0.472769,0.483563,0.038333
70,45,0.554683,0.481654,0.038333
70,46,0.627694,0.506622,0.038333
70,47,0.707422,0.521888,0.038333
70,48,0.803311,0.505088,0.038333
70,49,0.909946,0.480834,0.038333
70,50,0.130034,0.584658,0.038333
70,51,0.215508,0.610794,0.038333
70,52,0.291464,0.621368,0.038333
70,53,0.366850,0.600386,0.038333
70,54,0.458037,0.579002,0.038333
70,55,0.562981,0.588380,0.038333
70,56,0.667942,0.614781,0.038333
70,57,0.759166,0.619528,0.038333
70,58,0.835240,0.595741,0.038333
70,59,0.909852,0.578078,0.038333
70,60,0.077955,0.692646,0.038333
70,61,0.180016,0.717912,0.038333
70,62,0.286660,0.716937,0.038333
70,63,0.382583,0.691149,0.038333
70,64,0.461627,0.678171,0.038333
70,65,0.536064,0.697413,0.038333
70,66,0.617230,0.720204,0.038333
70,67,0.715449,0.713553,0.038333
70,68,0.822449,0.687047,0.038333
70,69,0.922600,0.679517,0.038333
70,70,0.124199,0.801891,0.038333
70,71,0.198274,0.821654,0.038333
70,72,0.275922,0.809534,0.038333
70,73,0.369642,0.783550,0.038333
70,74,0.475644,0.781665,0.038333
70,75,0.579215,0.806640,0.038333
70,76,0.667878,0.821888,0.038333
70,77,0.742862,0.805069,0.038333
70,78,0.817973,0.780825,0.038333
70,79,0.906900,0.784672,0.038333
70,80,0.092629,0.910975,0.038333
70,81,0.198538,0.921200,0.038333
70,82,0.292000,0.900367,0.038333
70,83,0.367888,0.878937,0.038333
70,84,0.445166,0.888456,0.038333
70,85,0.527440,0.914795,0.038333
70,86,0.627803,0.919519,0.038333
70,87,0.734782,0.895647,0.038333
70,88,0.832768,0.878152,0.038333
70,89,0.914418,0.892664,0.038333
71,0,0.112471,0.094190,0.038552
71,1,0.191474,0.079238,0.038552
71,2,0.268042,0.095056,0.038552
71,3,0.347490,0.117763,0.038552
71,4,0.444727,0.114678,0.038552
71,5,0.551409,0.090089,0.038552
71,6,0.652199,0.080020,0.038552
71,7,0.736487,0.099010,0.038552
71,8,0.810755,0.119786,0.038552
71,9,0.889349,0.111234,0.038552
71,10,0.099165,0.186453,0.038552
71,11,0.204593,0.181507,0.038552
71,12,0.308556,0.203654,0.038552
71,13,0.398070,0.220473,0.038552
71,14,0.474035,0.207261,0.038552
71,15,0.548742,0.183450,0.038552
71,16,0.636705,0.183860,0.038552
71,17,0.739650,0.207915,0.038552
71,18,0.845675,0.220375,0.038552
71,19,0.940047,0.202985,0.038552
71,20,0.097944,0.281346,0.038552
71,21,0.176964,0.286845,0.038552
71,22,0.257543,0.311806,0.038552
71,23,0.356973,0.319347,0.038552
71,24,0.463783,0.298545,0.038552
71,25,0.562518,0.279874,0.038552
71,26,0.645147,0.290688,0.038552
71,27,0.718446,0.315144,0.038552
71,28,0.797772,0.317414,0.038552
71,29,0.892936,0.294173,0.038552
71,30,0.117192,0.379468,0.038552
71,31,0.219594,0.394843,0.038552
71,32,0.305283,0.417746,0.038552
71,33,0.382709,0.414692,0.038552
71,34,0.457373,0.390073,0.038552
71,35,0.547860,0.380024,0.038552
71,36,0.652268,0.399239,0.038552
71,37,0.757348,0.419569,0.038552
71,38,0.849237,0.411230,0.038552
71,39,0.926198,0.386439,0.038552
71,40,0.082218,0.481515,0.038552
71,41,0.167990,0.503672,0.038552
71,42,0.269401,0.520449,0.038552
71,43,0.375959,0.507269,0.038552
71,44,0.472442,0.483439,0.038552
71,45,0.552861,0.483862,0.038552
71,46,0.626110,0.507941,0.038552
71,47,0.707475,0.520372,0.038552
71,48,0.804980,0.502967,0.038552
71,49,0.911697,0.481215,0.038552
71,50,0.130257,0.586983,0.038552
71,51,0.213224,0.611523,0.038552
71,52,0.290384,0.619638,0.038552
71,53,0.366356,0.598527,0.038552
71,54,0.459358,0.579871,0.038552
71,55,0.564902,0.590704,0.038552
71,56,0.668697,0.615156,0.038552
71,57,0.758061,0.617404,0.038552
71,58,0.833022,0.594301,0.038552
71,59,0.909119,0.579323,0.038552
71,60,0.078822,0.694861,0.038552
71,61,0.181955,0.717782,0.038552
71,62,0.287887,0.714653,0.038552
71,63,0.381971,0.690057,0.038552
71,64,0.459459,0.679811,0.038552
71,65,0.534913,0.699475,0.038552
71,66,0.617575,0.719575,0.038552
71,67,0.717251,0.711215,0.038552
71,68,0.824051,0.686425,0.038552
71,69,0.922530,0.681523,0.038552
71,70,0.121863,0.803402,0.038552
71,71,0.197188,0.820739,0.038552
71,72,0.275716,0.807252,0.038552
71,73,0.371164,0.783429,0.038552
71,74,0.477493,0.783883,0.038552
71,75,0.579692,0.807949,0.038552
71,76,0.666206,0.820447,0.038552
71,77,0.741282,0.802872,0.038552
71,78,0.817234,0.781208,0.038552
71,79,0.908019,0.786997,0.038552
71,80,0.094578,0.911836,0.038552
71,81,0.199524,0.919335,0.038552
71,82,0.290906,0.898563,0.038552
71,83,0.365677,0.879738,0.038552
71,84,0.444435,0.890795,0.038552
71,85,0.528069,0.915168,0.038552
71,86,0.629696,0.917395,0.038552
71,87,0.736200,0.894138,0.038552
71,88,0.832407,0.879469,0.038552
71,89,0.912610,0.894878,0.038552
72,0,0.111417,0.093357,0.038771
72,1,0.189150,0.081069,0.038771
72,2,0.267362,0.096947,0.038771
72,3,0.348302,0.116866,0.038771
72,4,0.446658,0.112358,0.038771
72,5,0.552684,0.089746,0.038771
72,6,0.651645,0.082156,0.038771
72,7,0.733954,0.100295,0.038771
72,8,0.809762,0.118649,0.038771
72,9,0.889817,0.109027,0.038771
72,10,0.100942,0.186614,0.038771
72,11,0.206229,0.183798,0.038771
72,12,0.308547,0.204718,0.038771
72,13,0.396129,0.218801,0.038771
72,14,0.472560,0.205225,0.038771
72,15,0.548476,0.184110,0.038771
72,16,0.638187,0.186198,0.038771
72,17,0.741517,0.208506,0.038771
72,18,0.846211,0.218353,0.038771
72,19,0.938758,0.201313,0.038771
72,20,0.095509,0.282496,0.038771
72,21,0.176676,0.289098,0.038771
72,22,0.258612,0.311896,0.038771
72,23,0.358924,0.317120,0.038771
72,24,0.464822,0.297263,0.038771
72,25,0.561690,0.281416,0.038771
72,26,0.643027,0.292735,0.038771
72,27,0.717371,0.314789,0.038771
72,28,0.798342,0.315086,0.038771
72,29,0.894814,0.293341,0.038771
72,30,0.118651,0.381352,0.038771
72,31,0.219292,0.396682,0.038771
72,32,0.302914,0.416836,0.038771
72,33,0.381666,0.412382,0.038771
72,34,0.457399,0.389732,0.038771
72,35,0.549516,0.382161,0.038771
72,36,0.654030,0.400725,0.038771
72,37,0.757597,0.418226,0.038771
72,38,0.847744,0.409026,0.038771
72,39,0.924335,0.386603,0.038771
72,40,0.081699,0.483806,0.038771
72,41,0.169292,0.504734,0.038771
72,42,0.271327,0.518726,0.038771
72,43,0.376739,0.505285,0.038771
72,44,0.471358,0.484101,0.038771
72,45,0.550861,0.486184,0.038771
72,46,0.625136,0.508546,0.038771
72,47,0.708319,0.518349,0.038771
72,48,0.806916,0.501296,0.038771
72,49,0.912945,0.482344,0.038771
72,50,0.129670,0.589258,0.038771
72,51,0.210682,0.611498,0.038771
72,52,0.289596,0.617524,0.038771
72,53,0.366675,0.597246,0.038771
72,54,0.461149,0.581414,0.038771
72,55,0.566519,0.592810,0.038771
72,56,0.668653,0.614740,0.038771
72,57,0.756396,0.615076,0.038771
72,58,0.831039,0.593531,0.038771
72,59,0.909115,0.581148,0.038771
72,60,0.080327,0.696698,0.038771
72,61,0.183812,0.716880,0.038771
72,62,0.288390,0.712333,0.038771
72,63,0.380407,0.689746,0.038771
72,64,0.457549,0.681870,0.038771
72,65,0.534386,0.701010,0.038771
72,66,0.618673,0.718230,0.038771
72,67,0.719200,0.709012,0.038771
72,68,0.825060,0.686591,0.038771
72,69,0.921671,0.683815,0.038771
72,70,0.119370,0.804306,0.038771
72,71,0.196509,0.819170,0.038771
72,72,0.276320,0.805269,0.038771
72,73,0.373050,0.784092,0.038771
72,74,0.478929,0.786221,0.038771
72,75,0.579356,0.808536,0.038771
72,76,0.664145,0.818483,0.038771
72,77,0.739937,0.801143,0.038771
72,78,0.817295,0.782338,0.038771
72,79,0.909693,0.789272,0.038771
72,80,0.096325,0.911922,0.038771
72,81,0.199739,0.917107,0.038771
72,82,0.288442,0.897528,0.038771
72,83,0.364362,0.881027,0.038771
72,84,0.444360,0.892912,0.038771
72,85,0.529396,0.914750,0.038771
72,86,0.631616,0.915066,0.038771
72,87,0.736948,0.893310,0.038771
72,88,0.831295,0.881355,0.038771
72,89,0.910661,0.896715,0.038771
73,0,0.109752,0.093304,0.038990
73,1,0.187084,0.083259,0.038990
73,2,0.267388,0.098244,0.038990
73,3,0.349767,0.115299,0.038990
73,4,0.448533,0.110266,0.038990
73,5,0.553245,0.090193,0.038990
73,6,0.650376,0.084488,0.038990
73,7,0.731460,0.100922,0.038990
73,8,0.809348,0.116921,0.038990
73,9,0.891020,0.107207,0.038990
73,10,0.102893,0.187545,0.038990
73,11,0.207290,0.186114,0.038990
73,12,0.307743,0.205026,0.038990
73,13,0.393968,0.216690,0.038990
73,14,0.471509,0.203727,0.038990
73,15,0.549021,0.185480,0.038990
73,16,0.640058,0.188390,0.038990
73,17,0.742994,0.208309,0.038990
73,18,0.845935,0.216055,0.038990
73,19,0.936985,0.200281,0.038990
73,20,0.093436,0.284261,0.038990
73,21,0.177107,0.291045,0.038990
73,22,0.260253,0.311202,0.038990
73,23,0.360697,0.314783,0.038990
73,24,0.465097,0.296706,0.038990
73,25,0.560214,0.283455,0.038990
73,26,0.641031,0.294341,0.038990
73,27,0.716952,0.313672,0.038990
73,28,0.799624,0.312819,0.038990
73,29,0.896744,0.293287,0.038990
73,30,0.119455,0.383590,0.038990
73,31,0.218231,0.397934,0.038990
73,32,0.300466,0.415258,0.038990
73,33,0.381117,0.410301,0.038990
73,34,0.458219,0.390181,0.038990
73,35,0.551448,0.384493,0.038990
73,36,0.655298,0.401523,0.038990
73,37,0.757035,0.416322,0.038990
73,38,0.845868,0.407209,0.038990
73,39,0.922870,0.387535,0.038990
73,40,0.081991,0.486122,0.038990
73,41,0.171073,0.505040,0.038990
73,42,0.272958,0.516575,0.038990
73,43,0.376721,0.503827,0.038990
73,44,0.469708,0.485473,0.038990
73,45,0.549094,0.488376,0.038990
73,46,0.624878,0.508347,0.038990
73,47,0.709806,0.516051,0.038990
73,48,0.808781,0.500266,0.038990
73,49,0.913474,0.484091,0.038990
73,50,0.128375,0.591223,0.038990
73,51,0.208194,0.610706,0.038990
73,52,0.289369,0.615284,0.038990
73,53,0.367751,0.596692,0.038990
73,54,0.463100,0.583454,0.038990
73,55,0.567551,0.594456,0.038990
73,56,0.667818,0.613580,0.038990
73,57,0.754257,0.612867,0.038990
73,58,0.829794,0.593472,0.038990
73,59,0.909888,0.583335,0.038990
73,60,0.082207,0.697949,0.038990
73,61,0.185266,0.715311,0.038990
73,62,0.288081,0.710242,0.038990
73,63,0.378138,0.690251,0.038990
73,64,0.456207,0.684103,0.038990
73,65,0.534622,0.701850,0.038990
73,66,0.620333,0.716325,0.038990
73,67,0.720959,0.707196,0.038990
73,68,0.825301,0.687525,0.038990
73,69,0.920172,0.686130,0.038990
73,70,0.117037,0.804478,0.038990
73,71,0.196470,0.817150,0.038990
73,72,0.277627,0.803813,0.038990
73,73,0.374975,0.785466,0.038990
73,74,0.479701,0.788411,0.038990
73,75,0.578266,0.808334,0.038990
73,76,0.661972,0.816235,0.038990
73,77,0.739143,0.800063,0.038990
73,78,0.818146,0.784087,0.038990
73,79,0.911630,0.791235,0.038990
73,80,0.097567,0.911224,0.038990
73,81,0.199144,0.914769,0.038990
73,82,0.285761,0.897180,0.038990
73,83,0.363367,0.882853,0.038990
73,84,0.445036,0.894568,0.038990
73,85,0.531190,0.913588,0.038990
73,86,0.633229,0.912800,0.038990
73,87,0.736896,0.893260,0.038990
73,88,0.829626,0.883594,0.038990
73,89,0.908909,0.897963,0.038990
74,0,0.107611,0.094058,0.039210
74,1,0.185727,0.085530,0.039210
74,2,0.268178,0.098804,0.039210
74,3,0.351630,0.113244,0.039210
74,4,0.450027,0.108642,0.039210
74,5,0.552996,0.091380,0.039210
74,6,0.648614,0.086746,0.039210
74,7,0.729325,0.100797,0.039210
74,8,0.809667,0.114822,0.039210
74,9,0.892780,0.105982,0.039210
74,10,0.104677,0.189138,0.039210
74,11,0.207592,0.188190,0.039210
74,12,0.306285,0.204544,0.039210
74,13,0.391894,0.214390,0.039210
74,14,0.471136,0.202927,0.039210
74,15,0.550282,0.187404,0.039210
74,16,0.641991,0.190186,0.039210
74,17,0.743821,0.207346,0.039210
74,18,0.844897,0.213744,0.039210
74,19,0.935034,0.200007,0.039210
74,20,0.092000,0.286441,0.039210
74,21,0.178270,0.292460,0.039210
74,22,0.262182,0.309803,0.039210
74,23,0.361986,0.312603,0.039210
74,24,0.464561,0.296939,0.039210
74,25,0.558346,0.285759,0.039210
74,26,0.639441,0.295306,0.039210
74,27,0.717326,0.311938,0.039210
74,28,0.801393,0.310872,0.039210
74,29,0.898390,0.294014,0.039210
74,30,0.119464,0.385926,0.039210
74,31,0.216595,0.398456,0.039210
74,32,0.298266,0.413194,0.039210
74,33,0.381256,0.408686,0.039210
74,34,0.459689,0.391370,0.039210
74,35,0.553321,0.386751,0.039210
74,36,0.655852,0.401542,0.039210
74,37,0.755761,0.414074,0.039210
74,38,0.843937,0.405988,0.039210
74,39,0.922058,0.389129,0.039210
74,40,0.083045,0.488197,0.039210
74,41,0.173023,0.504556,0.039210
74,42,0.274013,0.514241,0.039210
74,43,0.375910,0.503063,0.039210
74,44,0.467777,0.487398,0.039210
74,45,0.547819,0.490170,0.039210
74,46,0.625431,0.507382,0.039210
74,47,0.711679,0.513741,0.039210
74,48,0.810252,0.499995,0.039210
74,49,0.913191,0.486256,0.039210
74,50,0.126598,0.592653,0.039210
74,51,0.206078,0.609223,0.039210
74,52,0.289855,0.613187,0.039210
74,53,0.369396,0.596927,0.039210
74,54,0.464870,0.585759,0.039210
74,55,0.567818,0.595454,0.039210
74,56,0.666337,0.611809,0.039210
74,57,0.752244,0.610962,0.039210
74,58,0.829236,0.594204,0.039210
74,59,0.911341,0.585628,0.039210
74,60,0.084135,0.698468,0.039210
74,61,0.186062,0.713253,0.039210
74,62,0.287013,0.708622,0.039210
74,63,0.375778,0.691487,0.039210
74,64,0.455404,0.686278,0.039210
74,65,0.535621,0.701905,0.039210
74,66,0.622266,0.714076,0.039210
74,67,0.722222,0.705976,0.039210
74,68,0.824732,0.689121,0.039210
74,69,0.918295,0.688204,0.039210
74,70,0.115174,0.803879,0.039210
74,71,0.197173,0.814929,0.039210
74,72,0.279411,0.803050,0.039210
74,73,0.376602,0.787392,0.039210
74,74,0.479676,0.790204,0.039210
74,75,0.576611,0.807367,0.039210
74,76,0.660019,0.813968,0.039210
74,77,0.739083,0.799751,0.039210
74,78,0.819639,0.786253,0.039210
74,79,0.913493,0.792663,0.039210
74,80,0.098088,0.909822,0.039210
74,81,0.197844,0.912591,0.039210
74,82,0.283156,0.897591,0.039210
74,83,0.362967,0.884975,0.039210
74,84,0.446416,0.895573,0.039210
74,85,0.533140,0.911816,0.039210
74,86,0.634254,0.910856,0.039210
74,87,0.736053,0.893991,0.039210
74,88,0.827691,0.885930,0.039210
74,89,0.907660,0.898481,0.039210
75,0,0.105570,0.095504,0.039429
75,1,0.185057,0.087646,0.039429
75,2,0.269649,0.098569,0.039429
75,3,0.353566,0.110934,0.039429
75,4,0.450879,0.107672,0.039429
75,5,0.551980,0.093171,0.039429
75,6,0.646664,0.088674,0.039429
75,7,0.727827,0.099912,0.039429
75,8,0.810733,0.112614,0.039429
75,9,0.894817,0.105492,0.039429
75,10,0.105986,0.191210,0.039429
75,11,0.207081,0.189787,0.039429
75,12,0.304425,0.203326,0.039429
75,13,0.390227,0.212169,0.039429
75,14,0.471543,0.202913,0.039429
75,15,0.552040,0.189661,0.039429
75,16,0.643651,0.191379,0.039429
75,17,0.743857,0.205727,0.039429
75,18,0.843275,0.211685,0.039429
75,19,0.933246,0.200524,0.039429
75,20,0.091376,0.288791,0.039429
75,21,0.180035,0.293179,0.039429
75,22,0.264062,0.307860,0.039429
75,23,0.362565,0.310831,0.039429
75,24,0.463307,0.297935,0.039429
75,25,0.556412,0.288064,0.039429
75,26,0.638513,0.295514,0.039429
75,27,0.718448,0.309790,0.039429
75,28,0.803344,0.309469,0.039429
75,29,0.899467,0.295442,0.039429
75,30,0.118677,0.388092,0.039429
75,31,0.214668,0.398188,0.039429
75,32,0.296609,0.410877,0.039429
75,33,0.382144,0.407725,0.039429
75,34,0.461554,0.393162,0.039429
75,35,0.554809,0.388677,0.039429
75,36,0.655595,0.400780,0.039429
75,37,0.753995,0.411740,0.039429
75,38,0.842286,0.405500,0.039429
75,39,0.922039,0.391203,0.039429
75,40,0.084676,0.489793,0.039429
75,41,0.174804,0.503337,0.039429
75,42,0.274307,0.511992,0.039429
75,43,0.374446,0.503079,0.039429
75,44,0.465901,0.489655,0.039429
75,45,0.547256,0.491361,0.039429
75,46,0.626698,0.505762,0.039429
75,47,0.713611,0.511683,0.039429
75,48,0.811073,0.500514,0.039429
75,49,0.912145,0.488592,0.039429
75,50,0.124648,0.593383,0.039429
75,51,0.204609,0.607208,0.039429
75,52,0.291065,0.611486,0.039429
75,53,0.371326,0.597924,0.039429
75,54,0.466152,0.588063,0.039429
75,55,0.567275,0.595690,0.039429
75,56,0.664467,0.609631,0.039429
75,57,0.750644,0.609596,0.039429
75,58,0.829492,0.595635,0.039429
75,59,0.913255,0.587756,0.039429
75,60,0.085777,0.698198,0.039429
75,61,0.186064,0.710943,0.039429
75,62,0.285372,0.707656,0.039429
75,63,0.373655,0.693320,0.039429
75,64,0.455330,0.688132,0.039429
75,65,0.537243,0.701173,0.039429
75,66,0.624137,0.711742,0.039429
75,67,0.722768,0.705491,0.039429
75,68,0.823451,0.691195,0.039429
75,69,0.916365,0.689799,0.039429
75,70,0.114026,0.802562,0.039429
75,71,0.198576,0.812776,0.039429
75,72,0.281361,0.803069,0.039429
75,73,0.377650,0.789650,0.039429
75,74,0.478857,0.791394,0.039429
75,75,0.574679,0.805746,0.039429
75,76,0.658587,0.811948,0.039429
75,77,0.739806,0.800235,0.039429
75,78,0.821513,0.788589,0.039429
75,79,0.914958,0.793392,0.039429
75,80,0.097797,0.907876,0.039429
75,81,0.196064,0.910821,0.039429
75,82,0.280946,0.898738,0.039429
75,83,0.363307,0.887123,0.039429
75,84,0.448320,0.895814,0.039429
75,85,0.534907,0.909637,0.039429
75,86,0.634513,0.909456,0.039429
75,87,0.734567,0.895422,0.039429
75,88,0.825825,0.888095,0.039429
75,89,0.907130,0.898209,0.039429
76,0,0.103920,0.097484,0.039648
76,1,0.185208,0.089352,0.039648
76,2,0.271592,0.097571,0.039648
76,3,0.355241,0.108635,0.039648
76,4,0.450941,0.107468,0.039648
76,5,0.550373,0.095361,0.039648
76,6,0.644865,0.090050,0.039648
76,7,0.727142,0.098352,0.039648
76,8,0.812418,0.110568,0.039648
76,9,0.896801,0.105792,0.039648
76,10,0.106590,0.193525,0.039648
76,11,0.205848,0.190724,0.039648
76,12,0.302487,0.201513,0.039648
76,13,0.389224,0.210286,0.039648
76,14,0.472694,0.203682,0.039648
76,15,0.553990,0.191992,0.039648
76,16,0.644750,0.191833,0.039648
76,17,0.743095,0.203638,0.039648
76,18,0.841352,0.210113,0.039648
76,19,0.931931,0.201772,0.039648
76,20,0.091611,0.291042,0.039648
76,21,0.182159,0.293117,0.039648
76,22,0.265567,0.305594,0.039648
76,23,0.362335,0.309668,0.039648
76,24,0.461553,0.299579,0.039648
76,25,0.554746,0.290106,0.039648
76,26,0.638390,0.294937,0.039648
76,27,0.720142,0.307478,0.039648
76,28,0.805135,0.308770,0.039648
76,29,0.899787,0.297405,0.039648
76,30,0.117231,0.389841,0.039648
76,31,0.212785,0.397160,0.039648
76,32,0.295714,0.408573,0.039648
76,33,0.383698,0.407529,0.039648
76,34,0.463490,0.395353,0.039648
76,35,0.555654,0.390052,0.039648
76,36,0.654572,0.399325,0.039648
76,37,0.752045,0.409587,0.039648
76,38,0.841202,0.405804,0.039648
76,39,0.922818,0.393518,0.039648
76,40,0.086601,0.490728,0.039648
76,41,0.176107,0.501522,0.039648
76,42,0.273788,0.510086,0.039648
76,43,0.372584,0.503874,0.039648
76,44,0.464407,0.491987,0.039648
76,45,0.547504,0.491813,0.039648
76,46,0.628460,0.503672,0.039648
76,47,0.715268,0.510112,0.039648
76,48,0.811101,0.501763,0.039648
76,49,0.910519,0.490831,0.039648
76,50,0.122863,0.593331,0.039648
76,51,0.203960,0.604882,0.039648
76,52,0.292870,0.610385,0.039648
76,53,0.373204,0.599570,0.039648
76,54,0.466724,0.590104,0.039648
76,55,0.566014,0.595136,0.039648
76,56,0.662533,0.607294,0.039648
76,57,0.749710,0.608929,0.039648
76,58,0.830514,0.597602,0.039648
76,59,0.915325,0.589473,0.039648
76,60,0.086847,0.697169,0.039648
76,61,0.185270,0.708644,0.039648
76,62,0.283444,0.707456,0.039648
76,63,0.372069,0.695545,0.039648
76,64,0.456037,0.689444,0.039648
76,65,0.539235,0.699743,0.039648
76,66,0.625620,0.709590,0.039648
76,67,0.722503,0.705797,0.039648
76,68,0.821682,0.693511,0.039648
76,69,0.914718,0.690732,0.039648
76,70,0.113724,0.800664,0.039648
76,71,0.200504,0.810953,0.039648
76,72,0.283139,0.803866,0.039648
76,73,0.377936,0.791981,0.039648
76,74,0.477388,0.791844,0.039648
76,75,0.572806,0.803655,0.039648
76,76,0.657894,0.810411,0.039648
76,77,0.741217,0.801455,0.039648
76,78,0.823445,0.790827,0.039648
76,79,0.915772,0.793338,0.039648
76,80,0.096745,0.905609,0.039648
76,81,0.194113,0.909663,0.039648
76,82,0.279398,0.900512,0.039648
76,83,0.364393,0.889030,0.039648
76,84,0.450467,0.895265,0.039648
76,85,0.536184,0.907300,0.039648
76,86,0.633962,0.908761,0.039648
76,87,0.732695,0.897387,0.039648
76,88,0.824353,0.889841,0.039648
76,89,0.907412,0.897178,0.039648
77,0,0.102922,0.099773,0.039867
77,1,0.186140,0.090448,0.039867
77,2,0.273709,0.095926,0.039867
77,3,0.356361,0.106609,0.039867
77,4,0.450203,0.108052,0.039867
77,5,0.548455,0.097699,0.039867
77,6,0.643531,0.090717,0.039867
77,7,0.727322,0.096280,0.039867
77,8,0.814480,0.108933,0.039867
77,9,0.898405,0.106848,0.039867
77,10,0.106386,0.195817,0.039867
77,11,0.204105,0.190893,0.039867
77,12,0.300808,0.199311,0.039867
77,13,0.389031,0.208959,0.039867
77,14,0.474417,0.205142,0.039867
77,15,0.555792,0.194132,0.039867
77,16,0.645096,0.191497,0.039867
77,17,0.741667,0.201319,0.039867
77,18,0.839463,0.209209,0.039867
77,19,0.931317,0.203608,0.039867
77,20,0.092611,0.292939,0.039867
77,21,0.184325,0.292281,0.039867
77,22,0.266436,0.303265,0.039867
77,23,0.361334,0.309249,0.039867
77,24,0.459603,0.301683,0.039867
77,25,0.553640,0.291652,0.039867
77,26,0.639078,0.293638,0.039867
77,27,0.722130,0.305271,0.039867
77,28,0.806457,0.308856,0.039867
77,29,0.899294,0.299679,0.039867
77,30,0.115377,0.390973,0.039867
77,31,0.211274,0.395491,0.039867
77,32,0.295674,0.406543,0.039867
77,33,0.385710,0.408120,0.039867
77,34,0.465160,0.397691,0.039867
77,35,0.555709,0.390717,0.039867
77,36,0.652961,0.397343,0.039867
77,37,0.750249,0.407862,0.039867
77,38,0.840873,0.406863,0.039867
77,39,0.924258,0.395810,0.039867
77,40,0.088487,0.490895,0.039867
77,41,0.176704,0.499319,0.039867
77,42,0.272549,0.508741,0.039867
77,43,0.370647,0.505357,0.039867
77,44,0.463554,0.494126,0.039867
77,45,0.548519,0.491475,0.039867
77,46,0.630410,0.501352,0.039867
77,47,0.716360,0.509210,0.039867
77,48,0.810331,0.503600,0.039867
77,49,0.908595,0.492716,0.039867
77,50,0.121554,0.592503,0.039867
77,51,0.204173,0.602502,0.039867
77,52,0.295024,0.610019,0.039867
77,53,0.374704,0.601675,0.039867
77,54,0.466486,0.591648,0.039867
77,55,0.564257,0.593857,0.039867
77,56,0.660872,0.605065,0.039867
77,57,0.749583,0.609042,0.039867
77,58,0.832122,0.599878,0.039867
77,59,0.917216,0.590575,0.039867
77,60,0.087159,0.695498,0.039867
77,61,0.183818,0.706621,0.039867
77,62,0.281563,0.708044,0.039867
77,63,0.371235,0.697911,0.039867
77,64,0.457437,0.690056,0.039867
77,65,0.541275,0.697783,0.039867
77,66,0.626457,0.707866,0.039867
77,67,0.721474,0.706858,0.039867
77,68,0.819732,0.695803,0.039867
77,69,0.913640,0.690897,0.039867
77,70,0.114261,0.798391,0.039867
77,71,0.202679,0.809679,0.039867
77,72,0.284436,0.805351,0.039867
77,73,0.377410,0.794119,0.039867
77,74,0.475524,0.791503,0.039867
77,75,0.571317,0.801335,0.039867
77,76,0.658032,0.809537,0.039867
77,77,0.743100,0.803267,0.039867
77,78,0.825097,0.792711,0.039867
77,79,0.915792,0.792508,0.039867
77,80,0.095114,0.903280,0.039867
77,81,0.192332,0.909247,0.039867
77,82,0.278684,0.902726,0.039867
77,83,0.366091,0.890459,0.039867
77,84,0.452527,0.893990,0.039867
77,85,0.536748,0.905072,0.039867
77,86,0.632696,0.908851,0.039867
77,87,0.730762,0.899663,0.039867
77,88,0.823531,0.890969,0.039867
77,89,0.908457,0.895506,0.039867
78,0,0.102727,0.102111,0.040086
78,1,0.187680,0.090802,0.040086
78,2,0.275663,0.093826,0.040086
78,3,0.356733,0.105089,0.040086
78,4,0.448793,0.109358,0.040086
78,5,0.546560,0.099917,0.040086
78,6,0.642892,0.090598,0.040086
78,7,0.728276,0.093921,0.040086
78,8,0.816603,0.107909,0.040086
78,9,0.899368,0.108540,0.040086
78,10,0.105409,0.197825,0.040086
78,11,0.202157,0.190275,0.040086
78,12,0.299680,0.196972,0.040086
78,13,0.389656,0.208344,0.040086
78,14,0.476437,0.207125,0.040086
78,15,0.557134,0.195834,0.040086
78,16,0.644629,0.190407,0.040086
78,17,0.739821,0.199034,0.040086
78,18,0.837935,0.209075,0.040086
78,19,0.931512,0.205822,0.040086
78,20,0.094156,0.294265,0.040086
78,21,0.186202,0.290763,0.040086
78,22,0.266517,0.301140,0.040086
78,23,0.359738,0.309621,0.040086
78,24,0.457798,0.304007,0.040086
78,25,0.553285,0.292523,0.040086
78,26,0.640443,0.291762,0.040086
78,27,0.724078,0.303424,0.040086
78,28,0.807080,0.309716,0.040086
78,29,0.898075,0.302005,0.040086
78,30,0.113437,0.391357,0.040086
78,31,0.210397,0.393371,0.040086
78,32,0.296443,0.405021,0.040086
78,33,0.387285,0.409506,0.040086
78,34,0.466871,0.399833,0.040086
78,35,0.554963,0.390596,0.040086
78,36,0.651042,0.395060,0.040086
78,37,0.748921,0.406762,0.040086
78,38,0.841356,0.408557,0.040086
78,39,0.926109,0.397816,0.040086
78,40,0.090004,0.490275,0.040086
78,41,0.176492,0.496981,0.040086
78,42,0.270802,0.508110,0.040086
78,43,0.368972,0.507358,0.040086
78,44,0.463490,0.495827,0.040086
78,45,0.550125,0.490384,0.040086
78,46,0.632209,0.499067,0.040086
78,47,0.716698,0.509079,0.040086
78,48,0.808898,0.505815,0.040086
78,49,0.906708,0.494032,0.040086
78,50,0.120948,0.590992,0.040086
78,51,0.205155,0.600335,0.040086
78,52,0.296439,0.610510,0.040086
78,53,0.376340,0.603925,0.040086
78,54,0.465479,0.592517,0.040086
78,55,0.562307,0.591998,0.040086
78,56,0.659772,0.603201,0.040086
78,57,0.750268,0.609925,0.040086
78,58,0.834034,0.602204,0.040086
78,59,0.918620,0.590935,0.040086
78,60,0.086659,0.693378,0.040086
78,61,0.181961,0.705104,0.040086
78,62,0.280057,0.709353,0.040086
78,63,0.371249,0.700152,0.040086
78,64,0.459315,0.689889,0.040086
78,65,0.543032,0.695520,0.040086
78,66,0.626504,0.706768,0.040086
78,67,0.719858,0.708553,0.040086
78,68,0.817940,0.697808,0.040086
78,69,0.913319,0.690274,0.040086
78,70,0.115494,0.795993,0.040086
78,71,0.204774,0.809110,0.040086
78,72,0.285025,0.807353,0.040086
78,73,0.376164,0.795819,0.040086
78,74,0.473588,0.790410,0.040086
78,75,0.570471,0.799051,0.040086
78,76,0.658953,0.809430,0.040086
78,77,0.745150,0.805459,0.040086
78,78,0.826182,0.794025,0.040086
78,79,0.915015,0.790996,0.040086
78,80,0.093189,0.901157,0.040086
78,81,0.191028,0.909623,0.040086
78,82,0.278844,0.905142,0.040086
78,83,0.368153,0.891230,0.040086
78,84,0.454179,0.892134,0.040086
78,85,0.536502,0.903210,0.040086
78,86,0.630934,0.909714,0.040086
78,87,0.729105,0.901988,0.040086
78,88,0.823502,0.891349,0.040086
78,89,0.910082,0.893384,0.040086
79,0,0.103349,0.104233,0.040305
79,1,0.189553,0.090370,0.040305
79,2,0.276926,0.091481,0.040305
79,3,0.356512,0.104283,0.040305
79,4,0.446956,0.111236,0.040305
79,5,0.545015,0.101762,0.040305
79,6,0.643060,0.089707,0.040305
79,7,0.729788,0.091533,0.040305
79,8,0.818455,0.107625,0.040305
79,9,0.899535,0.110673,0.040305
79,10,0.103828,0.199317,0.040305
79,11,0.200341,0.188940,0.040305
79,12,0.299298,0.194765,0.040305
79,13,0.390972,0.208514,0.040305
79,14,0.478288,0.209420,0.040305
79,15,0.557916,0.196884,0.040305
79,16,0.643431,0.188691,0.040305
79,17,0.737878,0.197045,0.040305
79,18,0.837034,0.209728,0.040305
79,19,0.932481,0.208160,0.040305
79,20,0.095939,0.294871,0.040305
79,21,0.186717,0.288635,0.040305
79,22,0.266582,0.299565,0.040305
79,23,0.357824,0.310741,0.040305
79,24,0.456449,0.306284,0.040305
79,25,0.553742,0.292621,0.040305
79,26,0.642238,0.289521,0.040305
79,27,0.725660,0.302151,0.040305
79,28,0.806894,0.311251,0.040305
79,29,0.896341,0.304114,0.040305
79,30,0.111749,0.390950,0.040305
79,31,0.210307,0.391044,0.040305
79,32,0.297844,0.404179,0.040305
79,33,0.388264,0.411516,0.040305
79,34,0.468255,0.401550,0.040305
79,35,0.553548,0.389703,0.040305
79,36,0.649148,0.392739,0.040305
79,37,0.748289,0.406413,0.040305
79,38,0.842568,0.410692,0.040305
79,39,0.928050,0.399307,0.040305
79,40,0.090889,0.488938,0.040305
79,41,0.175508,0.494774,0.040305
79,42,0.268854,0.508267,0.040305
79,43,0.367851,0.509648,0.040305
79,44,0.464227,0.496895,0.040305
79,45,0.552042,0.488666,0.040305
79,46,0.633545,0.497080,0.040305
79,47,0.716224,0.509733,0.040305
79,48,0.807049,0.508153,0.040305
79,49,0.905185,0.494628,0.040305
79,50,0.121150,0.588973,0.040305
79,51,0.206682,0.598621,0.040305
79,52,0.297168,0.611774,0.040305
79,53,0.377578,0.606098,0.040305
79,54,0.463878,0.592613,0.040305
79,55,0.560504,0.589772,0.040305
79,56,0.659425,0.601915,0.040305
79,57,0.751630,0.611481,0.040305
79,58,0.835914,0.604315,0.040305
79,59,0.919309,0.590506,0.040305
79,60,0.085434,0.691050,0.040305
79,61,0.180022,0.704268,0.040305
79,62,0.279187,0.711233,0.040305
79,63,0.372065,0.702015,0.040305
79,64,0.461371,0.688957,0.040305
79,65,0.544216,0.693216,0.040305
79,66,0.625751,0.706421,0.040305
79,67,0.717937,0.710688,0.040305
79,68,0.816617,0.699297,0.040305
79,69,0.913810,0.688936,0.040305
79,70,0.117167,0.793737,0.040305
79,71,0.205332,0.809339,0.040305
79,72,0.285941,0.809623,0.040305
79,73,0.374414,0.796886,0.040305
79,74,0.471917,0.788691,0.040305
79,75,0.570415,0.797064,0.040305
79,76,0.660479,0.810107,0.040305
79,77,0.747009,0.807782,0.040305
79,78,0.826536,0.794616,0.040305
79,79,0.913576,0.788976,0.040305
79,80,0.091303,0.899482,0.040305
79,81,0.190430,0.910748,0.040305
79,82,0.279779,0.907496,0.040305
79,83,0.370261,0.891241,0.040305
79,84,0.455166,0.889912,0.040305
79,85,0.535488,0.901925,0.040305
79,86,0.628984,0.911253,0.040305
79,87,0.728012,0.904096,0.040305
79,88,0.824270,0.890938,0.040305
79,89,0.912006,0.891056,0.040305
80,0,0.104664,0.105896,0.040524
80,1,0.191424,0.089197,0.040524
80,2,0.276723,0.089070,0.040524
80,3,0.356313,0.104375,0.040524
80,4,0.445011,0.113471,0.040524
80,5,0.544091,0.103022,0.040524
80,6,0.644006,0.088146,0.040524
80,7,0.731552,0.089382,0.040524
80,8,0.818869,0.108081,0.040524
80,9,0.899765,0.113043,0.040524
80,10,0.101919,0.200124,0.040524
80,11,0.198974,0.187041,0.040524
80,12,0.299730,0.192943,0.040524
80,13,0.392731,0.209450,0.040524
80,14,0.478994,0.211871,0.040524
80,15,0.558676,0.197054,0.040524
80,16,0.641709,0.186543,0.040524
80,17,0.736177,0.195580,0.040524
80,18,0.836918,0.211092,0.040524
80,19,0.934056,0.210355,0.040524
80,20,0.097618,0.294687,0.040524
80,21,0.186175,0.286190,0.040524
80,22,0.266256,0.298669,0.040524
80,23,0.355924,0.312482,0.040524
80,24,0.455793,0.308254,0.040524
80,25,0.554933,0.291934,0.040524
80,26,0.644140,0.287171,0.040524
80,27,0.726180,0.301543,0.040524
80,28,0.806363,0.313345,0.040524
80,29,0.894393,0.305767,0.040524
80,30,0.110605,0.389798,0.040524
80,31,0.211019,0.388775,0.040524
80,32,0.299595,0.404114,0.040524
80,33,0.388660,0.413896,0.040524
80,34,0.468926,0.402667,0.040524
80,35,0.551708,0.388140,0.040524
80,36,0.647608,0.390645,0.040524
80,37,0.748466,0.406855,0.040524
80,38,0.844298,0.413022,0.040524
80,39,0.929743,0.400112,0.040524
80,40,0.090989,0.487038,0.040524
80,41,0.173922,0.492953,0.040524
80,42,0.267041,0.509192,0.040524
80,43,0.367477,0.511965,0.040524
80,44,0.465636,0.497209,0.040524
80,45,0.553796,0.486501,0.040524
80,46,0.634327,0.495632,0.040524
80,47,0.715019,0.511099,0.040524
80,48,0.805107,0.510347,0.040524
80,49,0.904291,0.494437,0.040524
80,50,0.122126,0.586676,0.040524
80,51,0.208448,0.597553,0.040524
80,52,0.297241,0.613652,0.040524
80,53,0.378089,0.607961,0.040524
80,54,0.461962,0.591924,0.040524
80,55,0.559162,0.587435,0.040524
80,56,0.659890,0.601353,0.040524
80,57,0.753421,0.613533,0.040524
80,58,0.837435,0.605967,0.040524
80,59,0.919178,0.589336,0.040524
80,60,0.083696,0.688781,0.040524
80,61,0.178338,0.704208,0.040524
80,62,0.279105,0.713470,0.040524
80,63,0.373504,0.703289,0.040524
80,64,0.463268,0.687361,0.040524
80,65,0.544639,0.691137,0.040524
80,66,0.624330,0.706865,0.040524
80,67,0.716045,0.713019,0.040524
80,68,0.815993,0.700100,0.040524
80,69,0.915028,0.687034,0.040524
80,70,0.118954,0.791874,0.040524
80,71,0.205141,0.810322,0.040524
80,72,0.286172,0.811927,0.040524
80,73,0.372465,0.797197,0.040524
80,74,0.470802,0.786541,0.040524
80,75,0.571159,0.795602,0.040524
80,76,0.662325,0.811491,0.040524
80,77,0.747491,0.810115,0.040524
80,78,0.826974,0.794265,0.040524
80,79,0.911725,0.786678,0.040524
80,80,0.089785,0.898447,0.040524
80,81,0.190640,0.912491,0.040524
80,82,0.281265,0.909530,0.040524
80,83,0.372081,0.890481,0.040524
80,84,0.454698,0.887477,0.040524
80,85,0.534529,0.901467,0.040524
80,86,0.627185,0.913291,0.040524
80,87,0.727672,0.905746,0.040524
80,88,0.825703,0.889783,0.040524
80,89,0.913893,0.888788,0.040524
81,0,0.106429,0.106913,0.040743
81,1,0.192961,0.087414,0.040743
81,2,0.275923,0.087010,0.040743
81,3,0.355360,0.105214,0.040743
81,4,0.443297,0.115807,0.040743
81,5,0.543948,0.103553,0.040743
81,6,0.645566,0.086094,0.040743
81,7,0.733225,0.087705,0.040743
81,8,0.818286,0.109253,0.040743
81,9,0.899542,0.115360,0.040743
81,10,0.100013,0.200153,0.040743
81,11,0.198292,0.184796,0.040743
81,12,0.300900,0.191713,0.040743
81,13,0.394612,0.211048,0.040743
81,14,0.479090,0.214092,0.040743
81,15,0.558638,0.196426,0.040743
81,16,0.639763,0.184209,0.040743
81,17,0.735012,0.194806,0.040743
81,18,0.837605,0.213012,0.040743
81,19,0.935964,0.212155,0.040743
81,20,0.098873,0.293736,0.040743
81,21,0.185062,0.283765,0.040743
81,22,0.265235,0.298495,0.040743
81,23,0.354368,0.314644,0.040743
81,24,0.455943,0.309692,0.040743
81,25,0.556651,0.290541,0.040743
81,26,0.645730,0.284960,0.040743
81,27,0.725481,0.301665,0.040743
81,28,0.805735,0.315780,0.040743
81,29,0.892571,0.306774,0.040743
81,30,0.110206,0.388034,0.040743
81,31,0.212409,0.386824,0.040743
81,32,0.301360,0.404832,0.040743
81,33,0.388408,0.416373,0.040743
81,34,0.468798,0.403057,0.040743
81,35,0.549764,0.386087,0.040743
81,36,0.646691,0.389017,0.040743
81,37,0.749419,0.408037,0.040743
81,38,0.846245,0.415283,0.040743
81,39,0.930894,0.400139,0.040743
81,40,0.090285,0.484792,0.040743
81,41,0.172011,0.491725,0.040743
81,42,0.265679,0.510781,0.040743
81,43,0.367917,0.514043,0.040743
81,44,0.467472,0.496732,0.040743
81,45,0.553962,0.484005,0.040743
81,46,0.634720,0.494848,0.040743
81,47,0.714113,0.513194,0.040743
81,48,0.803410,0.512146,0.040743
81,49,0.904182,0.493478,0.040743
81,50,0.123706,0.584365,0.040743
81,51,0.210109,0.597248,0.040743
81,52,0.296625,0.615940,0.040743
81,53,0.377840,0.609299,0.040743
81,54,0.460064,0.590530,0.040743
81,55,0.558513,0.585253,0.040743
81,56,0.661087,0.601581,0.040743
81,57,0.755316,0.615850,0.040743
81,58,0.838330,0.606973,0.040743
81,59,0.918264,0.587556,0.040743
81,60,0.081748,0.686832,0.040743
81,61,0.177201,0.704930,0.040743
81,62,0.279824,0.715806,0.040743
81,63,0.375285,0.703831,0.040743
81,64,0.463140,0.685207,0.040743
81,65,0.544519,0.689331,0.040743
81,66,0.623762,0.708314,0.040743
81,67,0.714510,0.715279,0.040743
81,68,0.816177,0.700125,0.040743
81,69,0.916761,0.684788,0.040743
81,70,0.120512,0.790611,0.040743
81,71,0.204243,0.811957,0.040743
81,72,0.285703,0.813996,0.040743
81,73,0.370655,0.796718,0.040743
81,74,0.470436,0.784208,0.040743
81,75,0.572574,0.794833,0.040743
81,76,0.664158,0.813426,0.040743
81,77,0.747342,0.812050,0.040743
81,78,0.826606,0.793154,0.040743
81,79,0.909784,0.784367,0.040743
81,80,0.088899,0.898171,0.040743
81,81,0.191623,0.914654,0.040743
81,82,0.282994,0.911021,0.040743
81,83,0.372495,0.889062,0.040743
81,84,0.453882,0.885091,0.040743
81,85,0.533622,0.901866,0.040743
81,86,0.625848,0.915595,0.040743
81,87,0.728145,0.906749,0.040743
81,88,0.827551,0.888016,0.040743
81,89,0.915417,0.886840,0.040743
82,0,0.108325,0.107167,0.040962
82,1,0.193148,0.085223,0.040962
82,2,0.275069,0.085473,0.040962
82,3,0.354176,0.106769,0.040962
82,4,0.442111,0.117977,0.040962
82,5,0.544610,0.103294,0.040962
82,6,0.647467,0.083785,0.040962
82,7,0.734485,0.086688,0.040962
82,8,0.817031,0.111031,0.040962
82,9,0.898711,0.117341,0.040962
82,10,0.098442,0.199401,0.040962
82,11,0.198416,0.182461,0.040962
82,12,0.302604,0.191216,0.040962
82,13,0.396277,0.213127,0.040962
82,14,0.478324,0.215872,0.040962
82,15,0.557570,0.195105,0.040962
82,16,0.638420,0.181881,0.040962
82,17,0.734586,0.194813,0.040962
82,18,0.838977,0.215267,0.040962
82,19,0.937872,0.213355,0.040962
82,20,0.099461,0.292127,0.040962
82,21,0.183354,0.281614,0.040962
82,22,0.263938,0.299090,0.040962
82,23,0.353428,0.316979,0.040962
82,24,0.456872,0.310431,0.040962
82,25,0.558596,0.288602,0.040962
82,26,0.645389,0.282855,0.040962
82,27,0.724858,0.302747,0.040962
82,28,0.805288,0.318320,0.040962
82,29,0.891191,0.307019,0.040962
82,30,0.110619,0.385859,0.040962
82,31,0.214237,0.385415,0.040962
82,32,0.302804,0.406251,0.040962
82,33,0.387558,0.418654,0.040962
82,34,0.467911,0.402687,0.040962
82,35,0.548054,0.383778,0.040962
82,36,0.646556,0.388043,0.040962
82,37,0.750983,0.409825,0.040962
82,38,0.848070,0.417213,0.040962
82,39,0.931303,0.399385,0.040962
82,40,0.088779,0.482445,0.040962
82,41,0.170229,0.491242,0.040962
82,42,0.265005,0.512851,0.040962
82,43,0.369093,0.515645,0.040962
82,44,0.469417,0.495519,0.040962
82,45,0.553309,0.481558,0.040962
82,46,0.634156,0.494794,0.040962
82,47,0.713364,0.515709,0.040962
82,48,0.802251,0.513344,0.040962
82,49,0.904877,0.491864,0.040962
82,50,0.125615,0.582303,0.040962
82,51,0.211345,0.597737,0.040962
82,52,0.295422,0.618377,0.040962
82,53,0.376912,0.609958,0.040962
82,54,0.458513,0.588589,0.040962
82,55,0.558670,0.583477,0.040962
82,56,0.662809,0.602571,0.040962
82,57,0.756952,0.618171,0.040962
82,58,0.838147,0.607298,0.040962
82,59,0.917057,0.585283,0.040962
82,60,0.079928,0.685425,0.040962
82,61,0.176809,0.706353,0.040962
82,62,0.281221,0.717974,0.040962
82,63,0.377073,0.703581,0.040962
82,64,0.462212,0.682794,0.040962
82,65,0.543956,0.688227,0.040962
82,66,0.622890,0.710325,0.040962
82,67,0.713600,0.717209,0.040962
82,68,0.817137,0.699369,0.040962
82,69,0.918709,0.682454,0.040962
82,70,0.121545,0.790088,0.040962
82,71,0.202762,0.814067,0.040962
82,72,0.284672,0.815588,0.040962
82,73,0.369300,0.795504,0.040962
82,74,0.470883,0.781958,0.040962
82,75,0.574413,0.794844,0.040962
82,76,0.665023,0.815709,0.040962
82,77,0.746911,0.813412,0.040962
82,78,0.825807,0.791345,0.040962
82,79,0.908090,0.782306,0.040962
82,80,0.088798,0.898685,0.040962
82,81,0.193208,0.916990,0.040962
82,82,0.284619,0.911805,0.040962
82,83,0.371355,0.887143,0.040962
82,84,0.453178,0.883073,0.040962
82,85,0.532724,0.903031,0.040962
82,86,0.625207,0.917901,0.040962
82,87,0.729349,0.906990,0.040962
82,88,0.829493,0.885839,0.040962
82,89,0.916312,0.885434,0.040962
83,0,0.110013,0.106630,0.041181
83,1,0.191915,0.082872,0.041181
83,2,0.274258,0.084637,0.041181
83,3,0.353064,0.108864,0.041181
83,4,0.441660,0.119733,0.041181
83,5,0.545963,0.102276,0.041181
83,6,0.649381,0.081485,0.041181
83,7,0.735087,0.086442,0.041181
83,8,0.815275,0.113220,0.041181
83,9,0.897492,0.118756,0.041181
83,10,0.097478,0.197953,0.041181
83,11,0.199322,0.180305,0.041181
83,12,0.304548,0.191510,0.041181
83,13,0.395528,0.215389,0.041181
83,14,0.477865,0.217284,0.041181
83,15,0.556569,0.193017,0.041181
83,16,0.637869,0.179833,0.041181
83,17,0.734974,0.195599,0.041181
83,18,0.840794,0.217599,0.041181
83,19,0.939449,0.213816,0.041181
83,20,0.099261,0.290046,0.041181
83,21,0.181188,0.279960,0.041181
83,22,0.262766,0.300403,0.041181
83,23,0.353266,0.319221,0.041181
83,24,0.458421,0.310389,0.041181
83,25,0.560431,0.286337,0.041181
83,26,0.644595,0.281411,0.041181
83,27,0.723656,0.304494,0.041181
83,28,0.804443,0.320532,0.041181
83,29,0.890492,0.306475,0.041181
83,30,0.111774,0.383522,0.041181
83,31,0.216183,0.384709,0.041181
83,32,0.303653,0.408209,0.041181
83,33,0.386123,0.420488,0.041181
83,34,0.466581,0.401589,0.041181
83,35,0.546874,0.381478,0.041181
83,36,0.647225,0.387833,0.041181
83,37,0.752886,0.412012,0.041181
83,38,0.849458,0.418594,0.041181
83,39,0.930898,0.397935,0.041181
83,40,0.086803,0.480275,0.041181
83,41,0.168814,0.491553,0.041181
83,42,0.265137,0.515165,0.041181
83,43,0.370801,0.516587,0.041181
83,44,0.471111,0.493713,0.041181
83,45,0.552232,0.479487,0.041181
83,46,0.633009,0.495565,0.041181
83,47,0.712366,0.518216,0.041181
83,48,0.801834,0.513803,0.041181
83,49,0.906254,0.489777,0.041181
83,50,0.127522,0.580727,0.041181
83,51,0.211915,0.598961,0.041181
83,52,0.293681,0.620696,0.041181
83,53,0.375651,0.609854,0.041181
83,54,0.457579,0.586325,0.041181
83,55,0.559607,0.582310,0.041181
83,56,0.664754,0.604211,0.041181
83,57,0.756521,0.620441,0.041181
83,58,0.837757,0.606887,0.041181
83,59,0.916452,0.582585,0.041181
83,60,0.078554,0.684721,0.041181
83,61,0.177230,0.708314,0.041181
83,62,0.283051,0.719727,0.041181
83,63,0.378533,0.702569,0.041181
83,64,0.460768,0.680406,0.041181
83,65,0.542786,0.687923,0.041181
83,66,0.622028,0.712687,0.041181
83,67,0.713473,0.718587,0.041181
83,68,0.818706,0.697917,0.041181
83,69,0.920532,0.680299,0.041181
83,70,0.121851,0.790359,0.041181
83,71,0.200807,0.816418,0.041181
83,72,0.283429,0.816519,0.041181
83,73,0.368633,0.793692,0.041181
83,74,0.472066,0.780048,0.041181
83,75,0.576357,0.795634,0.041181
83,76,0.664261,0.818095,0.041181
83,77,0.746524,0.814073,0.041181
83,78,0.824977,0.789000,0.041181
83,79,0.906938,0.780732,0.041181
83,80,0.089500,0.899930,0.041181
83,81,0.195118,0.919230,0.041181
83,82,0.285822,0.911799,0.041181
83,83,0.369663,0.884895,0.041181
83,84,0.451964,0.881716,0.041181
83,85,0.531970,0.904807,0.041181
83,86,0.625372,0.919944,0.041181
83,87,0.731074,0.906441,0.041181
83,88,0.831191,0.883502,0.041181
83,89,0.916422,0.884732,0.041181
84,0,0.111190,0.105365,0.041400
84,1,0.190208,0.080627,0.041400
84,2,0.272917,0.084620,0.041400
84,3,0.352209,0.111238,0.041400
84,4,0.442021,0.120872,0.041400
84,5,0.547771,0.100613,0.041400
84,6,0.650973,0.079456,0.041400
84,7,0.734904,0.086989,0.041400
84,8,0.813096,0.115561,0.041400
84,9,0.896344,0.119455,0.041400
84,10,0.097289,0.195975,0.041400
84,11,0.200854,0.178573,0.041400
84,12,0.306391,0.192561,0.041400
84,13,0.394283,0.217641,0.041400
84,14,0.477083,0.217761,0.041400
84,15,0.555356,0.190629,0.041400
84,16,0.637586,0.178410,0.041400
84,17,0.736107,0.197075,0.041400
84,18,0.842743,0.219742,0.041400
84,19,0.940421,0.213487,0.041400
84,20,0.097411,0.287837,0.041400
84,21,0.179728,0.278878,0.041400
84,22,0.262036,0.302296,0.041400
84,23,0.353910,0.321111,0.041400
84,24,0.460318,0.309569,0.041400
84,25,0.561030,0.284046,0.041400
84,26,0.643754,0.280631,0.041400
84,27,0.722309,0.306790,0.041400
84,28,0.803662,0.322205,0.041400
84,29,0.890596,0.305203,0.041400
84,30,0.113470,0.381291,0.041400
84,31,0.217911,0.384787,0.041400
84,32,0.302938,0.410363,0.041400
84,33,0.384943,0.421810,0.041400
84,34,0.465265,0.399859,0.041400
84,35,0.546430,0.379450,0.041400
84,36,0.648584,0.388412,0.041400
84,37,0.754798,0.414350,0.041400
84,38,0.850165,0.419266,0.041400
84,39,0.929751,0.395957,0.041400
84,40,0.084727,0.478532,0.041400
84,41,0.167986,0.492618,0.041400
84,42,0.266050,0.517458,0.041400
84,43,0.372745,0.516761,0.041400
84,44,0.470255,0.491871,0.041400
84,45,0.551793,0.477480,0.041400
84,46,0.632214,0.497187,0.041400
84,47,0.711687,0.520509,0.041400
84,48,0.802229,0.513472,0.041400
84,49,0.908075,0.487458,0.041400
84,50,0.129094,0.579818,0.041400
84,51,0.211667,0.600768,0.041400
84,52,0.291520,0.622662,0.041400
84,53,0.374515,0.608982,0.041400
84,54,0.457425,0.583995,0.041400
84,55,0.561160,0.581885,0.041400
84,56,0.666587,0.606313,0.041400
84,57,0.755619,0.622188,0.041400
84,58,0.836757,0.605684,0.041400
84,59,0.915501,0.580087,0.041400
84,60,0.077862,0.684801,0.041400
84,61,0.178392,0.710587,0.041400
84,62,0.284997,0.720863,0.041400
84,63,0.379304,0.700938,0.041400
84,64,0.458946,0.678288,0.041400
84,65,0.541185,0.688414,0.041400
84,66,0.621575,0.715172,0.041400
84,67,0.714150,0.719257,0.041400
84,68,0.820611,0.695938,0.041400
84,69,0.921913,0.678570,0.041400
84,70,0.120907,0.791236,0.041400
84,71,0.198950,0.818896,0.041400
84,72,0.282430,0.816684,0.041400
84,73,0.368772,0.791491,0.041400
84,74,0.473778,0.778699,0.041400
84,75,0.578068,0.797113,0.041400
84,76,0.663014,0.820285,0.041400
84,77,0.745564,0.813860,0.041400
84,78,0.823906,0.786514,0.041400
84,79,0.906553,0.779822,0.041400
84,80,0.090883,0.901763,0.041400
84,81,0.197023,0.921119,0.041400
84,82,0.286361,0.911011,0.041400
84,83,0.367544,0.882574,0.041400
84,84,0.450426,0.881136,0.041400
84,85,0.531717,0.907024,0.041400
84,86,0.626316,0.921492,0.041400
84,87,0.733020,0.905166,0.041400
84,88,0.832350,0.881272,0.041400
84,89,0.915729,0.884814,0.041400
85,0,0.109972,0.104045,0.041619
85,1,0.189090,0.078185,0.041619
85,2,0.272013,0.085424,0.041619
85,3,0.351940,0.113650,0.041619
85,4,0.443133,0.121266,0.041619
85,5,0.549720,0.098497,0.041619
85,6,0.651268,0.077852,0.041619
85,7,0.733875,0.088051,0.041619
85,8,0.811510,0.118076,0.041619
85,9,0.895624,0.119366,0.041619
85,10,0.097909,0.193695,0.041619
85,11,0.202745,0.177464,0.041619
85,12,0.307815,0.194248,0.041619
85,13,0.392544,0.219621,0.041619
85,14,0.475752,0.217381,0.041619
85,15,0.554299,0.188149,0.041619
85,16,0.638036,0.177711,0.041619
85,17,0.737790,0.199071,0.041619
85,18,0.844482,0.221449,0.041619
85,19,0.940618,0.212404,0.041619
85,20,0.095056,0.285647,0.041619
85,21,0.178310,0.278588,0.041619
85,22,0.261966,0.304559,0.041619
85,23,0.355249,0.322435,0.041619
85,24,0.462235,0.308066,0.041619
85,25,0.559846,0.282002,0.041619
85,26,0.643070,0.280509,0.041619
85,27,0.721131,0.309407,0.041619
85,28,0.803386,0.323191,0.041619
85,29,0.891486,0.303350,0.041619
85,30,0.115411,0.379421,0.041619
85,31,0.219119,0.385640,0.041619
85,32,0.301129,0.412527,0.041619
85,33,0.383777,0.422420,0.041619
85,34,0.464299,0.397686,0.041619
85,35,0.546799,0.377926,0.041619
85,36,0.650395,0.389713,0.041619
85,37,0.756386,0.416570,0.041619
85,38,0.849498,0.419323,0.041619
85,39,0.928631,0.393505,0.041619
85,40,0.082886,0.477415,0.041619
85,41,0.167916,0.494317,0.041619
85,42,0.267587,0.519469,0.041619
85,43,0.374586,0.516148,0.041619
85,44,0.468844,0.489859,0.041619
85,45,0.550972,0.476310,0.041619
85,46,0.631040,0.499265,0.041619
85,47,0.711566,0.522340,0.041619
85,48,0.803369,0.512388,0.041619
85,49,0.910023,0.485172,0.041619
85,50,0.129864,0.579624,0.041619
85,51,0.209825,0.602735,0.041619
85,52,0.290213,0.624329,0.041619
85,53,0.373817,0.607434,0.041619
85,54,0.458077,0.581868,0.041619
85,55,0.563059,0.582252,0.041619
85,56,0.667987,0.608637,0.041619
85,57,0.754265,0.623205,0.041619
85,58,0.835229,0.603873,0.041619
85,59,0.914603,0.578035,0.041619
85,60,0.077975,0.685656,0.041619
85,61,0.180091,0.712913,0.041619
85,62,0.286721,0.721253,0.041619
85,63,0.377830,0.699275,0.041619
85,64,0.457812,0.676221,0.041619
85,65,0.539961,0.689682,0.041619
85,66,0.621752,0.717516,0.041619
85,67,0.715514,0.719141,0.041619
85,68,0.822521,0.693657,0.041619
85,69,0.922613,0.677465,0.041619
85,70,0.119031,0.792682,0.041619
85,71,0.197247,0.821157,0.041619
85,72,0.281959,0.816062,0.041619
85,73,0.369693,0.789153,0.041619
85,74,0.475722,0.778063,0.041619
85,75,0.579249,0.799111,0.041619
85,76,0.661295,0.822025,0.041619
85,77,0.744065,0.812877,0.041619
85,78,0.823165,0.784090,0.041619
85,79,0.906956,0.779686,0.041619
85,80,0.092707,0.903976,0.041619
85,81,0.198591,0.922439,0.041619
85,82,0.286115,0.909534,0.041619
85,83,0.365048,0.880454,0.041619
85,84,0.449041,0.881371,0.041619
85,85,0.532145,0.909445,0.041619
85,86,0.627874,0.922366,0.041619
85,87,0.734849,0.903311,0.041619
85,88,0.832063,0.879366,0.041619
85,89,0.915059,0.885710,0.041619
86,0,0.108148,0.102293,0.041838
86,1,0.187717,0.076398,0.041838
86,2,0.271069,0.086901,0.041838
86,3,0.352400,0.115837,0.041838
86,4,0.444801,0.120868,0.041838
86,5,0.551472,0.096171,0.041838
86,6,0.649961,0.076826,0.041838
86,7,0.732650,0.089636,0.041838
86,8,0.810475,0.120375,0.041838
86,9,0.895555,0.118500,0.041838
86,10,0.099229,0.191373,0.041838
86,11,0.204666,0.177106,0.041838
86,12,0.308572,0.196379,0.041838
86,13,0.390375,0.221092,0.041838
86,14,0.474089,0.216251,0.041838
86,15,0.553757,0.185819,0.041838
86,16,0.639220,0.177808,0.041838
86,17,0.739728,0.201359,0.041838
86,18,0.845711,0.222526,0.041838
86,19,0.940008,0.210693,0.041838
86,20,0.092461,0.283736,0.041838
86,21,0.177245,0.279107,0.041838
86,22,0.262650,0.306942,0.041838
86,23,0.357051,0.323041,0.041838
86,24,0.463838,0.306052,0.041838
86,25,0.558220,0.280383,0.041838
86,26,0.641891,0.281285,0.041838
86,27,0.719877,0.311875,0.041838
86,28,0.803748,0.323382,0.041838
86,29,0.893006,0.301128,0.041838
86,30,0.117261,0.378127,0.041838
86,31,0.219598,0.387170,0.041838
86,32,0.298867,0.414512,0.041838
86,33,0.382408,0.422196,0.041838
86,34,0.463937,0.395312,0.041838
86,35,0.547917,0.377081,0.041838
86,36,0.652344,0.391588,0.041838
86,37,0.757374,0.418419,0.041838
86,38,0.848146,0.418579,0.041838
86,39,0.927162,0.391041,0.041838
86,40,0.081577,0.477049,0.041838
86,41,0.168636,0.496458,0.041838
86,42,0.269480,0.520965,0.041838
86,43,0.376005,0.514817,0.041838
86,44,0.466868,0.487930,0.041838
86,45,0.549691,0.476017,0.041838
86,46,0.630029,0.501611,0.041838
86,47,0.712158,0.523521,0.041838
86,48,0.805055,0.510675,0.041838
86,49,0.911759,0.483180,0.041838
86,50,0.128527,0.579828,0.041838
86,51,0.208291,0.605109,0.041838
86,52,0.289476,0.625375,0.041838
86,53,0.373778,0.605382,0.041838
86,54,0.459422,0.580186,0.041838
86,55,0.564975,0.583368,0.041838
86,56,0.668711,0.610915,0.041838
86,57,0.752373,0.623414,0.041838
86,58,0.833462,0.601700,0.041838
86,59,0.914207,0.576585,0.041838
86,60,0.078872,0.687187,0.041838
86,61,0.182033,0.715025,0.041838
86,62,0.287922,0.720851,0.041838
86,63,0.375781,0.697337,0.041838
86,64,0.456401,0.674929,0.041838
86,65,0.538951,0.691511,0.041838
86,66,0.622651,0.719470,0.041838
86,67,0.717328,0.718254,0.041838
86,68,0.824104,0.691335,0.041838
86,69,0.922510,0.677110,0.041838
86,70,0.116781,0.794627,0.041838
86,71,0.195666,0.822844,0.041838
86,72,0.282194,0.814724,0.041838
86,73,0.371234,0.786945,0.041838
86,74,0.477561,0.778214,0.041838
86,75,0.579012,0.801211,0.041838
86,76,0.659711,0.823322,0.041838
86,77,0.742512,0.811246,0.041838
86,78,0.823006,0.781982,0.041838
86,79,0.908102,0.780335,0.041838
86,80,0.094654,0.906314,0.041838
86,81,0.199549,0.923041,0.041838
86,82,0.284556,0.907747,0.041838
86,83,0.362982,0.878576,0.041838
86,84,0.448133,0.882375,0.041838
86,85,0.533293,0.911806,0.041838
86,86,0.629775,0.922467,0.041838
86,87,0.736244,0.901087,0.041838
86,88,0.830861,0.878030,0.041838
86,89,0.914047,0.887288,0.041838
87,0,0.105793,0.100353,0.042057
87,1,0.186124,0.075410,0.042057
87,2,0.270612,0.088887,0.042057
87,3,0.353590,0.117559,0.042057
87,4,0.446737,0.119725,0.042057
87,5,0.552721,0.093899,0.042057
87,6,0.648251,0.076624,0.042057
87,7,0.731008,0.091670,0.042057
87,8,0.809548,0.121954,0.042057
87,9,0.896235,0.116961,0.042057
87,10,0.101019,0.189274,0.042057
87,11,0.206284,0.177538,0.042057
87,12,0.307802,0.198492,0.042057
87,13,0.388536,0.222099,0.042057
87,14,0.472573,0.214526,0.042057
87,15,0.553917,0.183888,0.042057
87,16,0.640993,0.178681,0.042057
87,17,0.741586,0.203677,0.042057
87,18,0.846216,0.222850,0.042057
87,19,0.938695,0.208548,0.042057
87,20,0.089936,0.282336,0.042057
87,21,0.176791,0.280357,0.042057
87,22,0.264037,0.309178,0.042057
87,23,0.359000,0.322858,0.042057
87,24,0.464849,0.303757,0.042057
87,25,0.556167,0.279391,0.042057
87,26,0.640265,0.282741,0.042057
87,27,0.719039,0.314002,0.042057
87,28,0.804835,0.322775,0.042057
87,29,0.894893,0.298790,0.042057
87,30,0.118697,0.377556,0.042057
87,31,0.218001,0.388765,0.042057
87,32,0.297414,0.416489,0.042057
87,33,0.381396,0.421210,0.042057
87,34,0.464320,0.393000,0.042057
87,35,0.549590,0.377011,0.042057
87,36,0.654092,0.393821,0.042057
87,37,0.757590,0.419683,0.042057
87,38,0.846276,0.417128,0.042057
87,39,0.925665,0.388837,0.042057
87,40,0.081009,0.477476,0.042057
87,41,0.170041,0.498796,0.042057
87,42,0.271400,0.521777,0.042057
87,43,0.376754,0.512922,0.042057
87,44,0.464496,0.486323,0.042057
87,45,0.548076,0.476577,0.042057
87,46,0.629529,0.503977,0.042057
87,47,0.713463,0.523933,0.042057
87,48,0.806994,0.508529,0.042057
87,49,0.912981,0.481711,0.042057
87,50,0.126702,0.580835,0.042057
87,51,0.206521,0.607370,0.042057
87,52,0.288776,0.625511,0.042057
87,53,0.374489,0.603055,0.042057
87,54,0.461227,0.579143,0.042057
87,55,0.566573,0.585105,0.042057
87,56,0.667595,0.612741,0.042057
87,57,0.751085,0.622969,0.042057
87,58,0.831876,0.599406,0.042057
87,59,0.914500,0.575883,0.042057
87,60,0.080397,0.689221,0.042057
87,61,0.183880,0.716682,0.042057
87,62,0.288393,0.719704,0.042057
87,63,0.373330,0.695373,0.042057
87,64,0.454815,0.674503,0.042057
87,65,0.538556,0.693706,0.042057
87,66,0.624221,0.720824,0.042057
87,67,0.719277,0.716695,0.042057
87,68,0.825085,0.689238,0.042057
87,69,0.921622,0.677547,0.042057
87,70,0.114368,0.796799,0.042057
87,71,0.194581,0.823817,0.042057
87,72,0.283176,0.812822,0.042057
87,73,0.373129,0.785120,0.042057
87,74,0.478974,0.779135,0.042057
87,75,0.577090,0.803099,0.042057
87,76,0.658536,0.824120,0.042057
87,77,0.741373,0.809149,0.042057
87,78,0.823569,0.780414,0.042057
87,79,0.909792,0.781697,0.042057
87,80,0.096386,0.908510,0.042057
87,81,0.199731,0.922854,0.042057
87,82,0.282179,0.905754,0.042057
87,83,0.361326,0.877257,0.042057
87,84,0.447918,0.884016,0.042057
87,85,0.535060,0.913848,0.042057
87,86,0.631688,0.921784,0.042057
87,87,0.736961,0.898749,0.042057
87,88,0.829065,0.877428,0.042057
87,89,0.912757,0.889358,0.042057
88,0,0.103172,0.098470,0.042276
88,1,0.184548,0.075308,0.042276
88,2,0.270836,0.091150,0.042276
88,3,0.355372,0.118627,0.042276
88,4,0.448603,0.117967,0.042276
88,5,0.553251,0.091944,0.042276
88,6,0.646088,0.077239,0.042276
88,7,0.729229,0.093835,0.042276
88,8,0.809171,0.122747,0.042276
88,9,0.897619,0.114926,0.042276
88,10,0.102970,0.187640,0.042276
88,11,0.207318,0.178713,0.042276
88,12,0.305604,0.200349,0.042276
88,13,0.387198,0.222521,0.042276
88,14,0.471521,0.212428,0.042276
88,15,0.554827,0.182564,0.042276
88,16,0.643102,0.180227,0.042276
88,17,0.743041,0.205759,0.042276
88,18,0.845908,0.222382,0.042276
88,19,0.936908,0.206215,0.042276
88,20,0.087801,0.281615,0.042276
88,21,0.177089,0.282180,0.042276
88,22,0.265943,0.311015,0.042276
88,23,0.360760,0.321909,0.042276
88,24,0.465091,0.301444,0.042276
88,25,0.553682,0.279149,0.042276
88,26,0.638639,0.284661,0.042276
88,27,0.718866,0.315576,0.042276
88,28,0.806554,0.321451,0.042276
88,29,0.896817,0.296605,0.042276
88,30,0.119471,0.377774,0.042276
88,31,0.215805,0.390684,0.042276
88,32,0.295894,0.417793,0.042276
88,33,0.380778,0.419578,0.042276
88,34,0.465444,0.391011,0.042276
88,35,0.551526,0.377725,0.042276
88,36,0.655335,0.396158,0.042276
88,37,0.756997,0.420220,0.042276
88,38,0.844088,0.415168,0.042276
88,39,0.924525,0.387115,0.042276
88,40,0.081266,0.478646,0.042276
88,41,0.171903,0.501064,0.042276
88,42,0.273013,0.521812,0.042276
88,43,0.376704,0.510678,0.042276
88,44,0.461797,0.485269,0.042276
88,45,0.546565,0.477861,0.042276
88,46,0.629725,0.506100,0.042276
88,47,0.715338,0.523540,0.042276
88,48,0.808850,0.506196,0.042276
88,49,0.913478,0.480933,0.042276
88,50,0.124435,0.582475,0.042276
88,51,0.204649,0.609209,0.042276
88,52,0.288611,0.624826,0.042276
88,53,0.375898,0.600716,0.042276
88,54,0.463176,0.578857,0.042276
88,55,0.567577,0.587265,0.042276
88,56,0.665512,0.614010,0.042276
88,57,0.749805,0.621833,0.042276
88,58,0.830788,0.597256,0.042276
88,59,0.915528,0.575990,0.042276
88,60,0.082285,0.691523,0.042276
88,61,0.185312,0.717693,0.042276
88,62,0.288052,0.717943,0.042276
88,63,0.370654,0.693661,0.042276
88,64,0.453419,0.674934,0.042276
88,65,0.538911,0.696008,0.042276
88,66,0.626276,0.721435,0.042276
88,67,0.721021,0.714645,0.042276
88,68,0.825294,0.687607,0.042276
88,69,0.920102,0.678725,0.042276
88,70,0.112117,0.798926,0.042276
88,71,0.194206,0.823988,0.042276
88,72,0.284803,0.810573,0.042276
88,73,0.375048,0.783887,0.042276
88,74,0.479716,0.780719,0.042276
88,75,0.574753,0.804844,0.042276
88,76,0.657103,0.824015,0.042276
88,77,0.740688,0.806870,0.042276
88,78,0.824848,0.779552,0.042276
88,79,0.911732,0.783614,0.042276
88,80,0.097603,0.910313,0.042276
88,81,0.197880,0.922158,0.042276
88,82,0.280368,0.903594,0.042276
88,83,0.360492,0.876587,0.042276
88,84,0.448481,0.886094,0.042276
88,85,0.537221,0.915348,0.042276
88,86,0.633282,0.920394,0.042276
88,87,0.736877,0.896566,0.042276
88,88,0.826820,0.877620,0.042276
88,89,0.911580,0.891690,0.042276
89,0,0.100437,0.096937,0.042495
89,1,0.183411,0.076025,0.042495
89,2,0.271800,0.093426,0.042495
89,3,0.357496,0.118927,0.042495
89,4,0.450075,0.115795,0.042495
89,5,0.552970,0.090527,0.042495
89,6,0.643570,0.078571,0.042495
89,7,0.727717,0.095862,0.042495
89,8,0.809529,0.122713,0.042495
89,9,0.899527,0.112630,0.042495
89,10,0.104741,0.186657,0.042495
89,11,0.207587,0.180494,0.042495
89,12,0.303022,0.201956,0.042495
89,13,0.385776,0.222087,0.042495
89,14,0.471156,0.210215,0.042495
89,15,0.556398,0.181986,0.042495
89,16,0.645227,0.182261,0.042495
89,17,0.743839,0.207368,0.042495
89,18,0.844841,0.221177,0.042495
89,19,0.934957,0.203962,0.042495
89,20,0.086323,0.281665,0.042495
89,21,0.178139,0.284355,0.042495
89,22,0.268086,0.312248,0.042495
89,23,0.362024,0.320301,0.042495
89,24,0.464524,0.299378,0.042495
89,25,0.550964,0.279690,0.042495
89,26,0.637378,0.286792,0.042495
89,27,0.719453,0.316434,0.042495
89,28,0.808689,0.319568,0.042495
89,29,0.898446,0.294823,0.042495
89,30,0.119448,0.378756,0.042495
89,31,0.213293,0.392694,0.042495
89,32,0.294416,0.418263,0.042495
89,33,0.380866,0.417515,0.042495
89,34,0.467169,0.389566,0.042495
89,35,0.553390,0.379140,0.042495
89,36,0.655858,0.398330,0.042495
89,37,0.755698,0.419966,0.042495
89,38,0.841904,0.412937,0.042495
89,39,0.924001,0.386057,0.042495
89,40,0.082289,0.480423,0.042495
89,41,0.173911,0.503005,0.042495
89,42,0.274040,0.521064,0.042495
89,43,0.375863,0.508343,0.042495
89,44,0.458984,0.484922,0.042495
89,45,0.545521,0.479673,0.042495
89,46,0.630669,0.507743,0.042495
89,47,0.717533,0.522399,0.042495
89,48,0.810299,0.503943,0.042495
89,49,0.913163,0.480934,0.042495
89,50,0.121913,0.584520,0.042495
89,51,0.202996,0.610419,0.042495
89,52,0.289156,0.623444,0.042495
89,53,0.377822,0.598628,0.042495
89,54,0.464932,0.579361,0.042495
89,55,0.567812,0.589600,0.042495
89,56,0.662981,0.614609,0.042495
89,57,0.748506,0.620107,0.042495
89,58,0.830394,0.595506,0.042495
89,59,0.917197,0.576877,0.042495
89,60,0.084208,0.693830,0.042495
89,61,0.186078,0.717944,0.042495
89,62,0.286621,0.715868,0.042495
89,63,0.368295,0.692355,0.042495
89,64,0.452585,0.676109,0.042495
89,65,0.540012,0.698151,0.042495
89,66,0.628536,0.721246,0.042495
89,67,0.722258,0.712337,0.042495
89,68,0.824693,0.686627,0.042495
89,69,0.918216,0.680509,0.042495
89,70,0.110338,0.800745,0.042495
89,71,0.194629,0.823357,0.042495
89,72,0.286852,0.808235,0.042495
89,73,0.376657,0.783388,0.042495
89,74,0.479658,0.782787,0.042495
89,75,0.572124,0.806184,0.042495
89,76,0.655712,0.823099,0.042495
89,77,0.740730,0.804664,0.042495
89,78,0.826701,0.779483,0.042495
89,79,0.913585,0.785868,0.042495
89,80,0.098092,0.911515,0.042495
89,81,0.195674,0.920732,0.042495
89,82,0.278531,0.901632,0.042495
89,83,0.360064,0.876825,0.042495
89,84,0.449764,0.888359,0.042495
89,85,0.539472,0.916142,0.042495
89,86,0.634280,0.918456,0.042495
89,87,0.736005,0.894786,0.042495
89,88,0.824404,0.878580,0.042495
89,89,0.910833,0.894023,0.042495
90,0,0.097876,0.095973,0.042714
90,1,0.182965,0.077433,0.042714
90,2,0.273417,0.095448,0.042714
90,3,0.359643,0.118430,0.042714
90,4,0.450897,0.113459,0.042714
90,5,0.551926,0.089812,0.042714
90,6,0.640989,0.080455,0.042714
90,7,0.726760,0.097498,0.042714
90,8,0.810630,0.121885,0.042714
90,9,0.901680,0.110338,0.042714
90,10,0.106024,0.186437,0.042714
90,11,0.207045,0.182678,0.042714
90,12,0.300216,0.203065,0.042714
90,13,0.384677,0.220910,0.042714
90,14,0.471576,0.208161,0.042714
90,15,0.558413,0.182209,0.042714
90,16,0.647037,0.184547,0.042714
90,17,0.743842,0.208319,0.042714
90,18,0.843202,0.219373,0.042714
90,19,0.933182,0.202046,0.042714
90,20,0.085673,0.282487,0.042714
90,21,0.179806,0.286621,0.042714
90,22,0.270137,0.312741,0.042714
90,23,0.362572,0.318219,0.042714
90,24,0.463245,0.297795,0.042714
90,25,0.548318,0.280958,0.042714
90,26,0.636742,0.288862,0.042714
90,27,0.720758,0.316494,0.042714
90,28,0.810939,0.317351,0.042714
90,29,0.899495,0.293647,0.042714
90,30,0.118631,0.380389,0.042714
90,31,0.210642,0.394495,0.042714
90,32,0.293375,0.417907,0.042714
90,33,0.381714,0.415271,0.042714
90,34,0.469243,0.388828,0.042714
90,35,0.554857,0.381095,0.042714
90,36,0.655568,0.400089,0.042714
90,37,0.753918,0.418952,0.042714
90,38,0.840050,0.410701,0.042714
90,39,0.924236,0.385774,0.042714
90,40,0.083889,0.482603,0.042714
90,41,0.175728,0.504396,0.042714
90,42,0.274301,0.519621,0.042714
90,43,0.373977,0.506291,0.042714
90,44,0.456770,0.485235,0.042714
90,45,0.545165,0.481769,0.042714
90,46,0.632267,0.508722,0.042714
90,47,0.719727,0.520650,0.042714
90,48,0.811090,0.502028,0.042714
90,49,0.912090,0.481715,0.042714
90,50,0.119342,0.586675,0.042714
90,51,0.201931,0.610889,0.042714
90,52,0.290418,0.621555,0.042714
90,53,0.379979,0.597027,0.042714
90,54,0.466190,0.580598,0.042714
90,55,0.567237,0.591843,0.042714
90,56,0.660227,0.614448,0.042714
90,57,0.747527,0.618024,0.042714
90,58,0.830796,0.594359,0.042714
90,59,0.919287,0.578429,0.042714
90,60,0.085833,0.695878,0.042714
90,61,0.186047,0.717405,0.042714
90,62,0.284150,0.713768,0.042714
90,63,0.366713,0.691583,0.042714
90,64,0.452492,0.677859,0.042714
90,65,0.541718,0.699884,0.042714
90,66,0.630672,0.720286,0.042714
90,67,0.722773,0.710036,0.042714
90,68,0.823388,0.686412,0.042714
90,69,0.916291,0.682695,0.042714
90,70,0.109272,0.802032,0.042714
90,71,0.195793,0.822013,0.042714
90,72,0.289016,0.806074,0.042714
90,73,0.377677,0.783678,0.042714
90,74,0.478810,0.785100,0.042714
90,75,0.569373,0.806905,0.042714
90,76,0.654772,0.821540,0.042714
90,77,0.741543,0.802790,0.042714
90,78,0.828875,0.780204,0.042714
90,79,0.915029,0.788201,0.042714
90,80,0.097768,0.911980,0.042714
90,81,0.193154,0.918800,0.042714
90,82,0.276965,0.900145,0.042714
90,83,0.360385,0.877837,0.042714
90,84,0.451579,0.890542,0.042714
90,85,0.541482,0.916147,0.042714
90,86,0.634507,0.916193,0.042714
90,87,0.734497,0.893614,0.042714
90,88,0.822142,0.880194,0.042714
90,89,0.910740,0.896092,0.042714
91,0,0.095798,0.095718,0.042933
91,1,0.183312,0.079339,0.042933
91,2,0.275477,0.096983,0.042933
91,3,0.361483,0.117199,0.042933
91,4,0.450927,0.111225,0.042933
91,5,0.550301,0.089881,0.042933
91,6,0.638666,0.082666,0.042933
91,7,0.726547,0.098538,0.042933
91,8,0.812341,0.120385,0.042933
91,9,0.903750,0.108313,0.042933
91,10,0.106598,0.187007,0.042933
91,11,0.205786,0.185016,0.042933
91,12,0.297484,0.203508,0.042933
91,13,0.384170,0.219162,0.042933
91,14,0.472738,0.206513,0.042933
91,15,0.560570,0.183199,0.042933
91,16,0.648250,0.186820,0.042933
91,17,0.743049,0.208503,0.042933
91,18,0.841274,0.217176,0.042933
91,19,0.931892,0.200687,0.042933
91,20,0.085890,0.283994,0.042933
91,21,0.181836,0.288710,0.042933
91,22,0.271774,0.312439,0.042933
91,23,0.362309,0.315901,0.042933
91,24,0.461416,0.296887,0.042933
91,25,0.546120,0.282803,0.042933
91,26,0.636875,0.290610,0.042933
91,27,0.722603,0.315762,0.042933
91,28,0.812973,0.315060,0.042933
91,29,0.899782,0.293213,0.042933
91,30,0.117163,0.382487,0.042933
91,31,0.208156,0.395840,0.042933
91,32,0.293014,0.416796,0.042933
91,33,0.383232,0.413116,0.042933
91,34,0.470667,0.388930,0.042933
91,35,0.556350,0.383313,0.042933
91,36,0.654518,0.401233,0.042933
91,37,0.751968,0.417294,0.042933
91,38,0.838806,0.408725,0.042933
91,39,0.925231,0.386290,0.042933
91,40,0.085777,0.484937,0.042933
91,41,0.177048,0.505079,0.042933
91,42,0.273752,0.517646,0.042933
91,43,0.371324,0.504764,0.042933
91,44,0.455442,0.486185,0.042933
91,45,0.545594,0.483879,0.042933
91,46,0.634303,0.508929,0.042933
91,47,0.721592,0.518499,0.042933
91,48,0.811085,0.500671,0.042933
91,49,0.910446,0.483187,0.042933
91,50,0.117041,0.588668,0.042933
91,51,0.201634,0.610568,0.042933
91,52,0.292263,0.619401,0.042933
91,53,0.381999,0.596101,0.042933
91,54,0.466769,0.582420,0.042933
91,55,0.565952,0.593737,0.042933
91,56,0.657552,0.613527,0.042933
91,57,0.747133,0.615848,0.042933
91,58,0.831943,0.593950,0.042933
91,59,0.921496,0.580458,0.042933
91,60,0.086875,0.697433,0.042933
91,61,0.185223,0.716138,0.042933
91,62,0.281540,0.711732,0.042933
91,63,0.365585,0.691607,0.042933
91,64,0.453187,0.679954,0.042933
91,65,0.543772,0.701006,0.042933
91,66,0.632367,0.718673,0.042933
91,67,0.722476,0.708005,0.042933
91,68,0.821606,0.686986,0.042933
91,69,0.914662,0.685033,0.042933
91,70,0.109046,0.802626,0.042933
91,71,0.197511,0.820123,0.042933
91,72,0.290963,0.804338,0.042933
91,73,0.377930,0.784726,0.042933
91,74,0.477319,0.787395,0.042933
91,75,0.566816,0.806893,0.042933
91,76,0.654508,0.819553,0.042933
91,77,0.743029,0.801468,0.042933
91,78,0.830722,0.781592,0.042933
91,79,0.916138,0.790378,0.042933
91,80,0.096689,0.911654,0.042933
91,81,0.190586,0.916610,0.042933
91,82,0.275979,0.899309,0.042933
91,83,0.361457,0.879472,0.042933
91,84,0.453639,0.892384,0.042933
91,85,0.542952,0.915367,0.042933
91,86,0.633924,0.913863,0.042933
91,87,0.732616,0.893184,0.042933
91,88,0.820346,0.882275,0.042933
91,89,0.911400,0.897664,0.042933
92,0,0.094447,0.096228,0.043152
92,1,0.184412,0.081499,0.043152
92,2,0.277682,0.097850,0.043152
92,3,0.362732,0.115380,0.043152
92,4,0.450158,0.109350,0.043152
92,5,0.548377,0.090725,0.043152
92,6,0.636898,0.084942,0.043152
92,7,0.727132,0.098849,0.043152
92,8,0.814418,0.118406,0.043152
92,9,0.905414,0.106789,0.043152
92,10,0.106361,0.188300,0.043152
92,11,0.204029,0.187239,0.043152
92,12,0.295142,0.203201,0.043152
92,13,0.384406,0.217075,0.043152
92,14,0.474466,0.205474,0.043152
92,15,0.562504,0.184833,0.043152
92,16,0.648717,0.188818,0.043152
92,17,0.741599,0.207898,0.043152
92,18,0.839393,0.214838,0.043152
92,19,0.931309,0.200040,0.043152
92,20,0.086873,0.286017,0.043152
92,21,0.183911,0.290375,0.043152
92,22,0.272743,0.311380,0.043152
92,23,0.361280,0.313613,0.043152
92,24,0.459149,0.296792,0.043152
92,25,0.544838,0.284983,0.043152
92,26,0.637783,0.291815,0.043152
92,27,0.724708,0.314334,0.043152
92,28,0.814488,0.312962,0.043152
92,29,0.899258,0.293571,0.043152
92,30,0.115299,0.384809,0.043152
92,31,0.206145,0.396544,0.043152
92,32,0.293435,0.415079,0.043152
92,33,0.385206,0.411309,0.043152
92,34,0.471319,0.389840,0.043152
92,35,0.557517,0.385558,0.043152
92,36,0.652888,0.401632,0.043152
92,37,0.750185,0.415180,0.043152
92,38,0.838350,0.407242,0.043152
92,39,0.926853,0.387538,0.043152
92,40,0.087618,0.487156,0.043152
92,41,0.177649,0.504976,0.043152
92,42,0.272487,0.515367,0.043152
92,43,0.368726,0.503827,0.043152
92,44,0.454741,0.487786,0.043152
92,45,0.546764,0.485735,0.043152
92,46,0.636476,0.508345,0.043152
92,47,0.722850,0.516202,0.043152
92,48,0.810285,0.500026,0.043152
92,49,0.908517,0.485180,0.043152
92,50,0.115306,0.590250,0.043152
92,51,0.202152,0.609493,0.043152
92,52,0.294444,0.617253,0.043152
92,53,0.382317,0.596151,0.043152
92,54,0.467820,0.584420,0.043152
92,55,0.564180,0.595065,0.043152
92,56,0.655273,0.611938,0.043152
92,57,0.747474,0.613848,0.043152
92,58,0.833651,0.594329,0.043152
92,59,0.923492,0.582721,0.043152
92,60,0.087155,0.698316,0.043152
92,61,0.183749,0.714288,0.043152
92,62,0.279093,0.710027,0.043152
92,63,0.365152,0.692414,0.043152
92,64,0.454574,0.682131,0.043152
92,65,0.545854,0.701385,0.043152
92,66,0.633374,0.716600,0.043152
92,67,0.721419,0.706477,0.043152
92,68,0.819655,0.688283,0.043152
92,69,0.913612,0.687254,0.043152
92,70,0.109650,0.802447,0.043152
92,71,0.199498,0.817916,0.043152
92,72,0.292391,0.803224,0.043152
92,73,0.377373,0.786411,0.043152
92,74,0.475445,0.789408,0.043152
92,75,0.564757,0.806121,0.043152
92,76,0.655016,0.817395,0.043152
92,77,0.744968,0.800853,0.043152
92,78,0.831417,0.783424,0.043152
92,79,0.917274,0.792204,0.043152
92,80,0.095041,0.910574,0.043152
92,81,0.188291,0.914433,0.043152
92,82,0.275752,0.899231,0.043152
92,83,0.363139,0.881518,0.043152
92,84,0.455613,0.893667,0.043152
92,85,0.543671,0.913898,0.043152
92,86,0.632633,0.911733,0.043152
92,87,0.730688,0.893546,0.043152
92,88,0.819260,0.884582,0.043152
92,89,0.912766,0.898561,0.043152
93,0,0.093959,0.097465,0.043371
93,1,0.186090,0.083641,0.043371
93,2,0.278179,0.097649,0.043371
93,3,0.363444,0.113568,0.043371
93,4,0.450006,0.107962,0.043371
93,5,0.546489,0.092247,0.043371
93,6,0.635900,0.087016,0.043371
93,7,0.728429,0.098382,0.043371
93,8,0.816541,0.116194,0.043371
93,9,0.906416,0.105941,0.043371
93,10,0.105356,0.190169,0.043371
93,11,0.202079,0.189093,0.043371
93,12,0.293462,0.202151,0.043371
93,13,0.385400,0.214916,0.043371
93,14,0.476479,0.205173,0.043371
93,15,0.562810,0.186869,0.043371
93,16,0.649482,0.190358,0.043371
93,17,0.739743,0.206576,0.043371
93,18,0.837886,0.212626,0.043371
93,19,0.931537,0.200179,0.043371
93,20,0.088396,0.288330,0.043371
93,21,0.185696,0.291417,0.043371
93,22,0.272902,0.309687,0.043371
93,23,0.359666,0.311616,0.043371
93,24,0.457104,0.297473,0.043371
93,25,0.544325,0.287299,0.043371
93,26,0.639332,0.292320,0.043371
93,27,0.726743,0.312382,0.043371
93,28,0.814121,0.311554,0.043371
93,29,0.899156,0.294425,0.043371
93,30,0.113362,0.387090,0.043371
93,31,0.204853,0.396504,0.043371
93,32,0.294597,0.412970,0.043371
93,33,0.386869,0.410171,0.043371
93,34,0.471537,0.391335,0.043371
93,35,0.558199,0.387583,0.043371
93,36,0.650963,0.401240,0.043371
93,37,0.748881,0.412854,0.043371
93,38,0.838729,0.406431,0.043371
93,39,0.928850,0.389368,0.043371
93,40,0.089084,0.489006,0.043371
93,41,0.177435,0.504100,0.043371
93,42,0.270726,0.513044,0.043371
93,43,0.366502,0.503615,0.043371
93,44,0.454814,0.489845,0.043371
93,45,0.548497,0.487104,0.043371
93,46,0.637384,0.506947,0.043371
93,47,0.723818,0.514213,0.043371
93,48,0.809400,0.500071,0.043371
93,49,0.906638,0.487467,0.043371
93,50,0.114347,0.591223,0.043371
93,51,0.203391,0.607787,0.043371
93,52,0.296643,0.615377,0.043371
93,53,0.381978,0.596979,0.043371
93,54,0.468093,0.586558,0.043371
93,55,0.562230,0.595676,0.043371
93,56,0.653660,0.609850,0.043371
93,57,0.748559,0.612272,0.043371
93,58,0.835637,0.595455,0.043371
93,59,0.924971,0.584950,0.043371
93,60,0.086623,0.698427,0.043371
93,61,0.181883,0.712067,0.043371
93,62,0.277117,0.708871,0.043371
93,63,0.365512,0.693906,0.043371
93,64,0.456436,0.684119,0.043371
93,65,0.547631,0.700975,0.043371
93,66,0.633518,0.714312,0.043371
93,67,0.719824,0.705623,0.043371
93,68,0.817876,0.690154,0.043371
93,69,0.913323,0.689106,0.043371
93,70,0.110938,0.801505,0.043371
93,71,0.201420,0.815656,0.043371
93,72,0.291855,0.803097,0.043371
93,73,0.377328,0.788304,0.043371
93,74,0.473513,0.790909,0.043371
93,75,0.563438,0.804655,0.043371
93,76,0.656254,0.815338,0.043371
93,77,0.746405,0.801143,0.043371
93,78,0.831702,0.785391,0.043371
93,79,0.918070,0.793444,0.043371
93,80,0.093110,0.908865,0.043371
93,81,0.186564,0.912532,0.043371
93,82,0.276331,0.899931,0.043371
93,83,0.365178,0.883716,0.043371
93,84,0.457178,0.894238,0.043371
93,85,0.543551,0.911912,0.043371
93,86,0.630858,0.910048,0.043371
93,87,0.729049,0.894657,0.043371
93,88,0.819013,0.886848,0.043371
93,89,0.914660,0.898683,0.043371
94,0,0.094334,0.099307,0.043590
94,1,0.188070,0.085503,0.043590
94,2,0.277413,0.096522,0.043590
94,3,0.363235,0.111832,0.043590
94,4,0.450295,0.107241,0.043590
94,5,0.544965,0.094275,0.043590
94,6,0.635769,0.088644,0.043590
94,7,0.730227,0.097179,0.043590
94,8,0.818379,0.114018,0.043590
94,9,0.906609,0.105867,0.043590
94,10,0.103756,0.192400,0.043590
94,11,0.200276,0.190366,0.043590
94,12,0.292620,0.200455,0.043590
94,13,0.387026,0.212953,0.043590
94,14,0.477395,0.205866,0.043590
94,15,0.562902,0.188883,0.043590
94,16,0.650051,0.191233,0.043590
94,17,0.737803,0.204685,0.043590
94,18,0.837014,0.210794,0.043590
94,19,0.932534,0.201089,0.043590
94,20,0.090150,0.290672,0.043590
94,21,0.186134,0.291564,0.043590
94,22,0.271809,0.307678,0.043590
94,23,0.358954,0.310169,0.043590
94,24,0.455565,0.298862,0.043590
94,25,0.544653,0.289480,0.043590
94,26,0.641275,0.292054,0.043590
94,27,0.726558,0.310147,0.043590
94,28,0.813731,0.310966,0.043590
94,29,0.899566,0.295707,0.043590
94,30,0.111691,0.389068,0.043590
94,31,0.204418,0.395700,0.043590
94,32,0.296328,0.410728,0.043590
94,33,0.386510,0.410156,0.043590
94,34,0.471974,0.392960,0.043590
94,35,0.559070,0.389123,0.043590
94,36,0.649077,0.400101,0.043590
94,37,0.748281,0.410581,0.043590
94,38,0.839851,0.406388,0.043590
94,39,0.930903,0.391565,0.043590
94,40,0.089914,0.490274,0.043590
94,41,0.176449,0.502552,0.043590
94,42,0.268776,0.510943,0.043590
94,43,0.364925,0.504170,0.043590
94,44,0.455670,0.492115,0.043590
94,45,0.550512,0.487809,0.043590
94,46,0.636648,0.504882,0.043590
94,47,0.723450,0.512968,0.043590
94,48,0.809751,0.500616,0.043590
94,49,0.905135,0.489785,0.043590
94,50,0.114256,0.591458,0.043590
94,51,0.205131,0.605646,0.043590
94,52,0.296405,0.614449,0.043590
94,53,0.382050,0.598176,0.043590
94,54,0.468687,0.588459,0.043590
94,55,0.560440,0.595498,0.043590
94,56,0.652884,0.607490,0.043590
94,57,0.750259,0.611316,0.043590
94,58,0.837569,0.597201,0.043590
94,59,0.925715,0.586884,0.043590
94,60,0.085372,0.697752,0.043590
94,61,0.179948,0.709729,0.043590
94,62,0.275859,0.708416,0.043590
94,63,0.366623,0.695905,0.043590
94,64,0.458465,0.685672,0.043590
94,65,0.546777,0.699507,0.043590
94,66,0.632970,0.712578,0.043590
94,67,0.719851,0.705354,0.043590
94,68,0.816577,0.692386,0.043590
94,69,0.913846,0.690375,0.043590
94,70,0.112648,0.799901,0.043590
94,71,0.202951,0.813609,0.043590
94,72,0.290562,0.803746,0.043590
94,73,0.376717,0.790412,0.043590
94,74,0.471860,0.791726,0.043590
94,75,0.562986,0.802643,0.043590
94,76,0.658042,0.813640,0.043590
94,77,0.746184,0.802472,0.043590
94,78,0.831988,0.787064,0.043590
94,79,0.918893,0.793990,0.043590
94,80,0.091234,0.906721,0.043590
94,81,0.185615,0.911138,0.043590
94,82,0.277621,0.901334,0.043590
94,83,0.367254,0.885795,0.043590
94,84,0.457025,0.893824,0.043590
94,85,0.542716,0.909861,0.043590
94,86,0.629892,0.908984,0.043590
94,87,0.727983,0.896390,0.043590
94,88,0.819598,0.888812,0.043590
94,89,0.916803,0.898018,0.043590
95,0,0.095435,0.101558,0.043810
95,1,0.189242,0.086776,0.043810
95,2,0.276483,0.094733,0.043810
95,3,0.362709,0.110253,0.043810
95,4,0.450279,0.107333,0.043810
95,5,0.544070,0.096575,0.043810
95,6,0.636461,0.089635,0.043810
95,7,0.732223,0.095370,0.043810
95,8,0.819095,0.112182,0.043810
95,9,0.906532,0.106535,0.043810
95,10,0.101840,0.194737,0.043810
95,11,0.198932,0.190911,0.043810
95,12,0.292664,0.198284,0.043810
95,13,0.389041,0.211432,0.043810
95,14,0.476597,0.207562,0.043810
95,15,0.562539,0.190557,0.043810
95,16,0.650150,0.191220,0.043810
95,17,0.737030,0.202571,0.043810
95,18,0.836930,0.209551,0.043810
95,19,0.934129,0.202665,0.043810
95,20,0.091791,0.292777,0.043810
95,21,0.184632,0.290701,0.043810
95,22,0.270959,0.305693,0.043810
95,23,0.358519,0.309418,0.043810
95,24,0.454756,0.300804,0.043810
95,25,0.545731,0.291274,0.043810
95,26,0.640615,0.290469,0.043810
95,27,0.726361,0.308417,0.043810
95,28,0.813927,0.311263,0.043810
95,29,0.900428,0.297313,0.043810
95,30,0.110574,0.390517,0.043810
95,31,0.204838,0.394208,0.043810
95,32,0.298172,0.408617,0.043810
95,33,0.385741,0.410931,0.043810
95,34,0.471861,0.394845,0.043810
95,35,0.559348,0.390027,0.043810
95,36,0.647558,0.398347,0.043810
95,37,0.748490,0.408623,0.043810
95,38,0.841497,0.407123,0.043810
95,39,0.932678,0.393873,0.043810
95,40,0.088889,0.490668,0.043810
95,41,0.175937,0.500655,0.043810
95,42,0.266976,0.509305,0.043810
95,43,0.364172,0.505449,0.043810
95,44,0.457178,0.494328,0.043810
95,45,0.550059,0.487289,0.043810
95,46,0.636282,0.502790,0.043810
95,47,0.723359,0.512471,0.043810
95,48,0.810326,0.501803,0.043810
95,49,0.904271,0.491870,0.043810
95,50,0.114982,0.590916,0.043810
95,51,0.207067,0.603316,0.043810
95,52,0.295311,0.614236,0.043810
95,53,0.381742,0.599865,0.043810
95,54,0.468803,0.589996,0.043810
95,55,0.559121,0.594554,0.043810
95,56,0.652989,0.605121,0.043810
95,57,0.752172,0.611125,0.043810
95,58,0.838996,0.599384,0.043810
95,59,0.925906,0.588259,0.043810
95,60,0.083620,0.696370,0.043810
95,61,0.178280,0.707542,0.043810
95,62,0.275453,0.708733,0.043810
95,63,0.368309,0.698181,0.043810
95,64,0.458981,0.686411,0.043810
95,65,0.545879,0.697516,0.043810
95,66,0.632412,0.711231,0.043810
95,67,0.719868,0.705888,0.043810
95,68,0.815984,0.694723,0.043810
95,69,0.915089,0.690917,0.043810
95,70,0.114454,0.797810,0.043810
95,71,0.202295,0.812174,0.043810
95,72,0.289621,0.805034,0.043810
95,73,0.376325,0.792402,0.043810
95,74,0.470772,0.791765,0.043810
95,75,0.563395,0.800300,0.043810
95,76,0.658747,0.812658,0.043810
95,77,0.745966,0.804472,0.043810
95,78,0.832081,0.788351,0.043810
95,79,0.919534,0.793746,0.043810
95,80,0.089736,0.904389,0.043810
95,81,0.185533,0.910422,0.043810
95,82,0.279402,0.903289,0.043810
95,83,0.368256,0.887450,0.043810
95,84,0.455715,0.892485,0.043810
95,85,0.541942,0.908002,0.043810
95,86,0.629558,0.908673,0.043810
95,87,0.727676,0.898548,0.043810
95,88,0.820871,0.890248,0.043810
95,89,0.918864,0.896644,0.043810
96,0,0.097010,0.103973,0.044029
96,1,0.188072,0.087187,0.044029
96,2,0.275969,0.092445,0.044029
96,3,0.362419,0.109190,0.044029
96,4,0.450472,0.108201,0.044029
96,5,0.543959,0.098884,0.044029
96,6,0.637799,0.089870,0.044029
96,7,0.732875,0.092913,0.044029
96,8,0.819011,0.111188,0.044029
96,9,0.907004,0.107829,0.044029
96,10,0.099942,0.196912,0.044029
96,11,0.198282,0.190668,0.044029
96,12,0.293503,0.195872,0.044029
96,13,0.388126,0.210654,0.044029
96,14,0.476166,0.210154,0.044029
96,15,0.562220,0.191517,0.044029
96,16,0.650265,0.190294,0.044029
96,17,0.737731,0.200483,0.044029
96,18,0.837648,0.209040,0.044029
96,19,0.936042,0.204727,0.044029
96,20,0.093000,0.294408,0.044029
96,21,0.182731,0.289185,0.044029
96,22,0.269582,0.303711,0.044029
96,23,0.358106,0.309437,0.044029
96,24,0.454783,0.303081,0.044029
96,25,0.547347,0.292472,0.044029
96,26,0.639737,0.288244,0.044029
96,27,0.725790,0.306903,0.044029
96,28,0.813686,0.312238,0.044029
96,29,0.900775,0.299222,0.044029
96,30,0.110207,0.391271,0.044029
96,31,0.205977,0.392182,0.044029
96,32,0.297418,0.406810,0.044029
96,33,0.385252,0.412829,0.044029
96,34,0.471770,0.396517,0.044029
96,35,0.559582,0.390056,0.044029
96,36,0.647422,0.396237,0.044029
96,37,0.749471,0.407202,0.044029
96,38,0.843362,0.408558,0.044029
96,39,0.933886,0.396023,0.044029
96,40,0.087205,0.490291,0.044029
96,41,0.174969,0.498480,0.044029
96,42,0.265638,0.508317,0.044029
96,43,0.364294,0.507320,0.044029
96,44,0.459090,0.496224,0.044029
96,45,0.548914,0.485950,0.044029
96,46,0.635728,0.500674,0.044029
96,47,0.722974,0.512599,0.044029
96,48,0.810597,0.503559,0.044029
96,49,0.904195,0.493483,0.044029
96,50,0.116344,0.589648,0.044029
96,51,0.207454,0.600864,0.044029
96,52,0.294351,0.615044,0.044029
96,53,0.381404,0.601817,0.044029
96,54,0.468789,0.590957,0.044029
96,55,0.558503,0.592950,0.044029
96,56,0.653878,0.603005,0.044029
96,57,0.752405,0.611941,0.044029
96,58,0.839863,0.601728,0.044029
96,59,0.926955,0.588729,0.044029
96,60,0.081670,0.694437,0.044029
96,61,0.177170,0.705756,0.044029
96,62,0.275900,0.709798,0.044029
96,63,0.370290,0.700468,0.044029
96,64,0.457639,0.686222,0.044029
96,65,0.545230,0.695242,0.044029
96,66,0.631965,0.710446,0.044029
96,67,0.720017,0.707149,0.044029
96,68,0.816201,0.696897,0.044029
96,69,0.916838,0.690669,0.044029
96,70,0.114645,0.795226,0.044029
96,71,0.201138,0.811698,0.044029
96,72,0.289058,0.806862,0.044029
96,73,0.376179,0.794059,0.044029
96,74,0.470438,0.791023,0.044029
96,75,0.564522,0.797878,0.044029
96,76,0.657981,0.812523,0.044029
96,77,0.745851,0.806940,0.044029
96,78,0.832070,0.789069,0.044029
96,79,0.920051,0.792747,0.044029
96,80,0.088879,0.902134,0.044029
96,81,0.186267,0.910476,0.044029
96,82,0.280758,0.905696,0.044029
96,83,0.367055,0.888280,0.044029
96,84,0.455070,0.890479,0.044029
96,85,0.541647,0.906513,0.044029
96,86,0.629664,0.909160,0.044029
96,87,0.728180,0.900883,0.044029
96,88,0.822574,0.890990,0.044029
96,89,0.920522,0.894719,0.044029
97,0,0.098732,0.106289,0.044248
97,1,0.186649,0.086877,0.044248
97,2,0.275092,0.089931,0.044248
97,3,0.361605,0.108560,0.044248
97,4,0.450686,0.109744,0.044248
97,5,0.544652,0.100938,0.044248
97,6,0.639503,0.089320,0.044248
97,7,0.732564,0.090183,0.044248
97,8,0.818577,0.110986,0.044248
97,9,0.907062,0.109676,0.044248
97,10,0.098390,0.198678,0.044248
97,11,0.198437,0.189662,0.044248
97,12,0.294919,0.193478,0.044248
97,13,0.387143,0.210590,0.044248
97,14,0.475601,0.213018,0.044248
97,15,0.561590,0.192107,0.044248
97,16,0.650035,0.188749,0.044248
97,17,0.738479,0.198479,0.044248
97,18,0.839043,0.209320,0.044248
97,19,0.937943,0.207039,0.044248
97,20,0.092827,0.295438,0.044248
97,21,0.180921,0.287040,0.044248
97,22,0.268135,0.302040,0.044248
97,23,0.358151,0.310232,0.044248
97,24,0.455609,0.305437,0.044248
97,25,0.549194,0.292937,0.044248
97,26,0.638633,0.285617,0.044248
97,27,0.724793,0.305807,0.044248
97,28,0.812923,0.313840,0.044248
97,29,0.901038,0.301140,0.044248
97,30,0.110652,0.391243,0.044248
97,31,0.207582,0.389841,0.044248
97,32,0.296485,0.405576,0.044248
97,33,0.384445,0.415262,0.044248
97,34,0.471246,0.398023,0.044248
97,35,0.559368,0.389348,0.044248
97,36,0.647977,0.393954,0.044248
97,37,0.751055,0.406482,0.044248
97,38,0.845104,0.410530,0.044248
97,39,0.934334,0.397765,0.044248
97,40,0.085000,0.489174,0.044248
97,41,0.173871,0.496287,0.044248
97,42,0.264995,0.508092,0.044248
97,43,0.365198,0.509582,0.044248
97,44,0.460381,0.497683,0.044248
97,45,0.547770,0.483821,0.044248
97,46,0.634985,0.498771,0.044248
97,47,0.722261,0.513411,0.044248
97,48,0.810989,0.505626,0.044248
97,49,0.904920,0.494439,0.044248
97,50,0.118058,0.587789,0.044248
97,51,0.206732,0.598640,0.044248
97,52,0.293365,0.616687,0.044248
97,53,0.380922,0.603836,0.044248
97,54,0.468689,0.591238,0.044248
97,55,0.558694,0.590871,0.044248
97,56,0.655330,0.601378,0.044248
97,57,0.752204,0.613489,0.044248
97,58,0.840182,0.603975,0.044248
97,59,0.927300,0.588422,0.044248
97,60,0.079863,0.692176,0.044248
97,61,0.176810,0.704576,0.044248
97,62,0.277061,0.711502,0.044248
97,63,0.370143,0.702866,0.044248
97,64,0.456770,0.684822,0.044248
97,65,0.544894,0.692878,0.044248
97,66,0.631652,0.710323,0.044248
97,67,0.720423,0.708980,0.044248
97,68,0.817190,0.698659,0.044248
97,69,0.918786,0.689659,0.044248
97,70,0.113670,0.792531,0.044248
97,71,0.199979,0.812074,0.044248
97,72,0.288422,0.809052,0.044248
97,73,0.376076,0.795236,0.044248
97,74,0.470917,0.789583,0.044248
97,75,0.566107,0.795644,0.044248
97,76,0.656998,0.813127,0.044248
97,77,0.745419,0.809576,0.044248
97,78,0.831560,0.789299,0.044248
97,79,0.920132,0.791098,0.044248
97,80,0.088811,0.900217,0.044248
97,81,0.187635,0.911301,0.044248
97,82,0.280141,0.908551,0.044248
97,83,0.366217,0.888023,0.044248
97,84,0.454710,0.888039,0.044248
97,85,0.541474,0.905458,0.044248
97,86,0.630104,0.910380,0.044248
97,87,0.729410,0.903127,0.044248
97,88,0.824381,0.890951,0.044248
97,89,0.921519,0.892464,0.044248
98,0,0.099336,0.108476,0.044467
98,1,0.185272,0.085597,0.044467
98,2,0.274187,0.087419,0.044467
98,3,0.360588,0.108558,0.044467
98,4,0.451436,0.111767,0.044467
98,5,0.546028,0.102501,0.044467
98,6,0.641235,0.088043,0.044467
98,7,0.731881,0.087619,0.044467
98,8,0.817554,0.111475,0.044467
98,9,0.906514,0.111864,0.044467
98,10,0.097455,0.199830,0.044467
98,11,0.199373,0.188010,0.044467
98,12,0.296605,0.191364,0.044467
98,13,0.385895,0.211277,0.044467
98,14,0.474708,0.215900,0.044467
98,15,0.560413,0.192158,0.044467
98,16,0.649845,0.186691,0.044467
98,17,0.739867,0.196871,0.044467
98,18,0.840872,0.210357,0.044467
98,19,0.939501,0.209336,0.044467
98,20,0.091155,0.295761,0.044467
98,21,0.179367,0.284460,0.044467
98,22,0.266976,0.300909,0.044467
98,23,0.358836,0.311716,0.044467
98,24,0.457064,0.307604,0.044467
98,25,0.549517,0.292751,0.044467
98,26,0.637851,0.282518,0.044467
98,27,0.723769,0.305461,0.044467
98,28,0.812076,0.315997,0.044467
98,29,0.901750,0.302761,0.044467
98,30,0.111833,0.390437,0.044467
98,31,0.208487,0.387277,0.044467
98,32,0.295588,0.405167,0.044467
98,33,0.383566,0.418125,0.044467
98,34,0.470443,0.399111,0.044467
98,35,0.559351,0.387954,0.044467
98,36,0.649183,0.391761,0.044467
98,37,0.752965,0.406545,0.044467
98,38,0.846268,0.412839,0.044467
98,39,0.934098,0.398876,0.044467
98,40,0.082484,0.487426,0.044467
98,41,0.173004,0.494346,0.044467
98,42,0.265159,0.508657,0.044467
98,43,0.366669,0.511987,0.044467
98,44,0.459856,0.498688,0.044467
98,45,0.546980,0.480854,0.044467
98,46,0.634365,0.497379,0.044467
98,47,0.721568,0.514920,0.044467
98,48,0.811901,0.507714,0.044467
98,49,0.906320,0.494628,0.044467
98,50,0.118174,0.585343,0.044467
98,51,0.206330,0.596998,0.044467
98,52,0.292459,0.619139,0.044467
98,53,0.380369,0.605684,0.044467
98,54,0.468942,0.590765,0.044467
98,55,0.559659,0.588554,0.044467
98,56,0.657035,0.600421,0.044467
98,57,0.751550,0.615601,0.044467
98,58,0.839946,0.605847,0.044467
98,59,0.926942,0.587385,0.044467
98,60,0.078511,0.689846,0.044467
98,61,0.177264,0.704137,0.044467
98,62,0.278682,0.713662,0.044467
98,63,0.369529,0.704817,0.044467
98,64,0.455671,0.682723,0.044467
98,65,0.544248,0.690675,0.044467
98,66,0.631068,0.710843,0.044467
98,67,0.721424,0.711147,0.044467
98,68,0.818778,0.699808,0.044467
98,69,0.920597,0.688005,0.044467
98,70,0.112399,0.790185,0.044467
98,71,0.198325,0.813116,0.044467
98,72,0.287403,0.811401,0.044467
98,73,0.376445,0.795745,0.044467
98,74,0.472126,0.787612,0.044467
98,75,0.567823,0.793843,0.044467
98,76,0.655682,0.814437,0.044467
98,77,0.744584,0.812095,0.044467
98,78,0.830474,0.788928,0.044467
98,79,0.920429,0.789030,0.044467
98,80,0.089543,0.898855,0.044467
98,81,0.189351,0.912810,0.044467
98,82,0.279381,0.911168,0.044467
98,83,0.364984,0.887068,0.044467
98,84,0.453903,0.885469,0.044467
98,85,0.541127,0.904926,0.044467
98,86,0.631146,0.912193,0.044467
98,87,0.731150,0.905024,0.044467
98,88,0.825950,0.890135,0.044467
98,89,0.921709,0.890140,0.044467
99,0,0.098635,0.110305,0.044686
99,1,0.183873,0.083447,0.044686
99,2,0.273228,0.085137,0.044686
99,3,0.359885,0.109281,0.044686
99,4,0.452826,0.114028,0.044686
99,5,0.547815,0.103144,0.044686
99,6,0.641838,0.086191,0.044686
99,7,0.731203,0.085377,0.044686
99,8,0.816279,0.112751,0.044686
99,9,0.905894,0.114124,0.044686
99,10,0.097299,0.200239,0.044686
99,11,0.200924,0.185901,0.044686
99,12,0.297979,0.189699,0.044686
99,13,0.384332,0.212717,0.044686
99,14,0.473512,0.218560,0.044686
99,15,0.558982,0.191815,0.044686
99,16,0.650161,0.184338,0.044686
99,17,0.741851,0.195864,0.044686
99,18,0.842819,0.212034,0.044686
99,19,0.940444,0.211355,0.044686
99,20,0.089057,0.295262,0.044686
99,21,0.177465,0.281813,0.044686
99,22,0.266235,0.300448,0.044686
99,23,0.360206,0.313721,0.044686
99,24,0.458872,0.309338,0.044686
99,25,0.548708,0.291893,0.044686
99,26,0.637203,0.279417,0.044686
99,27,0.722573,0.305861,0.044686
99,28,0.811233,0.318469,0.044686
99,29,0.903062,0.303859,0.044686
99,30,0.113545,0.388946,0.044686
99,31,0.207953,0.384663,0.044686
99,32,0.294807,0.405708,0.044686
99,33,0.382823,0.421216,0.044686
99,34,0.469565,0.399601,0.044686
99,35,0.559907,0.385996,0.044686
99,36,0.650994,0.389917,0.044686
99,37,0.754870,0.407384,0.044686
99,38,0.845989,0.415326,0.044686
99,39,0.933880,0.399123,0.044686
99,40,0.079959,0.485236,0.044686
99,41,0.172656,0.492891,0.044686
99,42,0.266101,0.509946,0.044686
99,43,0.368399,0.514270,0.044686
99,44,0.459026,0.498897,0.044686
99,45,0.545854,0.477730,0.044686
99,46,0.633221,0.496552,0.044686
99,47,0.720968,0.516965,0.044686
99,48,0.813434,0.509554,0.044686
99,49,0.908153,0.494029,0.044686
99,50,0.117477,0.582691,0.044686
99,51,0.205826,0.596148,0.044686
99,52,0.291377,0.621998,0.044686
99,53,0.379642,0.607176,0.044686
99,54,0.469806,0.589560,0.044686
99,55,0.561232,0.586264,0.044686
99,56,0.658650,0.600238,0.044686
99,57,0.750445,0.618053,0.044686
99,58,0.839145,0.607120,0.044686
99,59,0.926153,0.585738,0.044686
99,60,0.077851,0.687712,0.044686
99,61,0.178451,0.704489,0.044686
99,62,0.279983,0.716088,0.044686
99,63,0.368779,0.706088,0.044686
99,64,0.454272,0.680068,0.044686
99,65,0.543213,0.688829,0.044686
99,66,0.630823,0.712063,0.044686
99,67,0.723065,0.713387,0.044686
99,68,0.820616,0.699573,0.044686
99,69,0.921956,0.685894,0.044686
99,70,0.110686,0.788418,0.044686
99,71,0.196177,0.814779,0.044686
99,72,0.286585,0.813636,0.044686
99,73,0.377472,0.795495,0.044686
99,74,0.473853,0.785334,0.044686
99,75,0.568350,0.792418,0.044686
99,76,0.654381,0.816611,0.044686
99,77,0.743722,0.814269,0.044686
99,78,0.829375,0.788514,0.044686
99,79,0.921262,0.786801,0.044686
99,80,0.090949,0.898205,0.044686
99,81,0.189592,0.914861,0.044686
99,82,0.278943,0.913512,0.044686
99,83,0.363709,0.885209,0.044686
99,84,0.453052,0.882955,0.044686
99,85,0.541231,0.905106,0.044686
99,86,0.632837,0.914390,0.044686
99,87,0.733098,0.906357,0.044686
99,88,0.826988,0.888635,0.044686
99,89,0.921081,0.888013,0.044686
100,0,0.097432,0.110712,0.044905
100,1,0.182133,0.080852,0.044905
100,2,0.271929,0.083314,0.044905
100,3,0.359757,0.110700,0.044905
100,4,0.454812,0.116260,0.044905
100,5,0.549623,0.102181,0.044905
100,6,0.640871,0.083974,0.044905
100,7,0.730680,0.083672,0.044905
100,8,0.814952,0.114723,0.044905
100,9,0.905634,0.116187,0.044905
100,10,0.097944,0.200520,0.044905
100,11,0.202823,0.183576,0.044905
100,12,0.297347,0.188285,0.044905
100,13,0.383056,0.215100,0.044905
100,14,0.472682,0.220843,0.044905
100,15,0.557920,0.191607,0.044905
100,16,0.651132,0.181949,0.044905
100,17,0.744251,0.195588,0.044905
100,18,0.844543,0.214158,0.044905
100,19,0.940609,0.212864,0.044905
100,20,0.086535,0.294027,0.044905
100,21,0.175646,0.279339,0.044905
100,22,0.266167,0.300745,0.044905
100,23,0.362159,0.316021,0.044905
100,24,0.460130,0.310297,0.044905
100,25,0.547678,0.290317,0.044905
100,26,0.636446,0.276708,0.044905
100,27,0.721021,0.306922,0.044905
100,28,0.810848,0.321028,0.044905
100,29,0.904982,0.304276,0.044905
100,30,0.115489,0.386939,0.044905
100,31,0.207128,0.382522,0.044905
100,32,0.293530,0.407014,0.044905
100,33,0.381697,0.424113,0.044905
100,34,0.468852,0.399682,0.044905
100,35,0.561133,0.383680,0.044905
100,36,0.653183,0.388641,0.044905
100,37,0.755989,0.408859,0.044905
100,38,0.845363,0.417658,0.044905
100,39,0.933120,0.398569,0.044905
100,40,0.077749,0.482842,0.044905
100,41,0.173001,0.492100,0.044905
100,42,0.267658,0.511811,0.044905
100,43,0.369817,0.516222,0.044905
100,44,0.457814,0.498293,0.044905
100,45,0.544462,0.474671,0.044905
100,46,0.631779,0.496394,0.044905
100,47,0.720939,0.519402,0.044905
100,48,0.815541,0.510911,0.044905
100,49,0.910098,0.492710,0.044905
100,50,0.116437,0.580193,0.044905
100,51,0.204813,0.596168,0.044905
100,52,0.289876,0.624979,0.044905
100,53,0.379245,0.608082,0.044905
100,54,0.471329,0.587743,0.044905
100,55,0.563138,0.584265,0.044905
100,56,0.659851,0.600846,0.044905
100,57,0.748848,0.620590,0.044905
100,58,0.837732,0.607694,0.044905
100,59,0.925532,0.583601,0.044905
100,60,0.077996,0.686021,0.044905
100,61,0.180166,0.705592,0.044905
100,62,0.279317,0.718670,0.044905
100,63,0.368193,0.705810,0.044905
100,64,0.453185,0.676807,0.044905
100,65,0.542347,0.687572,0.044905
100,66,0.631187,0.713907,0.044905
100,67,0.725247,0.715431,0.044905
100,68,0.822409,0.698202,0.044905
100,69,0.922625,0.683568,0.044905
100,70,0.108440,0.787365,0.044905
100,71,0.193953,0.816960,0.044905
100,72,0.286280,0.815501,0.044905
100,73,0.379316,0.794918,0.044905
100,74,0.475800,0.783010,0.044905
100,75,0.567642,0.791546,0.044905
100,76,0.653019,0.819409,0.044905
100,77,0.742759,0.815900,0.044905
100,78,0.828667,0.787793,0.044905
100,79,0.922728,0.784680,0.044905
100,80,0.092784,0.898341,0.044905
100,81,0.188718,0.917215,0.044905
100,82,0.278499,0.915259,0.044905
100,83,0.362357,0.883108,0.044905
100,84,0.452143,0.880769,0.044905
100,85,0.541971,0.906023,0.044905
100,86,0.635027,0.916720,0.044905
100,87,0.734916,0.906973,0.044905
100,88,0.827293,0.886622,0.044905
100,89,0.919763,0.886327,0.044905
101,0,0.095673,0.110072,0.045124
101,1,0.180052,0.078060,0.045124
101,2,0.270786,0.082143,0.045124
101,3,0.360343,0.112697,0.045124
101,4,0.457220,0.118199,0.045124
101,5,0.551194,0.100598,0.045124
101,6,0.639417,0.081623,0.045124
101,7,0.729657,0.082794,0.045124
101,8,0.813498,0.117088,0.045124
101,9,0.905968,0.117808,0.045124
101,10,0.099287,0.200247,0.045124
101,11,0.204739,0.181301,0.045124
101,12,0.296303,0.187703,0.045124
101,13,0.381382,0.217808,0.045124
101,14,0.471566,0.221244,0.045124
101,15,0.557383,0.190633,0.045124
101,16,0.652759,0.179790,0.045124
101,17,0.746791,0.196089,0.045124
101,18,0.845746,0.216487,0.045124
101,19,0.939967,0.213692,0.045124
101,20,0.083806,0.292210,0.045124
101,21,0.174252,0.277281,0.045124
101,22,0.266857,0.301788,0.045124
101,23,0.364476,0.318353,0.045124
101,24,0.459357,0.310662,0.045124
101,25,0.546728,0.288078,0.045124
101,26,0.635947,0.274487,0.045124
101,27,0.719635,0.308637,0.045124
101,28,0.811157,0.323418,0.045124
101,29,0.907374,0.303936,0.045124
101,30,0.116226,0.384696,0.045124
101,31,0.206378,0.380836,0.045124
101,32,0.292085,0.409078,0.045124
101,33,0.380605,0.426655,0.045124
101,34,0.468858,0.400408,0.045124
101,35,0.562980,0.381259,0.045124
101,36,0.655442,0.388081,0.045124
101,37,0.755199,0.410713,0.045124
101,38,0.844994,0.419730,0.045124
101,39,0.932385,0.397204,0.045124
101,40,0.076140,0.480510,0.045124
101,41,0.174079,0.492073,0.045124
101,42,0.269558,0.514040,0.045124
101,43,0.369121,0.517939,0.045124
101,44,0.456860,0.496829,0.045124
101,45,0.543536,0.471690,0.045124
101,46,0.630597,0.496993,0.045124
101,47,0.721617,0.521996,0.045124
101,48,0.818045,0.511608,0.045124
101,49,0.911819,0.490823,0.045124
101,50,0.115015,0.578128,0.045124
101,51,0.203264,0.597017,0.045124
101,52,0.288248,0.627835,0.045124
101,53,0.379472,0.608263,0.045124
101,54,0.473419,0.585545,0.045124
101,55,0.565047,0.582784,0.045124
101,56,0.659657,0.602000,0.045124
101,57,0.747394,0.623141,0.045124
101,58,0.836229,0.607076,0.045124
101,59,0.925387,0.581198,0.045124
101,60,0.078922,0.684964,0.045124
101,61,0.182111,0.707319,0.045124
101,62,0.278342,0.720941,0.045124
101,63,0.367055,0.704387,0.045124
101,64,0.451897,0.673621,0.045124
101,65,0.541505,0.687001,0.045124
101,66,0.632250,0.716208,0.045124
101,67,0.727750,0.717034,0.045124
101,68,0.823815,0.696462,0.045124
101,69,0.922489,0.681294,0.045124
101,70,0.105822,0.787116,0.045124
101,71,0.192003,0.819456,0.045124
101,72,0.286665,0.816784,0.045124
101,73,0.381796,0.793423,0.045124
101,74,0.477100,0.780847,0.045124
101,75,0.566706,0.791485,0.045124
101,76,0.651479,0.822425,0.045124
101,77,0.741550,0.816768,0.045124
101,78,0.828554,0.786585,0.045124
101,79,0.924779,0.782925,0.045124
101,80,0.094730,0.899248,0.045124
101,81,0.187360,0.919602,0.045124
101,82,0.277541,0.916159,0.045124
101,83,0.360737,0.881186,0.045124
101,84,0.451537,0.879133,0.045124
101,85,0.543387,0.907613,0.045124
101,86,0.637456,0.918914,0.045124
101,87,0.736283,0.906862,0.045124
101,88,0.826798,0.884325,0.045124
101,89,0.918000,0.885276,0.045124
102,0,0.093467,0.108782,0.045343
102,1,0.177772,0.075353,0.045343
102,2,0.270173,0.081744,0.045343
102,3,0.361642,0.115081,0.045343
102,4,0.459774,0.119618,0.045343
102,5,0.550102,0.098805,0.045343
102,6,0.638580,0.078931,0.045343
102,7,0.729185,0.082768,0.045343
102,8,0.812405,0.119678,0.045343
102,9,0.906997,0.118795,0.045343
102,10,0.101092,0.199146,0.045343
102,11,0.205104,0.179233,0.045343
102,12,0.295371,0.187854,0.045343
102,13,0.379863,0.220789,0.045343
102,14,0.470549,0.220650,0.045343
102,15,0.557561,0.189183,0.045343
102,16,0.654907,0.178098,0.045343
102,17,0.749147,0.197321,0.045343
102,18,0.846219,0.218753,0.045343
102,19,0.938630,0.213743,0.045343
102,20,0.081180,0.290030,0.045343
102,21,0.173529,0.275843,0.045343
102,22,0.268248,0.303479,0.045343
102,23,0.366853,0.320453,0.045343
102,24,0.458073,0.310474,0.045343
102,25,0.545279,0.285605,0.045343
102,26,0.635096,0.273083,0.045343
102,27,0.718662,0.310838,0.045343
102,28,0.812201,0.325393,0.045343
102,29,0.909994,0.302853,0.045343
102,30,0.115220,0.382484,0.045343
102,31,0.205860,0.379724,0.045343
102,32,0.290713,0.411712,0.045343
102,33,0.379822,0.428546,0.045343
102,34,0.469587,0.400426,0.045343
102,35,0.565267,0.378998,0.045343
102,36,0.657441,0.388306,0.045343
102,37,0.753842,0.412863,0.045343
102,38,0.844157,0.421062,0.045343
102,39,0.931386,0.395299,0.045343
102,40,0.075326,0.478498,0.045343
102,41,0.175787,0.492822,0.045343
102,42,0.271472,0.516377,0.045343
102,43,0.367817,0.518428,0.045343
102,44,0.455361,0.494777,0.045343
102,45,0.542390,0.469284,0.045343
102,46,0.629963,0.498310,0.045343
102,47,0.722995,0.524488,0.045343
102,48,0.820670,0.511548,0.045343
102,49,0.913016,0.488584,0.045343
102,50,0.113144,0.576709,0.045343
102,51,0.201253,0.598522,0.045343
102,52,0.287012,0.630378,0.045343
102,53,0.380483,0.608225,0.045343
102,54,0.475858,0.583205,0.045343
102,55,0.566626,0.581991,0.045343
102,56,0.658093,0.603578,0.045343
102,57,0.746108,0.625422,0.045343
102,58,0.835060,0.604727,0.045343
102,59,0.925901,0.578789,0.045343
102,60,0.080467,0.684663,0.045343
102,61,0.183948,0.709473,0.045343
102,62,0.277003,0.722645,0.045343
102,63,0.365429,0.702531,0.045343
102,64,0.450367,0.670761,0.045343
102,65,0.541256,0.687216,0.045343
102,66,0.633958,0.718741,0.045343
102,67,0.730273,0.718005,0.045343
102,68,0.824467,0.694790,0.045343
102,69,0.921571,0.679332,0.045343
102,70,0.103105,0.787676,0.045343
102,71,0.190617,0.822021,0.045343
102,72,0.287778,0.817339,0.045343
102,73,0.384408,0.791406,0.045343
102,74,0.476335,0.778949,0.045343
102,75,0.566052,0.792140,0.045343
102,76,0.650347,0.825580,0.045343
102,77,0.740599,0.816107,0.045343
102,78,0.829184,0.785353,0.045343
102,79,0.927233,0.781747,0.045343
102,80,0.096447,0.900822,0.045343
102,81,0.185637,0.921749,0.045343
102,82,0.276146,0.916084,0.045343
102,83,0.358974,0.878940,0.045343
102,84,0.451589,0.878208,0.045343
102,85,0.545380,0.909726,0.045343
102,86,0.639808,0.920719,0.045343
102,87,0.736925,0.906718,0.045343
102,88,0.825525,0.882006,0.045343
102,89,0.916162,0.884982,0.045343
103,0,0.090915,0.106965,0.045562
103,1,0.175692,0.072963,0.045562
103,2,0.270273,0.082149,0.045562
103,3,0.363513,0.117613,0.045562
103,4,0.461031,0.120640,0.045562
103,5,0.548897,0.096549,0.045562
103,6,0.637780,0.076493,0.045562
103,7,0.728629,0.083563,0.045562
103,8,0.811929,0.122236,0.045562
103,9,0.908677,0.119029,0.045562
103,10,0.103038,0.197432,0.045562
103,11,0.203981,0.177614,0.045562
103,12,0.294422,0.188720,0.045562
103,13,0.378569,0.223689,0.045562
103,14,0.469863,0.219431,0.045562
103,15,0.558484,0.187259,0.045562
103,16,0.657326,0.177061,0.045562
103,17,0.751013,0.199153,0.045562
103,18,0.845879,0.220698,0.045562
103,19,0.936831,0.213012,0.045562
103,20,0.078972,0.287744,0.045562
103,21,0.173605,0.275164,0.045562
103,22,0.270152,0.305639,0.045562
103,23,0.366844,0.322339,0.045562
103,24,0.457067,0.309652,0.045562
103,25,0.544159,0.282873,0.045562
103,26,0.634689,0.272487,0.045562
103,27,0.718383,0.313338,0.045562
103,28,0.813881,0.326748,0.045562
103,29,0.912531,0.301131,0.045562
103,30,0.113814,0.380496,0.045562
103,31,0.204933,0.379597,0.045562
103,32,0.289137,0.414429,0.045562
103,33,0.379484,0.428213,0.045562
103,34,0.471019,0.399702,0.045562
103,35,0.567716,0.377146,0.045562
103,36,0.658885,0.389293,0.045562
103,37,0.751939,0.415051,0.045562
103,38,0.842828,0.421583,0.045562
103,39,0.930680,0.393000,0.045562
103,40,0.075378,0.477029,0.045562
103,41,0.177898,0.494268,0.045562
103,42,0.273067,0.518555,0.045562
103,43,0.365921,0.518312,0.045562
103,44,0.453358,0.492494,0.045562
103,45,0.541069,0.467718,0.045562
103,46,0.630054,0.500213,0.045562
103,47,0.724930,0.526624,0.045562
103,48,0.823097,0.510721,0.045562
103,49,0.913481,0.486248,0.045562
103,50,0.110776,0.576049,0.045562
103,51,0.199226,0.600520,0.045562
103,52,0.286425,0.632383,0.045562
103,53,0.381756,0.608046,0.045562
103,54,0.477162,0.580910,0.045562
103,55,0.568261,0.581837,0.045562
103,56,0.656215,0.605620,0.045562
103,57,0.744771,0.627099,0.045562
103,58,0.834305,0.602111,0.045562
103,59,0.927121,0.576637,0.045562
103,60,0.082364,0.685153,0.045562
103,61,0.185098,0.711773,0.045562
103,62,0.275442,0.723646,0.045562
103,63,0.363482,0.700143,0.045562
103,64,0.449517,0.668972,0.045562
103,65,0.541742,0.688194,0.045562
103,66,0.636125,0.721250,0.045562
103,67,0.732494,0.718225,0.045562
103,68,0.824421,0.692700,0.045562
103,69,0.920032,0.677907,0.045562
103,70,0.100607,0.788960,0.045562
103,71,0.189997,0.824391,0.045562
103,72,0.289305,0.816922,0.045562
103,73,0.385369,0.789329,0.045562
103,74,0.475686,0.777343,0.045562
103,75,0.565360,0.793488,0.045562
103,76,0.649509,0.828452,0.045562
103,77,0.740058,0.814798,0.045562
103,78,0.830512,0.783682,0.045562
103,79,0.929813,0.781290,0.045562
103,80,0.095844,0.902456,0.045562
103,81,0.184405,0.923904,0.045562
103,82,0.275110,0.915173,0.045562
103,83,0.357892,0.876917,0.045562
103,84,0.452384,0.878083,0.045562
103,85,0.547726,0.912151,0.045562
103,86,0.641761,0.921929,0.045562
103,87,0.736478,0.905862,0.045562
103,88,0.823804,0.879836,0.045562
103,89,0.914753,0.885486,0.045562
104,0,0.088227,0.104704,0.045781
104,1,0.174162,0.071098,0.045781
104,2,0.271134,0.083302,0.045781
104,3,0.365704,0.120029,0.045781
104,4,0.460420,0.121265,0.045781
104,5,0.547773,0.093837,0.045781
104,6,0.637278,0.074540,0.045781
104,7,0.728238,0.085048,0.045781
104,8,0.812209,0.124505,0.045781
104,9,0.910831,0.118478,0.045781
104,10,0.104791,0.195479,0.045781
104,11,0.202382,0.176711,0.045781
104,12,0.292937,0.190244,0.045781
104,13,0.377207,0.226050,0.045781
104,14,0.469783,0.217740,0.045781
104,15,0.560058,0.185235,0.045781
104,16,0.659702,0.176793,0.045781
104,17,0.752151,0.201383,0.045781
104,18,0.844389,0.222133,0.045781
104,19,0.935505,0.210695,0.045781
104,20,0.077445,0.285622,0.045781
104,21,0.174468,0.275299,0.045781
104,22,0.272283,0.308036,0.045781
104,23,0.365679,0.323659,0.045781
104,24,0.455931,0.308251,0.045781
104,25,0.543150,0.280387,0.045781
104,26,0.634402,0.272771,0.045781
104,27,0.718886,0.315885,0.045781
104,28,0.815975,0.327348,0.045781
104,29,0.914440,0.299801,0.045781
104,30,0.111984,0.378969,0.045781
104,31,0.203535,0.380368,0.045781
104,32,0.287544,0.416939,0.045781
104,33,0.379861,0.426968,0.045781
104,34,0.472974,0.398263,0.045781
104,35,0.569635,0.375849,0.045781
104,36,0.659936,0.390989,0.045781
104,37,0.749646,0.417013,0.045781
104,38,0.841676,0.419333,0.045781
104,39,0.930537,0.390552,0.045781
104,40,0.076227,0.476266,0.045781
104,41,0.180107,0.496250,0.045781
104,42,0.272688,0.520350,0.045781
104,43,0.364185,0.517178,0.045781
104,44,0.451632,0.490056,0.045781
104,45,0.540241,0.466990,0.045781
104,46,0.630912,0.502504,0.045781
104,47,0.727165,0.528187,0.045781
104,48,0.824393,0.509238,0.045781
104,49,0.913133,0.484084,0.045781
104,50,0.108100,0.576201,0.045781
104,51,0.197531,0.602779,0.045781
104,52,0.286631,0.633585,0.045781
104,53,0.382658,0.606857,0.045781
104,54,0.476383,0.578928,0.045781
104,55,0.567891,0.581663,0.045781
104,56,0.655492,0.608276,0.045781
104,57,0.745004,0.627541,0.045781
104,58,0.834527,0.600228,0.045781
104,59,0.928950,0.574977,0.045781
104,60,0.084281,0.686377,0.045781
104,61,0.183657,0.713734,0.045781
104,62,0.274601,0.724353,0.045781
104,63,0.362081,0.697312,0.045781
104,64,0.450176,0.668710,0.045781
104,65,0.542956,0.689825,0.045781
104,66,0.638470,0.723476,0.045781
104,67,0.734023,0.718442,0.045781
104,68,0.823490,0.691118,0.045781
104,69,0.918138,0.677182,0.045781
104,70,0.098631,0.790806,0.045781
104,71,0.190215,0.826324,0.045781
104,72,0.290179,0.814825,0.045781
104,73,0.384339,0.787459,0.045781
104,74,0.475188,0.776153,0.045781
104,75,0.564711,0.795335,0.045781
104,76,0.649122,0.830810,0.045781
104,77,0.740226,0.812977,0.045781
104,78,0.832418,0.782243,0.045781
104,79,0.932198,0.781615,0.045781
104,80,0.094132,0.904252,0.045781
104,81,0.183200,0.925478,0.045781
104,82,0.273999,0.913591,0.045781
104,83,0.358463,0.876163,0.045781
104,84,0.453864,0.878755,0.045781
104,85,0.550123,0.914632,0.045781
104,86,0.643051,0.922404,0.045781
104,87,0.734770,0.904473,0.045781
104,88,0.822423,0.878006,0.045781
104,89,0.913773,0.886721,0.045781
105,0,0.085720,0.102230,0.046000
105,1,0.173393,0.069935,0.046000
105,2,0.272662,0.085060,0.046000
105,3,0.367483,0.122081,0.046000
105,4,0.459462,0.121162,0.046000
105,5,0.546359,0.090973,0.046000
105,6,0.636676,0.073453,0.046000
105,7,0.728059,0.087006,0.046000
105,8,0.813246,0.126254,0.046000
105,9,0.913185,0.117201,0.046000
105,10,0.106047,0.193567,0.046000
105,11,0.200406,0.176636,0.046000
105,12,0.291080,0.192203,0.046000
105,13,0.376007,0.227643,0.046000
105,14,0.470441,0.215575,0.046000
105,15,0.562069,0.183433,0.046000
105,16,0.661712,0.177320,0.046000
105,17,0.752398,0.203756,0.046000
105,18,0.842391,0.222870,0.046000
105,19,0.934349,0.207829,0.046000
105,20,0.076762,0.283912,0.046000
105,21,0.175971,0.276213,0.046000
105,22,0.273505,0.310281,0.046000
105,23,0.364399,0.324404,0.046000
105,24,0.454596,0.306320,0.046000
105,25,0.542280,0.278471,0.046000
105,26,0.634444,0.273836,0.046000
105,27,0.720119,0.318218,0.046000
105,28,0.818179,0.327139,0.046000
105,29,0.915620,0.297902,0.046000
105,30,0.109758,0.378094,0.046000
105,31,0.201724,0.381811,0.046000
105,32,0.286409,0.419056,0.046000
105,33,0.380929,0.425308,0.046000
105,34,0.475224,0.396563,0.046000
105,35,0.569836,0.375078,0.046000
105,36,0.660072,0.392987,0.046000
105,37,0.748351,0.418887,0.046000
105,38,0.840728,0.416531,0.046000
105,39,0.931165,0.388579,0.046000
105,40,0.077672,0.476291,0.046000
105,41,0.181858,0.498490,0.046000
105,42,0.270885,0.521622,0.046000
105,43,0.362677,0.515559,0.046000
105,44,0.450380,0.487772,0.046000
105,45,0.540072,0.467127,0.046000
105,46,0.632434,0.504936,0.046000
105,47,0.729381,0.529020,0.046000
105,48,0.824247,0.507180,0.046000
105,49,0.912771,0.482129,0.046000
105,50,0.105407,0.577130,0.046000
105,51,0.196443,0.605032,0.046000
105,52,0.287760,0.632859,0.046000
105,53,0.384011,0.605062,0.046000
105,54,0.475191,0.577490,0.046000
105,55,0.567060,0.582320,0.046000
105,56,0.654546,0.610784,0.046000
105,57,0.745144,0.626785,0.046000
105,58,0.835489,0.598490,0.046000
105,59,0.931169,0.573989,0.046000
105,60,0.085887,0.688196,0.046000
105,61,0.181516,0.715374,0.046000
105,62,0.273139,0.723687,0.046000
105,63,0.360614,0.694547,0.046000
105,64,0.451243,0.668942,0.046000
105,65,0.544754,0.691923,0.046000
105,66,0.640665,0.725186,0.046000
105,67,0.734619,0.718206,0.046000
105,68,0.822041,0.689546,0.046000
105,69,0.916218,0.677240,0.046000
105,70,0.097409,0.792986,0.046000
105,71,0.191205,0.827620,0.046000
105,72,0.291602,0.813815,0.046000
105,73,0.382780,0.785824,0.046000
105,74,0.474228,0.775831,0.046000
105,75,0.563659,0.797401,0.046000
105,76,0.649166,0.831351,0.046000
105,77,0.741150,0.810679,0.046000
105,78,0.834615,0.780977,0.046000
105,79,0.934081,0.782691,0.046000
105,80,0.091884,0.906101,0.046000
105,81,0.181663,0.926193,0.046000
105,82,0.272985,0.911591,0.046000
105,83,0.359655,0.875801,0.046000
105,84,0.455841,0.880134,0.046000
105,85,0.551616,0.916864,0.046000
105,86,0.643376,0.923278,0.046000
105,87,0.733026,0.902653,0.046000
105,88,0.821321,0.876808,0.046000
105,89,0.913461,0.888547,0.046000
106,0,0.083699,0.099803,0.046000
106,1,0.173469,0.069575,0.046000
106,2,0.274639,0.087213,0.046000
106,3,0.367106,0.123566,0.046000
106,4,0.459056,0.120532,0.046000
106,5,0.545155,0.088114,0.046000
106,6,0.636123,0.073239,0.046000
106,7,0.728516,0.089213,0.046000
106,8,0.814899,0.127308,0.046000
106,9,0.915334,0.114981,0.046000
106,10,0.106586,0.191960,0.046000
106,11,0.198042,0.177374,0.046000
106,12,0.289106,0.194273,0.046000
106,13,0.375373,0.228406,0.046000
106,14,0.471806,0.213028,0.046000
106,15,0.564211,0.182093,0.046000
106,16,0.662918,0.178525,0.046000
106,17,0.750803,0.205816,0.046000
106,18,0.841342,0.223066,0.046000
106,19,0.933656,0.205241,0.046000
106,20,0.076954,0.282815,0.046000
106,21,0.177854,0.277785,0.046000
106,22,0.272609,0.311974,0.046000
106,23,0.363726,0.324694,0.046000
106,24,0.453391,0.304095,0.046000
106,25,0.541609,0.277327,0.046000
106,26,0.635162,0.275486,0.046000
106,27,0.721896,0.320096,0.046000
106,28,0.819828,0.324831,0.046000
106,29,0.916016,0.295792,0.046000
106,30,0.107129,0.377979,0.046000
106,31,0.199932,0.383696,0.046000
106,32,0.285977,0.420580,0.046000
106,33,0.382574,0.423046,0.046000
106,34,0.477463,0.394963,0.046000
106,35,0.569217,0.375079,0.046000
106,36,0.659015,0.395085,0.046000
106,37,0.747538,0.420257,0.046000
106,38,0.840608,0.414654,0.046000
106,39,0.932511,0.387001,0.046000
106,40,0.079419,0.477097,0.046000
106,41,0.180820,0.500201,0.046000
106,42,0.270004,0.522788,0.046000
106,43,0.361573,0.513489,0.046000
106,44,0.449658,0.486030,0.046000
106,45,0.540604,0.468067,0.046000
106,46,0.634399,0.507244,0.046000
106,47,0.731252,0.529047,0.046000
106,48,0.823217,0.505122,0.046000
106,49,0.911972,0.480757,0.046000
106,50,0.103016,0.578715,0.046000
106,51,0.196137,0.607016,0.046000
106,52,0.289452,0.631728,0.046000
106,53,0.385362,0.603009,0.046000
106,54,0.473963,0.576784,0.046000
106,55,0.565700,0.583757,0.046000
106,56,0.653158,0.612703,0.046000
106,57,0.745496,0.625416,0.046000
106,58,0.837081,0.596594,0.046000
106,59,0.933477,0.573779,0.046000
106,60,0.086902,0.690400,0.046000
106,61,0.179095,0.716511,0.046000
106,62,0.271254,0.722231,0.046000
106,63,0.359613,0.692041,0.046000
106,64,0.452929,0.669865,0.046000
106,65,0.546877,0.694249,0.046000
106,66,0.642186,0.726227,0.046000
106,67,0.733712,0.716906,0.046000
106,68,0.821016,0.687887,0.046000
106,69,0.914607,0.678074,0.046000
106,70,0.097057,0.795239,0.046000
106,71,0.192768,0.828151,0.046000
106,72,0.292878,0.812077,0.046000
106,73,0.381191,0.784584,0.046000
106,74,0.472847,0.776536,0.046000
106,75,0.562381,0.799426,0.046000
106,76,0.649363,0.831040,0.046000
106,77,0.742767,0.808593,0.046000
106,78,0.836794,0.780238,0.046000
106,79,0.935228,0.784401,0.046000
106,80,0.089339,0.907779,0.046000
106,81,0.179769,0.926002,0.046000
106,82,0.272481,0.909418,0.046000
106,83,0.361460,0.875991,0.046000
106,84,0.458029,0.882050,0.046000
106,85,0.551053,0.918541,0.046000
106,86,0.642913,0.923611,0.046000
106,87,0.732000,0.900588,0.046000
106,88,0.821026,0.876272,0.046000
106,89,0.913940,0.890757,0.046000
107,0,0.082409,0.097683,0.046000
107,1,0.174339,0.070030,0.046000
107,2,0.276761,0.089509,0.046000
107,3,0.366193,0.124324,0.046000
107,4,0.458056,0.119294,0.046000
107,5,0.543725,0.085753,0.046000
107,6,0.635871,0.073861,0.046000
107,7,0.729676,0.091401,0.046000
107,8,0.816917,0.127568,0.046000
107,9,0.916954,0.111979,0.046000
107,10,0.105120,0.191065,0.046000
107,11,0.196544,0.178624,0.046000
107,12,0.287424,0.196177,0.046000
107,13,0.375509,0.228326,0.046000
107,14,0.473701,0.210328,0.046000
107,15,0.566150,0.181398,0.046000
107,16,0.661998,0.179906,0.046000
107,17,0.749642,0.207882,0.046000
107,18,0.840594,0.222514,0.046000
107,19,0.933691,0.203110,0.046000
107,20,0.077914,0.282460,0.046000
107,21,0.179790,0.279822,0.046000
107,22,0.271206,0.313181,0.046000
107,23,0.362548,0.324162,0.046000
107,24,0.451938,0.301971,0.046000
107,25,0.541371,0.277042,0.046000
107,26,0.636570,0.277484,0.046000
107,27,0.723934,0.321325,0.046000
107,28,0.820980,0.321983,0.046000
107,29,0.915581,0.293941,0.046000
107,30,0.104284,0.378645,0.046000
107,31,0.198524,0.385762,0.046000
107,32,0.286343,0.421361,0.046000
107,33,0.384239,0.419999,0.046000
107,34,0.478335,0.393937,0.046000
107,35,0.568476,0.375538,0.046000
107,36,0.657869,0.397287,0.046000
107,37,0.746818,0.420806,0.046000
107,38,0.841158,0.412404,0.046000
107,39,0.934427,0.385947,0.046000
107,40,0.081126,0.478588,0.046000
107,41,0.179194,0.501745,0.046000
107,42,0.268681,0.523102,0.046000
107,43,0.360299,0.511195,0.046000
107,44,0.449891,0.485378,0.046000
107,45,0.541862,0.469638,0.046000
107,46,0.636499,0.509174,0.046000
107,47,0.732503,0.528284,0.046000
107,48,0.821519,0.503077,0.046000
107,49,0.910778,0.480168,0.046000
107,50,0.101217,0.580762,0.046000
107,51,0.196650,0.608498,0.046000
107,52,0.290800,0.629357,0.046000
107,53,0.384609,0.601558,0.046000
107,54,0.473068,0.576278,0.046000
107,55,0.564597,0.585591,0.046000
107,56,0.652154,0.614022,0.046000
107,57,0.746479,0.623458,0.046000
107,58,0.839163,0.594927,0.046000
107,59,0.935544,0.574363,0.046000
107,60,0.087149,0.692739,0.046000
107,61,0.176267,0.716962,0.046000
107,62,0.269436,0.720255,0.046000
107,63,0.359990,0.690628,0.046000
107,64,0.455159,0.671453,0.046000
107,65,0.549006,0.696536,0.046000
107,66,0.641604,0.726618,0.046000
107,67,0.732858,0.714922,0.046000
107,68,0.820403,0.686540,0.046000
107,69,0.913585,0.679589,0.046000
107,70,0.097556,0.797298,0.046000
107,71,0.194614,0.827873,0.046000
107,72,0.292052,0.810585,0.046000
107,73,0.379981,0.783519,0.046000
107,74,0.471823,0.777842,0.046000
107,75,0.561425,0.801114,0.046000
107,76,0.650270,0.829988,0.046000
107,77,0.744836,0.806742,0.046000
107,78,0.838629,0.780190,0.046000
107,79,0.935517,0.786554,0.046000
107,80,0.086449,0.909001,0.046000
107,81,0.178062,0.925031,0.046000
107,82,0.272673,0.907343,0.046000
107,83,0.363762,0.876841,0.046000
107,84,0.460098,0.884274,0.046000
107,85,0.549916,0.919591,0.046000
107,86,0.641849,0.923107,0.046000
107,87,0.730806,0.898779,0.046000
107,88,0.821225,0.876580,0.046000
107,89,0.915151,0.893099,0.046000
108,0,0.081981,0.096095,0.046000
108,1,0.175816,0.071227,0.046000
108,2,0.278695,0.091679,0.046000
108,3,0.364734,0.124279,0.046000
108,4,0.456500,0.117656,0.046000
108,5,0.542282,0.084119,0.046000
108,6,0.636176,0.075179,0.046000
108,7,0.731461,0.093306,0.046000
108,8,0.818978,0.127023,0.046000
108,9,0.917907,0.108972,0.046000
108,10,0.102780,0.190873,0.046000
108,11,0.195115,0.180377,0.046000
108,12,0.286317,0.197665,0.046000
108,13,0.376420,0.227455,0.046000
108,14,0.475847,0.207731,0.046000
108,15,0.567582,0.181451,0.046000
108,16,0.660333,0.181688,0.046000
108,17,0.748079,0.209362,0.046000
108,18,0.840139,0.221254,0.046000
108,19,0.934450,0.201168,0.046000
108,20,0.079411,0.282894,0.046000
108,21,0.181444,0.282078,0.046000
108,22,0.269288,0.313746,0.046000
108,23,0.360860,0.322950,0.046000
108,24,0.450583,0.300210,0.046000
108,25,0.541774,0.277589,0.046000
108,26,0.638542,0.279562,0.046000
108,27,0.725900,0.321783,0.046000
108,28,0.821437,0.318866,0.046000
108,29,0.914414,0.292584,0.046000
108,30,0.101526,0.380020,0.046000
108,31,0.197759,0.387736,0.046000
108,32,0.287458,0.421332,0.046000
108,33,0.386092,0.416819,0.046000
108,34,0.477382,0.393727,0.046000
108,35,0.567710,0.376270,0.046000
108,36,0.656798,0.399297,0.046000
108,37,0.746700,0.420580,0.046000
108,38,0.842397,0.410038,0.046000
108,39,0.936667,0.385576,0.046000
108,40,0.082464,0.480590,0.046000
108,41,0.177023,0.502913,0.046000
108,42,0.266931,0.522580,0.046000
108,43,0.359215,0.508945,0.046000
108,44,0.450767,0.485467,0.046000
108,45,0.543664,0.471616,0.046000
108,46,0.638399,0.510516,0.046000
108,47,0.731895,0.527136,0.046000
108,48,0.820095,0.500968,0.046000
108,49,0.909809,0.480335,0.046000
108,50,0.100215,0.583026,0.046000
108,51,0.197883,0.609303,0.046000
108,52,0.292097,0.626416,0.046000
108,53,0.383018,0.600518,0.046000
108,54,0.471821,0.576473,0.046000
108,55,0.563303,0.587506,0.046000
108,56,0.651755,0.614593,0.046000
108,57,0.748113,0.621100,0.046000
108,58,0.841457,0.593726,0.046000
108,59,0.937070,0.575669,0.046000
108,60,0.085162,0.694560,0.046000
108,61,0.174679,0.717035,0.046000
108,62,0.268010,0.717987,0.046000
108,63,0.361227,0.689964,0.046000
108,64,0.457729,0.673594,0.046000
108,65,0.550810,0.698525,0.046000
108,66,0.640395,0.726187,0.046000
108,67,0.731435,0.712778,0.046000
108,68,0.819777,0.685918,0.046000
108,69,0.913328,0.681611,0.046000
108,70,0.098750,0.798916,0.046000
108,71,0.196401,0.826833,0.046000
108,72,0.290300,0.809178,0.046000
108,73,0.378529,0.783111,0.046000
108,74,0.470770,0.779585,0.046000
108,75,0.561056,0.802249,0.046000
108,76,0.651847,0.828288,0.046000
108,77,0.747022,0.805039,0.046000
108,78,0.839846,0.780885,0.046000
108,79,0.934966,0.788908,0.046000
108,80,0.083471,0.909584,0.046000
108,81,0.176848,0.923440,0.046000
108,82,0.273612,0.905624,0.046000
108,83,0.366321,0.878355,0.046000
108,84,0.461731,0.886543,0.046000
108,85,0.548198,0.919896,0.046000
108,86,0.640287,0.921988,0.046000
108,87,0.729806,0.897458,0.046000
108,88,0.822080,0.877650,0.046000
108,89,0.916908,0.895306,0.046000
109,0,0.082409,0.095208,0.046000
109,1,0.177615,0.073007,0.046000
109,2,0.277617,0.092518,0.046000
109,3,0.363879,0.124500,0.046000
109,4,0.455491,0.115959,0.046000
109,5,0.541575,0.083158,0.046000
109,6,0.637159,0.076987,0.046000
109,7,0.733667,0.094698,0.046000
109,8,0.820750,0.125750,0.046000
109,9,0.918050,0.106208,0.046000
109,10,0.100049,0.191409,0.046000
109,11,0.193768,0.182446,0.046000
109,12,0.285973,0.198541,0.046000
109,13,0.377972,0.225926,0.046000
109,14,0.477904,0.205493,0.046000
109,15,0.566919,0.182255,0.046000
109,16,0.658911,0.183475,0.046000
109,17,0.746984,0.210270,0.046000
109,18,0.840175,0.219453,0.046000
109,19,0.935900,0.199658,0.046000
109,20,0.081131,0.284067,0.046000
109,21,0.180943,0.283719,0.046000
109,22,0.267789,0.314080,0.046000
109,23,0.359545,0.321345,0.046000
109,24,0.449644,0.299022,0.046000
109,25,0.542885,0.278856,0.046000
109,26,0.640836,0.281448,0.046000
109,27,0.727469,0.321433,0.046000
109,28,0.821098,0.315700,0.046000
109,29,0.912738,0.291895,0.046000
109,30,0.099167,0.381952,0.046000
109,31,0.197778,0.389358,0.046000
109,32,0.289144,0.420516,0.046000
109,33,0.386592,0.414028,0.046000
109,34,0.476388,0.394010,0.046000
109,35,0.566873,0.377381,0.046000
109,36,0.655845,0.400827,0.046000
109,37,0.747121,0.419578,0.046000
109,38,0.844250,0.407820,0.046000
109,39,0.938914,0.385960,0.046000
109,40,0.083174,0.482872,0.046000
109,41,0.174370,0.503515,0.046000
109,42,0.265002,0.521348,0.046000
109,43,0.358622,0.507001,0.046000
109,44,0.452308,0.486315,0.046000
109,45,0.545728,0.473742,0.046000
109,46,0.639551,0.511085,0.046000
109,47,0.730399,0.525602,0.046000
109,48,0.818539,0.499232,0.046000
109,49,0.909278,0.481238,0.046000
109,50,0.100091,0.585239,0.046000
109,51,0.199611,0.609336,0.046000
109,52,0.292422,0.623492,0.046000
109,53,0.381301,0.599731,0.046000
109,54,0.470527,0.577310,0.046000
109,55,0.562084,0.589253,0.046000
109,56,0.652023,0.614340,0.046000
109,57,0.750276,0.618581,0.046000
109,58,0.843638,0.593170,0.046000
109,59,0.937843,0.577542,0.046000
109,60,0.082509,0.696007,0.046000
109,61,0.173157,0.716350,0.046000
109,62,0.267232,0.715690,0.046000
109,63,0.363054,0.690126,0.046000
109,64,0.460352,0.676102,0.046000
109,65,0.550928,0.699663,0.046000
109,66,0.639256,0.725396,0.046000
109,67,0.730093,0.710690,0.046000
109,68,0.819473,0.686090,0.046000
109,69,0.913883,0.683909,0.046000
109,70,0.100372,0.799902,0.046000
109,71,0.197694,0.825182,0.046000
109,72,0.288059,0.807968,0.046000
109,73,0.376745,0.783497,0.046000
109,74,0.469879,0.781509,0.046000
109,75,0.561421,0.802680,0.046000
109,76,0.653918,0.826114,0.046000
109,77,0.748993,0.803735,0.046000
109,78,0.840271,0.782281,0.046000
109,79,0.933726,0.791197,0.046000
109,80,0.080715,0.909428,0.046000
109,81,0.176347,0.921451,0.046000
109,82,0.275207,0.904474,0.046000
109,83,0.368827,0.880446,0.046000
109,84,0.460896,0.887907,0.046000
109,85,0.547085,0.920086,0.046000
109,86,0.639159,0.920536,0.046000
109,87,0.729296,0.896801,0.046000
109,88,0.823606,0.879323,0.046000
109,89,0.918923,0.897126,0.046000
110,0,0.083552,0.095112,0.046000
110,1,0.179397,0.075151,0.046000
110,2,0.275965,0.092825,0.046000
110,3,0.362531,0.123976,0.046000
110,4,0.454264,0.114429,0.046000
110,5,0.541447,0.083062,0.046000
110,6,0.638801,0.079030,0.046000
110,7,0.735314,0.095170,0.046000
110,8,0.822631,0.124148,0.046000
110,9,0.917380,0.103924,0.046000
110,10,0.097180,0.192660,0.046000
110,11,0.192826,0.184564,0.046000
110,12,0.286445,0.198682,0.046000
110,13,0.379915,0.223946,0.046000
110,14,0.476853,0.204535,0.046000
110,15,0.566302,0.183018,0.046000
110,16,0.658283,0.184976,0.046000
110,17,0.746801,0.210573,0.046000
110,18,0.840872,0.217352,0.046000
110,19,0.937875,0.198775,0.046000
110,20,0.082729,0.285851,0.046000
110,21,0.178994,0.284804,0.046000
110,22,0.266277,0.313884,0.046000
110,23,0.358569,0.319582,0.046000
110,24,0.449357,0.298554,0.046000
110,25,0.544629,0.280658,0.046000
110,26,0.643139,0.282897,0.046000
110,27,0.728353,0.320331,0.046000
110,28,0.820038,0.312726,0.046000
110,29,0.910863,0.291967,0.046000
110,30,0.097478,0.384224,0.046000
110,31,0.198589,0.390415,0.046000
110,32,0.291118,0.419020,0.046000
110,33,0.385134,0.411935,0.046000
110,34,0.475520,0.394780,0.046000
110,35,0.566117,0.378565,0.046000
110,36,0.655484,0.401747,0.046000
110,37,0.748205,0.417969,0.046000
110,38,0.846512,0.406003,0.046000
110,39,0.940841,0.387081,0.046000
110,40,0.082112,0.484951,0.046000
110,41,0.172371,0.503641,0.046000
110,42,0.263233,0.519621,0.046000
110,43,0.358717,0.505587,0.046000
110,44,0.454391,0.487817,0.046000
110,45,0.547724,0.475743,0.046000
110,46,0.638320,0.510590,0.046000
110,47,0.729307,0.524213,0.046000
110,48,0.817585,0.497942,0.046000
110,49,0.909252,0.482789,0.046000
110,50,0.100791,0.587140,0.046000
110,51,0.200122,0.608387,0.046000
110,52,0.291187,0.621465,0.046000
110,53,0.380444,0.599187,0.046000
110,54,0.470079,0.578469,0.046000
110,55,0.561278,0.590583,0.046000
110,56,0.653021,0.613319,0.046000
110,57,0.752732,0.616162,0.046000
110,58,0.845388,0.593357,0.046000
110,59,0.937773,0.579763,0.046000
110,60,0.079570,0.696914,0.046000
110,61,0.171856,0.714965,0.046000
110,62,0.267242,0.713632,0.046000
110,63,0.365337,0.691038,0.046000
110,64,0.460820,0.678261,0.046000
110,65,0.550209,0.700023,0.046000
110,66,0.638837,0.724703,0.046000
110,67,0.729495,0.708858,0.046000
110,68,0.819738,0.687031,0.046000
110,69,0.915151,0.686219,0.046000
110,70,0.102090,0.800135,0.046000
110,71,0.196083,0.823532,0.046000
110,72,0.286591,0.807031,0.046000
110,73,0.375823,0.784348,0.046000
110,74,0.469452,0.783337,0.046000
110,75,0.562528,0.802340,0.046000
110,76,0.656211,0.823695,0.046000
110,77,0.750112,0.803100,0.046000
110,78,0.840193,0.784181,0.046000
110,79,0.932062,0.793162,0.046000
110,80,0.078483,0.908520,0.046000
110,81,0.176652,0.919327,0.046000
110,82,0.277242,0.904040,0.046000
110,83,0.368406,0.882746,0.046000
110,84,0.460231,0.888428,0.046000
110,85,0.546598,0.920124,0.046000
110,86,0.638725,0.919030,0.046000
110,87,0.729471,0.896901,0.046000
110,88,0.825676,0.881373,0.046000
110,89,0.920862,0.898350,0.046000
111,0,0.085154,0.095807,0.046000
111,1,0.180833,0.077398,0.046000
111,2,0.273802,0.092520,0.046000
111,3,0.360728,0.122827,0.046000
111,4,0.453187,0.113294,0.046000
111,5,0.541996,0.083786,0.046000
111,6,0.640943,0.081032,0.046000
111,7,0.736371,0.094739,0.046000
111,8,0.824137,0.122329,0.046000
111,9,0.916029,0.102314,0.046000
111,10,0.094482,0.194524,0.046000
111,11,0.192528,0.186459,0.046000
111,12,0.287647,0.198053,0.046000
111,13,0.381930,0.221766,0.046000
111,14,0.475328,0.204257,0.046000
111,15,0.565152,0.184366,0.046000
111,16,0.657296,0.186163,0.046000
111,17,0.746987,0.210043,0.046000
111,18,0.842257,0.215218,0.046000
111,19,0.940103,0.198636,0.046000
111,20,0.083889,0.288041,0.046000
111,21,0.176533,0.285462,0.046000
111,22,0.264401,0.312922,0.046000
111,23,0.357827,0.317902,0.046000
111,24,0.449834,0.298868,0.046000
111,25,0.546805,0.282752,0.046000
111,26,0.643556,0.283038,0.046000
111,27,0.728038,0.319465,0.046000
111,28,0.819568,0.310185,0.046000
111,29,0.909927,0.292638,0.046000
111,30,0.096632,0.386580,0.046000
111,31,0.200057,0.390763,0.046000
111,32,0.291987,0.417109,0.046000
111,33,0.383739,0.410364,0.046000
111,34,0.474631,0.396131,0.046000
111,35,0.565175,0.379826,0.046000
111,36,0.655594,0.401864,0.046000
111,37,0.749933,0.415979,0.046000
111,38,0.848890,0.404791,0.046000
111,39,0.942166,0.388835,0.046000
111,40,0.079717,0.486661,0.046000
111,41,0.170825,0.503152,0.046000
111,42,0.261935,0.517658,0.046000
111,43,0.359564,0.504869,0.046000
111,44,0.456692,0.489313,0.046000
111,45,0.549326,0.477363,0.046000
111,46,0.636538,0.509370,0.046000
111,47,0.727702,0.522689,0.046000
111,48,0.816756,0.497458,0.046000
111,49,0.909898,0.484782,0.046000
111,50,0.102125,0.588504,0.046000
111,51,0.199002,0.606527,0.046000
111,52,0.289993,0.620117,0.046000
111,53,0.379597,0.599260,0.046000
111,54,0.469804,0.580374,0.046000
111,55,0.561423,0.591345,0.046000
111,56,0.654668,0.611669,0.046000
111,57,0.755169,0.614098,0.046000
111,58,0.846064,0.594348,0.046000
111,59,0.937300,0.582021,0.046000
111,60,0.076621,0.697134,0.046000
111,61,0.171070,0.713070,0.046000
111,62,0.268045,0.712048,0.046000
111,63,0.367817,0.692621,0.046000
111,64,0.459626,0.680015,0.046000
111,65,0.549473,0.699801,0.046000
111,66,0.638326,0.723747,0.046000
111,67,0.729361,0.707589,0.046000
111,68,0.820691,0.688631,0.046000
111,69,0.916914,0.688278,0.046000
111,70,0.103563,0.799584,0.046000
111,71,0.193934,0.821654,0.046000
111,72,0.284714,0.806700,0.046000
111,73,0.374912,0.785827,0.046000
111,74,0.469690,0.784809,0.046000
111,75,0.564245,0.801254,0.046000
111,76,0.658397,0.821293,0.046000
111,77,0.749251,0.803448,0.046000
111,78,0.839601,0.786096,0.046000
111,79,0.931328,0.794680,0.046000
111,80,0.077011,0.906939,0.046000
111,81,0.177716,0.917341,0.046000
111,82,0.277923,0.904719,0.046000
111,83,0.367750,0.884842,0.046000
111,84,0.459684,0.888305,0.046000
111,85,0.546198,0.919612,0.046000
111,86,0.638678,0.917745,0.046000
111,87,0.730391,0.897765,0.046000
111,88,0.828049,0.883538,0.046000
111,89,0.922403,0.898838,0.046000
112,0,0.086888,0.097206,0.046000
112,1,0.180703,0.079339,0.046000
112,2,0.271886,0.091606,0.046000
112,3,0.358948,0.121373,0.046000
112,4,0.452570,0.112750,0.046000
112,5,0.543255,0.085180,0.046000
112,6,0.643321,0.082731,0.046000
112,7,0.736717,0.093479,0.046000
112,8,0.824639,0.120565,0.046000
112,9,0.914631,0.101422,0.046000
112,10,0.092263,0.196822,0.046000
112,11,0.192991,0.187893,0.046000
112,12,0.289365,0.196709,0.046000
112,13,0.382962,0.219782,0.046000
112,14,0.473710,0.204650,0.046000
112,15,0.563809,0.186045,0.046000
112,16,0.656307,0.186829,0.046000
112,17,0.747731,0.208795,0.046000
112,18,0.844217,0.213321,0.046000
112,19,0.942259,0.199271,0.046000
112,20,0.082802,0.290441,0.046000
112,21,0.174680,0.285313,0.046000
112,22,0.262969,0.311516,0.046000
112,23,0.357603,0.316567,0.046000
112,24,0.451044,0.299934,0.046000
112,25,0.549118,0.284868,0.046000
112,26,0.642644,0.282122,0.046000
112,27,0.727123,0.318554,0.046000
112,28,0.818614,0.308383,0.046000
112,29,0.910150,0.293845,0.046000
112,30,0.096675,0.388753,0.046000
112,31,0.201934,0.390341,0.046000
112,32,0.290782,0.415071,0.046000
112,33,0.382612,0.409487,0.046000
112,34,0.473889,0.397948,0.046000
112,35,0.564716,0.380826,0.046000
112,36,0.656349,0.401182,0.046000
112,37,0.752146,0.413874,0.046000
112,38,0.851056,0.404320,0.046000
112,39,0.942704,0.391039,0.046000
112,40,0.076899,0.487936,0.046000
112,41,0.169257,0.501927,0.046000
112,42,0.261336,0.515735,0.046000
112,43,0.361085,0.504931,0.046000
112,44,0.458004,0.491204,0.046000
112,45,0.548968,0.477433,0.046000
112,46,0.635657,0.508238,0.046000
112,47,0.726732,0.521436,0.046000
112,48,0.816362,0.497799,0.046000
112,49,0.911240,0.486962,0.046000
112,50,0.103804,0.589171,0.046000
112,51,0.197579,0.604155,0.046000
112,52,0.288351,0.619132,0.046000
112,53,0.378383,0.600091,0.046000
112,54,0.469679,0.582460,0.046000
112,55,0.562267,0.591373,0.046000
112,56,0.656760,0.609599,0.046000
112,57,0.755787,0.612913,0.046000
112,58,0.846193,0.595862,0.046000
112,59,0.937418,0.583939,0.046000
112,60,0.073975,0.696603,0.046000
112,61,0.170995,0.710907,0.046000
112,62,0.269506,0.711124,0.046000
112,63,0.367943,0.695058,0.046000
112,64,0.458842,0.680868,0.046000
112,65,0.549034,0.699017,0.046000
112,66,0.638042,0.722658,0.046000
112,67,0.729667,0.707070,0.046000
112,68,0.822306,0.690703,0.046000
112,69,0.918864,0.689850,0.046000
112,70,0.102937,0.797926,0.046000
112,71,0.192175,0.820297,0.046000
112,72,0.283274,0.806981,0.046000
112,73,0.374348,0.787696,0.046000
112,74,0.470661,0.785716,0.046000
112,75,0.566325,0.799532,0.046000
112,76,0.658006,0.819578,0.046000
112,77,0.748732,0.804319,0.046000
112,78,0.839273,0.787946,0.046000
112,79,0.931041,0.795510,0.046000
112,80,0.076427,0.904845,0.046000
112,81,0.179359,0.915746,0.046000
112,82,0.277230,0.906410,0.046000
112,83,0.367072,0.886602,0.046000
112,84,0.459068,0.887515,0.046000
112,85,0.545913,0.918618,0.046000
112,86,0.639156,0.916916,0.046000
112,87,0.731972,0.899307,0.046000
112,88,0.830414,0.885547,0.046000
112,89,0.923290,0.898536,0.046000
113,0,0.088411,0.099142,0.046000
113,1,0.178701,0.080705,0.046000
113,2,0.270245,0.090037,0.046000
113,3,0.357773,0.119984,0.046000
113,4,0.452622,0.112916,0.046000
113,5,0.545109,0.087026,0.046000
113,6,0.644750,0.083820,0.046000
113,7,0.736438,0.091388,0.046000
113,8,0.824055,0.119447,0.046000
113,9,0.914221,0.101140,0.046000
113,10,0.090771,0.199322,0.046000
113,11,0.194188,0.188681,0.046000
113,12,0.291299,0.194792,0.046000
113,13,0.381552,0.218454,0.046000
113,14,0.472651,0.205612,0.046000
113,15,0.562993,0.187690,0.046000
113,16,0.655652,0.186825,0.046000
113,17,0.749124,0.207028,0.046000
113,18,0.846519,0.211898,0.046000
113,19,0.944020,0.200620,0.046000
113,20,0.080774,0.292738,0.046000
113,21,0.172615,0.284439,0.046000
113,22,0.261891,0.309771,0.046000
113,23,0.358067,0.315786,0.046000
113,24,0.452821,0.301636,0.046000
113,25,0.550131,0.286791,0.046000
113,26,0.641903,0.280317,0.046000
113,27,0.726054,0.317516,0.046000
113,28,0.817539,0.307353,0.046000
113,29,0.910837,0.295616,0.046000
113,30,0.097511,0.390497,0.046000
113,31,0.201531,0.388523,0.046000
113,32,0.289997,0.413775,0.046000
113,33,0.381891,0.409351,0.046000
113,34,0.473474,0.400068,0.046000
113,35,0.564628,0.381400,0.046000
113,36,0.657783,0.399796,0.046000
113,37,0.754583,0.411927,0.046000
113,38,0.851886,0.404755,0.046000
113,39,0.943221,0.393345,0.046000
113,40,0.073869,0.488588,0.046000
113,41,0.168004,0.500111,0.046000
113,42,0.261544,0.514118,0.046000
113,43,0.363073,0.505768,0.046000
113,44,0.457712,0.493272,0.046000
113,45,0.548124,0.476254,0.046000
113,46,0.634858,0.506947,0.046000
113,47,0.726370,0.520651,0.046000
113,48,0.816614,0.498898,0.046000
113,49,0.913163,0.489058,0.046000
113,50,0.104948,0.588981,0.046000
113,51,0.196085,0.601552,0.046000
113,52,0.286471,0.618710,0.046000
113,53,0.376991,0.601592,0.046000
113,54,0.470002,0.584447,0.046000
113,55,0.563789,0.590638,0.046000
113,56,0.658998,0.607363,0.046000
113,57,0.755185,0.612575,0.046000
113,58,0.845987,0.597775,0.046000
113,59,0.937314,0.585419,0.046000
113,60,0.071923,0.695351,0.046000
113,61,0.171696,0.708743,0.046000
113,62,0.271375,0.710966,0.046000
113,63,0.367269,0.697891,0.046000
113,64,0.457729,0.681129,0.046000
113,65,0.548255,0.697596,0.046000
113,66,0.637906,0.721611,0.046000
113,67,0.730591,0.707352,0.046000
113,68,0.824424,0.693009,0.046000
113,69,0.920662,0.690754,0.046000
113,70,0.101246,0.795603,0.046000
113,71,0.190210,0.819340,0.046000
113,72,0.282055,0.807965,0.046000
113,73,0.374377,0.789687,0.046000
113,74,0.472286,0.785918,0.046000
113,75,0.567618,0.797171,0.046000
113,76,0.657069,0.818674,0.046000
113,77,0.748158,0.805761,0.046000
113,78,0.838749,0.789683,0.046000
113,79,0.931251,0.795548,0.046000
113,80,0.076723,0.902460,0.046000
113,81,0.181299,0.914745,0.046000
113,82,0.276223,0.908691,0.046000
113,83,0.365894,0.888120,0.046000
113,84,0.457968,0.886084,0.046000
113,85,0.545766,0.917300,0.046000
113,86,0.640287,0.916717,0.046000
113,87,0.734005,0.901364,0.046000
113,88,0.832190,0.887120,0.046000
113,89,0.923633,0.897509,0.046000
114,0,0.087589,0.101762,0.046000
114,1,0.177226,0.081044,0.046000
114,2,0.269099,0.087989,0.046000
114,3,0.356949,0.118745,0.046000
114,4,0.453422,0.113818,0.046000
114,5,0.547329,0.089061,0.046000
114,6,0.644399,0.084096,0.046000
114,7,0.736280,0.088781,0.046000
114,8,0.823314,0.118890,0.046000
114,9,0.914080,0.101648,0.046000
114,10,0.090150,0.201761,0.046000
114,11,0.195958,0.188717,0.046000
114,12,0.291962,0.192194,0.046000
114,13,0.380266,0.218010,0.046000
114,14,0.471622,0.207149,0.046000
114,15,0.562025,0.189234,0.046000
114,16,0.655584,0.186094,0.046000
114,17,0.751112,0.204990,0.046000
114,18,0.848856,0.211129,0.046000
114,19,0.945125,0.202538,0.046000
114,20,0.078245,0.294662,0.046000
114,21,0.170383,0.282908,0.046000
114,22,0.261264,0.307896,0.046000
114,23,0.359251,0.315700,0.046000
114,24,0.454895,0.303784,0.046000
114,25,0.549784,0.288278,0.046000
114,26,0.641181,0.277762,0.046000
114,27,0.724866,0.316560,0.046000
114,28,0.816695,0.307163,0.046000
114,29,0.912135,0.297720,0.046000
114,30,0.098923,0.391614,0.046000
114,31,0.200783,0.386055,0.046000
114,32,0.288823,0.412758,0.046000
114,33,0.380783,0.409986,0.046000
114,34,0.473009,0.402332,0.046000
114,35,0.565132,0.381375,0.046000
114,36,0.659786,0.397876,0.046000
114,37,0.756924,0.410388,0.046000
114,38,0.851773,0.405973,0.046000
114,39,0.943186,0.395574,0.046000
114,40,0.070920,0.488507,0.046000
114,41,0.167338,0.497914,0.046000
114,42,0.262525,0.513029,0.046000
114,43,0.365234,0.507285,0.046000
114,44,0.457044,0.495092,0.046000
114,45,0.546710,0.474498,0.046000
114,46,0.633635,0.505319,0.046000
114,47,0.726252,0.520426,0.046000
114,48,0.817589,0.500603,0.046000
114,49,0.915431,0.490810,0.046000
114,50,0.103863,0.587754,0.046000
114,51,0.195166,0.599058,0.046000
114,52,0.285007,0.619112,0.046000
114,53,0.375849,0.603555,0.046000
114,54,0.470947,0.586036,0.046000
114,55,0.565832,0.589204,0.046000
114,56,0.661054,0.605232,0.046000
114,57,0.754015,0.612986,0.046000
114,58,0.845104,0.599986,0.046000
114,59,0.936967,0.586311,0.046000
114,60,0.070677,0.693492,0.046000
114,61,0.173093,0.706845,0.046000
114,62,0.273330,0.711593,0.046000
114,63,0.366161,0.700374,0.046000
114,64,0.456067,0.680818,0.046000
114,65,0.547136,0.695649,0.046000
114,66,0.638095,0.720840,0.046000
114,67,0.732168,0.708395,0.046000
114,68,0.826776,0.695283,0.046000
114,69,0.921997,0.690887,0.046000
114,70,0.099043,0.792974,0.046000
114,71,0.187908,0.818815,0.046000
114,72,0.281101,0.809607,0.046000
114,73,0.375153,0.791934,0.046000
114,74,0.474362,0.785361,0.046000
114,75,0.567433,0.794324,0.046000
114,76,0.656125,0.818772,0.046000
114,77,0.747462,0.807687,0.046000
114,78,0.838426,0.791083,0.046000
114,79,0.932019,0.794794,0.046000
114,80,0.077753,0.900040,0.046000
114,81,0.182991,0.914481,0.046000
114,82,0.274938,0.911356,0.046000
114,83,0.364224,0.889175,0.046000
114,84,0.456675,0.884058,0.046000
114,85,0.546054,0.915951,0.046000
114,86,0.642054,0.917234,0.046000
114,87,0.736191,0.903709,0.046000
114,88,0.832435,0.887977,0.046000
114,89,0.924089,0.895955,0.046000
115,0,0.086222,0.104394,0.046000
115,1,0.175234,0.080721,0.046000
115,2,0.267892,0.085558,0.046000
115,3,0.356728,0.117905,0.046000
115,4,0.454905,0.115395,0.046000
115,5,0.549605,0.091012,0.046000
115,6,0.643544,0.083629,0.046000
115,7,0.735514,0.085983,0.046000
115,8,0.822202,0.118794,0.046000
115,9,0.914241,0.102871,0.046000
115,10,0.090407,0.203882,0.046000
115,11,0.198033,0.187981,0.046000
115,12,0.291565,0.189312,0.046000
115,13,0.378841,0.218419,0.046000
115,14,0.470467,0.209145,0.046000
115,15,0.561262,0.190418,0.046000
115,16,0.656272,0.184449,0.046000
115,17,0.753509,0.202955,0.046000
115,18,0.850900,0.211118,0.046000
115,19,0.945419,0.204816,0.046000
115,20,0.075338,0.296002,0.046000
115,21,0.168316,0.280800,0.046000
115,22,0.261303,0.306168,0.046000
115,23,0.361043,0.316360,0.046000
115,24,0.456936,0.306138,0.046000
115,25,0.548903,0.289103,0.046000
115,26,0.639827,0.275028,0.046000
115,27,0.723475,0.315790,0.046000
115,28,0.816367,0.307790,0.046000
115,29,0.914043,0.299890,0.046000
115,30,0.100601,0.391978,0.046000
115,31,0.199764,0.383234,0.046000
115,32,0.287112,0.412137,0.046000
115,33,0.379294,0.411336,0.046000
115,34,0.472793,0.404477,0.046000
115,35,0.566319,0.380661,0.046000
115,36,0.662130,0.395655,0.046000
115,37,0.758851,0.409457,0.046000
115,38,0.850937,0.407802,0.046000
115,39,0.942483,0.397512,0.046000
115,40,0.068361,0.487672,0.046000
115,41,0.167421,0.495589,0.046000
115,42,0.264109,0.512625,0.046000
115,43,0.365668,0.509522,0.046000
115,44,0.456726,0.496390,0.046000
115,45,0.545446,0.472025,0.046000
115,46,0.632324,0.503634,0.046000
115,47,0.726644,0.520879,0.046000
115,48,0.819220,0.502699,0.046000
115,49,0.917737,0.492003,0.046000
115,50,0.102377,0.585884,0.046000
115,51,0.193725,0.596820,0.046000
115,52,0.283271,0.620199,0.046000
115,53,0.375210,0.605742,0.046000
115,54,0.472555,0.587019,0.046000
115,55,0.568128,0.587216,0.046000
115,56,0.661551,0.603356,0.046000
115,57,0.752899,0.614289,0.046000
115,58,0.844144,0.602189,0.046000
115,59,0.936745,0.586483,0.046000
115,60,0.070330,0.691217,0.046000
115,61,0.174979,0.705447,0.046000
115,62,0.273848,0.713075,0.046000
115,63,0.365244,0.702552,0.046000
115,64,0.454396,0.679744,0.046000
115,65,0.546031,0.693405,0.046000
115,66,0.638838,0.720563,0.046000
115,67,0.734293,0.710072,0.046000
115,68,0.829042,0.697261,0.046000
115,69,0.922635,0.690233,0.046000
115,70,0.096367,0.790282,0.046000
115,71,0.185582,0.818891,0.046000
115,72,0.280694,0.811739,0.046000
115,73,0.376630,0.793845,0.046000
115,74,0.475667,0.784001,0.046000
115,75,0.567359,0.791522,0.046000
115,76,0.654945,0.819675,0.046000
115,77,0.746445,0.809956,0.046000
115,78,0.838344,0.791974,0.046000
115,79,0.933435,0.793348,0.046000
115,80,0.079261,0.897850,0.046000
115,81,0.182305,0.915061,0.046000
115,82,0.274301,0.914292,0.046000
115,83,0.362980,0.889403,0.046000
115,84,0.455540,0.881566,0.046000
115,85,0.546958,0.914847,0.046000
115,86,0.644303,0.918464,0.046000
115,87,0.738198,0.906084,0.046000
115,88,0.831965,0.888110,0.046000
115,89,0.923788,0.893948,0.046000
116,0,0.084307,0.106754,0.046000
116,1,0.172888,0.079707,0.046000
116,2,0.266912,0.082972,0.046000
116,3,0.357242,0.117653,0.046000
116,4,0.456878,0.117501,0.046000
116,5,0.551017,0.092679,0.046000
116,6,0.642438,0.082374,0.046000
116,7,0.734434,0.083237,0.046000
116,8,0.821077,0.119308,0.046000
116,9,0.914943,0.104600,0.046000
116,10,0.091413,0.205462,0.046000
116,11,0.199263,0.186541,0.046000
116,12,0.291263,0.186544,0.046000
116,13,0.377134,0.219578,0.046000
116,14,0.469094,0.211424,0.046000
116,15,0.560994,0.191037,0.046000
116,16,0.657715,0.181933,0.046000
116,17,0.756035,0.201190,0.046000
116,18,0.852363,0.211879,0.046000
116,19,0.944885,0.207199,0.046000
116,20,0.072292,0.296611,0.046000
116,21,0.166724,0.278277,0.046000
116,22,0.262089,0.304838,0.046000
116,23,0.363215,0.317727,0.046000
116,24,0.457895,0.308577,0.046000
116,25,0.547803,0.289070,0.046000
116,26,0.638279,0.272329,0.046000
116,27,0.722233,0.315444,0.046000
116,28,0.816733,0.309126,0.046000
116,29,0.916422,0.301857,0.046000
116,30,0.102200,0.391549,0.046000
116,31,0.198323,0.380315,0.046000
116,32,0.284874,0.412073,0.046000
116,33,0.377747,0.413247,0.046000
116,34,0.473093,0.406247,0.046000
116,35,0.568131,0.379261,0.046000
116,36,0.664509,0.393396,0.046000
116,37,0.758502,0.409284,0.046000
116,38,0.850499,0.410081,0.046000
116,39,0.941930,0.398875,0.046000
116,40,0.066467,0.486152,0.046000
116,41,0.168279,0.493405,0.046000
116,42,0.266024,0.512980,0.046000
116,43,0.365310,0.512082,0.046000
116,44,0.456075,0.497057,0.046000
116,45,0.543904,0.469090,0.046000
116,46,0.631271,0.502168,0.046000
116,47,0.727687,0.522034,0.046000
116,48,0.821313,0.504926,0.046000
116,49,0.919751,0.492486,0.046000
116,50,0.100437,0.583560,0.046000
116,51,0.191775,0.595061,0.046000
116,52,0.281629,0.621929,0.046000
116,53,0.375240,0.607892,0.046000
116,54,0.474710,0.587220,0.046000
116,55,0.570329,0.584883,0.046000
116,56,0.660721,0.601995,0.046000
116,57,0.751598,0.616328,0.046000
116,58,0.843293,0.604137,0.046000
116,59,0.936951,0.585890,0.046000
116,60,0.070837,0.688766,0.046000
116,61,0.177060,0.704720,0.046000
116,62,0.272952,0.715221,0.046000
116,63,0.364297,0.704266,0.046000
116,64,0.452830,0.677939,0.046000
116,65,0.545273,0.691126,0.046000
116,66,0.640228,0.720922,0.046000
116,67,0.736739,0.712186,0.046000
116,68,0.830901,0.698717,0.046000
116,69,0.922467,0.688869,0.046000
116,70,0.093388,0.787786,0.046000
116,71,0.183557,0.819655,0.046000
116,72,0.280999,0.814132,0.046000
116,73,0.378643,0.795142,0.046000
116,74,0.475665,0.781947,0.046000
116,75,0.567392,0.789036,0.046000
116,76,0.653531,0.821417,0.046000
116,77,0.745534,0.812306,0.046000
116,78,0.838770,0.792200,0.046000
116,79,0.935442,0.791388,0.046000
116,80,0.080914,0.896129,0.046000
116,81,0.181139,0.916361,0.046000
116,82,0.273136,0.917077,0.046000
116,83,0.361453,0.888946,0.046000
116,84,0.454873,0.878809,0.046000
116,85,0.548518,0.914219,0.046000
116,86,0.646774,0.920314,0.046000
116,87,0.739718,0.908223,0.046000
116,88,0.830802,0.887484,0.046000
116,89,0.922903,0.891726,0.046000
117,0,0.081872,0.108610,0.046000
117,1,0.170492,0.078037,0.046000
117,2,0.266451,0.080493,0.046000
117,3,0.358481,0.118096,0.046000
117,4,0.459051,0.119923,0.046000
117,5,0.550509,0.093928,0.046000
117,6,0.641501,0.080345,0.046000
117,7,0.733593,0.080799,0.046000
117,8,0.820278,0.120488,0.046000
117,9,0.916290,0.106576,0.046000
117,10,0.092921,0.206333,0.046000
117,11,0.199093,0.184552,0.046000
117,12,0.291092,0.184121,0.046000
117,13,0.375355,0.221499,0.046000
117,14,0.467856,0.213722,0.046000
117,15,0.561402,0.190962,0.046000
117,16,0.659702,0.179111,0.046000
117,17,0.758367,0.199926,0.046000
117,18,0.852327,0.213368,0.046000
117,19,0.944361,0.209388,0.046000
117,20,0.069409,0.296424,0.046000
117,21,0.165844,0.275558,0.046000
117,22,0.263561,0.304106,0.046000
117,23,0.365457,0.319675,0.046000
117,24,0.457405,0.310863,0.046000
117,25,0.546562,0.288154,0.046000
117,26,0.636903,0.269522,0.046000
117,27,0.721449,0.315691,0.046000
117,28,0.817828,0.310988,0.046000
117,29,0.919021,0.303377,0.046000
117,30,0.103397,0.390379,0.046000
117,31,0.196345,0.377554,0.046000
117,32,0.282320,0.412677,0.046000
117,33,0.376482,0.415503,0.046000
117,34,0.473264,0.406500,0.046000
117,35,0.570383,0.377268,0.046000
117,36,0.666596,0.391365,0.046000
117,37,0.757435,0.409881,0.046000
117,38,0.849417,0.412534,0.046000
117,39,0.941368,0.399553,0.046000
117,40,0.065421,0.484100,0.046000
117,41,0.169795,0.491614,0.046000
117,42,0.267937,0.514076,0.046000
117,43,0.364422,0.514635,0.046000
117,44,0.454778,0.497215,0.046000
117,45,0.543035,0.466632,0.046000
117,46,0.630759,0.501160,0.046000
117,47,0.729377,0.523826,0.046000
117,48,0.823576,0.507016,0.046000
117,49,0.921185,0.492192,0.046000
117,50,0.097998,0.581012,0.046000
117,51,0.189545,0.593963,0.046000
117,52,0.280403,0.624187,0.046000
117,53,0.376020,0.609742,0.046000
117,54,0.477188,0.586617,0.046000
117,55,0.570339,0.582121,0.046000
117,56,0.660256,0.601585,0.046000
117,57,0.750639,0.618922,0.046000
117,58,0.842514,0.605640,0.046000
117,59,0.937773,0.584580,0.046000
117,60,0.072021,0.686402,0.046000
117,61,0.178998,0.704759,0.046000
117,62,0.271561,0.717683,0.046000
117,63,0.362761,0.705395,0.046000
117,64,0.451219,0.675601,0.046000
117,65,0.545113,0.689080,0.046000
117,66,0.642214,0.721972,0.046000
117,67,0.739202,0.714490,0.046000
117,68,0.831218,0.699580,0.046000
117,69,0.922396,0.686852,0.046000
117,70,0.090375,0.785730,0.046000
117,71,0.182121,0.821101,0.046000
117,72,0.282046,0.816527,0.046000
117,73,0.380921,0.795644,0.046000
117,74,0.475235,0.779500,0.046000
117,75,0.566913,0.787179,0.046000
117,76,0.651687,0.823708,0.046000
117,77,0.744825,0.814499,0.046000
117,78,0.839842,0.791686,0.046000
117,79,0.937852,0.789151,0.046000
117,80,0.082370,0.895064,0.046000
117,81,0.179441,0.918252,0.046000
117,82,0.271449,0.919467,0.046000
117,83,0.359993,0.887782,0.046000
117,84,0.454881,0.876029,0.046000
117,85,0.550630,0.914226,0.046000
117,86,0.649147,0.922612,0.046000
117,87,0.740319,0.909942,0.046000
117,88,0.829212,0.886093,0.046000
117,89,0.921775,0.889559,0.046000
118,0,0.079083,0.109781,0.046000
118,1,0.168371,0.075834,0.046000
118,2,0.266688,0.078374,0.046000
118,3,0.360297,0.119251,0.046000
118,4,0.461094,0.122409,0.046000
118,5,0.549466,0.094450,0.046000
118,6,0.639969,0.077892,0.046000
118,7,0.732577,0.078889,0.046000
118,8,0.820063,0.122300,0.046000
118,9,0.918241,0.108525,0.046000
118,10,0.094607,0.206411,0.046000
118,11,0.198363,0.182238,0.046000
118,12,0.290363,0.182389,0.046000
118,13,0.373344,0.223934,0.046000
118,14,0.467066,0.215774,0.046000
118,15,0.562533,0.190149,0.046000
118,16,0.661974,0.176212,0.046000
118,17,0.760198,0.199333,0.046000
118,18,0.851243,0.215404,0.046000
118,19,0.943567,0.211158,0.046000
118,20,0.066995,0.295469,0.046000
118,21,0.165792,0.272896,0.046000
118,22,0.265528,0.304094,0.046000
118,23,0.365780,0.322168,0.046000
118,24,0.457280,0.312588,0.046000
118,25,0.545477,0.286375,0.046000
118,26,0.635546,0.266951,0.046000
118,27,0.721691,0.316134,0.046000
118,28,0.819550,0.313134,0.046000
118,29,0.921527,0.304261,0.046000
118,30,0.103363,0.388686,0.046000
118,31,0.194438,0.375110,0.046000
118,32,0.279750,0.413968,0.046000
118,33,0.375779,0.417847,0.046000
118,34,0.473264,0.405137,0.046000
118,35,0.572791,0.374853,0.046000
118,36,0.666667,0.390046,0.046000
118,37,0.756369,0.411416,0.046000
118,38,0.848380,0.414903,0.046000
118,39,0.941051,0.399465,0.046000
118,40,0.065280,0.481732,0.046000
118,41,0.171737,0.490421,0.046000
118,42,0.269518,0.515809,0.046000
118,43,0.362929,0.516910,0.046000
118,44,0.452964,0.496770,0.046000
118,45,0.543212,0.464898,0.046000
118,46,0.630963,0.500785,0.046000
118,47,0.731573,0.526106,0.046000
118,48,0.825682,0.508715,0.046000
118,49,0.921841,0.491145,0.046000
118,50,0.095134,0.578496,0.046000
118,51,0.187360,0.593640,0.046000
118,52,0.279836,0.626782,0.046000
118,53,0.377487,0.611065,0.046000
118,54,0.478607,0.585358,0.046000
118,55,0.570413,0.579379,0.046000
118,56,0.659571,0.602069,0.046000
118,57,0.749459,0.621717,0.046000
118,58,0.842129,0.606509,0.046000
118,59,0.939257,0.582683,0.046000
118,60,0.073601,0.684383,0.046000
118,61,0.179503,0.705420,0.046000
118,62,0.270275,0.720401,0.046000
118,63,0.361135,0.705757,0.046000
118,64,0.449904,0.672894,0.046000
118,65,0.545683,0.687505,0.046000
118,66,0.644612,0.723673,0.046000
118,67,0.740776,0.716821,0.046000
118,68,0.831086,0.699266,0.046000
118,69,0.921888,0.684469,0.046000
118,70,0.087639,0.784313,0.046000
118,71,0.181467,0.823131,0.046000
118,72,0.283724,0.818659,0.046000
118,73,0.383141,0.795322,0.046000
118,74,0.474273,0.776912,0.046000
118,75,0.565816,0.786091,0.046000
118,76,0.649734,0.826413,0.046000
118,77,0.744608,0.816286,0.046000
118,78,0.841592,0.790777,0.046000
118,79,0.940384,0.786900,0.046000
118,80,0.083325,0.894770,0.046000
118,81,0.177208,0.920535,0.046000
118,82,0.269447,0.921250,0.046000
118,83,0.358924,0.885984,0.046000
118,84,0.455643,0.873482,0.046000
118,85,0.553069,0.914944,0.046000
118,86,0.649563,0.925345,0.046000
118,87,0.740453,0.911099,0.046000
118,88,0.828366,0.883805,0.046000
118,89,0.920764,0.887707,0.046000
119,0,0.076203,0.110160,0.046000
119,1,0.166820,0.073292,0.046000
119,2,0.267670,0.076832,0.046000
119,3,0.362432,0.121040,0.046000
119,4,0.461740,0.125008,0.046000
119,5,0.548340,0.093952,0.046000
119,6,0.638448,0.075164,0.046000
119,7,0.731742,0.077683,0.046000
119,8,0.820573,0.124621,0.046000
119,9,0.920620,0.110180,0.046000
119,10,0.096126,0.205697,0.046000
119,11,0.197045,0.179854,0.046000
119,12,0.289048,0.181473,0.046000
119,13,0.371436,0.226719,0.046000
119,14,0.466945,0.217344,0.046000
119,15,0.564286,0.188650,0.046000
119,16,0.664213,0.173489,0.046000
119,17,0.760297,0.199317,0.046000
119,18,0.850515,0.217935,0.046000
119,19,0.942486,0.212322,0.046000
119,20,0.065305,0.293858,0.046000
119,21,0.166549,0.270546,0.046000
119,22,0.267703,0.304836,0.046000
119,23,0.365376,0.324819,0.046000
119,24,0.456631,0.313134,0.046000
119,25,0.544073,0.284085,0.046000
119,26,0.634541,0.264854,0.046000
119,27,0.722986,0.316839,0.046000
119,28,0.821672,0.315297,0.046000
119,29,0.923624,0.304395,0.046000
119,30,0.101754,0.386707,0.046000
119,31,0.192983,0.373161,0.046000
119,32,0.277484,0.415874,0.046000
119,33,0.375814,0.420012,0.046000
119,34,0.473905,0.403507,0.046000
119,35,0.575030,0.372244,0.046000
119,36,0.665428,0.389729,0.046000
119,37,0.754869,0.413580,0.046000
119,38,0.847402,0.416923,0.046000
119,39,0.941249,0.398610,0.046000
119,40,0.065964,0.479303,0.046000
119,41,0.173789,0.489965,0.046000
119,42,0.269621,0.517987,0.046000
119,43,0.361728,0.518679,0.046000
119,44,0.450926,0.495583,0.046000
119,45,0.543825,0.463335,0.046000
119,46,0.631919,0.501138,0.046000
119,47,0.734021,0.528660,0.046000
119,48,0.827317,0.509817,0.046000
119,49,0.921652,0.489456,0.046000
119,50,0.092044,0.576271,0.046000
119,51,0.185544,0.594118,0.046000
119,52,0.280053,0.629478,0.046000
119,53,0.379045,0.611359,0.046000
119,54,0.478722,0.583284,0.046000
119,55,0.570501,0.576914,0.046000
119,56,0.658622,0.603379,0.046000
119,57,0.748491,0.624479,0.046000
119,58,0.842362,0.606630,0.046000
119,59,0.941309,0.580402,0.046000
119,60,0.075236,0.682927,0.046000
119,61,0.178470,0.706636,0.046000
119,62,0.268986,0.723093,0.046000
119,63,0.359736,0.705292,0.046000
119,64,0.449454,0.670706,0.046000
119,65,0.546969,0.686585,0.046000
119,66,0.647142,0.725899,0.046000
119,67,0.741023,0.718949,0.046000
119,68,0.830583,0.697899,0.046000
119,69,0.921283,0.681964,0.046000
119,70,0.085473,0.783666,0.046000
119,71,0.181661,0.825571,0.046000
119,72,0.285800,0.820296,0.046000
119,73,0.383737,0.794504,0.046000
119,74,0.473453,0.774134,0.046000
119,75,0.564713,0.785895,0.046000
119,76,0.648008,0.829329,0.046000
119,77,0.745065,0.817463,0.046000
119,78,0.843861,0.789439,0.046000
119,79,0.942714,0.784902,0.046000
119,80,0.083573,0.895272,0.046000
119,81,0.174519,0.922964,0.046000
119,82,0.267459,0.922274,0.046000
119,83,0.358495,0.883704,0.046000
119,84,0.457095,0.871406,0.046000
119,85,0.555533,0.916354,0.046000
119,86,0.649385,0.928029,0.046000
119,87,0.739881,0.911452,0.046000
119,88,0.827196,0.881183,0.046000
119,89,0.920183,0.886394,0.046000
120,0,0.073544,0.109725,0.046000
120,1,0.166041,0.070650,0.046000
120,2,0.269298,0.076020,0.046000
120,3,0.364564,0.123309,0.046000
120,4,0.461386,0.126852,0.046000
120,5,0.546815,0.092622,0.046000
120,6,0.636927,0.072479,0.046000
120,7,0.731386,0.077282,0.046000
120,8,0.821806,0.127257,0.046000
120,9,0.923154,0.111317,0.046000
120,10,0.097170,0.204283,0.046000
120,11,0.195143,0.177666,0.046000
120,12,0.287338,0.181414,0.046000
120,13,0.369951,0.229635,0.046000
120,14,0.467607,0.218658,0.046000
120,15,0.566441,0.186598,0.046000
120,16,0.666093,0.171187,0.046000
120,17,0.759478,0.200048,0.046000
120,18,0.849386,0.220530,0.046000
120,19,0.941478,0.212745,0.046000
120,20,0.064491,0.291781,0.046000
120,21,0.167956,0.268735,0.046000
120,22,0.269754,0.306276,0.046000
120,23,0.364415,0.327327,0.046000
120,24,0.455183,0.311983,0.046000
120,25,0.542571,0.281529,0.046000
120,26,0.634145,0.263422,0.046000
120,27,0.724893,0.318234,0.046000
120,28,0.823887,0.317209,0.046000
120,29,0.925047,0.303751,0.046000
120,30,0.099584,0.384546,0.046000
120,31,0.191241,0.372005,0.046000
120,32,0.275812,0.418242,0.046000
120,33,0.376624,0.421752,0.046000
120,34,0.474944,0.402021,0.046000
120,35,0.575279,0.369402,0.046000
120,36,0.664879,0.390309,0.046000
120,37,0.753194,0.416156,0.046000
120,38,0.846603,0.418368,0.046000
120,39,0.942113,0.397076,0.046000
120,40,0.067263,0.477077,0.046000
120,41,0.175617,0.490299,0.046000
120,42,0.268387,0.520378,0.046000
120,43,0.360635,0.519761,0.046000
120,44,0.448969,0.493709,0.046000
120,45,0.545168,0.462250,0.046000
120,46,0.633523,0.502221,0.046000
120,47,0.736406,0.531236,0.046000
120,48,0.828244,0.510188,0.046000
120,49,0.920687,0.487312,0.046000
120,50,0.089009,0.574567,0.046000
120,51,0.184366,0.595333,0.046000
120,52,0.281039,0.632014,0.046000
120,53,0.379723,0.609962,0.046000
120,54,0.478286,0.580968,0.046000
120,55,0.570101,0.575145,0.046000
120,56,0.657242,0.605292,0.046000
120,57,0.747821,0.626900,0.046000
120,58,0.843385,0.605377,0.046000
120,59,0.943711,0.577984,0.046000
120,60,0.076587,0.682191,0.046000
120,61,0.176814,0.708402,0.046000
120,62,0.267253,0.725295,0.046000
120,63,0.358473,0.704096,0.046000
120,64,0.450834,0.669543,0.046000
120,65,0.548824,0.686429,0.046000
120,66,0.649113,0.728485,0.046000
120,67,0.740768,0.720524,0.046000
120,68,0.829565,0.696457,0.046000
120,69,0.920474,0.679675,0.046000
120,70,0.084100,0.783837,0.046000
120,71,0.182630,0.828192,0.046000
120,72,0.287964,0.821257,0.046000
120,73,0.383084,0.792836,0.046000
120,74,0.472591,0.771563,0.046000
120,75,0.563541,0.786539,0.046000
120,76,0.646809,0.832213,0.046000
120,77,0.746238,0.817896,0.046000
120,78,0.846369,0.787594,0.046000
120,79,0.944538,0.783392,0.046000
120,80,0.083033,0.896508,0.046000
120,81,0.171580,0.925273,0.046000
120,82,0.265814,0.922468,0.046000
120,83,0.358720,0.881551,0.046000
120,84,0.459041,0.869995,0.046000
120,85,0.557528,0.918327,0.046000
120,86,0.648737,0.930411,0.046000
120,87,0.738664,0.910989,0.046000
120,88,0.826021,0.878475,0.046000
120,89,0.920253,0.885780,0.046000
121,0,0.071409,0.108547,0.046000
121,1,0.166116,0.068170,0.046000
121,2,0.271354,0.076014,0.046000
121,3,0.366363,0.125839,0.046000
121,4,0.460352,0.127809,0.046000
121,5,0.544822,0.090685,0.046000
121,6,0.635534,0.070134,0.046000
121,7,0.731702,0.077702,0.046000
121,8,0.823623,0.129968,0.046000
121,9,0.925521,0.111772,0.046000
121,10,0.097518,0.202338,0.046000
121,11,0.192730,0.175919,0.046000
121,12,0.285565,0.182166,0.046000
121,13,0.369137,0.232432,0.046000
121,14,0.468991,0.219402,0.046000
121,15,0.568694,0.184199,0.046000
121,16,0.667341,0.169512,0.046000
121,17,0.757982,0.201476,0.046000
121,18,0.847914,0.222887,0.046000
121,19,0.940936,0.211978,0.046000
121,20,0.064575,0.289476,0.046000
121,21,0.169749,0.267634,0.046000
121,22,0.271364,0.308274,0.046000
121,23,0.362856,0.329433,0.046000
121,24,0.453286,0.310216,0.046000
121,25,0.541314,0.278960,0.046000
121,26,0.634497,0.262779,0.046000
121,27,0.727238,0.320122,0.046000
121,28,0.825865,0.318636,0.046000
121,29,0.925566,0.302796,0.046000
121,30,0.096971,0.382476,0.046000
121,31,0.189555,0.371705,0.046000
121,32,0.274934,0.420856,0.046000
121,33,0.378105,0.422868,0.046000
121,34,0.476139,0.399962,0.046000
121,35,0.574837,0.366880,0.046000
121,36,0.663544,0.391534,0.046000
121,37,0.751617,0.418888,0.046000
121,38,0.846282,0.419087,0.046000
121,39,0.943648,0.395029,0.046000
121,40,0.068874,0.475298,0.046000
121,41,0.176920,0.491385,0.046000
121,42,0.266558,0.522726,0.046000
121,43,0.358937,0.519227,0.046000
121,44,0.447446,0.491461,0.046000
121,45,0.547055,0.461612,0.046000
121,46,0.635550,0.503949,0.046000
121,47,0.738407,0.533576,0.046000
121,48,0.828342,0.509776,0.046000
121,49,0.919147,0.484952,0.046000
121,50,0.086341,0.573558,0.046000
121,51,0.183991,0.597138,0.046000
121,52,0.282641,0.634145,0.046000
121,53,0.380673,0.608807,0.046000
121,54,0.477220,0.578614,0.046000
121,55,0.569114,0.574207,0.046000
121,56,0.655762,0.607621,0.046000
121,57,0.747713,0.628760,0.046000
121,58,0.845062,0.603489,0.046000
121,59,0.946162,0.575695,0.046000
121,60,0.077373,0.682249,0.046000
121,61,0.174598,0.710502,0.046000
121,62,0.265282,0.726804,0.046000
121,63,0.357555,0.701918,0.046000
121,64,0.452790,0.668495,0.046000
121,65,0.550987,0.687058,0.046000
121,66,0.649185,0.731275,0.046000
121,67,0.740652,0.721392,0.046000
121,68,0.828649,0.694341,0.046000
121,69,0.919823,0.677843,0.046000
121,70,0.083627,0.784785,0.046000
121,71,0.184170,0.830735,0.046000
121,72,0.289351,0.820990,0.046000
121,73,0.381845,0.790653,0.046000
121,74,0.471401,0.769588,0.046000
121,75,0.562354,0.787893,0.046000
121,76,0.646344,0.834813,0.046000
121,77,0.748027,0.817537,0.046000
121,78,0.848802,0.785489,0.046000
121,79,0.945623,0.782548,0.046000
121,80,0.081543,0.898255,0.046000
121,81,0.168904,0.927284,0.046000
121,82,0.264784,0.921846,0.046000
121,83,0.360093,0.880328,0.046000
121,84,0.461193,0.869370,0.046000
121,85,0.557258,0.920482,0.046000
121,86,0.648456,0.932602,0.046000
121,87,0.737697,0.909647,0.046000
121,88,0.825177,0.875939,0.046000
121,89,0.921060,0.885943,0.046000
122,0,0.070032,0.106776,0.046000
122,1,0.166984,0.066097,0.046000
122,2,0.273531,0.076797,0.046000
122,3,0.367036,0.128375,0.046000
122,4,0.459108,0.127254,0.046000
122,5,0.542606,0.088341,0.046000
122,6,0.634584,0.068350,0.046000
122,7,0.732746,0.078868,0.046000
122,8,0.825772,0.132497,0.046000
122,9,0.927412,0.111470,0.046000
122,10,0.097079,0.200093,0.046000
122,11,0.190004,0.174806,0.046000
122,12,0.284066,0.183597,0.046000
122,13,0.369126,0.234860,0.046000
122,14,0.470394,0.218564,0.046000
122,15,0.570715,0.181699,0.046000
122,16,0.667788,0.168607,0.046000
122,17,0.755941,0.203426,0.046000
122,18,0.846447,0.224765,0.046000
122,19,0.941050,0.210304,0.046000
122,20,0.065441,0.287212,0.046000
122,21,0.171596,0.267338,0.046000
122,22,0.271630,0.310467,0.046000
122,23,0.361381,0.331083,0.046000
122,24,0.451092,0.308789,0.046000
122,25,0.541333,0.277251,0.046000
122,26,0.635595,0.262965,0.046000
122,27,0.729750,0.322256,0.046000
122,28,0.827307,0.319400,0.046000
122,29,0.925194,0.301432,0.046000
122,30,0.094151,0.380754,0.046000
122,31,0.188251,0.372238,0.046000
122,32,0.274925,0.423462,0.046000
122,33,0.380033,0.423233,0.046000
122,34,0.477137,0.397515,0.046000
122,35,0.573774,0.364946,0.046000
122,36,0.661684,0.393385,0.046000
122,37,0.750179,0.421434,0.046000
122,38,0.846676,0.418774,0.046000
122,39,0.945721,0.392698,0.046000
122,40,0.070453,0.474160,0.046000
122,41,0.177487,0.493100,0.046000
122,42,0.264207,0.524772,0.046000
122,43,0.357158,0.517913,0.046000
122,44,0.446603,0.489092,0.046000
122,45,0.549466,0.461590,0.046000
122,46,0.637691,0.506155,0.046000
122,47,0.739630,0.535477,0.046000
122,48,0.827704,0.508818,0.046000
122,49,0.917327,0.482641,0.046000
122,50,0.084319,0.573341,0.046000
122,51,0.184449,0.599320,0.046000
122,52,0.284596,0.635662,0.046000
122,53,0.381363,0.607114,0.046000
122,54,0.475554,0.576477,0.046000
122,55,0.567628,0.574141,0.046000
122,56,0.654528,0.610129,0.046000
122,57,0.748315,0.629853,0.046000
122,58,0.847211,0.601115,0.046000
122,59,0.948337,0.573788,0.046000
122,60,0.077417,0.683087,0.046000
122,61,0.171948,0.712670,0.046000
122,62,0.263403,0.727504,0.046000
122,63,0.357293,0.699269,0.046000
122,64,0.455247,0.667817,0.046000
122,65,0.553136,0.688402,0.046000
122,66,0.648686,0.733880,0.046000
122,67,0.739846,0.721467,0.046000
122,68,0.827460,0.691952,0.046000
122,69,0.919629,0.676660,0.046000
122,70,0.084024,0.786382,0.046000
122,71,0.185985,0.832947,0.046000
122,72,0.289961,0.819729,0.046000
122,73,0.380003,0.788422,0.046000
122,74,0.469844,0.768418,0.046000
122,75,0.561490,0.789781,0.046000
122,76,0.646692,0.836898,0.046000
122,77,0.750208,0.816427,0.046000
122,78,0.850842,0.783396,0.046000
122,79,0.945853,0.782473,0.046000
122,80,0.079092,0.900234,0.046000
122,81,0.167009,0.928853,0.046000
122,82,0.264537,0.920512,0.046000
122,83,0.362331,0.879449,0.046000
122,84,0.463218,0.869571,0.046000
122,85,0.556293,0.922817,0.046000
122,86,0.647606,0.934039,0.046000
122,87,0.736575,0.907736,0.046000
122,88,0.824924,0.873823,0.046000
122,89,0.922552,0.886871,0.046000
123,0,0.069537,0.104630,0.046000
123,1,0.168455,0.064640,0.046000
123,2,0.275498,0.078266,0.046000
123,3,0.365979,0.130658,0.046000
123,4,0.457869,0.125811,0.046000
123,5,0.540878,0.085648,0.046000
123,6,0.634304,0.067292,0.046000
123,7,0.734430,0.080624,0.046000
123,8,0.827932,0.134597,0.046000
123,9,0.928584,0.110420,0.046000
123,10,0.095900,0.197811,0.046000
123,11,0.187252,0.174452,0.046000
123,12,0.283129,0.185503,0.046000
123,13,0.369915,0.236703,0.046000
123,14,0.471551,0.216852,0.046000
123,15,0.572204,0.179363,0.046000
123,16,0.667395,0.168533,0.046000
123,17,0.753598,0.205668,0.046000
123,18,0.845319,0.225978,0.046000
123,19,0.941881,0.208091,0.046000
123,20,0.066851,0.285250,0.046000
123,21,0.173160,0.267855,0.046000
123,22,0.270267,0.312571,0.046000
123,23,0.360307,0.332168,0.046000
123,24,0.449102,0.306931,0.046000
123,25,0.542587,0.276450,0.046000
123,26,0.637299,0.263927,0.046000
123,27,0.732105,0.324363,0.046000
123,28,0.828000,0.319401,0.046000
123,29,0.924083,0.299633,0.046000
123,30,0.091424,0.379595,0.046000
123,31,0.187585,0.373495,0.046000
123,32,0.275722,0.425803,0.046000
123,33,0.381540,0.422252,0.046000
123,34,0.477642,0.394915,0.046000
123,35,0.572070,0.363761,0.046000
123,36,0.659583,0.395725,0.046000
123,37,0.749193,0.423548,0.046000
123,38,0.847826,0.417523,0.046000
123,39,0.948084,0.390343,0.046000
123,40,0.071669,0.473784,0.046000
123,41,0.176148,0.494850,0.046000
123,42,0.262622,0.526686,0.046000
123,43,0.355657,0.515986,0.046000
123,44,0.447011,0.487050,0.046000
123,45,0.552244,0.462269,0.046000
123,46,0.639613,0.508614,0.046000
123,47,0.739537,0.536862,0.046000
123,48,0.826871,0.507254,0.046000
123,49,0.915567,0.480640,0.046000
123,50,0.083136,0.573926,0.046000
123,51,0.185633,0.601624,0.046000
123,52,0.286579,0.636423,0.046000
123,53,0.381501,0.604942,0.046000
123,54,0.473449,0.575170,0.046000
123,55,0.565943,0.574888,0.046000
123,56,0.653829,0.612554,0.046000
123,57,0.749665,0.629708,0.046000
123,58,0.849551,0.598455,0.046000
123,59,0.949943,0.572473,0.046000
123,60,0.076677,0.684604,0.046000
123,61,0.169098,0.714637,0.046000
123,62,0.261939,0.727362,0.046000
123,63,0.357807,0.696483,0.046000
123,64,0.458005,0.667702,0.046000
123,65,0.554945,0.690310,0.046000
123,66,0.647526,0.736050,0.046000
123,67,0.738446,0.721159,0.046000
123,68,0.826357,0.689547,0.046000
123,69,0.920087,0.676247,0.046000
123,70,0.085127,0.788430,0.046000
123,71,0.187733,0.834604,0.046000
123,72,0.289935,0.817847,0.046000
123,73,0.377646,0.786332,0.046000
123,74,0.468207,0.768119,0.046000
123,75,0.561210,0.791968,0.046000
123,76,0.647793,0.838286,0.046000
123,77,0.752478,0.814695,0.046000
123,78,0.852220,0.781581,0.046000
123,79,0.945249,0.783178,0.046000
123,80,0.076499,0.902363,0.046000
123,81,0.165649,0.929658,0.046000
123,82,0.265106,0.918648,0.046000
123,83,0.364826,0.878842,0.046000
123,84,0.464800,0.870547,0.046000
123,85,0.554695,0.925090,0.046000
123,86,0.646255,0.934617,0.046000
123,87,0.735648,0.905473,0.046000
123,88,0.825401,0.872330,0.046000
123,89,0.924540,0.888463,0.046000
124,0,0.069910,0.102366,0.046000
124,1,0.170237,0.063938,0.046000
124,2,0.276952,0.080243,0.046000
124,3,0.364261,0.132452,0.046000
124,4,0.456199,0.123788,0.046000
124,5,0.539568,0.083051,0.046000
124,6,0.634796,0.067047,0.046000
124,7,0.736543,0.082750,0.046000
124,8,0.829736,0.135842,0.046000
124,9,0.928907,0.108726,0.046000
124,10,0.094217,0.195592,0.046000
124,11,0.184793,0.174893,0.046000
124,12,0.282938,0.187634,0.046000
124,13,0.371358,0.237801,0.046000
124,14,0.472765,0.214645,0.046000
124,15,0.572945,0.177439,0.046000
124,16,0.666264,0.169264,0.046000
124,17,0.751270,0.207936,0.046000
124,18,0.844832,0.226635,0.046000
124,19,0.943394,0.205525,0.046000
124,20,0.068433,0.283981,0.046000
124,21,0.174158,0.269104,0.046000
124,22,0.268308,0.314557,0.046000
124,23,0.358698,0.331695,0.046000
124,24,0.447637,0.304777,0.046000
124,25,0.544240,0.275602,0.046000
124,26,0.639356,0.265531,0.046000
124,27,0.733994,0.326180,0.046000
124,28,0.827857,0.318629,0.046000
124,29,0.922462,0.297665,0.046000
124,30,0.089106,0.379148,0.046000
124,31,0.187697,0.375290,0.046000
124,32,0.277130,0.427645,0.046000
124,33,0.382513,0.420720,0.046000
124,34,0.477461,0.392422,0.046000
124,35,0.570037,0.363972,0.046000
124,36,0.657573,0.398348,0.046000
124,37,0.748886,0.425029,0.046000
124,38,0.848984,0.415074,0.046000
124,39,0.950425,0.388228,0.046000
124,40,0.072264,0.474206,0.046000
124,41,0.174057,0.496794,0.046000
124,42,0.260989,0.527898,0.046000
124,43,0.354722,0.513586,0.046000
124,44,0.448624,0.485581,0.046000
124,45,0.555130,0.463641,0.046000
124,46,0.641014,0.511067,0.046000
124,47,0.738683,0.537439,0.046000
124,48,0.825561,0.505241,0.046000
124,49,0.914809,0.479755,0.046000
124,50,0.082865,0.575231,0.046000
124,51,0.187312,0.603780,0.046000
124,52,0.287834,0.636018,0.046000
124,53,0.380935,0.602521,0.046000
124,54,0.471052,0.574836,0.046000
124,55,0.564406,0.576310,0.046000
124,56,0.653850,0.614642,0.046000
124,57,0.751583,0.628812,0.046000
124,58,0.851759,0.595755,0.046000
124,59,0.950774,0.571893,0.046000
124,60,0.075253,0.686619,0.046000
124,61,0.166349,0.716160,0.046000
124,62,0.261140,0.726435,0.046000
124,63,0.359438,0.694009,0.046000
124,64,0.460775,0.668261,0.046000
124,65,0.556136,0.692564,0.046000
124,66,0.645739,0.737578,0.046000
124,67,0.736740,0.720095,0.046000
124,68,0.825659,0.687391,0.046000
124,69,0.921254,0.676637,0.046000
124,70,0.086663,0.790679,0.046000
124,71,0.189090,0.835543,0.046000
124,72,0.288742,0.815642,0.046000
124,73,0.375437,0.784634,0.046000
124,74,0.466832,0.768660,0.046000
124,75,0.561659,0.794189,0.046000
124,76,0.649454,0.838865,0.046000
124,77,0.754506,0.812540,0.046000
124,78,0.852381,0.780259,0.046000
124,79,0.944361,0.784600,0.046000
124,80,0.074084,0.904371,0.046000
124,81,0.165033,0.929639,0.046000
124,82,0.266383,0.916489,0.046000
124,83,0.367266,0.878723,0.046000
124,84,0.465694,0.872163,0.046000
124,85,0.552530,0.927047,0.046000
124,86,0.644689,0.934336,0.046000
124,87,0.735214,0.903111,0.046000
124,88,0.826606,0.871599,0.046000
124,89,0.926743,0.890543,0.046000
125,0,0.071004,0.100254,0.046000
125,1,0.171993,0.064050,0.046000
125,2,0.277671,0.082489,0.046000
125,3,0.362000,0.133573,0.046000
125,4,0.454432,0.121283,0.046000
125,5,0.538878,0.080829,0.046000
125,6,0.636018,0.067614,0.046000
125,7,0.738786,0.084986,0.046000
125,8,0.830864,0.135875,0.046000
125,9,0.928387,0.106563,0.046000
125,10,0.092269,0.193806,0.046000
125,11,0.182916,0.176075,0.046000
125,12,0.283545,0.189716,0.046000
125,13,0.373201,0.238073,0.046000
125,14,0.473692,0.212143,0.046000
125,15,0.572815,0.176132,0.046000
125,16,0.664654,0.170684,0.046000
125,17,0.749280,0.209966,0.046000
125,18,0.845173,0.226926,0.046000
125,19,0.945416,0.202843,0.046000
125,20,0.069881,0.283441,0.046000
125,21,0.174403,0.270922,0.046000
125,22,0.265831,0.316165,0.046000
125,23,0.357070,0.330252,0.046000
125,24,0.446912,0.302594,0.046000
125,25,0.546421,0.275419,0.046000
125,26,0.641445,0.267572,0.046000
125,27,0.735170,0.327479,0.046000
125,28,0.826931,0.317164,0.046000
125,29,0.920644,0.295806,0.046000
125,30,0.087465,0.379477,0.046000
125,31,0.188589,0.377382,0.046000
125,32,0.278857,0.428805,0.046000
125,33,0.383178,0.418884,0.046000
125,34,0.476535,0.390289,0.046000
125,35,0.567719,0.364998,0.046000
125,36,0.655975,0.401006,0.046000
125,37,0.749355,0.425742,0.046000
125,38,0.850449,0.412083,0.046000
125,39,0.952418,0.386591,0.046000
125,40,0.072093,0.475373,0.046000
125,41,0.171546,0.498717,0.046000
125,42,0.259485,0.528267,0.046000
125,43,0.354533,0.510920,0.046000
125,44,0.450769,0.484660,0.046000
125,45,0.557811,0.465609,0.046000
125,46,0.641678,0.513253,0.046000
125,47,0.737118,0.536914,0.046000
125,48,0.824114,0.503030,0.046000
125,49,0.914800,0.479671,0.046000
125,50,0.083439,0.577098,0.046000
125,51,0.189173,0.605539,0.046000
125,52,0.288190,0.634568,0.046000
125,53,0.379656,0.600111,0.046000
125,54,0.468488,0.575162,0.046000
125,55,0.563329,0.578194,0.046000
125,56,0.654641,0.616170,0.046000
125,57,0.753862,0.627511,0.046000
125,58,0.853518,0.593273,0.046000
125,59,0.950747,0.572109,0.046000
125,60,0.073368,0.688898,0.046000
125,61,0.164016,0.717047,0.046000
125,62,0.261140,0.724865,0.046000
125,63,0.361886,0.691985,0.046000
125,64,0.463240,0.669514,0.046000
125,65,0.556538,0.694908,0.046000
125,66,0.643448,0.738330,0.046000
125,67,0.735069,0.718471,0.046000
125,68,0.825599,0.685720,0.046000
125,69,0.923042,0.677777,0.046000
125,70,0.088295,0.792861,0.046000
125,71,0.189802,0.835678,0.046000
125,72,0.286367,0.813343,0.046000
125,73,0.373729,0.783538,0.046000
125,74,0.466005,0.769919,0.046000
125,75,0.562838,0.796176,0.046000
125,76,0.651385,0.838611,0.046000
125,77,0.755995,0.810208,0.046000
125,78,0.851259,0.779599,0.046000
125,79,0.943490,0.786582,0.046000
125,80,0.072156,0.906002,0.046000
125,81,0.165245,0.928826,0.046000
125,82,0.268140,0.914303,0.046000
125,83,0.369329,0.879233,0.046000
125,84,0.465771,0.874213,0.046000
125,85,0.549961,0.928464,0.046000
125,86,0.643256,0.933290,0.046000
125,87,0.735462,0.900917,0.046000
125,88,0.828399,0.871687,0.046000
125,89,0.928829,0.892877,0.046000
126,0,0.072555,0.098544,0.046000
126,1,0.173393,0.064943,0.046000
126,2,0.277560,0.084741,0.046000
126,3,0.359388,0.133910,0.046000
126,4,0.452910,0.118483,0.046000
126,5,0.538958,0.079197,0.046000
126,6,0.637799,0.068905,0.046000
126,7,0.740827,0.087063,0.046000
126,8,0.831213,0.135096,0.046000
126,9,0.927168,0.104167,0.046000
126,10,0.090369,0.192703,0.046000
126,11,0.181833,0.177861,0.046000
126,12,0.284859,0.191488,0.046000
126,13,0.375117,0.237525,0.046000
126,14,0.474059,0.209597,0.046000
126,15,0.571191,0.175619,0.046000
126,16,0.663545,0.172564,0.046000
126,17,0.747907,0.211519,0.046000
126,18,0.846391,0.225881,0.046000
126,19,0.947674,0.200302,0.046000
126,20,0.070899,0.283652,0.046000
126,21,0.173843,0.273085,0.046000
126,22,0.263106,0.317193,0.046000
126,23,0.355787,0.328226,0.046000
126,24,0.447022,0.300649,0.046000
126,25,0.548960,0.276014,0.046000
126,26,0.643235,0.269798,0.046000
126,27,0.734736,0.328184,0.046000
126,28,0.826053,0.315653,0.046000
126,29,0.918972,0.294312,0.046000
126,30,0.086668,0.380556,0.046000
126,31,0.190122,0.379500,0.046000
126,32,0.280563,0.429175,0.046000
126,33,0.383224,0.416652,0.046000
126,34,0.474949,0.388733,0.046000
126,35,0.565405,0.366679,0.046000
126,36,0.655043,0.403442,0.046000
126,37,0.750559,0.425633,0.046000
126,38,0.852137,0.408981,0.046000
126,39,0.953787,0.385616,0.046000
126,40,0.071152,0.477145,0.046000
126,41,0.168876,0.500352,0.046000
126,42,0.258426,0.527801,0.046000
126,43,0.355143,0.508235,0.046000
126,44,0.453207,0.484434,0.046000
126,45,0.559985,0.467998,0.046000
126,46,0.641514,0.514938,0.046000
126,47,0.735088,0.535538,0.046000
126,48,0.822878,0.500891,0.046000
126,49,0.915468,0.480269,0.046000
126,50,0.084660,0.579302,0.046000
126,51,0.190875,0.606694,0.046000
126,52,0.287887,0.632535,0.046000
126,53,0.377135,0.598156,0.046000
126,54,0.466736,0.576010,0.046000
126,55,0.562937,0.580286,0.046000
126,56,0.656111,0.616980,0.046000
126,57,0.755839,0.625514,0.046000
126,58,0.854581,0.591250,0.046000
126,59,0.949920,0.573091,0.046000
126,60,0.071328,0.691176,0.046000
126,61,0.162364,0.717185,0.046000
126,62,0.261749,0.722201,0.046000
126,63,0.364497,0.690521,0.046000
126,64,0.465111,0.671387,0.046000
126,65,0.556107,0.697075,0.046000
126,66,0.640891,0.738254,0.046000
126,67,0.733764,0.716535,0.046000
126,68,0.826598,0.684975,0.046000
126,69,0.925239,0.679525,0.046000
126,70,0.089681,0.794717,0.046000
126,71,0.189730,0.835014,0.046000
126,72,0.283800,0.811629,0.046000
126,73,0.372164,0.783162,0.046000
126,74,0.465912,0.771704,0.046000
126,75,0.564613,0.797692,0.046000
126,76,0.653252,0.837587,0.046000
126,77,0.756732,0.807967,0.046000
126,78,0.849508,0.779708,0.046000
126,79,0.942420,0.788884,0.046000
126,80,0.070954,0.907049,0.046000
126,81,0.166230,0.927337,0.046000
126,82,0.270064,0.912357,0.046000
126,83,0.370744,0.880420,0.046000
126,84,0.465040,0.876445,0.046000
126,85,0.547253,0.929178,0.046000
126,86,0.642271,0.931649,0.046000
126,87,0.736448,0.899140,0.046000
126,88,0.830528,0.872561,0.046000
126,89,0.930482,0.895200,0.046000
127,0,0.074233,0.097440,0.046000
127,1,0.174172,0.066499,0.046000
127,2,0.276662,0.086732,0.046000
127,3,0.356808,0.133358,0.046000
127,4,0.451926,0.115619,0.046000
127,5,0.539818,0.078306,0.046000
127,6,0.639859,0.070750,0.046000
127,7,0.742361,0.088731,0.046000
127,8,0.830731,0.133544,0.046000
127,9,0.925508,0.101800,0.046000
127,10,0.088843,0.192389,0.046000
127,11,0.181633,0.180042,0.046000
127,12,0.286568,0.192809,0.046000
127,13,0.376771,0.236253,0.046000
127,14,0.473706,0.207268,0.046000
127,15,0.569068,0.175902,0.046000
127,16,0.662466,0.174712,0.046000
127,17,0.747332,0.212413,0.046000
127,18,0.848229,0.224259,0.046000
127,19,0.949843,0.198153,0.046000
127,20,0.071255,0.284614,0.046000
127,21,0.172568,0.275332,0.046000
127,22,0.260434,0.317502,0.046000
127,23,0.355114,0.325793,0.046000
127,24,0.447920,0.299181,0.046000
127,25,0.551573,0.277329,0.046000
127,26,0.644441,0.271938,0.046000
127,27,0.733409,0.328127,0.046000
127,28,0.824920,0.313786,0.046000
127,29,0.917759,0.293392,0.046000
127,30,0.086757,0.382269,0.046000
127,31,0.192046,0.381378,0.046000
127,32,0.281916,0.428734,0.046000
127,33,0.382538,0.414274,0.046000
127,34,0.472914,0.387908,0.046000
127,35,0.563420,0.368856,0.046000
127,36,0.654919,0.405414,0.046000
127,37,0.752322,0.424741,0.046000
127,38,0.853702,0.406013,0.046000
127,39,0.953697,0.385411,0.046000
127,40,0.069576,0.479314,0.046000
127,41,0.166364,0.501473,0.046000
127,42,0.258041,0.526597,0.046000
127,43,0.356461,0.505788,0.046000
127,44,0.455628,0.484962,0.046000
127,45,0.561060,0.470376,0.046000
127,46,0.640921,0.516146,0.046000
127,47,0.732915,0.533591,0.046000
127,48,0.822151,0.499084,0.046000
127,49,0.916830,0.481562,0.046000
127,50,0.086234,0.581582,0.046000
127,51,0.192106,0.607112,0.046000
127,52,0.286860,0.630097,0.046000
127,53,0.374254,0.596712,0.046000
127,54,0.465471,0.577507,0.046000
127,55,0.563332,0.582312,0.046000
127,56,0.658044,0.616992,0.046000
127,57,0.757409,0.623108,0.046000
127,58,0.854814,0.589880,0.046000
127,59,0.948481,0.574722,0.046000
127,60,0.069469,0.693188,0.046000
127,61,0.161561,0.716546,0.046000
127,62,0.263040,0.719452,0.046000
127,63,0.366952,0.689776,0.046000
127,64,0.466181,0.673728,0.046000
127,65,0.554906,0.698800,0.046000
127,66,0.638413,0.737408,0.046000
127,67,0.733083,0.714560,0.046000
127,68,0.828374,0.685067,0.046000
127,69,0.927548,0.681675,0.046000
127,70,0.090531,0.796024,0.046000
127,71,0.188873,0.833642,0.046000
127,72,0.281088,0.810016,0.046000
127,73,0.371056,0.783563,0.046000
127,74,0.466604,0.773768,0.046000
127,75,0.566733,0.798552,0.046000
127,76,0.654728,0.835940,0.046000
127,77,0.756628,0.806074,0.046000
127,78,0.847340,0.780583,0.046000
127,79,0.941509,0.791248,0.046000
127,80,0.070607,0.907373,0.046000
127,81,0.167801,0.925362,0.046000
127,82,0.271816,0.910890,0.046000
127,83,0.371341,0.882238,0.046000
127,84,0.463645,0.878589,0.046000
127,85,0.544722,0.929108,0.046000
127,86,0.641960,0.929645,0.046000
127,87,0.738083,0.897980,0.046000
127,88,0.832672,0.874100,0.046000
127,89,0.931452,0.897250,0.046000
128,0,0.075695,0.097074,0.046000
128,1,0.174176,0.068526,0.046000
128,2,0.274638,0.087937,0.046000
128,3,0.355800,0.131684,0.046000
128,4,0.451675,0.112947,0.046000
128,5,0.541330,0.078231,0.046000
128,6,0.641869,0.072920,0.046000
128,7,0.743164,0.089788,0.046000
128,8,0.829521,0.131429,0.046000
128,9,0.923733,0.099722,0.046000
128,10,0.087953,0.192881,0.046000
128,11,0.182266,0.182368,0.046000
128,12,0.287662,0.194111,0.046000
128,13,0.377921,0.234224,0.046000
128,14,0.472614,0.205398,0.046000
128,15,0.566712,0.176945,0.046000
128,16,0.661747,0.176856,0.046000
128,17,0.747607,0.212541,0.046000
128,18,0.850420,0.222224,0.046000
128,19,0.951601,0.196605,0.046000
128,20,0.070837,0.286238,0.046000
128,21,0.170792,0.277393,0.046000
128,22,0.258206,0.316966,0.046000
128,23,0.355153,0.323388,0.046000
128,24,0.449426,0.298369,0.046000
128,25,0.553480,0.279247,0.046000
128,26,0.645333,0.273707,0.046000
128,27,0.731501,0.327292,0.046000
128,28,0.823706,0.311802,0.046000
128,29,0.917235,0.293183,0.046000
128,30,0.087632,0.384430,0.046000
128,31,0.193966,0.382850,0.046000
128,32,0.282653,0.427551,0.046000
128,33,0.381149,0.412016,0.046000
128,34,0.470729,0.387889,0.046000
128,35,0.562044,0.371309,0.046000
128,36,0.655605,0.406731,0.046000
128,37,0.754365,0.423188,0.046000
128,38,0.854828,0.403425,0.046000
128,39,0.952662,0.385997,0.046000
128,40,0.067613,0.481630,0.046000
128,41,0.164320,0.501917,0.046000
128,42,0.258438,0.524832,0.046000
128,43,0.358269,0.503819,0.046000
128,44,0.457707,0.486214,0.046000
128,45,0.560184,0.472072,0.046000
128,46,0.640402,0.517119,0.046000
128,47,0.731333,0.531346,0.046000
128,48,0.822128,0.497830,0.046000
128,49,0.918767,0.483468,0.046000
128,50,0.087817,0.583672,0.046000
128,51,0.192641,0.606741,0.046000
128,52,0.285111,0.627347,0.046000
128,53,0.371574,0.595878,0.046000
128,54,0.464816,0.579554,0.046000
128,55,0.564473,0.584010,0.046000
128,56,0.660136,0.616217,0.046000
128,57,0.758424,0.620665,0.046000
128,58,0.854218,0.589288,0.046000
128,59,0.946719,0.576813,0.046000
128,60,0.068101,0.694701,0.046000
128,61,0.161645,0.715193,0.046000
128,62,0.264711,0.717060,0.046000
128,63,0.368940,0.689825,0.046000
128,64,0.464550,0.675808,0.046000
128,65,0.553403,0.699674,0.046000
128,66,0.637904,0.736637,0.046000
128,67,0.733174,0.712818,0.046000
128,68,0.830622,0.685906,0.046000
128,69,0.929640,0.683973,0.046000
128,70,0.090653,0.796627,0.046000
128,71,0.187368,0.831733,0.046000
128,72,0.278542,0.808756,0.046000
128,73,0.370632,0.784707,0.046000
128,74,0.467991,0.775841,0.046000
128,75,0.568880,0.798652,0.046000
128,76,0.655557,0.833884,0.046000
128,77,0.755735,0.804747,0.046000
128,78,0.845053,0.782134,0.046000
128,79,0.941061,0.793408,0.046000
128,80,0.071107,0.906922,0.046000
128,81,0.169670,0.923145,0.046000
128,82,0.273088,0.910080,0.046000
128,83,0.370398,0.884585,0.046000
128,84,0.462528,0.880360,0.046000
128,85,0.542676,0.928263,0.046000
128,86,0.642426,0.927546,0.046000
128,87,0.740154,0.897568,0.046000
128,88,0.834503,0.876111,0.046000
128,89,0.931603,0.898795,0.046000
129,0,0.076642,0.097493,0.046000
129,1,0.173390,0.070780,0.046000
129,2,0.272074,0.088355,0.046000
129,3,0.355415,0.129651,0.046000
129,4,0.452221,0.110709,0.046000
129,5,0.543250,0.078956,0.046000
129,6,0.643504,0.075151,0.046000
129,7,0.743132,0.090106,0.046000
129,8,0.827795,0.128932,0.046000
129,9,0.922185,0.098163,0.046000
129,10,0.087852,0.194109,0.046000
129,11,0.183551,0.184571,0.046000
129,12,0.288743,0.194530,0.046000
129,13,0.378330,0.231849,0.046000
129,14,0.470903,0.204179,0.046000
129,15,0.564447,0.178624,0.046000
129,16,0.661636,0.178731,0.046000
129,17,0.748641,0.211886,0.046000
129,18,0.852649,0.220032,0.046000
129,19,0.952692,0.195806,0.046000
129,20,0.069677,0.288357,0.046000
129,21,0.168817,0.279023,0.046000
129,22,0.257062,0.315250,0.046000
129,23,0.355964,0.321092,0.046000
129,24,0.451256,0.298308,0.046000
129,25,0.554240,0.281567,0.046000
129,26,0.645997,0.274881,0.046000
129,27,0.729249,0.325778,0.046000
129,28,0.822757,0.309977,0.046000
129,29,0.917507,0.293737,0.046000
129,30,0.089069,0.386797,0.046000
129,31,0.195182,0.384111,0.046000
129,32,0.282619,0.425775,0.046000
129,33,0.379224,0.410132,0.046000
129,34,0.468727,0.388673,0.046000
129,35,0.561461,0.373781,0.046000
129,36,0.656969,0.407268,0.046000
129,37,0.756358,0.421170,0.046000
129,38,0.855280,0.401432,0.046000
129,39,0.950980,0.387304,0.046000
129,40,0.065583,0.483823,0.046000
129,41,0.162992,0.501605,0.046000
129,42,0.259579,0.522739,0.046000
129,43,0.360265,0.502516,0.046000
129,44,0.459167,0.488070,0.046000
129,45,0.558215,0.473322,0.046000
129,46,0.639039,0.517292,0.046000
129,47,0.730995,0.529111,0.046000
129,48,0.822873,0.497280,0.046000
129,49,0.921040,0.485827,0.046000
129,50,0.089073,0.585326,0.046000
129,51,0.192336,0.605614,0.046000
129,52,0.282358,0.624590,0.046000
129,53,0.369971,0.595550,0.046000
129,54,0.464922,0.581943,0.046000
129,55,0.566185,0.585161,0.046000
129,56,0.662054,0.614753,0.046000
129,57,0.758695,0.618450,0.046000
129,58,0.852933,0.589516,0.046000
129,59,0.944973,0.579120,0.046000
129,60,0.067447,0.695540,0.046000
129,61,0.162515,0.713274,0.046000
129,62,0.266396,0.715440,0.046000
129,63,0.370214,0.690656,0.046000
129,64,0.462242,0.677930,0.046000
129,65,0.551738,0.699843,0.046000
129,66,0.637849,0.735300,0.046000
129,67,0.734046,0.711547,0.046000
129,68,0.833077,0.687428,0.046000
129,69,0.931210,0.686150,0.046000
129,70,0.089990,0.796450,0.046000
129,71,0.185468,0.829518,0.046000
129,72,0.276473,0.808058,0.046000
129,73,0.370996,0.786471,0.046000
129,74,0.469856,0.777654,0.046000
129,75,0.570373,0.797846,0.046000
129,76,0.655933,0.831812,0.046000
129,77,0.753515,0.804317,0.046000
129,78,0.843698,0.784010,0.046000
129,79,0.941278,0.795121,0.046000
129,80,0.072308,0.905735,0.046000
129,81,0.171500,0.920953,0.046000
129,82,0.273654,0.910032,0.046000
129,83,0.368621,0.887236,0.046000
129,84,0.461327,0.881519,0.046000
129,85,0.541439,0.926785,0.046000
129,86,0.643626,0.925624,0.046000
129,87,0.742363,0.897949,0.046000
129,88,0.835737,0.878350,0.046000
129,89,0.930937,0.899661,0.046000
130,0,0.076872,0.098654,0.046000
130,1,0.171938,0.072992,0.046000
130,2,0.269621,0.088063,0.046000
130,3,0.355579,0.127279,0.046000
130,4,0.453487,0.109108,0.046000
130,5,0.545259,0.080376,0.046000
130,6,0.644499,0.077177,0.046000
130,7,0.741879,0.089451,0.046000
130,8,0.826276,0.126476,0.046000
130,9,0.921161,0.097295,0.046000
130,10,0.088554,0.195919,0.046000
130,11,0.185204,0.186396,0.046000
130,12,0.289478,0.194096,0.046000
130,13,0.377942,0.229365,0.046000
130,14,0.468812,0.203733,0.046000
130,15,0.562591,0.180743,0.046000
130,16,0.662254,0.180106,0.046000
130,17,0.750219,0.210520,0.046000
130,18,0.854588,0.217956,0.046000
130,19,0.952967,0.195821,0.046000
130,20,0.067943,0.290745,0.046000
130,21,0.166983,0.280027,0.046000
130,22,0.256669,0.313001,0.046000
130,23,0.357375,0.319041,0.046000
130,24,0.453077,0.299019,0.046000
130,25,0.554278,0.283998,0.046000
130,26,0.645874,0.275344,0.046000
130,27,0.726963,0.323757,0.046000
130,28,0.822352,0.308560,0.046000
130,29,0.918543,0.295013,0.046000
130,30,0.090757,0.389106,0.046000
130,31,0.195917,0.384538,0.046000
130,32,0.281801,0.423623,0.046000
130,33,0.376963,0.409005,0.046000
130,34,0.467323,0.390122,0.046000
130,35,0.561726,0.376010,0.046000
130,36,0.658760,0.406989,0.046000
130,37,0.757974,0.418934,0.046000
130,38,0.854949,0.400195,0.046000
130,39,0.948855,0.389182,0.046000
130,40,0.063822,0.485639,0.046000
130,41,0.162520,0.500548,0.046000
130,42,0.261295,0.520583,0.046000
130,43,0.362111,0.501999,0.046000
130,44,0.459824,0.490340,0.046000
130,45,0.555756,0.474161,0.046000
130,46,0.637625,0.516632,0.046000
130,47,0.731211,0.526998,0.046000
130,48,0.824307,0.497509,0.046000
130,49,0.923336,0.488418,0.046000
130,50,0.089733,0.586349,0.046000
130,51,0.190110,0.603622,0.046000
130,52,0.280717,0.622450,0.046000
130,53,0.368914,0.596040,0.046000
130,54,0.465805,0.584424,0.046000
130,55,0.568190,0.585612,0.046000
130,56,0.663487,0.612775,0.046000
130,57,0.758162,0.616702,0.046000
130,58,0.851213,0.590515,0.046000
130,59,0.943573,0.581377,0.046000
130,60,0.067610,0.695606,0.046000
130,61,0.163947,0.711001,0.046000
130,62,0.267856,0.714367,0.046000
130,63,0.369370,0.692340,0.046000
130,64,0.460497,0.679615,0.046000
130,65,0.550487,0.699321,0.046000
130,66,0.638474,0.733569,0.046000
130,67,0.735566,0.710924,0.046000
130,68,0.835417,0.689489,0.046000
130,69,0.932039,0.687952,0.046000
130,70,0.088626,0.795507,0.046000
130,71,0.183496,0.827259,0.046000
130,72,0.275126,0.808057,0.046000
130,73,0.372110,0.788662,0.046000
130,74,0.471898,0.778974,0.046000
130,75,0.570526,0.796137,0.046000
130,76,0.656186,0.830128,0.046000
130,77,0.751021,0.804663,0.046000
130,78,0.842813,0.786173,0.046000
130,79,0.942228,0.796193,0.046000
130,80,0.073952,0.903936,0.046000
130,81,0.172964,0.919052,0.046000
130,82,0.273412,0.910759,0.046000
130,83,0.366421,0.889941,0.046000
130,84,0.459818,0.881712,0.046000
130,85,0.541519,0.925062,0.046000
130,86,0.645387,0.924126,0.046000
130,87,0.744375,0.899079,0.046000
130,88,0.836192,0.880548,0.046000
130,89,0.929594,0.899749,0.046000
131,0,0.076312,0.100429,0.046000
131,1,0.170060,0.074903,0.046000
131,2,0.267595,0.087043,0.046000
131,3,0.356427,0.124821,0.046000
131,4,0.455269,0.108282,0.046000
131,5,0.547021,0.082311,0.046000
131,6,0.644699,0.078752,0.046000
131,7,0.739609,0.087886,0.046000
131,8,0.825271,0.124305,0.046000
131,9,0.920863,0.097210,0.046000
131,10,0.089937,0.198092,0.046000
131,11,0.186884,0.187635,0.046000
131,12,0.289615,0.192926,0.046000
131,13,0.376812,0.227129,0.046000
131,14,0.466654,0.204094,0.046000
131,15,0.561405,0.183056,0.046000
131,16,0.663584,0.180807,0.046000
131,17,0.752037,0.208597,0.046000
131,18,0.855948,0.216251,0.046000
131,19,0.952413,0.196628,0.046000
131,20,0.065905,0.293140,0.046000
131,21,0.165603,0.280282,0.046000
131,22,0.257092,0.310403,0.046000
131,23,0.359209,0.317522,0.046000
131,24,0.454558,0.300433,0.046000
131,25,0.553590,0.286240,0.046000
131,26,0.645075,0.275035,0.046000
131,27,0.724972,0.321463,0.046000
131,28,0.822659,0.307749,0.046000
131,29,0.920173,0.296885,0.046000
131,30,0.092353,0.391097,0.046000
131,31,0.195963,0.384129,0.046000
131,32,0.280321,0.421353,0.046000
131,33,0.374758,0.408602,0.046000
131,34,0.466638,0.392078,0.046000
131,35,0.562756,0.377785,0.046000
131,36,0.660657,0.405946,0.046000
131,37,0.758951,0.416748,0.046000
131,38,0.853863,0.399796,0.046000
131,39,0.946576,0.391412,0.046000
131,40,0.062619,0.486869,0.046000
131,41,0.162907,0.498847,0.046000
131,42,0.263313,0.518636,0.046000
131,43,0.363494,0.502299,0.046000
131,44,0.459623,0.492781,0.046000
131,45,0.553029,0.474406,0.046000
131,46,0.636498,0.515311,0.046000
131,47,0.732109,0.525262,0.046000
131,48,0.826225,0.498498,0.046000
131,49,0.925329,0.490985,0.046000
131,50,0.089640,0.586620,0.046000
131,51,0.187469,0.601243,0.046000
131,52,0.279170,0.620862,0.046000
131,53,0.368597,0.597265,0.046000
131,54,0.467337,0.586735,0.046000
131,55,0.570158,0.585294,0.046000
131,56,0.664207,0.610518,0.046000
131,57,0.756908,0.615609,0.046000
131,58,0.849384,0.592150,0.046000
131,59,0.942787,0.583323,0.046000
131,60,0.068553,0.694890,0.046000
131,61,0.165628,0.708628,0.046000
131,62,0.268796,0.713991,0.046000
131,63,0.367383,0.694565,0.046000
131,64,0.458687,0.680776,0.046000
131,65,0.549866,0.698128,0.046000
131,66,0.639769,0.731814,0.046000
131,67,0.737488,0.711049,0.046000
131,68,0.837326,0.691874,0.046000
131,69,0.932026,0.689169,0.046000
131,70,0.086772,0.793904,0.046000
131,71,0.181786,0.825225,0.046000
131,72,0.274640,0.808797,0.046000
131,73,0.373803,0.791036,0.046000
131,74,0.473780,0.779628,0.046000
131,75,0.570068,0.793922,0.046000
131,76,0.655622,0.828758,0.046000
131,77,0.748643,0.805751,0.046000
131,78,0.842565,0.788375,0.046000
131,79,0.943837,0.796506,0.046000
131,80,0.075710,0.901722,0.046000
131,81,0.173799,0.917668,0.046000
131,82,0.272403,0.912187,0.046000
131,83,0.364091,0.892442,0.046000
131,84,0.458843,0.881173,0.046000
131,85,0.542380,0.923021,0.046000
131,86,0.647432,0.923247,0.046000
131,87,0.745774,0.900848,0.046000
131,88,0.835927,0.882420,0.046000
131,89,0.927827,0.899052,0.046000
132,0,0.075033,0.102616,0.046000
132,1,0.168073,0.076284,0.046000
132,2,0.266254,0.085366,0.046000
132,3,0.357952,0.122542,0.046000
132,4,0.457269,0.108287,0.046000
132,5,0.548241,0.084524,0.046000
132,6,0.644083,0.079689,0.046000
132,7,0.737107,0.085770,0.046000
132,8,0.824587,0.122443,0.046000
132,9,0.921364,0.097912,0.046000
132,10,0.091758,0.200371,0.046000
132,11,0.188257,0.188143,0.046000
132,12,0.289024,0.191208,0.046000
132,13,0.375061,0.225406,0.046000
132,14,0.464845,0.205189,0.046000
132,15,0.561040,0.185297,0.046000
132,16,0.665428,0.180731,0.046000
132,17,0.753793,0.206346,0.046000
132,18,0.856535,0.215126,0.046000
132,19,0.951156,0.198114,0.046000
132,20,0.063892,0.295279,0.046000
132,21,0.164913,0.279753,0.046000
132,22,0.258255,0.307691,0.046000
132,23,0.361150,0.316708,0.046000
132,24,0.455429,0.302393,0.046000
132,25,0.552183,0.287887,0.046000
132,26,0.643603,0.273795,0.046000
132,27,0.723880,0.319339,0.046000
132,28,0.823708,0.307665,0.046000
132,29,0.922125,0.299155,0.046000
132,30,0.093533,0.392547,0.046000
132,31,0.194510,0.382648,0.046000
132,32,0.279158,0.419558,0.046000
132,33,0.372947,0.408967,0.046000
132,34,0.466764,0.394309,0.046000
132,35,0.564352,0.379079,0.046000
132,36,0.662320,0.404276,0.046000
132,37,0.759133,0.414874,0.046000
132,38,0.852189,0.400232,0.046000
132,39,0.944475,0.393739,0.046000
132,40,0.062172,0.487370,0.046000
132,41,0.164020,0.496678,0.046000
132,42,0.265301,0.517140,0.046000
132,43,0.364180,0.503362,0.046000
132,44,0.458650,0.495130,0.046000
132,45,0.550333,0.473953,0.046000
132,46,0.635935,0.513562,0.046000
132,47,0.733678,0.524112,0.046000
132,48,0.828329,0.500139,0.046000
132,49,0.926732,0.493271,0.046000
132,50,0.088771,0.586104,0.046000
132,51,0.184661,0.598717,0.046000
132,52,0.278037,0.619990,0.046000
132,53,0.369087,0.599064,0.046000
132,54,0.469277,0.588628,0.046000
132,55,0.571760,0.584227,0.046000
132,56,0.663708,0.608219,0.046000
132,57,0.755541,0.615313,0.046000
132,58,0.847786,0.594219,0.046000
132,59,0.942772,0.584733,0.046000
132,60,0.070103,0.693473,0.046000
132,61,0.167214,0.706421,0.046000
132,62,0.269015,0.714380,0.046000
132,63,0.364909,0.697025,0.046000
132,64,0.456883,0.681358,0.046000
132,65,0.549834,0.696331,0.046000
132,66,0.641672,0.730309,0.046000
132,67,0.739493,0.711932,0.046000
132,68,0.838548,0.694333,0.046000
132,69,0.931212,0.689659,0.046000
132,70,0.084728,0.791819,0.046000
132,71,0.180630,0.823655,0.046000
132,72,0.275016,0.810234,0.046000
132,73,0.375797,0.793326,0.046000
132,74,0.475191,0.779522,0.046000
132,75,0.568916,0.791412,0.046000
132,76,0.654512,0.827920,0.046000
132,77,0.746698,0.807478,0.046000
132,78,0.843070,0.790350,0.046000
132,79,0.945902,0.796026,0.046000
132,80,0.077241,0.899339,0.046000
132,81,0.173852,0.916969,0.046000
132,82,0.270798,0.914158,0.046000
132,83,0.361960,0.894495,0.046000
132,84,0.458600,0.879918,0.046000
132,85,0.543892,0.920934,0.046000
132,86,0.649431,0.923108,0.046000
132,87,0.745546,0.903218,0.046000
132,88,0.835433,0.883516,0.046000
132,89,0.926345,0.897714,0.046000
133,0,0.073234,0.104969,0.046000
133,1,0.166316,0.076972,0.046000
133,2,0.265750,0.083187,0.046000
133,3,0.360007,0.120686,0.046000
133,4,0.459150,0.109088,0.046000
133,5,0.548716,0.086749,0.046000
133,6,0.642762,0.079871,0.046000
133,7,0.734698,0.083299,0.046000
133,8,0.824482,0.121114,0.046000
133,9,0.922593,0.099318,0.046000
133,10,0.093699,0.202487,0.046000
133,11,0.189045,0.187862,0.046000
133,12,0.287720,0.189189,0.046000
133,13,0.372845,0.224409,0.046000
133,14,0.463820,0.206845,0.046000
133,15,0.561514,0.187206,0.046000
133,16,0.667001,0.179723,0.046000
133,17,0.755691,0.204177,0.046000
133,18,0.856283,0.214723,0.046000
133,19,0.949440,0.200095,0.046000
133,20,0.062233,0.296928,0.046000
133,21,0.165031,0.278496,0.046000
133,22,0.259951,0.305123,0.046000
133,23,0.362863,0.316683,0.046000
133,24,0.455527,0.304679,0.046000
133,25,0.550230,0.288943,0.046000
133,26,0.642033,0.271858,0.046000
133,27,0.723663,0.317526,0.046000
133,28,0.825387,0.308345,0.046000
133,29,0.924068,0.301578,0.046000
133,30,0.094055,0.393292,0.046000
133,31,0.192380,0.380597,0.046000
133,32,0.277874,0.418156,0.046000
133,33,0.371791,0.410076,0.046000
133,34,0.467674,0.396548,0.046000
133,35,0.566193,0.379572,0.046000
133,36,0.663452,0.402184,0.046000
133,37,0.758501,0.413536,0.046000
133,38,0.850196,0.401410,0.046000
133,39,0.942861,0.395894,0.046000
133,40,0.062545,0.487082,0.046000
133,41,0.165610,0.494275,0.046000
133,42,0.266932,0.516282,0.046000
133,43,0.364056,0.505046,0.046000
133,44,0.457119,0.497130,0.046000
133,45,0.547985,0.472788,0.046000
133,46,0.636102,0.511655,0.046000
133,47,0.735765,0.523689,0.046000
133,48,0.830286,0.502251,0.046000
133,49,0.927338,0.494958,0.046000
133,50,0.087247,0.584858,0.046000
133,51,0.181996,0.596309,0.046000
133,52,0.277561,0.619917,0.046000
133,53,0.370305,0.601212,0.046000
133,54,0.471306,0.589900,0.046000
133,55,0.572732,0.582520,0.046000
133,56,0.662101,0.606149,0.046000
133,57,0.754282,0.615837,0.046000
133,58,0.846715,0.596469,0.046000
133,59,0.943562,0.585531,0.046000
133,60,0.071985,0.691515,0.046000
133,61,0.168383,0.704630,0.046000
133,62,0.268444,0.715509,0.046000
133,63,0.362165,0.699458,0.046000
133,64,0.455415,0.681238,0.046000
133,65,0.550519,0.694131,0.046000
133,66,0.643992,0.729285,0.046000
133,67,0.741246,0.713490,0.046000
133,68,0.838435,0.696632,0.046000
133,69,0.930273,0.689329,0.046000
133,70,0.082830,0.789487,0.046000
133,71,0.180225,0.822736,0.046000
133,72,0.276119,0.812236,0.046000
133,73,0.377763,0.795276,0.046000
133,74,0.475795,0.778642,0.046000
133,75,0.567237,0.788869,0.046000
133,76,0.653194,0.827762,0.046000
133,77,0.745442,0.809662,0.046000
133,78,0.844304,0.791857,0.046000
133,79,0.948129,0.794810,0.046000
133,80,0.078248,0.897051,0.046000
133,81,0.173107,0.917044,0.046000
133,82,0.268876,0.916452,0.046000
133,83,0.360334,0.895903,0.046000
133,84,0.459152,0.878051,0.046000
133,85,0.545813,0.919070,0.046000
133,86,0.651057,0.923740,0.046000
133,87,0.744339,0.905789,0.046000
133,88,0.834021,0.883797,0.046000
133,89,0.925639,0.895922,0.046000
134,0,0.071207,0.107221,0.046000
134,1,0.165086,0.076882,0.046000
134,2,0.266104,0.080722,0.046000
134,3,0.362336,0.119456,0.046000
134,4,0.459827,0.110758,0.046000
134,5,0.549102,0.088534,0.046000
134,6,0.640633,0.079252,0.046000
134,7,0.733081,0.080730,0.046000
134,8,0.825091,0.120480,0.046000
134,9,0.924351,0.101262,0.046000
134,10,0.095421,0.204190,0.046000
134,11,0.189079,0.186823,0.046000
134,12,0.285851,0.187140,0.046000
134,13,0.370776,0.224184,0.046000
134,14,0.463508,0.208918,0.046000
134,15,0.562706,0.188563,0.046000
134,16,0.668360,0.177983,0.046000
134,17,0.757104,0.202242,0.046000
134,18,0.855265,0.215100,0.046000
134,19,0.947584,0.202329,0.046000
134,20,0.061198,0.297906,0.046000
134,21,0.165933,0.276649,0.046000
134,22,0.261885,0.302947,0.046000
134,23,0.363713,0.317483,0.046000
134,24,0.455161,0.306993,0.046000
134,25,0.547992,0.289279,0.046000
134,26,0.640860,0.269500,0.046000
134,27,0.724229,0.316167,0.046000
134,28,0.827465,0.309732,0.046000
134,29,0.925672,0.303889,0.046000
134,30,0.093796,0.393252,0.046000
134,31,0.189858,0.378242,0.046000
134,32,0.276717,0.417311,0.046000
134,33,0.371448,0.411816,0.046000
134,34,0.469205,0.398531,0.046000
134,35,0.567936,0.379237,0.046000
134,36,0.663851,0.399923,0.046000
134,37,0.756872,0.412932,0.046000
134,38,0.848519,0.403124,0.046000
134,39,0.941965,0.397631,0.046000
134,40,0.063666,0.486037,0.046000
134,41,0.167351,0.491900,0.046000
134,42,0.267938,0.516175,0.046000
134,43,0.363149,0.507142,0.046000
134,44,0.455332,0.498565,0.046000
134,45,0.546265,0.470989,0.046000
134,46,0.637031,0.509869,0.046000
134,47,0.738111,0.524048,0.046000
134,48,0.831781,0.504597,0.046000
134,49,0.927029,0.495568,0.046000
134,50,0.085305,0.583021,0.046000
134,51,0.179785,0.594270,0.046000
134,52,0.277862,0.620636,0.046000
134,53,0.372048,0.603448,0.046000
134,54,0.473106,0.590341,0.046000
134,55,0.571994,0.580114,0.046000
134,56,0.660900,0.604816,0.046000
134,57,0.753042,0.617091,0.046000
134,58,0.846374,0.598632,0.046000
134,59,0.945092,0.585934,0.046000
134,60,0.073865,0.689239,0.046000
134,61,0.168893,0.703455,0.046000
134,62,0.267156,0.717266,0.046000
134,63,0.359448,0.701606,0.046000
134,64,0.454540,0.680457,0.046000
134,65,0.551905,0.691779,0.046000
134,66,0.646446,0.728912,0.046000
134,67,0.742451,0.715564,0.046000
134,68,0.837190,0.698512,0.046000
134,69,0.929270,0.688226,0.046000
134,70,0.081391,0.787174,0.046000
134,71,0.180636,0.822577,0.046000
134,72,0.277697,0.814604,0.046000
134,73,0.379371,0.796667,0.046000
134,74,0.474435,0.776955,0.046000
134,75,0.566270,0.786674,0.046000
134,76,0.652024,0.828349,0.046000
134,77,0.745021,0.812068,0.046000
134,78,0.846128,0.792538,0.046000
134,79,0.950186,0.792998,0.046000
134,80,0.078529,0.895116,0.046000
134,81,0.171690,0.917890,0.046000
134,82,0.266968,0.918811,0.046000
134,83,0.359440,0.896537,0.046000
134,84,0.460424,0.875754,0.046000
134,85,0.547824,0.917669,0.046000
134,86,0.652045,0.925086,0.046000
134,87,0.742508,0.908224,0.046000
134,88,0.832323,0.883535,0.046000
134,89,0.925331,0.893788,0.046000
135,0,0.069288,0.109116,0.046000
135,1,0.164591,0.076021,0.046000
135,2,0.267196,0.078226,0.046000
135,3,0.364620,0.118980,0.046000
135,4,0.459138,0.113081,0.046000
135,5,0.548160,0.089787,0.046000
135,6,0.639682,0.077789,0.046000
135,7,0.732072,0.078305,0.046000
135,8,0.826411,0.120623,0.046000
135,9,0.926346,0.103519,0.046000
135,10,0.096625,0.205279,0.046000
135,11,0.188367,0.184979,0.046000
135,12,0.283678,0.185331,0.046000
135,13,0.369167,0.224751,0.046000
135,14,0.463990,0.211153,0.046000
135,15,0.564376,0.189210,0.046000
135,16,0.669282,0.175705,0.046000
135,17,0.757805,0.200758,0.046000
135,18,0.853684,0.216222,0.046000
135,19,0.945931,0.204550,0.046000
135,20,0.060950,0.298108,0.046000
135,21,0.167419,0.274587,0.046000
135,22,0.263718,0.301374,0.046000
135,23,0.363172,0.319054,0.046000
135,24,0.454768,0.309030,0.046000
135,25,0.545793,0.288839,0.046000
135,26,0.640332,0.266953,0.046000
135,27,0.725514,0.315447,0.046000
135,28,0.829632,0.311686,0.046000
135,29,0.926663,0.305833,0.046000
135,30,0.092775,0.392432,0.046000
135,31,0.187218,0.375840,0.046000
135,32,0.276002,0.417165,0.046000
135,33,0.371940,0.414000,0.046000
135,34,0.471085,0.400023,0.046000
135,35,0.569259,0.378143,0.046000
135,36,0.663440,0.397762,0.046000
135,37,0.754633,0.413124,0.046000
135,38,0.847341,0.405159,0.046000
135,39,0.941904,0.398748,0.046000
135,40,0.065331,0.484354,0.046000
135,41,0.168900,0.489814,0.046000
135,42,0.268155,0.516844,0.046000
135,43,0.361619,0.509398,0.046000
135,44,0.453631,0.499278,0.046000
135,45,0.545364,0.468716,0.046000
135,46,0.638609,0.508460,0.046000
135,47,0.740397,0.525155,0.046000
135,48,0.832578,0.506912,0.046000
135,49,0.925964,0.495456,0.046000
135,50,0.083261,0.580802,0.046000
135,51,0.178282,0.592815,0.046000
135,52,0.278921,0.622054,0.046000
135,53,0.374018,0.605501,0.046000
135,54,0.474442,0.589598,0.046000
135,55,0.570381,0.577473,0.046000
135,56,0.659504,0.604172,0.046000
135,57,0.752153,0.618931,0.046000
135,58,0.846836,0.600450,0.046000
135,59,0.947040,0.585492,0.046000
135,60,0.075411,0.686906,0.046000
135,61,0.168622,0.703028,0.046000
135,62,0.265352,0.719464,0.046000
135,63,0.357074,0.703237,0.046000
135,64,0.454357,0.679378,0.046000
135,65,0.553839,0.689541,0.046000
135,66,0.648707,0.729277,0.046000
135,67,0.742910,0.717929,0.046000
135,68,0.835343,0.699752,0.046000
135,69,0.928135,0.686493,0.046000
135,70,0.080648,0.785141,0.046000
135,71,0.181788,0.823201,0.046000
135,72,0.279426,0.817089,0.046000
135,73,0.380354,0.797342,0.046000
135,74,0.472475,0.774776,0.046000
135,75,0.564966,0.784916,0.046000
135,76,0.651311,0.829649,0.046000
135,77,0.745449,0.814435,0.046000
135,78,0.848280,0.792253,0.046000
135,79,0.951764,0.790801,0.046000
135,80,0.078014,0.893750,0.046000
135,81,0.169841,0.919416,0.046000
135,82,0.265405,0.920969,0.046000
135,83,0.359387,0.896351,0.046000
135,84,0.462211,0.873260,0.046000
135,85,0.549589,0.916914,0.046000
135,86,0.650869,0.927260,0.046000
135,87,0.741567,0.910017,0.046000
135,88,0.830681,0.882760,0.046000
135,89,0.925642,0.891575,0.046000
