simulation_time_s,pressure_pa,pressure_kpa,density,phase,cycle,log_line
0.0010120000000000142,0.001084,1.084e-06,0.050101,high_pressure,0,100
0.0020329999999999454,0.0,0.0,0.050202,high_pressure,0,122
0.003053000000000081,0.00067,6.7e-07,0.050303,high_pressure,0,144
0.004073000000000216,0.003687,3.687e-06,0.050405,high_pressure,0,166
0.004750000000000306,0.000483,4.83e-07,0.050507,high_pressure,0,188
0.006118000000000488,0.0,0.0,0.050609,high_pressure,0,216
0.007195000000000631,0.001417,1.4170000000000002e-06,0.050711,high_pressure,0,238
0.008274000000000373,0.0,0.0,0.050814,high_pressure,0,260
0.009354999999999579,0.000971,9.709999999999999e-07,0.050917,high_pressure,0,282
0.010076999999999049,0.001464,1.464e-06,0.05102,high_pressure,0,297
0.011160999999998252,0.002709,2.7090000000000002e-06,0.051124,high_pressure,0,319
0.012241999999997458,0.00161,1.61e-06,0.051228,high_pressure,0,341
0.013320999999996665,0.000207,2.07e-07,0.051332,high_pressure,0,363
0.014040999999996136,0.001898,1.8979999999999999e-06,0.051436,high_pressure,0,378
0.01512499999999534,0.002012,2.012e-06,0.051541,high_pressure,0,400
0.016207999999995556,0.00168,1.68e-06,0.051646,high_pressure,0,422
0.017293999999996642,-0.0,-0.0,0.051751,high_pressure,0,444
0.018016999999997365,0.001029,1.029e-06,0.051857,high_pressure,0,459
0.019099999999998448,0.001032,1.032e-06,0.051963,high_pressure,0,481
0.020183999999999532,0.001823,1.823e-06,0.052069,high_pressure,0,503
0.021267000000000615,0.003692,3.692e-06,0.052175,high_pressure,0,525
0.0223520000000017,0.000264,2.6400000000000003e-07,0.052282,high_pressure,0,547
0.023075000000002423,0.001335,1.3350000000000001e-06,0.052389,high_pressure,0,562
0.02416200000000351,0.00157,1.57e-06,0.052496,high_pressure,0,584
0.025246000000004595,0.001416,1.4159999999999999e-06,0.052604,high_pressure,0,606
0.026328000000005677,0.0,0.0,0.052712,high_pressure,0,628
0.0270500000000064,0.00141,1.41e-06,0.05282,high_pressure,0,643
0.028133000000007482,0.001483,1.483e-06,0.052928,high_pressure,0,665
0.029218000000008567,0.002499,2.499e-06,0.053037,high_pressure,0,687
0.03030000000000965,0.000396,3.96e-07,0.053146,high_pressure,0,709
0.031023000000010372,0.001007,1.007e-06,0.053256,high_pressure,0,724
0.03210500000001145,0.001949,1.949e-06,0.053365,high_pressure,0,746
0.033190000000012536,0.001322,1.322e-06,0.053475,high_pressure,0,768
0.03427400000001362,0.001049,1.049e-06,0.053586,high_pressure,0,790
0.0353550000000147,0.000135,1.35e-07,0.053696,high_pressure,0,812
0.03607600000001542,0.00011,1.1e-07,0.053807,high_pressure,0,827
0.03716200000001651,0.004678,4.678e-06,0.053918,high_pressure,0,849
0.03824500000001759,0.00092,9.2e-07,0.05403,high_pressure,0,871
0.039200000000018546,0.001272,1.2719999999999998e-06,0.054141,high_pressure,0,893
0.04028100000001963,0.000428,4.28e-07,0.054254,high_pressure,0,915
0.04100100000002035,0.000966,9.66e-07,0.054366,high_pressure,0,930
0.04208300000002143,0.000141,1.41e-07,0.054479,high_pressure,0,952
0.04316400000002251,0.002841,2.8410000000000004e-06,0.054592,high_pressure,0,974
0.044247000000023594,0.00262,2.62e-06,0.054705,high_pressure,0,996
0.04532600000002467,0.001759,1.759e-06,0.054819,high_pressure,0,1018
0.04604600000002539,0.002808,2.808e-06,0.054933,high_pressure,0,1033
0.04712600000002647,0.001516,1.516e-06,0.055047,high_pressure,0,1055
0.048209000000027556,0.001423,1.423e-06,0.055162,high_pressure,0,1077
0.04929200000002864,0.000531,5.31e-07,0.055277,high_pressure,0,1099
0.05001300000002936,0.000706,7.06e-07,0.055392,high_pressure,0,1114
0.05109500000003044,0.000662,6.620000000000001e-07,0.055507,high_pressure,0,1136
0.052176000000031524,0.002366,2.366e-06,0.055623,high_pressure,0,1158
0.053258000000032606,0.001005,1.0050000000000001e-06,0.05574,high_pressure,0,1180
0.05434100000003369,0.000358,3.5799999999999995e-07,0.055856,high_pressure,0,1202
0.05506200000003441,0.000308,3.08e-07,0.055973,high_pressure,0,1217
0.05614400000003549,0.002048,2.0479999999999997e-06,0.05609,high_pressure,0,1239
0.05722500000003657,0.000179,1.7899999999999997e-07,0.056208,high_pressure,0,1261
0.058306000000037654,0.002729,2.729e-06,0.056326,high_pressure,0,1283
0.059026000000038374,0.000944,9.44e-07,0.056444,high_pressure,0,1298
0.060107000000039455,0.003364,3.364e-06,0.056562,high_pressure,0,1320
0.061187000000040535,0.004982,4.982e-06,0.056681,high_pressure,0,1342
0.06226900000004162,0.001122,1.122e-06,0.0568,high_pressure,0,1364
0.06334900000004269,0.002132,2.132e-06,0.05692,high_pressure,0,1386
0.06406900000004341,0.002262,2.262e-06,0.05704,high_pressure,0,1401
0.06515000000004449,0.003669,3.669e-06,0.05716,high_pressure,0,1423
0.06622900000004557,0.001579,1.579e-06,0.05728,high_pressure,0,1445
0.06730800000004665,-0.0,-0.0,0.057401,high_pressure,0,1467
0.06800100000004734,0.003834,3.834e-06,0.057522,high_pressure,0,1482
0.06908000000004842,0.002873,2.8730000000000003e-06,0.057644,high_pressure,0,1504
0.07015000000004949,0.001681,1.681e-06,0.057766,high_pressure,0,1526
0.07123100000005057,0.002104,2.104e-06,0.057888,high_pressure,0,1548
0.07231300000005166,0.003752,3.7520000000000002e-06,0.058011,high_pressure,0,1570
0.07303300000005238,0.004168,4.168e-06,0.058134,high_pressure,0,1585
0.07410800000005345,0.001201,1.201e-06,0.058257,high_pressure,0,1607
0.07518500000005453,0.005491,5.4910000000000005e-06,0.05838,high_pressure,0,1629
0.07626500000005561,0.003972,3.972e-06,0.058504,high_pressure,0,1651
0.07734100000005668,0.003259,3.259e-06,0.058629,high_pressure,0,1673
0.0780560000000574,0.00081,8.1e-07,0.058753,high_pressure,0,1688
0.07913800000005848,0.004791,4.791e-06,0.058878,high_pressure,0,1710
0.08022000000005956,0.002997,2.9970000000000003e-06,0.059004,high_pressure,0,1732
0.08129800000006064,0.001721,1.7210000000000001e-06,0.05913,high_pressure,0,1754
0.08201600000006136,0.00492,4.9199999999999995e-06,0.059256,high_pressure,0,1769
0.08309500000006244,0.000958,9.58e-07,0.059382,high_pressure,0,1791
0.08417500000006352,0.002751,2.751e-06,0.059509,high_pressure,0,1813
0.0852560000000646,0.005364,5.364e-06,0.059636,high_pressure,0,1835
0.08633500000006568,0.003607,3.607e-06,0.059764,high_pressure,0,1857
0.0870560000000664,0.002609,2.6090000000000003e-06,0.059892,high_pressure,0,1872
0.08813800000006748,6.8e-05,6.8e-08,0.06002,high_pressure,0,1894
0.08921800000006856,0.003882,3.882e-06,0.060148,high_pressure,0,1916
0.09029300000006964,-0.0,-0.0,0.060277,high_pressure,0,1938
0.09101100000007036,0.00066,6.6e-07,0.060407,high_pressure,0,1953
0.09209100000007144,0.002088,2.088e-06,0.060537,high_pressure,0,1975
0.09303300000007238,0.0012,1.2e-06,0.060667,high_pressure,0,1997
0.09411000000007345,0.001626,1.626e-06,0.060797,high_pressure,0,2019
0.09518800000007453,0.00636,6.36e-06,0.060928,high_pressure,0,2041
0.09626600000007561,0.002153,2.153e-06,0.061059,high_pressure,0,2063
0.09734500000007669,0.002404,2.4039999999999998e-06,0.061191,high_pressure,0,2085
0.09806300000007741,0.002611,2.611e-06,0.061323,high_pressure,0,2100
0.09913800000007848,0.0003,3e-07,0.061455,high_pressure,0,2122
0.10021300000007956,0.005238,5.238e-06,0.061588,high_pressure,0,2144
0.10129100000008064,0.000491,4.91e-07,0.061721,high_pressure,0,2166
0.10201000000008136,0.0003,3e-07,0.061855,high_pressure,0,2181
0.10308900000008243,0.000524,5.240000000000001e-07,0.061988,high_pressure,0,2203
0.1041610000000835,0.003553,3.553e-06,0.062123,high_pressure,0,2225
0.10517000000008452,0.00112,1.1199999999999999e-06,0.062257,high_pressure,0,2247
0.1062480000000856,0.005014,5.014000000000001e-06,0.062393,high_pressure,0,2269
0.10732500000008667,0.001968,1.968e-06,0.062528,high_pressure,0,2291
0.10804400000008739,0.001522,1.522e-06,0.062664,high_pressure,0,2306
0.10912200000008847,2e-06,1.9999999999999997e-09,0.0628,high_pressure,0,2328
0.11020000000008955,0.001102,1.102e-06,0.062937,high_pressure,0,2350
0.11127500000009062,0.005222,5.222e-06,0.063074,high_pressure,0,2372
0.1123540000000917,0.00021,2.1e-07,0.063211,high_pressure,0,2394
0.11307400000009242,0.006845,6.8450000000000005e-06,0.063349,high_pressure,0,2409
0.1141500000000935,0.001936,1.936e-06,0.063487,high_pressure,0,2431
0.11523000000009458,0.002137,2.137e-06,0.063626,high_pressure,0,2453
0.11631100000009566,0.00456,4.5599999999999995e-06,0.063765,high_pressure,0,2475
0.11703000000009638,0.0,0.0,0.063904,high_pressure,0,2490
0.11811000000009746,0.002298,2.2980000000000003e-06,0.064044,high_pressure,0,2512
0.11919300000009854,0.002528,2.5279999999999998e-06,0.064184,high_pressure,0,2534
0.12026700000009961,3.4e-05,3.4e-08,0.064325,high_pressure,0,2556
0.12134500000010069,0.000529,5.289999999999999e-07,0.064466,high_pressure,0,2578
0.12206300000010141,0.003173,3.173e-06,0.064608,high_pressure,0,2593
0.12313700000010248,0.001011,1.011e-06,0.06475,high_pressure,0,2615
0.12421300000010356,0.001826,1.826e-06,0.064892,high_pressure,0,2637
0.12528900000010462,0.001689,1.689e-06,0.065035,high_pressure,0,2659
0.12600500000010534,0.000706,7.06e-07,0.065178,high_pressure,0,2674
0.1270760000001064,0.003818,3.8180000000000005e-06,0.065321,high_pressure,0,2696
0.12814900000010748,0.00608,6.08e-06,0.065465,high_pressure,0,2718
0.12922500000010856,0.005006,5.006e-06,0.06561,high_pressure,0,2740
0.13030300000010964,0.003947,3.947e-06,0.065755,high_pressure,0,2762
0.13102300000011036,0.002509,2.509e-06,0.0659,high_pressure,0,2777
0.13210000000011143,0.003675,3.675e-06,0.066046,high_pressure,0,2799
0.1331770000001125,0.011153,1.1153e-05,0.066192,high_pressure,0,2821
0.1342550000001136,0.002703,2.703e-06,0.066338,high_pressure,0,2843
0.13533400000011467,0.000195,1.9499999999999999e-07,0.066485,high_pressure,0,2865
0.13605000000011538,0.000587,5.87e-07,0.066633,high_pressure,0,2880
0.13712500000011646,0.002421,2.4209999999999998e-06,0.066781,high_pressure,0,2902
0.13820200000011754,0.0,0.0,0.066929,high_pressure,0,2924
0.1392740000001186,0.00299,2.99e-06,0.067078,high_pressure,0,2946
0.14035000000011968,0.001999,1.999e-06,0.067227,high_pressure,0,2968
0.1410700000001204,0.005251,5.250999999999999e-06,0.067377,high_pressure,0,2983
0.14214900000012148,0.001409,1.4090000000000002e-06,0.067527,high_pressure,0,3005
0.14322500000012256,0.00368,3.68e-06,0.067677,high_pressure,0,3027
0.1442770000001236,0.001037,1.037e-06,0.067828,high_pressure,0,3049
0.1453530000001247,0.001068,1.068e-06,0.06798,high_pressure,0,3071
0.14604600000012538,3.9e-05,3.9e-08,0.068132,high_pressure,0,3086
0.14701400000012635,0.0,0.0,0.068284,high_pressure,0,3108
0.14808900000012742,0.001748,1.748e-06,0.068437,high_pressure,0,3130
0.1491630000001285,0.001342,1.342e-06,0.06859,high_pressure,0,3152
0.15023800000012957,0.003342,3.342e-06,0.068744,high_pressure,0,3174
0.15131200000013065,0.001307,1.307e-06,0.068898,high_pressure,0,3196
0.15202800000013136,0.000982,9.82e-07,0.069052,high_pressure,0,3211
0.15310300000013244,0.001991,1.991e-06,0.069207,high_pressure,0,3233
0.15418100000013352,0.005993,5.993e-06,0.069363,high_pressure,0,3255
0.1552590000001346,0.005848,5.848e-06,0.069519,high_pressure,0,3277
0.15633500000013567,0.004207,4.207e-06,0.069675,high_pressure,0,3299
0.15705000000013639,0.002809,2.8089999999999997e-06,0.069832,high_pressure,0,3314
0.15812500000013746,0.0024,2.4e-06,0.06999,high_pressure,0,3336
0.15920000000013854,0.001745,1.745e-06,0.070148,high_pressure,0,3358
0.1602750000001396,0.005978,5.978e-06,0.070306,high_pressure,0,3380
0.1613500000001407,0.001346,1.346e-06,0.070465,high_pressure,0,3402
0.1620700000001414,0.004843,4.843e-06,0.070624,high_pressure,0,3417
0.16314500000014248,0.004369,4.369e-06,0.070784,high_pressure,0,3439
0.16421900000014356,0.002017,2.0170000000000003e-06,0.070944,high_pressure,0,3461
0.16529600000014463,0.003976,3.9760000000000006e-06,0.071105,high_pressure,0,3483
0.16601400000014535,0.000284,2.84e-07,0.071266,high_pressure,0,3498
0.16708900000014643,0.008122,8.122000000000001e-06,0.071428,high_pressure,0,3520
0.1681630000001475,0.00439,4.3899999999999995e-06,0.07159,high_pressure,0,3542
0.16923800000014858,0.00424,4.24e-06,0.071753,high_pressure,0,3564
0.17031200000014965,0.002731,2.7309999999999998e-06,0.071916,high_pressure,0,3586
0.17102700000015036,0.007654,7.654e-06,0.07208,high_pressure,0,3601
0.17210100000015144,0.003932,3.932e-06,0.072244,high_pressure,0,3623
0.1731720000001525,0.000533,5.33e-07,0.072409,high_pressure,0,3645
0.17424400000015358,0.002908,2.908e-06,0.072574,high_pressure,0,3667
0.17532100000015466,0.002726,2.7260000000000002e-06,0.07274,high_pressure,0,3689
0.1763510000001557,0.007139,7.139000000000001e-06,0.072906,high_pressure,0,3711
0.1770660000001564,0.009405,9.405e-06,0.073073,high_pressure,0,3726
0.17813900000015748,0.003488,3.4880000000000003e-06,0.07324,high_pressure,0,3748
0.17921100000015855,0.005448,5.447999999999999e-06,0.073408,high_pressure,0,3770
0.18028400000015962,0.000962,9.62e-07,0.073576,high_pressure,0,3792
0.1813500000001607,0.010753,1.0753e-05,0.073745,high_pressure,0,3814
0.1820650000001614,0.001294,1.294e-06,0.073914,high_pressure,0,3829
0.18313500000016247,0.00462,4.62e-06,0.074084,high_pressure,0,3851
0.18421000000016355,0.005107,5.107e-06,0.074254,high_pressure,0,3873
0.18528600000016462,0.004981,4.981e-06,0.074425,high_pressure,0,3895
0.18600200000016534,0.002565,2.565e-06,0.074597,high_pressure,0,3910
0.1870750000001664,0.006213,6.213e-06,0.074769,high_pressure,0,3932
0.1881490000001675,0.009049,9.049e-06,0.074941,high_pressure,0,3954
0.18922000000016856,0.005597,5.597000000000001e-06,0.075114,high_pressure,0,3976
0.19029500000016963,0.009771,9.771e-06,0.075287,high_pressure,0,3998
0.19101100000017035,0.000131,1.3100000000000002e-07,0.075461,high_pressure,0,4013
0.19208700000017143,0.000919,9.19e-07,0.075636,high_pressure,0,4035
0.1931630000001725,0.003984,3.9839999999999995e-06,0.075811,high_pressure,0,4057
0.19423800000017358,0.001303,1.3029999999999998e-06,0.075987,high_pressure,0,4079
0.19530800000017465,0.004623,4.6230000000000005e-06,0.076163,high_pressure,0,4101
0.19601900000017536,0.010626,1.0626e-05,0.07634,high_pressure,0,4116
0.19708900000017643,0.005645,5.645e-06,0.076517,high_pressure,0,4138
0.1981610000001775,0.005063,5.063e-06,0.076695,high_pressure,0,4160
0.19922800000017857,6e-06,6e-09,0.076873,high_pressure,0,4182
0.20018300000017952,0.006898,6.898e-06,0.077052,high_pressure,0,4204
0.2012500000001806,7e-05,6.999999999999999e-08,0.077232,high_pressure,0,4226
0.20232600000018167,0.005908,5.908e-06,0.077412,high_pressure,0,4248
0.20304400000018238,0.003705,3.705e-06,0.077592,high_pressure,0,4263
0.20411300000018345,0.008252,8.252e-06,0.077773,high_pressure,0,4285
0.20518300000018452,0.009663,9.663e-06,0.077955,high_pressure,0,4307
0.2062590000001856,0.001193,1.193e-06,0.078138,high_pressure,0,4329
0.20733300000018667,0.0053,5.3e-06,0.07832,high_pressure,0,4351
0.2080500000001874,0.004713,4.7130000000000004e-06,0.078504,high_pressure,0,4366
0.20912500000018847,0.001785,1.7849999999999999e-06,0.078688,high_pressure,0,4388
0.21020000000018954,0.001224,1.224e-06,0.078872,high_pressure,0,4410
0.21127400000019061,0.002787,2.787e-06,0.079058,high_pressure,0,4432
0.2123460000001917,0.004905,4.905e-06,0.079243,high_pressure,0,4454
0.2130600000001924,0.008589,8.588999999999999e-06,0.07943,high_pressure,0,4469
0.21413300000019347,0.001385,1.3849999999999999e-06,0.079617,high_pressure,0,4491
0.21520500000019455,0.002256,2.256e-06,0.079804,high_pressure,0,4513
0.21627600000019562,0.008694,8.694e-06,0.079992,high_pressure,0,4535
0.2173480000001967,0.000513,5.13e-07,0.080181,high_pressure,0,4557
0.2180620000001974,0.003096,3.0959999999999997e-06,0.08037,high_pressure,0,4572
0.21913200000019847,0.009938,9.938e-06,0.08056,high_pressure,0,4594
0.22020600000019955,0.00253,2.5300000000000003e-06,0.080751,high_pressure,0,4616
0.22128200000020062,0.004033,4.033e-06,0.080942,high_pressure,0,4638
0.2223590000002017,0.002393,2.3930000000000002e-06,0.081133,high_pressure,0,4660
0.22307500000020242,0.008623,8.623e-06,0.081326,high_pressure,0,4675
0.2241510000002035,0.001412,1.412e-06,0.081519,high_pressure,0,4697
0.22522500000020457,0.00768,7.680000000000001e-06,0.081712,high_pressure,0,4719
0.22629300000020564,0.007462,7.462e-06,0.081906,high_pressure,0,4741
0.22700400000020635,0.003024,3.024e-06,0.082101,high_pressure,0,4756
0.22807500000020742,0.008825,8.825e-06,0.082296,high_pressure,0,4778
0.2291490000002085,0.004865,4.865e-06,0.082492,high_pressure,0,4800
0.23021900000020956,0.00313,3.13e-06,0.082689,high_pressure,0,4822
0.23128600000021063,0.005875,5.875e-06,0.082886,high_pressure,0,4844
0.2323570000002117,0.010883,1.0883e-05,0.083084,high_pressure,0,4866
0.2330700000002124,0.013156,1.3155999999999999e-05,0.083282,high_pressure,0,4881
0.23414300000021349,0.0051,5.1e-06,0.083481,high_pressure,0,4903
0.23521500000021456,0.001587,1.587e-06,0.083681,high_pressure,0,4925
0.23628700000021563,0.005935,5.935e-06,0.083882,high_pressure,0,4947
0.2373570000002167,0.001006,1.006e-06,0.084083,high_pressure,0,4969
0.23807300000021742,0.00179,1.79e-06,0.084284,high_pressure,0,4984
0.2391440000002185,0.011843,1.1843e-05,0.084487,high_pressure,0,5006
0.24021300000021956,0.006687,6.6870000000000005e-06,0.08469,high_pressure,0,5028
0.24128200000022063,0.006255,6.255e-06,0.084893,high_pressure,0,5050
0.2423500000002217,0.008508,8.508e-06,0.085097,high_pressure,0,5072
0.2430640000002224,0.005443,5.443e-06,0.085302,high_pressure,0,5087
0.24413300000022348,0.012605,1.2605e-05,0.085508,high_pressure,0,5109
0.24520100000022454,0.001591,1.5909999999999999e-06,0.085714,high_pressure,0,5131
0.24627200000022562,0.00171,1.71e-06,0.085921,high_pressure,0,5153
0.2473440000002267,0.002585,2.5850000000000002e-06,0.086129,high_pressure,0,5175
0.2480570000002274,0.001786,1.7860000000000001e-06,0.086337,high_pressure,0,5190
0.24912500000022847,0.001193,1.193e-06,0.086546,high_pressure,0,5212
0.2501660000002249,0.012159,1.2159e-05,0.086755,high_pressure,0,5234
0.25122400000019657,0.00432,4.32e-06,0.086966,high_pressure,0,5256
0.2522880000001681,0.004174,4.173999999999999e-06,0.087177,high_pressure,0,5278
0.2532330000001428,0.008979,8.979e-06,0.087388,high_pressure,0,5300
0.2542990000001143,0.001922,1.922e-06,0.087601,high_pressure,0,5322
0.25501000000009527,0.003282,3.282e-06,0.087814,high_pressure,0,5337
0.25607900000006667,0.00861,8.609999999999999e-06,0.088027,high_pressure,0,5359
0.257150000000038,0.008471,8.470999999999999e-06,0.088242,high_pressure,0,5381
0.25822100000000936,0.005904,5.9040000000000006e-06,0.088457,high_pressure,0,5403
0.25929099999998073,0.00413,4.13e-06,0.088673,high_pressure,0,5425
0.2603539999999523,0.010262,1.0262000000000001e-05,0.088889,high_pressure,0,5447
0.2610679999999332,0.004518,4.518000000000001e-06,0.089106,high_pressure,0,5462
0.2621399999999045,0.00268,2.68e-06,0.089324,high_pressure,0,5484
0.26321099999987585,0.00695,6.9499999999999995e-06,0.089543,high_pressure,0,5506
0.2642819999998472,0.004462,4.462e-06,0.089762,high_pressure,0,5528
0.2653509999998186,0.004582,4.582e-06,0.089982,high_pressure,0,5550
0.2660639999997995,0.004815,4.815e-06,0.090203,high_pressure,0,5565
0.2671329999997709,0.005535,5.535e-06,0.090424,high_pressure,0,5587
0.2681949999997425,0.007913,7.913e-06,0.090647,high_pressure,0,5609
0.26926199999971395,0.008293,8.293e-06,0.090869,high_pressure,0,5631
0.2703249999996855,0.008554,8.554000000000001e-06,0.091093,high_pressure,0,5653
0.27103699999966646,0.000218,2.1800000000000002e-07,0.091318,high_pressure,0,5668
0.27210699999963783,0.003962,3.962e-06,0.091543,high_pressure,0,5690
0.27317199999960934,0.004271,4.2709999999999994e-06,0.091769,high_pressure,0,5712
0.2742349999995809,0.01685,1.685e-05,0.091995,high_pressure,0,5734
0.2752999999995524,0.004459,4.459e-06,0.092223,high_pressure,0,5756
0.27600799999953346,0.000723,7.23e-07,0.092451,high_pressure,0,5771
0.2770749999995049,0.009681,9.681000000000001e-06,0.09268,high_pressure,0,5793
0.2781409999994764,0.018521,1.8520999999999998e-05,0.092909,high_pressure,0,5815
0.2792049999994479,0.009554,9.554e-06,0.09314,high_pressure,0,5837
0.28026999999941943,0.008085,8.085e-06,0.093371,high_pressure,0,5859
0.2813389999993908,0.007744,7.744e-06,0.093603,high_pressure,0,5881
0.28205199999937175,0.009841,9.841000000000001e-06,0.093835,high_pressure,0,5896
0.2831189999993432,0.00612,6.12e-06,0.094069,high_pressure,0,5918
0.2841869999993146,0.008216,8.215999999999999e-06,0.094303,high_pressure,0,5940
0.285255999999286,0.003088,3.088e-06,0.094538,high_pressure,0,5962
0.2863229999992575,0.004301,4.301e-06,0.094774,high_pressure,0,5984
0.2870359999992384,0.007629,7.629e-06,0.09501,high_pressure,0,5999
0.28810299999920985,0.013166,1.3166e-05,0.095248,high_pressure,0,6021
0.2891659999991814,0.00771,7.709999999999999e-06,0.095486,high_pressure,0,6043
0.29023299999915286,0.016005,1.6005e-05,0.095725,high_pressure,0,6065
0.2912999999991243,0.010096,1.0096000000000001e-05,0.095965,high_pressure,0,6087
0.2920059999991054,0.012985,1.2985e-05,0.096205,high_pressure,0,6102
0.29306999999907696,0.008595,8.595e-06,0.096447,high_pressure,0,6124
0.29413499999904846,0.014879,1.4879e-05,0.096689,high_pressure,0,6146
0.29520099999901994,0.005784,5.784e-06,0.096932,high_pressure,0,6168
0.29626899999899137,0.004612,4.612e-06,0.097175,high_pressure,0,6190
0.2973359999989628,0.010942,1.0942e-05,0.09742,high_pressure,0,6212
0.2980459999989438,0.003837,3.837e-06,0.097665,high_pressure,0,6227
0.29910699999891543,0.01079,1.079e-05,0.097912,high_pressure,0,6249
0.30017199999888694,0.004976,4.976e-06,0.098159,high_pressure,0,6271
0.3012309999988586,0.008122,8.122000000000001e-06,0.098407,high_pressure,0,6293
0.30229499999883014,0.002602,2.6020000000000002e-06,0.098655,high_pressure,0,6315
0.3030019999988112,0.005743,5.743e-06,0.098905,high_pressure,0,6330
0.3040649999987828,0.017659,1.7659e-05,0.099155,high_pressure,0,6352
0.3051249999987544,0.004964,4.963999999999999e-06,0.099407,high_pressure,0,6374
0.30610299999872825,0.007072,7.072e-06,0.099659,high_pressure,0,6396
0.3071109999987013,0.019666,1.9666e-05,0.099912,high_pressure,0,6418
0.3081749999986728,0.007506,7.506e-06,0.100166,high_pressure,0,6440
0.3092409999986443,0.005446,5.446e-06,0.10042,high_pressure,0,6462
0.31030099999861593,0.018845,1.8845e-05,0.100676,high_pressure,0,6484
0.31101099999859694,0.005305,5.305e-06,0.100932,high_pressure,0,6499
0.31207599999856844,0.013277,1.3277e-05,0.10119,high_pressure,0,6521
0.3131429999985399,0.012575,1.2574999999999999e-05,0.101448,high_pressure,0,6543
0.3142089999985114,0.014158,1.4158e-05,0.101707,high_pressure,0,6565
0.31527499999848285,0.009122,9.122e-06,0.101967,high_pressure,0,6587
0.31634099999845433,0.019185,1.9185e-05,0.102228,high_pressure,0,6609
0.31704999999843536,0.019486,1.9486e-05,0.102489,high_pressure,0,6624
0.3181129999984069,0.018755,1.8755e-05,0.102752,high_pressure,0,6646
0.31917399999837853,0.016637,1.6637e-05,0.103016,high_pressure,0,6668
0.32023799999835006,0.00974,9.74e-06,0.10328,high_pressure,0,6690
0.3212979999983217,0.022226,2.2226e-05,0.103545,high_pressure,0,6712
0.32200299999830284,0.017872,1.7871999999999998e-05,0.103812,high_pressure,0,6727
0.32305999999827456,0.014025,1.4024999999999999e-05,0.104079,high_pressure,0,6749
0.3241199999982462,0.019735,1.9735e-05,0.104347,high_pressure,0,6771
0.3251809999982178,0.019563,1.9563e-05,0.104616,high_pressure,0,6793
0.3262459999981893,0.00251,2.51e-06,0.104886,high_pressure,0,6815
0.3273089999981609,0.022268,2.2268e-05,0.105156,high_pressure,0,6837
0.32801299999814204,0.006684,6.684e-06,0.105428,high_pressure,0,6852
0.3290719999981137,0.012155,1.2155e-05,0.105701,high_pressure,0,6874
0.33013499999808527,0.019014,1.9014e-05,0.105975,high_pressure,0,6896
0.33119999999805677,0.012722,1.2722000000000001e-05,0.106249,high_pressure,0,6918
0.33226199999802836,0.028561,2.8561e-05,0.106525,high_pressure,0,6940
0.333320999998,0.012537,1.2536999999999999e-05,0.106801,high_pressure,0,6962
0.3340289999979811,0.003701,3.701e-06,0.107079,high_pressure,0,6977
0.3350939999979526,0.013823,1.3823e-05,0.107357,high_pressure,0,6999
0.3361539999979242,0.01148,1.148e-05,0.107636,high_pressure,0,7021
0.33721499999789584,0.015697,1.5697e-05,0.107917,high_pressure,0,7043
0.3382749999978675,0.014822,1.4822e-05,0.108198,high_pressure,0,7065
0.3393359999978391,0.020726,2.0726e-05,0.10848,high_pressure,0,7087
0.3400419999978202,0.014991,1.4991000000000001e-05,0.108764,high_pressure,0,7102
0.34110099999779186,0.01482,1.482e-05,0.109048,high_pressure,0,7124
0.34215899999776356,0.023154,2.3154000000000002e-05,0.109333,high_pressure,0,7146
0.34321399999773533,0.01353,1.3530000000000001e-05,0.109619,high_pressure,0,7168
0.34426799999770713,0.018035,1.8035e-05,0.109907,high_pressure,0,7190
0.34532799999767877,0.015369,1.5369e-05,0.110195,high_pressure,0,7212
0.3460329999976599,0.036227,3.6227000000000004e-05,0.110484,high_pressure,0,7227
0.3470899999976316,0.011686,1.1686e-05,0.110775,high_pressure,0,7249
0.34814999999760327,0.025742,2.5742000000000002e-05,0.111066,high_pressure,0,7271
0.3492109999975749,0.00811,8.109999999999999e-06,0.111358,high_pressure,0,7293
0.35026999999754654,0.013092,1.3092e-05,0.111652,high_pressure,0,7315
0.3513259999975183,0.01463,1.463e-05,0.111946,high_pressure,0,7337
0.3520279999974995,0.011484,1.1483999999999999e-05,0.112241,high_pressure,0,7352
0.3530859999974712,0.021005,2.1005e-05,0.112538,high_pressure,0,7374
0.3541469999974428,0.014278,1.4278000000000001e-05,0.112835,high_pressure,0,7396
0.3552079999974144,0.015688,1.5688e-05,0.113134,high_pressure,0,7418
0.3562669999973861,0.028656,2.8656e-05,0.113434,high_pressure,0,7440
0.3573249999973578,0.017091,1.7091e-05,0.113734,high_pressure,0,7462
0.3580299999973389,0.023861,2.3861e-05,0.114036,high_pressure,0,7477
0.3593059999973048,0.025851,2.5851e-05,0.114339,high_pressure,0,7506
0.36000899999728597,0.039985,3.9985e-05,0.114643,high_pressure,0,7521
0.36106299999725777,0.023351,2.3351e-05,0.114948,high_pressure,0,7543
0.36211799999722954,0.009704,9.704e-06,0.115254,high_pressure,0,7565
0.36317199999720134,0.02177,2.177e-05,0.115561,high_pressure,0,7587
0.3642279999971731,0.044553,4.4553000000000005e-05,0.115869,high_pressure,0,7609
0.3652849999971448,0.022009,2.2009000000000002e-05,0.116178,high_pressure,0,7631
0.36633699999711666,0.012211,1.2210999999999999e-05,0.116489,high_pressure,0,7653
0.3670389999970979,0.043964,4.3964e-05,0.1168,high_pressure,0,7668
0.36808999999706976,0.016606,1.6606e-05,0.117113,high_pressure,0,7690
0.36914399999704156,0.021289,2.1289e-05,0.117427,high_pressure,0,7712
0.37019799999701336,0.013542,1.3542e-05,0.117741,high_pressure,0,7734
0.3712539999969851,0.024001,2.4001000000000003e-05,0.118057,high_pressure,0,7756
0.3723079999969569,0.020166,2.0166e-05,0.118375,high_pressure,0,7778
0.3730079999969382,0.014487,1.4487e-05,0.118693,high_pressure,0,7793
0.37405899999691006,0.025608,2.5608e-05,0.119012,high_pressure,0,7815
0.3751119999968819,0.023441,2.3441e-05,0.119333,high_pressure,0,7837
0.37616799999685363,0.017145,1.7145e-05,0.119654,high_pressure,0,7859
0.3772199999968255,0.02903,2.903e-05,0.119977,high_pressure,0,7881
0.3782699999967974,0.037236,3.7236e-05,0.120301,high_pressure,0,7903
0.3793189999967693,0.01851,1.8509999999999997e-05,0.120627,high_pressure,0,7925
0.3800229999967505,0.017841,1.7841e-05,0.120953,high_pressure,0,7940
0.38107899999672223,0.025617,2.5617000000000002e-05,0.12128,high_pressure,0,7962
0.382133999996694,0.031419,3.1419000000000005e-05,0.121609,high_pressure,0,7984
0.38318699999666583,0.016912,1.6912e-05,0.121939,high_pressure,0,8006
0.38423699999663774,0.026896,2.6896e-05,0.12227,high_pressure,0,8028
0.3852839999966097,0.010512,1.0512e-05,0.122603,high_pressure,0,8050
0.3863319999965817,0.019713,1.9713000000000003e-05,0.122936,high_pressure,0,8072
0.387030999996563,0.026239,2.6238999999999997e-05,0.123271,high_pressure,0,8087
0.388076999996535,0.011925,1.1925e-05,0.123607,high_pressure,0,8109
0.3891269999965069,0.056193,5.6193e-05,0.123944,high_pressure,0,8131
0.3901779999964788,0.030502,3.0502e-05,0.124282,high_pressure,0,8153
0.39122999999645064,0.020453,2.0453e-05,0.124622,high_pressure,0,8175
0.3922789999964226,0.036694,3.6694e-05,0.124963,high_pressure,0,8197
0.3932569999963964,0.036826,3.6825999999999996e-05,0.125305,high_pressure,0,8219
0.3943079999963683,0.015707,1.5706999999999997e-05,0.125648,high_pressure,0,8241
0.3950069999963496,0.032077,3.2077e-05,0.125993,high_pressure,0,8256
0.3960599999963214,0.021953,2.1953e-05,0.126339,high_pressure,0,8278
0.3971109999962933,0.042933,4.2933e-05,0.126686,high_pressure,0,8300
0.3981599999962652,0.026374,2.6374000000000002e-05,0.127034,high_pressure,0,8322
0.3992069999962372,0.005474,5.474e-06,0.127384,high_pressure,0,8344
0.4002579999962091,0.021284,2.1284e-05,0.127735,high_pressure,0,8366
0.401307999996181,0.021857,2.1857e-05,0.128087,high_pressure,0,8388
0.40200799999616227,0.025994,2.5994e-05,0.128441,high_pressure,0,8403
0.40305499999613426,0.008101,8.101000000000001e-06,0.128796,high_pressure,0,8425
0.40410499999610616,0.030319,3.0319e-05,0.129152,high_pressure,0,8447
0.4051539999960781,0.025909,2.5909000000000002e-05,0.129509,high_pressure,0,8469
0.40620399999605,0.016085,1.6085e-05,0.129868,high_pressure,0,8491
0.40725699999602183,0.038756,3.8756e-05,0.130228,high_pressure,0,8513
0.4083089999959937,0.022493,2.2493e-05,0.13059,high_pressure,0,8535
0.409006999995975,0.01644,1.644e-05,0.130953,high_pressure,0,8550
0.41005899999594686,0.023566,2.3566e-05,0.131317,high_pressure,0,8572
0.4110709999959198,0.010829,1.0829e-05,0.131682,high_pressure,0,8594
0.41230199999588685,0.016228,1.6227999999999998e-05,0.132049,high_pressure,0,8623
0.4133499999958588,0.031707,3.1707e-05,0.132417,high_pressure,0,8645
0.4140269999958407,0.029527,2.9527e-05,0.132787,high_pressure,0,8660
0.41507499999581265,0.024211,2.4211e-05,0.133158,high_pressure,0,8682
0.4160859999957856,0.034282,3.4282e-05,0.13353,high_pressure,0,8704
0.41713099999575765,0.038946,3.8946e-05,0.133904,high_pressure,0,8726
0.4181749999957297,0.037978,3.7977999999999995e-05,0.134279,high_pressure,0,8748
0.4192249999957016,0.046584,4.6584e-05,0.134656,high_pressure,0,8770
0.4202759999956735,0.028306,2.8306e-05,0.135034,high_pressure,0,8792
0.4213289999956453,0.042448,4.2448e-05,0.135413,high_pressure,0,8814
0.4220249999956267,0.031006,3.1006e-05,0.135794,high_pressure,0,8829
0.4230749999955986,0.07993,7.993e-05,0.136176,high_pressure,0,8851
0.4241249999955705,0.018001,1.8001e-05,0.13656,high_pressure,0,8873
0.4251749999955424,0.04567,4.567e-05,0.136945,high_pressure,0,8895
0.4262189999955145,0.014442,1.4442e-05,0.137331,high_pressure,0,8917
0.4272659999954865,0.03575,3.5749999999999995e-05,0.137719,high_pressure,0,8939
0.4283109999954585,0.041435,4.1435e-05,0.138109,high_pressure,0,8961
0.4290109999954398,0.023096,2.3095999999999997e-05,0.1385,high_pressure,0,8976
0.4300579999954118,0.023319,2.3318999999999998e-05,0.138892,high_pressure,0,8998
0.4310999999953839,0.059639,5.9638999999999996e-05,0.139286,high_pressure,0,9020
0.432142999995356,0.036857,3.6857e-05,0.139682,high_pressure,0,9042
0.43318399999532814,0.056063,5.6063e-05,0.140079,high_pressure,0,9064
0.4342279999953002,0.036733,3.6733e-05,0.140477,high_pressure,0,9086
0.4352749999952722,0.049464,4.9464e-05,0.140877,high_pressure,0,9108
0.4363249999952441,0.036576,3.6576e-05,0.141278,high_pressure,0,9130
0.43702499999522537,0.039344,3.9343999999999995e-05,0.141681,high_pressure,0,9145
0.4380709999951974,0.030226,3.0225999999999998e-05,0.142086,high_pressure,0,9167
0.43911099999516956,0.055552,5.5552e-05,0.142492,high_pressure,0,9189
0.4401519999951417,0.046907,4.6906999999999997e-05,0.142899,high_pressure,0,9211
0.4411949999951138,0.05406,5.4059999999999994e-05,0.143308,high_pressure,0,9233
0.4422369999950859,0.048758,4.8758e-05,0.143719,high_pressure,0,9255
0.44327499999505815,0.056034,5.6034e-05,0.144131,high_pressure,0,9277
0.44431699999503027,0.019685,1.9685000000000002e-05,0.144545,high_pressure,0,9299
0.4450119999950117,0.045312,4.5311999999999996e-05,0.144961,high_pressure,0,9314
0.44605499999498377,0.04867,4.867e-05,0.145378,high_pressure,0,9336
0.44709899999495584,0.056815,5.6815e-05,0.145796,high_pressure,0,9358
0.44814099999492796,0.059392,5.9392e-05,0.146217,high_pressure,0,9380
0.4491849999949,0.049792,4.9792e-05,0.146638,high_pressure,0,9402
0.4502249999948722,0.071315,7.1315e-05,0.147062,high_pressure,0,9424
0.4512599999948445,0.047895,4.7895e-05,0.147487,high_pressure,0,9446
0.4522989999948167,0.038695,3.8695e-05,0.147914,high_pressure,0,9468
0.45333599999478896,0.052425,5.2425e-05,0.148342,high_pressure,0,9490
0.45402499999477053,0.049653,4.9653e-05,0.148772,high_pressure,0,9505
0.4550619999947428,0.081027,8.1027e-05,0.149204,high_pressure,0,9527
0.45610299999471493,0.039207,3.9207e-05,0.149637,high_pressure,0,9549
0.45714099999468716,0.058403,5.8402999999999996e-05,0.150072,high_pressure,0,9571
0.4581779999946594,0.044013,4.4012999999999993e-05,0.150509,high_pressure,0,9593
0.4592179999946316,0.061688,6.1688e-05,0.150948,high_pressure,0,9615
0.46025099999460395,0.044983,4.4983e-05,0.151388,high_pressure,0,9637
0.4612919999945761,0.057183,5.7183e-05,0.15183,high_pressure,0,9659
0.4623309999945483,0.028535,2.8535e-05,0.152273,high_pressure,0,9681
0.4632499999945237,0.081985,8.198500000000001e-05,0.152719,high_pressure,0,9703
0.46428799999449594,0.068223,6.8223e-05,0.153166,high_pressure,0,9725
0.4653049999944687,0.036486,3.6485999999999996e-05,0.153615,high_pressure,0,9747
0.466341999994441,0.041902,4.1902e-05,0.154065,high_pressure,0,9769
0.4670329999944225,0.03839,3.8390000000000003e-05,0.154517,high_pressure,0,9784
0.4680719999943947,0.04748,4.748e-05,0.154972,high_pressure,0,9806
0.46910899999436695,0.060155,6.0155e-05,0.155427,high_pressure,0,9828
0.4701469999943392,0.040578,4.0578000000000003e-05,0.155885,high_pressure,0,9850
0.4711889999943113,0.025836,2.5836e-05,0.156345,high_pressure,0,9872
0.4722249999942836,0.0779,7.79e-05,0.156806,high_pressure,0,9894
0.47325799999425594,0.048177,4.8176999999999996e-05,0.157269,high_pressure,0,9916
0.4742919999942283,0.070091,7.0091e-05,0.157734,high_pressure,0,9938
0.47532499999420064,0.125086,0.000125086,0.158201,high_pressure,0,9960
0.4760109999941823,0.093839,9.383900000000001e-05,0.158669,high_pressure,0,9975
0.4770409999941547,0.055769,5.5769e-05,0.15914,high_pressure,0,9997
0.47807499999412706,0.045868,4.5868e-05,0.159612,high_pressure,0,10019
0.47910699999409945,0.104336,0.000104336,0.160086,high_pressure,0,10041
0.48013499999407194,0.06567,6.567e-05,0.160562,high_pressure,0,10063
0.4811649999940444,0.097383,9.7383e-05,0.16104,high_pressure,0,10085
0.4821959999940168,0.074531,7.4531e-05,0.16152,high_pressure,0,10107
0.48322599999398924,0.065123,6.5123e-05,0.162002,high_pressure,0,10129
0.4842589999939616,0.042972,4.2972e-05,0.162485,high_pressure,0,10151
0.48529199999393396,0.029123,2.9123e-05,0.162971,high_pressure,0,10173
0.4863249999939063,0.04907,4.907e-05,0.163459,high_pressure,0,10195
0.4870139999938879,0.084254,8.4254e-05,0.163948,high_pressure,0,10210
0.4880449999938603,0.060773,6.0773e-05,0.16444,high_pressure,0,10232
0.48907499999383275,0.082825,8.2825e-05,0.164933,high_pressure,0,10254
0.4901039999938052,0.067816,6.7816e-05,0.165428,high_pressure,0,10276
0.49113399999377766,0.05309,5.309e-05,0.165926,high_pressure,0,10298
0.4921649999937501,0.078637,7.8637e-05,0.166425,high_pressure,0,10320
0.4931949999937225,0.101225,0.000101225,0.166926,high_pressure,0,10342
0.49422499999369496,0.106709,0.000106709,0.16743,high_pressure,0,10364
0.4952549999936674,0.108851,0.000108851,0.167935,high_pressure,0,10386
0.49628099999363995,0.115784,0.000115784,0.168443,high_pressure,0,10408
0.4973069999936125,0.102031,0.000102031,0.168952,high_pressure,0,10430
0.4983379999935849,0.095239,9.5239e-05,0.169464,high_pressure,0,10452
0.4990229999935666,0.101367,0.000101367,0.169977,high_pressure,0,10467
0.5000499999935418,0.080848,8.084800000000001e-05,0.170493,high_pressure,0,10489
0.5010759999935713,0.104321,0.00010432099999999999,0.171011,high_pressure,0,10511
0.5020999999936008,0.106258,0.00010625800000000001,0.171531,high_pressure,0,10533
0.5031249999936303,0.054629,5.4628999999999995e-05,0.172053,high_pressure,0,10555
0.5041499999936597,0.046433,4.6433e-05,0.172577,high_pressure,0,10577
0.5051749999936892,0.126711,0.000126711,0.173103,high_pressure,0,10599
0.5061999999937187,0.041941,4.1941e-05,0.173632,high_pressure,0,10621
0.5072249999937481,0.097189,9.7189e-05,0.174162,high_pressure,0,10643
0.5082499999937776,0.11594,0.00011594,0.174695,high_pressure,0,10665
0.5092739999938071,0.076985,7.6985e-05,0.17523,high_pressure,0,10687
0.5102959999938365,0.106248,0.00010624799999999999,0.175767,high_pressure,0,10709
0.5113179999938658,0.09966,9.966e-05,0.176306,high_pressure,0,10731
0.5123429999938953,0.118425,0.000118425,0.176848,high_pressure,0,10753
0.5130239999939149,0.091519,9.1519e-05,0.177391,high_pressure,0,10768
0.5140279999939438,0.126242,0.000126242,0.177937,high_pressure,0,10790
0.5152729999939796,0.101283,0.000101283,0.178485,high_pressure,0,10819
0.5161489999940048,0.118575,0.000118575,0.179036,high_pressure,0,10841
0.5171719999940342,0.112963,0.000112963,0.179588,high_pressure,0,10863
0.5181919999940635,0.105305,0.000105305,0.180143,high_pressure,0,10885
0.5192119999940928,0.081408,8.140799999999999e-05,0.180701,high_pressure,0,10907
0.5202319999941222,0.074019,7.4019e-05,0.18126,high_pressure,0,10929
0.5212529999941515,0.092369,9.236900000000001e-05,0.181822,high_pressure,0,10951
0.5222709999941808,0.1696,0.0001696,0.182386,high_pressure,0,10973
0.5232899999942101,0.161302,0.000161302,0.182953,high_pressure,0,10995
0.5243069999942394,0.079768,7.9768e-05,0.183522,high_pressure,0,11017
0.5253339999942689,0.156594,0.000156594,0.184093,high_pressure,0,11039
0.5260169999942885,0.171242,0.000171242,0.184667,high_pressure,0,11054
0.5270369999943179,0.113869,0.000113869,0.185243,high_pressure,0,11076
0.528049999994347,0.13131,0.00013131000000000002,0.185821,high_pressure,0,11098
0.5290659999943762,0.093011,9.3011e-05,0.186402,high_pressure,0,11120
0.5300799999944054,0.164112,0.000164112,0.186985,high_pressure,0,11142
0.5310959999944346,0.131958,0.000131958,0.187571,high_pressure,0,11164
0.5321059999944636,0.14856,0.00014856,0.188159,high_pressure,0,11186
0.5331199999944928,0.099535,9.9535e-05,0.188749,high_pressure,0,11208
0.5341309999945218,0.197848,0.000197848,0.189342,high_pressure,0,11230
0.5351409999945509,0.152991,0.000152991,0.189938,high_pressure,0,11252
0.53615399999458,0.166997,0.000166997,0.190536,high_pressure,0,11274
0.5371689999946092,0.133622,0.000133622,0.191136,high_pressure,0,11296
0.5381759999946382,0.252501,0.000252501,0.19174,high_pressure,0,11318
0.5391879999946673,0.113535,0.000113535,0.192345,high_pressure,0,11340
0.5401949999946962,0.110928,0.00011092799999999999,0.192953,high_pressure,0,11362
0.5412039999947252,0.168787,0.000168787,0.193564,high_pressure,0,11384
0.5422119999947542,0.153194,0.000153194,0.194177,high_pressure,0,11406
0.5432219999947833,0.209049,0.00020904900000000002,0.194793,high_pressure,0,11428
0.5442249999948121,0.186275,0.000186275,0.195412,high_pressure,0,11450
0.5452249999948409,0.154981,0.000154981,0.196033,high_pressure,0,11472
0.5462309999948698,0.229938,0.000229938,0.196657,high_pressure,0,11494
0.5472339999948986,0.177769,0.000177769,0.197283,high_pressure,0,11516
0.5482339999949274,0.178875,0.000178875,0.197912,high_pressure,0,11538
0.5492339999949561,0.136952,0.000136952,0.198544,high_pressure,0,11560
0.550237999994985,0.164256,0.00016425600000000002,0.199178,high_pressure,0,11582
0.5512329999950136,0.197525,0.00019752500000000002,0.199816,high_pressure,0,11604
0.5522349999950424,0.224087,0.000224087,0.200455,high_pressure,0,11626
0.5532389999950713,0.217183,0.000217183,0.201098,high_pressure,0,11648
0.5542369999951,0.180045,0.00018004500000000002,0.201743,high_pressure,0,11670
0.5552299999951286,0.153607,0.000153607,0.202392,high_pressure,0,11692
0.5562339999951574,0.226745,0.000226745,0.203043,high_pressure,0,11714
0.5572329999951862,0.243175,0.00024317500000000002,0.203696,high_pressure,0,11736
0.558233999995215,0.169987,0.000169987,0.204353,high_pressure,0,11758
0.5592359999952438,0.197482,0.000197482,0.205012,high_pressure,0,11780
0.5602339999952725,0.202919,0.000202919,0.205674,high_pressure,0,11802
0.561225999995301,0.19728,0.00019728,0.206339,high_pressure,0,11824
0.5622249999953297,0.17857,0.00017857000000000002,0.207007,high_pressure,0,11846
0.5632189999953583,0.183303,0.000183303,0.207678,high_pressure,0,11868
0.564183999995386,0.229223,0.000229223,0.208352,high_pressure,0,11890
0.565086999995412,0.279907,0.00027990700000000003,0.209028,high_pressure,0,11912
0.5660749999954404,0.20466,0.00020466,0.209708,high_pressure,0,11934
0.567066999995469,0.397406,0.000397406,0.21039,high_pressure,0,11956
0.5680549999954974,0.226409,0.000226409,0.211076,high_pressure,0,11978
0.5690479999955259,0.245929,0.000245929,0.211764,high_pressure,0,12000
0.5700369999955543,0.17936,0.00017936,0.212456,high_pressure,0,12022
0.5710269999955828,0.216258,0.00021625800000000002,0.21315,high_pressure,0,12044
0.5720139999956112,0.241,0.000241,0.213848,high_pressure,0,12066
0.573329999995649,0.224603,0.000224603,0.214548,high_pressure,0,12095
0.5743219999956776,0.173289,0.000173289,0.215252,high_pressure,0,12117
0.5753079999957059,0.232989,0.00023298900000000002,0.215958,high_pressure,0,12139
0.5762989999957344,0.249069,0.00024906900000000004,0.216668,high_pressure,0,12161
0.5772869999957628,0.311598,0.000311598,0.217381,high_pressure,0,12183
0.5782699999957911,0.270108,0.000270108,0.218097,high_pressure,0,12205
0.5792549999958194,0.248238,0.00024823799999999996,0.218816,high_pressure,0,12227
0.5802399999958477,0.233222,0.00023322200000000002,0.219538,high_pressure,0,12249
0.5812249999958761,0.280093,0.000280093,0.220264,high_pressure,0,12271
0.5822109999959044,0.253977,0.000253977,0.220993,high_pressure,0,12293
0.5831529999959315,0.217288,0.000217288,0.221725,high_pressure,0,12315
0.58414199999596,0.287541,0.000287541,0.22246,high_pressure,0,12337
0.5851249999959882,0.22668,0.00022668,0.223198,high_pressure,0,12359
0.5861059999960164,0.294102,0.00029410199999999997,0.22394,high_pressure,0,12381
0.5870879999960447,0.313921,0.000313921,0.224685,high_pressure,0,12403
0.5880689999960729,0.290914,0.00029091400000000003,0.225433,high_pressure,0,12425
0.5890499999961011,0.223797,0.000223797,0.226185,high_pressure,0,12447
0.5900309999961293,0.28161,0.00028161,0.22694,high_pressure,0,12469
0.5910139999961576,0.304275,0.000304275,0.227698,high_pressure,0,12491
0.592314999996195,0.38128,0.00038128,0.22846,high_pressure,0,12520
0.5932919999962231,0.309807,0.000309807,0.229225,high_pressure,0,12542
0.594264999996251,0.341071,0.00034107100000000003,0.229993,high_pressure,0,12564
0.5952409999962791,0.429015,0.000429015,0.230765,high_pressure,0,12586
0.5962139999963071,0.320987,0.000320987,0.231541,high_pressure,0,12608
0.597185999996335,0.411191,0.000411191,0.232319,high_pressure,0,12630
0.598157999996363,0.28607,0.00028607,0.233102,high_pressure,0,12652
0.5991299999963909,0.256037,0.00025603700000000003,0.233888,high_pressure,0,12674
0.6000999999964188,0.314906,0.000314906,0.234677,high_pressure,0,12696
0.6010749999964469,0.387324,0.000387324,0.23547,high_pressure,0,12718
0.6020499999964749,0.357276,0.00035727599999999996,0.236267,high_pressure,0,12740
0.6030249999965029,0.446794,0.00044679400000000003,0.237067,high_pressure,0,12762
0.6043189999965402,0.457544,0.000457544,0.237871,high_pressure,0,12791
0.605287999996568,0.274962,0.00027496199999999996,0.238678,high_pressure,0,12813
0.6062549999965958,0.310574,0.00031057400000000004,0.239489,high_pressure,0,12835
0.6072179999966235,0.465131,0.00046513100000000003,0.240304,high_pressure,0,12857
0.6081779999966511,0.405086,0.000405086,0.241122,high_pressure,0,12879
0.609147999996679,0.443164,0.000443164,0.241945,high_pressure,0,12901
0.6101139999967068,0.44523,0.00044523,0.242771,high_pressure,0,12923
0.6110779999967345,0.453583,0.000453583,0.2436,high_pressure,0,12945
0.6120369999967621,0.390745,0.000390745,0.244434,high_pressure,0,12967
0.6131899999967952,0.462232,0.000462232,0.245271,high_pressure,0,12996
0.6141279999968222,0.561818,0.0005618180000000001,0.246112,high_pressure,0,13018
0.6150749999968494,0.419272,0.000419272,0.246957,high_pressure,0,13040
0.6160239999968767,0.454451,0.000454451,0.247806,high_pressure,0,13062
0.617283999996913,0.581434,0.000581434,0.248659,high_pressure,0,13091
0.6182329999969403,0.428797,0.00042879699999999997,0.249515,high_pressure,0,13113
0.6191809999969675,0.346449,0.00034644900000000003,0.250376,high_pressure,0,13135
0.6201269999969947,0.349723,0.000349723,0.25124,high_pressure,0,13157
0.621074999997022,0.487827,0.00048782700000000003,0.252109,high_pressure,0,13179
0.6220249999970493,0.615757,0.000615757,0.252982,high_pressure,0,13201
0.6232819999970854,0.592582,0.000592582,0.253858,high_pressure,0,13230
0.6242219999971125,0.500099,0.0005000989999999999,0.254739,high_pressure,0,13252
0.6251639999971396,0.667317,0.0006673170000000001,0.255623,high_pressure,0,13274
0.6260999999971665,0.542105,0.000542105,0.256512,high_pressure,0,13296
0.6270339999971933,0.584714,0.000584714,0.257405,high_pressure,0,13318
0.6282869999972294,0.610925,0.000610925,0.258302,high_pressure,0,13347
0.6292359999972567,0.462471,0.000462471,0.259203,high_pressure,0,13369
0.6301809999972838,0.681741,0.000681741,0.260109,high_pressure,0,13391
0.6311139999973107,0.784559,0.000784559,0.261019,high_pressure,0,13413
0.6320479999973375,0.543976,0.000543976,0.261933,high_pressure,0,13435
0.6332949999973734,0.769829,0.000769829,0.262851,high_pressure,0,13464
0.6342239999974001,0.750375,0.0007503750000000001,0.263773,high_pressure,0,13486
0.6351469999974266,0.605879,0.0006058789999999999,0.2647,high_pressure,0,13508
0.6360769999974534,0.695131,0.0006951310000000001,0.265631,high_pressure,0,13530
0.6373019999974886,0.670597,0.000670597,0.266567,high_pressure,0,13559
0.638219999997515,0.65521,0.0006552099999999999,0.267507,high_pressure,0,13581
0.6391369999975414,0.803393,0.000803393,0.268451,high_pressure,0,13603
0.6400499999975676,0.859941,0.0008599409999999999,0.2694,high_pressure,0,13625
0.6412659999976026,0.790757,0.000790757,0.270353,high_pressure,0,13654
0.6421809999976289,0.946556,0.000946556,0.271311,high_pressure,0,13676
0.6430949999976552,0.867317,0.000867317,0.272273,high_pressure,0,13698
0.6440029999976813,0.855562,0.000855562,0.27324,high_pressure,0,13720
0.6452209999977163,0.739457,0.000739457,0.274211,high_pressure,0,13749
0.6461339999977426,0.865897,0.000865897,0.275188,high_pressure,0,13771
0.6470469999977688,0.646592,0.000646592,0.276168,high_pressure,0,13793
0.6482589999978037,0.784377,0.000784377,0.277154,high_pressure,0,13822
0.6491639999978297,1.009484,0.001009484,0.278144,high_pressure,0,13844
0.6500639999978556,0.892955,0.0008929550000000001,0.279138,high_pressure,0,13866
0.6512579999978899,1.036845,0.001036845,0.280138,high_pressure,0,13895
0.6521499999979156,0.855051,0.000855051,0.281142,high_pressure,0,13917
0.6530489999979414,1.023792,0.001023792,0.282151,high_pressure,0,13939
0.6542329999979755,0.864242,0.000864242,0.283165,high_pressure,0,13968
0.655122999998001,1.030758,0.001030758,0.284184,high_pressure,0,13990
0.6560079999980265,1.121431,0.001121431,0.285208,high_pressure,0,14012
0.6571839999980603,1.322714,0.001322714,0.286237,high_pressure,0,14041
0.6580649999980857,1.145174,0.0011451739999999999,0.28727,high_pressure,0,14063
0.6591339999981164,1.091412,0.0010914120000000002,0.288309,high_pressure,0,14092
0.6600139999981417,0.951653,0.000951653,0.289352,high_pressure,0,14114
0.6611919999981756,1.006813,0.001006813,0.290401,high_pressure,0,14143
0.6620709999982008,1.158944,0.001158944,0.291455,high_pressure,0,14165
0.6632369999982344,1.16378,0.0011637800000000001,0.292513,high_pressure,0,14194
0.6641079999982594,1.121276,0.001121276,0.293577,high_pressure,0,14216
0.6652699999982928,1.333088,0.001333088,0.294646,high_pressure,0,14245
0.6661399999983179,1.17609,0.00117609,0.295721,high_pressure,0,14267
0.6672879999983509,1.682626,0.001682626,0.2968,high_pressure,0,14296
0.6681499999983757,1.477499,0.001477499,0.297885,high_pressure,0,14318
0.6690119999984004,1.30678,0.00130678,0.298975,high_pressure,0,14340
0.6701579999984334,1.362678,0.001362678,0.30007,high_pressure,0,14369
0.6710099999984579,1.66624,0.00166624,0.301171,high_pressure,0,14391
0.6721499999984907,1.799028,0.001799028,0.302277,high_pressure,0,14420
0.6730049999985153,1.542971,0.0015429710000000002,0.303389,high_pressure,0,14442
0.6741359999985478,1.718149,0.001718149,0.304506,high_pressure,0,14471
0.6752589999985801,1.754286,0.001754286,0.305628,high_pressure,0,14500
0.6760959999986041,1.322498,0.0013224979999999999,0.306757,high_pressure,0,14522
0.6772139999986363,1.815081,0.0018150809999999999,0.30789,high_pressure,0,14551
0.6780509999986604,1.980164,0.001980164,0.309029,high_pressure,0,14573
0.6791639999986924,1.479225,0.001479225,0.310174,high_pressure,0,14602
0.6800019999987165,1.355112,0.0013551120000000001,0.311325,high_pressure,0,14624
0.6811149999987485,1.634707,0.001634707,0.312481,high_pressure,0,14653
0.6821249999987775,2.173774,0.002173774,0.313643,high_pressure,0,14682
0.6832349999988094,2.133217,0.002133217,0.31481,high_pressure,0,14711
0.684053999998833,2.32438,0.00232438,0.315984,high_pressure,0,14733
0.6851499999988645,2.216661,0.0022166610000000004,0.317163,high_pressure,0,14762
0.6862399999988958,2.24546,0.00224546,0.318348,high_pressure,0,14791
0.6870489999989191,2.540863,0.002540863,0.31954,high_pressure,0,14813
0.68812399999895,2.216733,0.0022167330000000002,0.320737,high_pressure,0,14842
0.6891929999989808,2.310653,0.0023106529999999998,0.32194,high_pressure,0,14871
0.6902599999990114,2.595355,0.002595355,0.323149,high_pressure,0,14900
0.6910539999990343,2.945683,0.0029456829999999997,0.324364,high_pressure,0,14922
0.6921089999990646,2.629135,0.0026291350000000003,0.325585,high_pressure,0,14951
0.6931539999990947,3.012849,0.003012849,0.326812,high_pressure,0,14980
0.6941969999991247,2.892366,0.002892366,0.328046,high_pressure,0,15009
0.6952279999991543,3.253654,0.003253654,0.329286,high_pressure,0,15038
0.6960119999991768,2.724048,0.0027240479999999997,0.330532,high_pressure,0,15060
0.6970499999992067,3.13925,0.00313925,0.331784,high_pressure,0,15089
0.6980749999992362,2.84836,0.00284836,0.333043,high_pressure,0,15118
0.6990989999992656,3.226972,0.003226972,0.334308,high_pressure,0,15147
0.7000639999992934,3.226983,0.003226983,0.335579,high_pressure,0,15176
0.7010499999993217,3.172601,0.0031726009999999997,0.336857,high_pressure,0,15205
0.7020639999993509,3.614911,0.003614911,0.338142,high_pressure,0,15234
0.7030639999993796,3.306464,0.0033064640000000003,0.339432,high_pressure,0,15263
0.7040609999994083,3.404313,0.003404313,0.34073,high_pressure,0,15292
0.7050529999994368,3.875414,0.003875414,0.342034,high_pressure,0,15321
0.7060269999994648,3.811207,0.003811207,0.343345,high_pressure,0,15350
0.7072329999994995,4.306209,0.004306209,0.344662,high_pressure,0,15386
0.7082039999995274,3.465879,0.0034658790000000003,0.345987,high_pressure,0,15415
0.7091789999995555,4.629579,0.004629579,0.347318,high_pressure,0,15444
0.7101409999995831,5.513501,0.005513501,0.348656,high_pressure,0,15473
0.7110849999996103,4.706861,0.004706861,0.35,high_pressure,0,15502
0.7120279999996374,4.91498,0.00491498,0.351352,high_pressure,0,15531
0.7132119999996714,4.573459,0.004573458999999999,0.352711,high_pressure,0,15567
0.7141419999996982,5.087298,0.005087298,0.354076,high_pressure,0,15596
0.7150719999997249,5.038968,0.005038968,0.355449,high_pressure,0,15625
0.7162319999997583,4.672837,0.004672837,0.356829,high_pressure,0,15661
0.7171469999997846,6.07744,0.00607744,0.358216,high_pressure,0,15690
0.7180459999998104,6.544398,0.006544398,0.35961,high_pressure,0,15719
0.7191599999998425,5.086939,0.005086939,0.361011,high_pressure,0,15755
0.7200569999998683,5.884646,0.005884646,0.36242,high_pressure,0,15784
0.7211679999999002,6.769177,0.006769177,0.363836,high_pressure,0,15820
0.7220469999999255,6.060941,0.006060940999999999,0.36526,high_pressure,0,15849
0.723142999999957,6.450025,0.006450025,0.366691,high_pressure,0,15885
0.724009999999982,6.519493,0.0065194929999999995,0.368129,high_pressure,0,15914
0.7251000000000133,7.245622,0.007245622,0.369575,high_pressure,0,15950
0.7261950000000448,8.527141,0.008527141,0.371028,high_pressure,0,15986
0.7270630000000697,7.457823,0.007457823000000001,0.372489,high_pressure,0,16015
0.7281480000001009,7.299099,0.007299099,0.373958,high_pressure,0,16051
0.7290170000001259,8.548653,0.008548653,0.375435,high_pressure,0,16080
0.7300920000001568,10.295977,0.010295977000000001,0.376919,high_pressure,0,16116
0.7311530000001873,7.983895,0.007983895000000001,0.378411,high_pressure,0,16152
0.7320030000002118,8.28437,0.00828437,0.379911,high_pressure,0,16181
0.7330690000002424,8.309485,0.008309485,0.381419,high_pressure,0,16217
0.7340920000002719,9.384963,0.009384963000000001,0.382935,high_pressure,0,16253
0.7350670000002999,8.5314,0.0085314,0.384459,high_pressure,0,16289
0.7361160000003301,10.335737,0.010335737,0.385991,high_pressure,0,16325
0.73715700000036,9.585852,0.009585851999999999,0.387531,high_pressure,0,16361
0.7381830000003895,11.048475,0.011048475,0.38908,high_pressure,0,16397
0.7391900000004185,9.919695,0.009919695000000001,0.390637,high_pressure,0,16433
0.7401980000004474,11.657244,0.011657244,0.392202,high_pressure,0,16469
0.7410100000004708,12.425554,0.012425554,0.393775,high_pressure,0,16498
0.7420300000005001,12.783681,0.012783681,0.395357,high_pressure,0,16534
0.7430460000005293,12.019012,0.012019012,0.396947,high_pressure,0,16570
0.7440450000005581,13.200694,0.013200694,0.398546,high_pressure,0,16606
0.7450410000005867,12.786614,0.012786614,0.400153,high_pressure,0,16642
0.7460390000006154,12.557068,0.012557068,0.40177,high_pressure,0,16678
0.747035000000644,12.357165,0.012357165,0.403394,high_pressure,0,16714
0.7480250000006725,12.58156,0.01258156,0.405028,high_pressure,0,16750
0.7490110000007009,14.180489,0.014180489,0.40667,high_pressure,0,16786
0.7501750000007343,17.921471,0.017921471,0.408322,high_pressure,0,16829
0.7511170000007614,18.238937,0.018238937,0.409982,high_pressure,0,16865
0.7520500000007883,14.828392,0.014828392,0.411651,high_pressure,0,16901
0.7531770000008207,13.776606,0.013776605999999999,0.41333,high_pressure,0,16944
0.7541210000008478,14.372109,0.014372109,0.415017,high_pressure,0,16980
0.7550530000008746,17.839179,0.017839179,0.416714,high_pressure,0,17016
0.7561580000009064,19.052515,0.019052515,0.41842,high_pressure,0,17059
0.7570760000009328,20.079557,0.020079557,0.420135,high_pressure,0,17095
0.758160000000964,22.244674,0.022244674,0.42186,high_pressure,0,17138
0.7590530000009896,20.795431,0.020795431,0.423594,high_pressure,0,17174
0.7601200000010203,25.951184,0.025951184000000002,0.425338,high_pressure,0,17217
0.76115100000105,28.466686,0.028466685999999998,0.427091,high_pressure,0,17260
0.7621550000010788,28.170763,0.028170763,0.428854,high_pressure,0,17303
0.7630750000011053,34.125937,0.034125937,0.430626,high_pressure,0,17346
0.7640500000011333,29.666514,0.029666513999999998,0.432409,high_pressure,0,17389
0.765013000001161,33.110923,0.033110923,0.434201,high_pressure,0,17432
0.7661220000011929,42.05665,0.04205665,0.436003,high_pressure,0,17482
0.7670500000012196,43.574508,0.043574508000000005,0.437815,high_pressure,0,17525
0.7681190000012503,44.964342,0.044964342000000004,0.439637,high_pressure,0,17575
0.7690200000012762,41.313814,0.041313814,0.44147,high_pressure,0,17618
0.7700690000013064,45.305418,0.045305418,0.443312,high_pressure,0,17668
0.7711120000013364,48.207358,0.048207358,0.445165,high_pressure,0,17718
0.7721370000013659,48.349192,0.048349192,0.447028,high_pressure,0,17768
0.7731460000013949,46.305994,0.046305993999999996,0.448901,high_pressure,0,17818
0.7740220000014201,47.385527,0.047385527000000004,0.450785,high_pressure,0,17861
0.7750170000014487,60.708618,0.060708618,0.45268,high_pressure,0,17911
0.7761200000014804,59.482864,0.059482863999999996,0.454585,high_pressure,0,17968
0.7770670000015076,65.260599,0.065260599,0.456501,high_pressure,0,18018
0.7781330000015383,63.232971,0.063232971,0.458428,high_pressure,0,18075
0.7790540000015648,70.944275,0.070944275,0.460365,high_pressure,0,18125
0.7800960000015947,78.717205,0.07871720500000001,0.462314,high_pressure,0,18182
0.7811190000016242,80.585164,0.080585164,0.464273,high_pressure,0,18239
0.7820020000016495,75.580903,0.075580903,0.466244,high_pressure,0,18289
0.7830080000016785,85.061061,0.085061061,0.468226,high_pressure,0,18346
0.7840750000017092,90.329416,0.090329416,0.470219,high_pressure,0,18410
0.7850470000017371,94.520002,0.094520002,0.472223,high_pressure,0,18467
0.7860080000017647,101.10909,0.10110909,0.474239,high_pressure,0,18524
0.7870860000017957,107.769998,0.107769998,0.476266,high_pressure,0,18588
0.788033000001823,107.731505,0.107731505,0.478305,high_pressure,0,18645
0.7890830000018532,124.372846,0.124372846,0.480355,high_pressure,0,18709
0.7901050000018826,137.514278,0.137514278,0.482417,high_pressure,0,18773
0.7911020000019112,145.349426,0.145349426,0.484491,high_pressure,0,18837
0.7920860000019395,141.052203,0.141052203,0.486577,high_pressure,0,18901
0.7930600000019675,162.200028,0.162200028,0.488675,high_pressure,0,18965
0.7940250000019953,167.938498,0.16793849800000002,0.490785,high_pressure,0,19029
0.7950690000020253,173.050426,0.17305042599999998,0.492907,high_pressure,0,19100
0.7960930000020547,212.790379,0.212790379,0.495042,high_pressure,0,19171
0.7970830000020832,255.674394,0.255674394,0.497188,high_pressure,0,19242
0.7980340000021106,262.878037,0.262878037,0.499347,high_pressure,0,19313
0.7990540000021399,279.446607,0.27944660699999996,0.501519,high_pressure,0,19391
0.8000200000021677,307.420963,0.307420963,0.503703,high_pressure,0,19469
0.8010080000021961,351.853111,0.351853111,0.5059,high_pressure,0,19547
0.8020720000022267,367.232474,0.36723247400000003,0.50811,high_pressure,0,19632
0.8030260000022541,410.824048,0.410824048,0.510333,high_pressure,0,19710
0.8040450000022834,429.539131,0.429539131,0.512568,high_pressure,0,19795
0.8050540000023124,484.111179,0.484111179,0.514817,high_pressure,0,19880
0.8060420000023408,503.066025,0.503066025,0.517079,high_pressure,0,19965
0.8070160000023688,534.867853,0.534867853,0.519354,high_pressure,0,20050
0.808065000002399,576.729878,0.576729878,0.521643,high_pressure,0,20142
0.8090100000024262,638.330538,0.6383305380000001,0.523945,high_pressure,0,20227
0.8100160000024551,671.553594,0.6715535939999999,0.52626,high_pressure,0,20319
0.811021000002484,725.412233,0.725412233,0.52859,high_pressure,0,20411
0.8120090000025124,808.9798,0.8089797999999999,0.530933,high_pressure,0,20503
0.8130240000025416,901.766542,0.901766542,0.53329,high_pressure,0,20602
0.8140360000025707,1099.300161,1.099300161,0.53566,high_pressure,0,20701
0.8150090000025987,1301.567304,1.301567304,0.538045,high_pressure,0,20800
0.8160170000026277,1454.851466,1.454851466,0.540444,high_pressure,0,20906
0.8170620000026577,1558.142685,1.558142685,0.542858,high_pressure,0,21019
0.8180280000026855,1796.138199,1.796138199,0.545286,high_pressure,0,21125
0.8190330000027144,2191.758568,2.191758568,0.547728,high_pressure,0,21238
0.8200040000027423,2660.046412,2.6600464120000002,0.550185,high_pressure,0,21351
0.821002000002771,3129.964969,3.129964969,0.552656,high_pressure,0,21471
0.8220110000028,3677.711044,3.677711044,0.555143,high_pressure,0,21598
0.8230120000028288,4416.422719,4.416422719,0.557644,high_pressure,0,21725
0.8240360000028583,5348.231833,5.348231833,0.56016,high_pressure,0,21859
0.8250280000028868,6667.892175,6.6678921749999995,0.562692,high_pressure,0,21993
0.8260290000029156,8594.148545,8.594148545,0.565239,high_pressure,0,22134
0.8270390000029446,11065.651371,11.065651371,0.567801,high_pressure,0,22282
0.8280160000029727,14353.494709,14.353494709000001,0.570379,high_pressure,0,22430
0.8290430000030022,18641.148485,18.641148485000002,0.572972,high_pressure,0,22592
0.8300250000030305,24184.560837,24.184560837,0.575581,high_pressure,0,22754
0.8310330000030595,31131.623611,31.131623611,0.578206,high_pressure,0,22923
0.8320080000030875,41005.036703,41.005036702999995,0.580847,high_pressure,0,23092
0.833032000003117,54166.264916,54.166264916,0.583504,high_pressure,0,23275
0.8340220000031454,72414.86299,72.41486298999999,0.586178,high_pressure,0,23458
0.835015000003174,96899.121467,96.899121467,0.588867,high_pressure,0,23648
0.8360120000032026,127138.628742,127.138628742,0.591574,high_pressure,0,23845
0.8370010000032311,161851.064544,161.851064544,0.594296,high_pressure,0,24042
0.8380040000032599,196457.678768,196.45767876800002,0.596759,high_pressure,0,24246
0.8390060000032887,199884.670767,199.88467076700002,0.597008,high_pressure,0,24450
0.8400100000033176,199931.946843,199.93194684300002,0.597029,high_pressure,0,24654
0.8410350000033471,199964.381292,199.964381292,0.597039,high_pressure,0,24865
0.8420350000033758,199992.325207,199.992325207,0.597044,high_pressure,0,25069
0.8430020000034036,199959.647778,199.959647778,0.597047,high_pressure,0,25266
0.8440060000034325,199988.541634,199.988541634,0.59705,high_pressure,0,25470
0.8450100000034614,199974.212879,199.974212879,0.597052,high_pressure,0,25674
0.8460020000034899,199997.512194,199.99751219400002,0.597055,high_pressure,0,25878
0.8464180000035019,200001.590444,200.001590444,0.597055,high_pressure,0,25971
0.8474530000035316,160210.63789,160.21063789000002,0.594316,low_pressure,0,26178
0.8484630000035607,124230.193798,124.23019379799999,0.591593,low_pressure,0,26375
0.8494660000035895,92150.591058,92.150591058,0.588887,low_pressure,0,26565
0.8504590000036181,63778.352278,63.778352278,0.586197,low_pressure,0,26748
0.8514810000036475,38903.417521,38.903417521,0.583524,low_pressure,0,26931
0.8524620000036757,18085.583974,18.085583974000002,0.580866,low_pressure,0,27093
0.8534560000037043,5322.631045,5.3226310450000005,0.578719,low_pressure,0,27241
0.8544700000037334,1708.043741,1.708043741,0.578148,low_pressure,0,27375
0.8554920000037628,602.67562,0.60267562,0.578137,low_pressure,0,27489
0.8564500000037903,295.575803,0.295575803,0.578291,low_pressure,0,27574
0.8574780000038199,197.197905,0.19719790499999998,0.578489,low_pressure,0,27652
0.8585000000038493,167.609627,0.16760962699999998,0.578705,low_pressure,0,27723
0.8594730000038773,133.809712,0.133809712,0.57893,low_pressure,0,27787
0.8605390000039079,110.593253,0.110593253,0.579161,low_pressure,0,27858
0.8615550000039371,111.264465,0.111264465,0.579396,low_pressure,0,27922
0.8624650000039633,98.987504,0.098987504,0.579633,low_pressure,0,27979
0.8635070000039933,91.028592,0.091028592,0.579873,low_pressure,0,28043
0.8645510000040233,89.365162,0.089365162,0.580113,low_pressure,0,28107
0.8654750000040499,84.062607,0.084062607,0.580354,low_pressure,0,28164
0.8665080000040796,84.164451,0.084164451,0.580597,low_pressure,0,28228
0.8675280000041089,80.603111,0.080603111,0.580839,low_pressure,0,28292
0.8685430000041381,77.090029,0.077090029,0.581083,low_pressure,0,28356
0.869446000004164,74.9654,0.0749654,0.581328,low_pressure,0,28413
0.8704600000041932,71.535182,0.071535182,0.581574,low_pressure,0,28477
0.8714780000042225,71.424762,0.071424762,0.581821,low_pressure,0,28541
0.8724870000042515,74.650886,0.074650886,0.582067,low_pressure,0,28605
0.8734710000042798,68.95497,0.06895497,0.582313,low_pressure,0,28669
0.874450000004308,71.18039,0.07118039,0.58256,low_pressure,0,28733
0.8755250000043389,68.6034,0.0686034,0.582807,low_pressure,0,28804
0.8764630000043658,71.124623,0.071124623,0.583055,low_pressure,0,28868
0.8774910000043954,69.048072,0.069048072,0.583302,low_pressure,0,28939
0.8785240000044251,67.787696,0.067787696,0.58355,low_pressure,0,29010
0.8795440000044544,66.199886,0.06619988600000001,0.583799,low_pressure,0,29081
0.8804530000044806,68.668058,0.068668058,0.584047,low_pressure,0,29145
0.8814550000045094,69.320809,0.069320809,0.584296,low_pressure,0,29216
0.882450000004538,70.041188,0.070041188,0.584544,low_pressure,0,29287
0.8835240000045689,70.04995,0.07004995,0.584793,low_pressure,0,29365
0.8844870000045966,65.408524,0.065408524,0.585042,low_pressure,0,29436
0.8854780000046251,70.061546,0.070061546,0.585292,low_pressure,0,29514
0.8865080000046547,71.725017,0.07172501699999999,0.58554,low_pressure,0,29592
0.8875240000046839,69.848764,0.06984876400000001,0.585789,low_pressure,0,29670
0.8885330000047129,68.792506,0.068792506,0.586039,low_pressure,0,29748
0.8894480000047392,70.982201,0.07098220100000001,0.586288,low_pressure,0,29819
0.8905290000047703,73.2643,0.0732643,0.586537,low_pressure,0,29904
0.8914650000047972,75.553657,0.075553657,0.586786,low_pressure,0,29982
0.8924750000048263,78.18622,0.07818622,0.587034,low_pressure,0,30067
0.8934990000048557,78.234881,0.078234881,0.587281,low_pressure,0,30152
0.8945050000048846,78.704805,0.07870480499999999,0.587529,low_pressure,0,30237
0.895491000004913,89.421245,0.089421245,0.587776,low_pressure,0,30322
0.8964500000049406,95.30474,0.09530474,0.58802,low_pressure,0,30407
0.8974560000049695,98.663993,0.098663993,0.588263,low_pressure,0,30499
0.8984630000049985,100.961541,0.100961541,0.588506,low_pressure,0,30591
0.899454000005027,100.376833,0.100376833,0.588748,low_pressure,0,30683
0.9005040000050571,100.323174,0.100323174,0.588991,low_pressure,0,30782
0.9014750000050851,104.231805,0.104231805,0.589233,low_pressure,0,30874
0.9025000000051145,109.562146,0.109562146,0.589474,low_pressure,0,30973
0.9034750000051426,113.255251,0.113255251,0.589715,low_pressure,0,31072
0.9044680000051711,117.544755,0.117544755,0.589954,low_pressure,0,31171
0.9054490000051993,122.18051,0.12218050999999999,0.590192,low_pressure,0,31270
0.9064780000052289,129.774365,0.129774365,0.590428,low_pressure,0,31376
0.9074930000052581,138.654448,0.138654448,0.590663,low_pressure,0,31482
0.9084920000052868,147.411756,0.147411756,0.590895,low_pressure,0,31588
0.9094810000053153,157.423447,0.15742344700000002,0.591125,low_pressure,0,31694
0.9104540000053433,166.291622,0.166291622,0.591352,low_pressure,0,31800
0.9114830000053729,176.054061,0.17605406099999998,0.591577,low_pressure,0,31913
0.9124880000054018,185.745055,0.18574505500000002,0.591799,low_pressure,0,32026
0.9134650000054299,194.751127,0.194751127,0.592019,low_pressure,0,32139
0.9144470000054581,207.470709,0.207470709,0.592236,low_pressure,0,32252
0.9154740000054876,221.214936,0.221214936,0.59245,low_pressure,0,32372
0.9164840000055167,233.070946,0.233070946,0.59266,low_pressure,0,32492
0.9174800000055453,243.057923,0.24305792299999998,0.592867,low_pressure,0,32612
0.9184470000055731,253.891933,0.253891933,0.593072,low_pressure,0,32732
0.9194800000056028,263.214932,0.26321493199999996,0.593274,low_pressure,0,32859
0.9204460000056306,268.504454,0.268504454,0.593474,low_pressure,0,32979
0.9214970000056608,280.997849,0.28099784899999997,0.593672,low_pressure,0,33113
0.9224910000056894,294.16293,0.29416293000000004,0.593866,low_pressure,0,33240
0.9234910000057182,308.039354,0.308039354,0.594057,low_pressure,0,33367
0.9244800000057466,323.621662,0.32362166200000003,0.594244,low_pressure,0,33494
0.9254550000057746,340.99074,0.34099074,0.594426,low_pressure,0,33621
0.9264790000058041,355.63684,0.35563684,0.594604,low_pressure,0,33755
0.9274460000058319,372.598113,0.372598113,0.594778,low_pressure,0,33882
0.9284510000058608,393.121768,0.393121768,0.594947,low_pressure,0,34016
0.9294870000058906,412.654917,0.412654917,0.59511,low_pressure,0,34157
0.930474000005919,430.844204,0.430844204,0.595269,low_pressure,0,34291
0.9314600000059473,447.923056,0.447923056,0.595422,low_pressure,0,34425
0.9324470000059757,465.383933,0.465383933,0.595571,low_pressure,0,34559
0.9334720000060052,483.826417,0.483826417,0.595715,low_pressure,0,34700
0.9344920000060345,503.184349,0.503184349,0.595853,low_pressure,0,34841
0.9354600000060623,524.136137,0.524136137,0.595987,low_pressure,0,34975
0.9364640000060912,539.703131,0.539703131,0.596115,low_pressure,0,35116
0.9374510000061196,557.370335,0.557370335,0.596239,low_pressure,0,35257
0.9384470000061482,574.911117,0.574911117,0.596358,low_pressure,0,35398
0.939447000006177,590.254394,0.590254394,0.596472,low_pressure,0,35539
0.9404450000062057,606.280286,0.6062802860000001,0.596583,low_pressure,0,35680
0.9414750000062353,624.392259,0.624392259,0.596688,low_pressure,0,35828
0.9424590000062636,638.781733,0.6387817330000001,0.596789,low_pressure,0,35969
0.943483000006293,650.729281,0.650729281,0.596887,low_pressure,0,36117
0.9444740000063215,662.901423,0.662901423,0.596981,low_pressure,0,36265
0.9454830000063505,674.24807,0.67424807,0.597072,low_pressure,0,36413
0.9464450000063782,687.38179,0.68738179,0.59716,low_pressure,0,36554
0.9474540000064072,697.986207,0.697986207,0.597244,low_pressure,0,36702
0.9484580000064361,710.342084,0.710342084,0.597326,low_pressure,0,36850
0.9494550000064648,721.037119,0.721037119,0.597404,low_pressure,0,36998
0.9504660000064938,731.939968,0.731939968,0.597479,low_pressure,0,37146
0.9514540000065222,745.868967,0.745868967,0.597551,low_pressure,0,37294
0.952453000006551,757.27134,0.75727134,0.597619,low_pressure,0,37442
0.9534480000065796,766.69538,0.76669538,0.597685,low_pressure,0,37590
0.9544870000066095,778.622683,0.778622683,0.597748,low_pressure,0,37745
0.9554690000066377,789.582201,0.7895822010000001,0.597807,low_pressure,0,37893
0.9564600000066662,800.444507,0.800444507,0.597863,low_pressure,0,38041
0.9574500000066947,809.774961,0.809774961,0.597917,low_pressure,0,38189
0.958470000006724,819.257467,0.819257467,0.597968,low_pressure,0,38344
0.9594610000067525,830.586975,0.830586975,0.598016,low_pressure,0,38492
0.960452000006781,841.46608,0.84146608,0.598061,low_pressure,0,38640
0.9614880000068108,851.358983,0.851358983,0.598104,low_pressure,0,38795
0.9624530000068385,860.90695,0.8609069500000001,0.598143,low_pressure,0,38943
0.9634720000068678,870.271828,0.870271828,0.59818,low_pressure,0,39098
0.9644430000068958,878.87414,0.87887414,0.598215,low_pressure,0,39246
0.9654870000069258,887.735676,0.887735676,0.598247,low_pressure,0,39408
0.9664560000069536,894.99108,0.89499108,0.598277,low_pressure,0,39556
0.9674720000069829,901.084107,0.901084107,0.598305,low_pressure,0,39711
0.968487000007012,906.670174,0.9066701739999999,0.598331,low_pressure,0,39866
0.9694540000070399,912.379413,0.912379413,0.598356,low_pressure,0,40014
0.9704700000070691,916.992782,0.916992782,0.59838,low_pressure,0,40169
0.9714850000070983,920.145683,0.920145683,0.598402,low_pressure,0,40324
0.9724820000071269,922.680101,0.9226801010000001,0.598424,low_pressure,0,40479
0.9734520000071548,925.866712,0.925866712,0.598445,low_pressure,0,40627
0.974468000007184,928.897427,0.928897427,0.598465,low_pressure,0,40782
0.9754830000072132,931.980138,0.931980138,0.598484,low_pressure,0,40937
0.9764470000072409,935.453778,0.9354537780000001,0.598502,low_pressure,0,41085
0.9774600000072701,938.144497,0.938144497,0.59852,low_pressure,0,41240
0.9784750000072993,940.819956,0.940819956,0.598536,low_pressure,0,41395
0.9794720000073279,942.764207,0.9427642070000001,0.598552,low_pressure,0,41550
0.9804870000073571,943.713037,0.943713037,0.598568,low_pressure,0,41705
0.981456000007385,944.717531,0.944717531,0.598583,low_pressure,0,41853
0.9824720000074142,946.226071,0.946226071,0.598598,low_pressure,0,42008
0.9834680000074428,947.132075,0.947132075,0.598613,low_pressure,0,42163
0.984483000007472,949.216529,0.9492165290000001,0.598628,low_pressure,0,42318
0.9854520000074999,951.153878,0.951153878,0.598641,low_pressure,0,42466
0.9864500000075286,953.408195,0.953408195,0.598654,low_pressure,0,42621
0.9874660000075578,956.148702,0.9561487019999999,0.598667,low_pressure,0,42776
0.988481000007587,958.995084,0.958995084,0.598679,low_pressure,0,42931
0.9894480000076148,961.072895,0.961072895,0.59869,low_pressure,0,43079
0.990464000007644,962.731788,0.962731788,0.5987,low_pressure,0,43234
0.9914790000076732,964.423936,0.964423936,0.59871,low_pressure,0,43389
0.9924490000077011,966.90991,0.9669099099999999,0.59872,low_pressure,0,43537
0.9934830000077308,969.127503,0.9691275030000001,0.598728,low_pressure,0,43699
0.9944520000077587,970.504387,0.970504387,0.598737,low_pressure,0,43847
0.9954680000077879,973.162958,0.973162958,0.598745,low_pressure,0,44002
0.9964740000078168,975.092066,0.9750920660000001,0.598752,low_pressure,0,44157
0.9974430000078447,976.613717,0.976613717,0.598758,low_pressure,0,44305
0.9984580000078739,978.277774,0.978277774,0.598765,low_pressure,0,44460
0.9994560000079026,979.501857,0.9795018569999999,0.59877,low_pressure,0,44615
1.0004470000078813,980.597486,0.980597486,0.598776,low_pressure,0,44770
1.0014620000077978,982.024,0.982024,0.598781,low_pressure,0,44925
1.0024670000077152,983.431519,0.983431519,0.598786,low_pressure,0,45080
1.0034680000076328,985.030953,0.985030953,0.59879,low_pressure,0,45235
1.0044830000075493,986.508793,0.9865087929999999,0.598794,low_pressure,0,45390
1.0054500000074698,987.86322,0.9878632199999999,0.598798,low_pressure,0,45538
1.0064490000073876,988.933058,0.988933058,0.598801,low_pressure,0,45693
1.007464000007304,989.686783,0.989686783,0.598804,low_pressure,0,45848
1.008194000007244,990.175462,0.9901754620000001,0.598806,low_pressure,0,45968
1.0092490000071572,11564.108331,11.564108331,0.601573,high_pressure,1,46147
1.0102350000070761,28403.301798,28.403301798,0.604358,high_pressure,1,46330
1.0112500000069926,51299.401844,51.299401844,0.607159,high_pressure,1,46527
1.0122240000069125,79655.834492,79.655834492,0.609978,high_pressure,1,46724
1.0132460000068284,113045.290987,113.045290987,0.612814,high_pressure,1,46935
1.0142370000067469,151177.199738,151.17719973799998,0.615668,high_pressure,1,47146
1.0152360000066647,193248.028032,193.248028032,0.618496,high_pressure,1,47364
1.0162260000065833,199927.452623,199.927452623,0.618928,high_pressure,1,47582
1.0172290000065007,199998.622613,199.998622613,0.618935,high_pressure,1,47807
1.0172930000064955,200000.208308,200.000208308,0.618935,high_pressure,1,47830
1.018320000006411,156055.219101,156.055219101,0.616061,low_pressure,1,48051
1.0193240000063284,116809.482076,116.809482076,0.613205,low_pressure,1,48262
1.020325000006246,82414.248505,82.41424850499999,0.610366,low_pressure,1,48466
1.021335000006163,53127.613613,53.127613613,0.607545,low_pressure,1,48663
1.0223370000060805,29326.465799,29.326465799,0.604741,low_pressure,1,48853
1.0233470000059974,11603.196909,11.603196909000001,0.601954,low_pressure,1,49029
1.0243520000059148,4307.8901,4.3078901,0.600279,low_pressure,1,49191
1.0253540000058323,2334.277218,2.334277218,0.599684,low_pressure,1,49346
1.026342000005751,1555.458936,1.555458936,0.599437,low_pressure,1,49494
1.0273430000056687,1183.288408,1.183288408,0.599341,low_pressure,1,49642
1.0283380000055868,996.44311,0.9964431100000001,0.599319,low_pressure,1,49791
1.0293410000055043,895.806048,0.8958060480000001,0.599335,low_pressure,1,49939
1.0303500000054213,840.322398,0.840322398,0.599372,low_pressure,1,50087
1.031350000005339,816.193896,0.816193896,0.59942,low_pressure,1,50235
1.0323300000052584,809.069121,0.809069121,0.599472,low_pressure,1,50383
1.0333230000051767,815.207885,0.8152078850000001,0.599524,low_pressure,1,50531
1.0343140000050952,826.528854,0.826528854,0.599574,low_pressure,1,50679
1.0353400000050108,838.80497,0.83880497,0.59962,low_pressure,1,50834
1.0363190000049303,852.445306,0.852445306,0.599663,low_pressure,1,50982
1.0373510000048454,866.495116,0.8664951160000001,0.599702,low_pressure,1,51137
1.0383240000047653,881.108489,0.8811084889999999,0.599737,low_pressure,1,51285
1.0393390000046818,892.650265,0.892650265,0.599768,low_pressure,1,51440
1.0403540000045983,903.453663,0.903453663,0.599796,low_pressure,1,51595
1.0413240000045185,913.689906,0.913689906,0.599822,low_pressure,1,51743
1.0423230000044363,923.165163,0.923165163,0.599844,low_pressure,1,51898
1.0433390000043528,930.561875,0.930561875,0.599864,low_pressure,1,52053
1.0443540000042693,939.839191,0.939839191,0.599882,low_pressure,1,52208
1.0453240000041895,946.56678,0.9465667799999999,0.599898,low_pressure,1,52356
1.046339000004106,953.387808,0.953387808,0.599912,low_pressure,1,52511
1.0473540000040225,959.120513,0.959120513,0.599924,low_pressure,1,52666
1.0483240000039427,963.523486,0.963523486,0.599935,low_pressure,1,52814
1.0493230000038605,967.73747,0.96773747,0.599944,low_pressure,1,52969
1.050339000003777,971.910032,0.971910032,0.599952,low_pressure,1,53124
1.0513540000036934,975.687261,0.975687261,0.59996,low_pressure,1,53279
1.0523240000036136,979.172105,0.979172105,0.599966,low_pressure,1,53427
1.05333900000353,981.539347,0.981539347,0.599971,low_pressure,1,53582
1.0543540000034466,983.407936,0.983407936,0.599976,low_pressure,1,53737
1.0553240000033668,985.294164,0.985294164,0.599981,low_pressure,1,53885
1.0563240000032845,987.311314,0.987311314,0.599984,low_pressure,1,54040
1.057339000003201,989.282434,0.9892824339999999,0.599988,low_pressure,1,54195
1.0583420000031185,990.652428,0.990652428,0.59999,low_pressure,1,54350
1.059334000003037,991.578601,0.9915786010000001,0.599993,low_pressure,1,54505
1.060329000002955,992.653566,0.992653566,0.599995,low_pressure,1,54660
1.061325000002873,993.378671,0.9933786710000001,0.599997,low_pressure,1,54815
1.0623210000027912,993.922863,0.993922863,0.599999,low_pressure,1,54970
1.0633380000027075,994.560267,0.994560267,0.6,low_pressure,1,55132
1.0643330000026257,995.248779,0.995248779,0.600002,low_pressure,1,55287
1.0652820000025476,995.284673,0.995284673,0.600003,low_pressure,1,55442
1.066297000002464,11788.78887,11.788788870000001,0.602778,high_pressure,2,55621
1.0673050000023812,29236.21786,29.23621786,0.605569,high_pressure,2,55811
1.0683100000022985,52907.247125,52.907247125000005,0.608378,high_pressure,2,56008
1.069301000002217,82105.959416,82.105959416,0.611205,high_pressure,2,56212
1.070310000002134,116389.73678,116.38973678,0.614049,high_pressure,2,56423
1.0712920000020532,155454.846382,155.454846382,0.61691,high_pressure,2,56634
1.0723110000019693,195899.904181,195.89990418099998,0.619594,high_pressure,2,56859
1.0732980000018881,199948.44846,199.94844846,0.619853,high_pressure,2,57077
1.074296000001806,199998.244477,199.99824447700001,0.619859,high_pressure,2,57302
1.0753140000017223,199996.246962,199.99624696200001,0.619861,high_pressure,2,57527
1.0758540000016779,200000.375996,200.00037599599997,0.619861,high_pressure,2,57655
1.076862000001595,155733.221464,155.733221464,0.616981,low_pressure,2,57876
1.0778890000015104,116145.962738,116.14596273800001,0.614119,low_pressure,2,58094
1.07886600000143,81469.161961,81.46916196100001,0.611275,low_pressure,2,58298
1.0798900000013458,51994.890136,51.994890136,0.608448,low_pressure,2,58502
1.0808910000012635,28138.605153,28.138605153,0.605639,low_pressure,2,58692
1.0818830000011819,10559.604444,10.559604444,0.602848,low_pressure,2,58868
1.0828780000011,4049.763042,4.049763042,0.601318,low_pressure,2,59030
1.0839040000010156,2250.135825,2.2501358249999996,0.600764,low_pressure,2,59192
1.0848800000009353,1542.607903,1.5426079030000002,0.600529,low_pressure,2,59340
1.0858730000008536,1214.803531,1.214803531,0.600429,low_pressure,2,59488
1.086864000000772,1041.777721,1.0417777209999999,0.600396,low_pressure,2,59636
1.0879000000006869,953.698119,0.953698119,0.600398,low_pressure,2,59792
1.088883000000606,908.473138,0.908473138,0.600418,low_pressure,2,59940
1.0898750000005244,887.790012,0.8877900120000001,0.600447,low_pressure,2,60088
1.0908950000004405,880.317859,0.880317859,0.600479,low_pressure,2,60243
1.0918760000003598,880.956925,0.880956925,0.600512,low_pressure,2,60391
1.0928990000002756,886.910707,0.886910707,0.600544,low_pressure,2,60546
1.093868000000196,897.538169,0.897538169,0.600574,low_pressure,2,60694
1.0948810000001126,908.709173,0.908709173,0.600601,low_pressure,2,60849
1.095897000000029,919.022815,0.919022815,0.600625,low_pressure,2,61004
1.0968659999999493,931.48091,0.93148091,0.600646,low_pressure,2,61152
1.0978619999998673,942.277259,0.9422772589999999,0.600663,low_pressure,2,61307
1.0988769999997838,952.194375,0.952194375,0.600678,low_pressure,2,61462
1.0998929999997002,959.191864,0.959191864,0.60069,low_pressure,2,61617
1.1008619999996205,966.679976,0.966679976,0.6007,low_pressure,2,61765
1.1018749999995372,972.457873,0.972457873,0.600709,low_pressure,2,61920
1.1028909999994536,977.544014,0.9775440139999999,0.600716,low_pressure,2,62075
1.1039049999993702,982.198467,0.982198467,0.600721,low_pressure,2,62230
1.10488099999929,984.953202,0.984953202,0.600726,low_pressure,2,62385
1.105889999999207,987.450981,0.987450981,0.600729,low_pressure,2,62540
1.1068909999991245,989.780562,0.9897805620000001,0.600733,low_pressure,2,62695
1.1078659999990443,991.473422,0.991473422,0.600735,low_pressure,2,62850
1.1088829999989607,992.780075,0.992780075,0.600737,low_pressure,2,63012
1.109899999998877,994.187773,0.9941877729999999,0.600739,low_pressure,2,63174
1.1108739999987969,994.739542,0.994739542,0.600741,low_pressure,2,63329
1.1118779999987143,995.352363,0.995352363,0.600742,low_pressure,2,63491
1.112890999998631,995.721621,0.9957216210000001,0.600743,low_pressure,2,63653
1.113863999998551,995.963146,0.995963146,0.600744,low_pressure,2,63808
1.1148809999984672,996.595659,0.9965956589999999,0.600745,low_pressure,2,63970
1.1158999999983834,996.888498,0.996888498,0.600746,low_pressure,2,64132
1.1168739999983033,997.168635,0.997168635,0.600747,low_pressure,2,64287
1.117861999998222,997.282066,0.997282066,0.600748,low_pressure,2,64449
1.118881999998138,997.488484,0.997488484,0.600749,low_pressure,2,64611
1.1197779999980644,997.575917,0.997575917,0.600749,low_pressure,2,64759
1.120838999997977,11892.259925,11.892259925000001,0.603529,high_pressure,3,64938
1.1218449999978943,29600.238046,29.600238045999998,0.606325,high_pressure,3,65128
1.1228409999978124,53663.249258,53.663249258,0.609139,high_pressure,3,65325
1.1238239999977315,83292.38427,83.29238427,0.61197,high_pressure,3,65529
1.1248229999976493,118089.143171,118.089143171,0.614819,high_pressure,3,65740
1.1258319999975663,157663.415693,157.663415693,0.617685,high_pressure,3,65958
1.1268499999974826,196876.188505,196.876188505,0.620263,high_pressure,3,66183
1.1278359999974015,199962.704861,199.962704861,0.620458,high_pressure,3,66401
1.1288429999973186,199993.240973,199.993240973,0.620461,high_pressure,3,66626
1.1298289999972375,199995.787654,199.99578765400003,0.620464,high_pressure,3,66844
1.1304019999971904,200000.063354,200.00006335400002,0.620465,high_pressure,3,66979
1.1314449999971046,155430.83097,155.43083097000002,0.617581,low_pressure,3,67207
1.1324339999970232,115608.675355,115.608675355,0.614716,low_pressure,3,67418
1.1334409999969404,80760.290132,80.760290132,0.611867,low_pressure,3,67629
1.1344249999968594,51189.985257,51.189985257000004,0.609037,low_pressure,3,67826
1.1354219999967774,27357.381988,27.357381988,0.606224,low_pressure,3,68016
1.1364499999966928,10016.097511,10.016097511,0.603438,low_pressure,3,68199
1.1374409999966113,3911.693027,3.9116930269999997,0.601983,low_pressure,3,68361
1.1384269999965302,2206.612732,2.206612732,0.601452,low_pressure,3,68516
1.1394239999964482,1539.719881,1.539719881,0.601222,low_pressure,3,68671
1.1404389999963647,1230.319224,1.230319224,0.60112,low_pressure,3,68826
1.1414609999962806,1071.516646,1.071516646,0.601081,low_pressure,3,68981
1.1424299999962009,986.869393,0.986869393,0.601074,low_pressure,3,69130
1.1434469999961172,944.631483,0.944631483,0.601084,low_pressure,3,69285
1.1444159999960375,927.150962,0.927150962,0.601102,low_pressure,3,69433
1.145417999995955,923.760983,0.923760983,0.601123,low_pressure,3,69588
1.1464309999958717,925.917612,0.925917612,0.601144,low_pressure,3,69743
1.1474459999957882,931.616694,0.931616694,0.601164,low_pressure,3,69898
1.1484149999957085,939.231456,0.939231456,0.601182,low_pressure,3,70046
1.149454999995623,946.245893,0.9462458930000001,0.601198,low_pressure,3,70208
1.150451999995541,953.638202,0.9536382019999999,0.601212,low_pressure,3,70363
1.1514509999954587,960.603316,0.9606033159999999,0.601223,low_pressure,3,70518
1.1524369999953776,965.850215,0.965850215,0.601234,low_pressure,3,70673
1.1534329999952957,970.639886,0.9706398860000001,0.601242,low_pressure,3,70828
1.154437999995213,975.579601,0.9755796010000001,0.60125,low_pressure,3,70983
1.155433999995131,978.836535,0.978836535,0.601256,low_pressure,3,71138
1.1564409999950482,982.294375,0.9822943749999999,0.601262,low_pressure,3,71293
1.1574269999949671,985.072781,0.985072781,0.601266,low_pressure,3,71448
1.1584229999948852,987.476231,0.987476231,0.60127,low_pressure,3,71603
1.1594539999948004,989.005973,0.989005973,0.601273,low_pressure,3,71765
1.1604399999947193,990.559471,0.9905594710000001,0.601276,low_pressure,3,71920
1.1614579999946355,992.12923,0.99212923,0.601278,low_pressure,3,72082
1.1624299999945555,993.575431,0.993575431,0.60128,low_pressure,3,72237
1.1634489999944717,994.464925,0.9944649249999999,0.601282,low_pressure,3,72399
1.1644199999943918,995.372799,0.995372799,0.601283,low_pressure,3,72554
1.1654369999943082,996.280258,0.996280258,0.601285,low_pressure,3,72716
1.1664389999942257,996.828639,0.996828639,0.601285,low_pressure,3,72878
1.167455999994142,997.169452,0.997169452,0.601286,low_pressure,3,73040
1.1682519999940766,997.324793,0.997324793,0.601287,low_pressure,3,73174
1.1692829999939918,12010.110032,12.010110032,0.60407,high_pressure,4,73353
1.1703029999939079,30006.898035,30.006898035,0.606869,high_pressure,4,73550
1.1712889999938267,54437.849178,54.43784917799999,0.609686,high_pressure,4,73747
1.172295999993744,84477.229437,84.477229437,0.612521,high_pressure,4,73958
1.1732889999936622,119642.831875,119.642831875,0.615373,high_pressure,4,74169
1.1742859999935802,159682.741548,159.682741548,0.618243,high_pressure,4,74387
1.1753029999934965,197530.323061,197.530323061,0.620717,high_pressure,4,74612
1.176306999993414,199953.476655,199.953476655,0.620868,high_pressure,4,74837
1.1772929999933328,199996.602099,199.996602099,0.620872,high_pressure,4,75055
1.178310999993249,199998.575625,199.998575625,0.620874,high_pressure,4,75280
1.1784069999932412,200000.27785,200.00027785,0.620874,high_pressure,4,75310
1.1794269999931573,155252.423495,155.252423495,0.617988,low_pressure,4,75538
1.1804419999930738,115266.16787,115.26616787,0.61512,low_pressure,4,75756
1.1814419999929915,80271.37148,80.27137148,0.612269,low_pressure,4,75967
1.1824149999929114,50603.782614,50.603782614,0.609436,low_pressure,4,76164
1.183427999992828,26718.000769,26.718000769,0.606621,low_pressure,4,76361
1.1844329999927454,9533.330818,9.533330818,0.603846,low_pressure,4,76544
1.1854439999926623,3799.573473,3.7995734729999997,0.602458,low_pressure,4,76713
1.1864159999925823,2175.62852,2.17562852,0.601944,low_pressure,4,76868
1.1874389999924981,1535.301816,1.5353018159999998,0.601718,low_pressure,4,77030
1.1884309999924165,1234.623354,1.234623354,0.601616,low_pressure,4,77185
1.189446999992333,1080.608306,1.080608306,0.601575,low_pressure,4,77340
1.1904159999922532,999.120841,0.9991208410000001,0.601565,low_pressure,4,77489
1.19142899999217,958.815183,0.958815183,0.601571,low_pressure,4,77644
1.1924449999920863,938.050833,0.938050833,0.601586,low_pressure,4,77799
1.1934359999920048,933.610503,0.933610503,0.601604,low_pressure,4,77954
1.1944479999919215,934.779173,0.934779173,0.601622,low_pressure,4,78109
1.1954169999918418,938.995702,0.938995702,0.60164,low_pressure,4,78257
1.1964299999917585,944.932816,0.944932816,0.601656,low_pressure,4,78412
1.197431999991676,951.668088,0.951668088,0.601671,low_pressure,4,78567
1.198427999991594,958.782715,0.958782715,0.601683,low_pressure,4,78722
1.1994239999915122,965.692005,0.965692005,0.601693,low_pressure,4,78877
1.200446999991428,971.282958,0.971282958,0.601702,low_pressure,4,79039
1.2014419999913462,975.463197,0.9754631970000001,0.60171,low_pressure,4,79194
1.2024369999912643,979.408058,0.979408058,0.601716,low_pressure,4,79349
1.2034319999911824,982.948474,0.9829484740000001,0.601721,low_pressure,4,79504
1.2044479999910989,986.648459,0.986648459,0.601725,low_pressure,4,79666
1.205442999991017,989.245323,0.989245323,0.601729,low_pressure,4,79821
1.206426999990936,990.800519,0.990800519,0.601731,low_pressure,4,79976
1.207424999990854,992.410018,0.9924100180000001,0.601734,low_pressure,4,80138
1.2084429999907702,994.162349,0.994162349,0.601736,low_pressure,4,80300
1.2094139999906903,995.403661,0.9954036610000001,0.601737,low_pressure,4,80455
1.2104309999906067,996.231102,0.996231102,0.601738,low_pressure,4,80617
1.211448999990523,996.514484,0.9965144840000001,0.601739,low_pressure,4,80779
1.2124219999904429,996.766352,0.996766352,0.60174,low_pressure,4,80934
1.2134239999903604,997.439996,0.997439996,0.601741,low_pressure,4,81096
1.2144409999902768,997.556851,0.997556851,0.601742,low_pressure,4,81258
1.2154139999901967,997.453618,0.997453618,0.601742,low_pressure,4,81413
1.216430999990113,997.760877,0.997760877,0.601743,low_pressure,4,81575
1.216649999990095,997.636814,0.9976368139999999,0.601743,low_pressure,4,81618
1.2177219999900069,12055.140866,12.055140866,0.604529,high_pressure,5,81804
1.2187109999899255,30080.450337,30.080450337,0.607331,high_pressure,5,81994
1.2197179999898426,54593.462374,54.593462374000005,0.610151,high_pressure,5,82198
1.2207009999897618,84772.101792,84.772101792,0.612989,high_pressure,5,82402
1.2216889999896805,120108.103225,120.108103225,0.615844,high_pressure,5,82613
1.222715999989596,160319.708911,160.319708911,0.618716,high_pressure,5,82838
1.223699999989515,197729.939205,197.729939205,0.621155,high_pressure,5,83056
1.2247039999894325,199972.391363,199.972391363,0.621292,high_pressure,5,83281
1.2252749999893855,200000.448791,200.000448791,0.621294,high_pressure,5,83416
1.226301999989301,155100.945329,155.100945329,0.618405,low_pressure,5,83644
1.227311999989218,115011.567987,115.011567987,0.615534,low_pressure,5,83862
1.228283999989138,79937.312453,79.937312453,0.612681,low_pressure,5,84066
1.2293129999890533,50222.33752,50.22233752,0.609846,low_pressure,5,84277
1.2302959999889724,26354.287517,26.354287517,0.607028,low_pressure,5,84467
1.231308999988889,9306.943532,9.306943532,0.60426,low_pressure,5,84650
1.2322839999888089,3744.288575,3.744288575,0.602902,low_pressure,5,84812
1.2332999999887253,2154.060244,2.1540602439999996,0.602397,low_pressure,5,84974
1.2342959999886434,1524.312393,1.524312393,0.602176,low_pressure,5,85129
1.2352929999885613,1225.522094,1.225522094,0.602076,low_pressure,5,85284
1.2363079999884778,1073.764018,1.073764018,0.602037,low_pressure,5,85439
1.2373209999883945,992.510197,0.992510197,0.602029,low_pressure,5,85595
1.238286999988315,949.671831,0.949671831,0.602038,low_pressure,5,85743
1.2393019999882315,930.583793,0.930583793,0.602055,low_pressure,5,85898
1.240316999988148,924.767966,0.924767966,0.602075,low_pressure,5,86053
1.2413179999880657,927.216492,0.927216492,0.602096,low_pressure,5,86208
1.2422959999879852,933.456002,0.933456002,0.602115,low_pressure,5,86363
1.2432909999879034,940.312011,0.940312011,0.602133,low_pressure,5,86518
1.2442839999878217,947.246259,0.947246259,0.602148,low_pressure,5,86673
1.2453209999877364,954.250455,0.9542504549999999,0.602162,low_pressure,5,86835
1.2463159999876545,960.690866,0.960690866,0.602174,low_pressure,5,86990
1.2473109999875727,966.467493,0.966467493,0.602184,low_pressure,5,87145
1.2482889999874922,972.274954,0.972274954,0.602192,low_pressure,5,87300
1.2493229999874071,977.092747,0.977092747,0.602199,low_pressure,5,87462
1.2503179999873253,981.372502,0.981372502,0.602205,low_pressure,5,87617
1.2513129999872434,985.030488,0.985030488,0.60221,low_pressure,5,87772
1.2523009999871622,988.372888,0.988372888,0.602214,low_pressure,5,87927
1.2532849999870812,991.053963,0.9910539629999999,0.602216,low_pressure,5,88082
1.254295999986998,992.578724,0.9925787239999999,0.602219,low_pressure,5,88244
1.2552979999869156,993.483245,0.993483245,0.602221,low_pressure,5,88406
1.2563119999868322,994.168077,0.9941680770000001,0.602222,low_pressure,5,88568
1.257322999986749,995.421083,0.995421083,0.602224,low_pressure,5,88730
1.2582899999866695,996.063732,0.996063732,0.602225,low_pressure,5,88885
1.2592989999865865,996.598198,0.996598198,0.602226,low_pressure,5,89047
1.2603159999865028,997.254284,0.9972542839999999,0.602227,low_pressure,5,89209
1.2612889999864227,997.597765,0.997597765,0.602228,low_pressure,5,89364
1.2622429999863443,997.65649,0.99765649,0.602228,low_pressure,5,89526
1.2632629999862603,12128.014247,12.128014247,0.605017,high_pressure,6,89705
1.264287999986176,30386.208127,30.386208127000003,0.607822,high_pressure,6,89902
1.2652649999860957,55118.228566,55.118228566,0.610645,high_pressure,6,90099
1.2662859999860117,85506.709485,85.506709485,0.613486,high_pressure,6,90310
1.267265999985931,121097.030554,121.097030554,0.616344,high_pressure,6,90521
1.2682609999858492,161618.615355,161.61861535499997,0.61922,high_pressure,6,90739
1.269270999985766,198060.413714,198.060413714,0.621583,high_pressure,6,90964
1.2702889999856823,199973.23357,199.97323357000002,0.621702,high_pressure,6,91189
1.2712749999856012,199990.813022,199.990813022,0.621706,high_pressure,6,91407
1.271995999985542,200000.331746,200.000331746,0.621707,high_pressure,6,91577
1.273028999985457,154958.223886,154.95822388599998,0.618816,low_pressure,6,91805
1.274037999985374,114756.341668,114.75634166799999,0.615942,low_pressure,6,92023
1.2750139999852936,79628.437844,79.628437844,0.613087,low_pressure,6,92227
1.2760259999852104,49875.006825,49.875006825,0.610248,low_pressure,6,92431
1.2770329999851275,26013.71791,26.01371791,0.607428,low_pressure,6,92628
1.2780439999850444,9055.141486,9.055141486,0.604669,low_pressure,6,92811
1.2790139999849646,3661.227277,3.661227277,0.603351,low_pressure,6,92973
1.2800229999848816,2122.76789,2.12276789,0.60286,low_pressure,6,93135
1.2810189999847996,1512.836124,1.512836124,0.602644,low_pressure,6,93290
1.282034999984716,1224.890125,1.224890125,0.602546,low_pressure,6,93445
1.2830269999846344,1074.168304,1.074168304,0.602506,low_pressure,6,93600
1.2840369999845513,993.945773,0.993945773,0.602498,low_pressure,6,93756
1.285036999984469,953.566118,0.9535661179999999,0.602506,low_pressure,6,93911
1.2860389999843866,936.421562,0.936421562,0.602522,low_pressure,6,94066
1.2870369999843045,931.293099,0.931293099,0.60254,low_pressure,6,94221
1.2880319999842227,933.89804,0.93389804,0.602559,low_pressure,6,94376
1.2890269999841408,938.837157,0.938837157,0.602577,low_pressure,6,94531
1.2900499999840567,946.387112,0.946387112,0.602593,low_pressure,6,94693
1.2910459999839747,953.388609,0.953388609,0.602607,low_pressure,6,94848
1.2920409999838929,959.472227,0.959472227,0.602619,low_pressure,6,95003
1.2930319999838114,965.554125,0.965554125,0.60263,low_pressure,6,95158
1.29402099998373,971.722707,0.971722707,0.602638,low_pressure,6,95313
1.2950159999836481,976.170032,0.976170032,0.602645,low_pressure,6,95468
1.296037999983564,980.398418,0.9803984179999999,0.602651,low_pressure,6,95630
1.2970309999834824,984.446765,0.9844467650000001,0.602656,low_pressure,6,95785
1.2980219999834008,986.867836,0.986867836,0.60266,low_pressure,6,95940
1.299016999983319,989.265603,0.9892656030000001,0.602664,low_pressure,6,96095
1.3000319999832355,991.067131,0.991067131,0.602666,low_pressure,6,96257
1.3010439999831522,992.966891,0.992966891,0.602669,low_pressure,6,96419
1.3020119999830726,993.876207,0.993876207,0.60267,low_pressure,6,96574
1.3030489999829873,994.815406,0.9948154060000001,0.602672,low_pressure,6,96743
1.3040169999829077,995.548531,0.9955485310000001,0.602673,low_pressure,6,96898
1.3050289999828244,996.305603,0.996305603,0.602674,low_pressure,6,97060
1.3060389999827413,996.900552,0.9969005519999999,0.602675,low_pressure,6,97222
1.307038999982659,997.310644,0.997310644,0.602676,low_pressure,6,97384
1.3080499999825759,997.455415,0.997455415,0.602677,low_pressure,6,97546
1.309043999982494,997.661479,0.997661479,0.602678,low_pressure,6,97708
1.309043999982494,997.659545,0.997659545,0.602678,low_pressure,6,97716
1.3100859999824084,12187.873789,12.187873789,0.605469,high_pressure,7,97895
1.311111999982324,30534.394842,30.534394842,0.608277,high_pressure,7,98092
1.3120929999822433,55411.777114,55.411777113999996,0.611103,high_pressure,7,98289
1.3131139999821593,85973.520349,85.973520349,0.613946,high_pressure,7,98500
1.3140979999820783,121716.819877,121.716819877,0.616807,high_pressure,7,98711
1.3150889999819968,162443.999995,162.44399999499998,0.619686,high_pressure,7,98929
1.3161039999819133,198260.510986,198.260510986,0.622001,high_pressure,7,99154
1.3170889999818323,199977.678535,199.97767853500002,0.622106,high_pressure,7,99372
1.3181069999817485,199995.382442,199.995382442,0.622108,high_pressure,7,99597
1.3189859999816762,200000.306937,200.00030693699998,0.62211,high_pressure,7,99802
1.3200299999815903,154835.731784,154.835731784,0.619216,low_pressure,7,100030
1.3210109999815096,114529.701344,114.529701344,0.61634,low_pressure,7,100241
1.3220169999814269,79346.860972,79.346860972,0.613482,low_pressure,7,100452
1.3230319999813434,49579.006742,49.579006742,0.610642,low_pressure,7,100656
1.32404399998126,25720.275001,25.720275001,0.607819,low_pressure,7,100853
1.32501899998118,8873.188136,8.873188136000001,0.605067,low_pressure,7,101029
1.3260289999810968,3607.787811,3.607787811,0.603775,low_pressure,7,101198
1.3270389999810137,2099.541597,2.099541597,0.603294,low_pressure,7,101360
1.3280279999809323,1498.237177,1.498237177,0.603082,low_pressure,7,101515
1.3290389999808492,1212.72703,1.21272703,0.602988,low_pressure,7,101670
1.3300329999807674,1065.375245,1.065375245,0.602951,low_pressure,7,101825
1.3310309999806853,991.809849,0.991809849,0.602944,low_pressure,7,101981
1.3320419999806021,955.829659,0.9558296589999999,0.602952,low_pressure,7,102136
1.33304099998052,941.19344,0.94119344,0.602967,low_pressure,7,102291
1.334035999980438,936.552224,0.936552224,0.602984,low_pressure,7,102446
1.3350309999803562,939.115752,0.9391157520000001,0.603002,low_pressure,7,102601
1.3360259999802744,944.970383,0.944970383,0.603018,low_pressure,7,102756
1.3370479999801903,951.872548,0.9518725480000001,0.603032,low_pressure,7,102918
1.3380319999801094,959.214514,0.959214514,0.603045,low_pressure,7,103073
1.3390269999800275,966.311753,0.9663117529999999,0.603055,low_pressure,7,103228
1.3400209999799457,973.221814,0.973221814,0.603064,low_pressure,7,103383
1.3410439999798616,978.134195,0.978134195,0.60307,low_pressure,7,103545
1.3420319999797803,982.955642,0.982955642,0.603076,low_pressure,7,103700
1.3430219999796988,987.327953,0.987327953,0.60308,low_pressure,7,103855
1.3440389999796152,990.242452,0.9902424519999999,0.603083,low_pressure,7,104017
1.345048999979532,992.580305,0.9925803049999999,0.603085,low_pressure,7,104179
1.3460119999794529,993.991588,0.993991588,0.603087,low_pressure,7,104334
1.3470209999793699,995.082062,0.9950820619999999,0.603089,low_pressure,7,104496
1.3480219999792875,996.194257,0.996194257,0.60309,low_pressure,7,104658
1.3490329999792043,996.969375,0.996969375,0.603091,low_pressure,7,104820
1.3500299999791223,997.33219,0.99733219,0.603092,low_pressure,7,104982
1.3510369999790395,998.009153,0.9980091529999999,0.603092,low_pressure,7,105144
1.3520429999789567,998.036574,0.998036574,0.603093,low_pressure,7,105306
1.353010999978877,998.132107,0.998132107,0.603093,low_pressure,7,105461
1.3538899999788048,998.319209,0.998319209,0.603094,low_pressure,7,105609
1.3549259999787195,12240.281901,12.240281901,0.605888,high_pressure,8,105795
1.3558979999786396,30735.596307,30.735596307,0.608699,high_pressure,8,105985
1.356925999978555,55823.25662,55.82325662,0.611527,high_pressure,8,106196
1.3578969999784751,86619.418776,86.619418776,0.614373,high_pressure,8,106400
1.358906999978392,122680.662141,122.680662141,0.617237,high_pressure,8,106618
1.3599249999783083,163723.162122,163.72316212200002,0.620118,high_pressure,8,106843
1.360911999978227,198510.431583,198.51043158299998,0.622357,high_pressure,8,107068
1.3619039999781455,199978.146831,199.978146831,0.622446,high_pressure,8,107293
1.3624309999781021,200000.01153,200.00001153,0.622448,high_pressure,8,107421
1.3634729999780164,154713.880246,154.71388024599997,0.619552,low_pressure,8,107649
1.364474999977934,114277.825035,114.277825035,0.616674,low_pressure,8,107867
1.365458999977853,78961.596023,78.961596023,0.613814,low_pressure,8,108078
1.3664739999777695,49135.526424,49.135526424000005,0.610971,low_pressure,8,108289
1.3674819999776866,25262.831056,25.262831056,0.608146,low_pressure,8,108486
1.3684829999776043,8588.426966,8.588426966,0.60541,low_pressure,8,108669
1.3694809999775222,3531.838714,3.531838714,0.604159,low_pressure,8,108838
1.3704889999774392,2075.692296,2.075692296,0.60369,low_pressure,8,109000
1.3714609999773593,1498.764875,1.498764875,0.603481,low_pressure,8,109155
1.3725009999772737,1225.076146,1.2250761460000001,0.603385,low_pressure,8,109317
1.3734649999771944,1083.037399,1.083037399,0.603344,low_pressure,8,109465
1.3744689999771118,1010.05319,1.01005319,0.603332,low_pressure,8,109620
1.3755019999770268,974.279007,0.974279007,0.603335,low_pressure,8,109783
1.3764979999769449,957.807262,0.957807262,0.603344,low_pressure,8,109938
1.377492999976863,951.924722,0.951924722,0.603357,low_pressure,8,110093
1.3784709999767826,954.01241,0.95401241,0.60337,low_pressure,8,110248
1.3794659999767007,958.607572,0.958607572,0.603383,low_pressure,8,110403
1.3804609999766189,964.389994,0.964389994,0.603393,low_pressure,8,110558
1.3814989999765335,969.525239,0.9695252390000001,0.603403,low_pressure,8,110720
1.3824939999764516,974.663304,0.974663304,0.60341,low_pressure,8,110875
1.3834889999763698,979.100443,0.979100443,0.603417,low_pressure,8,111030
1.3844779999762884,983.453796,0.983453796,0.603422,low_pressure,8,111185
1.3855009999762042,986.747872,0.986747872,0.603426,low_pressure,8,111347
1.3864909999761228,989.279188,0.989279188,0.603429,low_pressure,8,111502
1.38749699997604,991.176501,0.991176501,0.603432,low_pressure,8,111664
1.388494999975958,993.203058,0.9932030580000001,0.603434,low_pressure,8,111826
1.3894949999758757,994.627838,0.994627838,0.603436,low_pressure,8,111988
1.390462999975796,995.545736,0.9955457360000001,0.603437,low_pressure,8,112143
1.391459999975714,996.448612,0.996448612,0.603438,low_pressure,8,112305
1.3924609999756317,996.848559,0.996848559,0.603439,low_pressure,8,112467
1.3934749999755482,997.490069,0.9974900689999999,0.60344,low_pressure,8,112629
1.3944849999754652,997.998038,0.997998038,0.603441,low_pressure,8,112791
1.3954979999753818,998.093567,0.998093567,0.603441,low_pressure,8,112953
1.3964719999753017,998.207338,0.998207338,0.603442,low_pressure,8,113108
1.3974799999752188,998.572821,0.998572821,0.603442,low_pressure,8,113270
1.3980399999751727,998.664585,0.998664585,0.603443,low_pressure,8,113369
1.3991149999750843,12285.342447,12.285342447000001,0.606238,high_pressure,9,113555
1.4000979999750034,30853.015745,30.853015745,0.609052,high_pressure,9,113745
1.4011059999749205,56053.328343,56.053328343000004,0.611882,high_pressure,9,113949
1.4020869999748398,87050.330322,87.050330322,0.61473,high_pressure,9,114153
1.4030949999747568,123326.763409,123.32676340900001,0.617596,high_pressure,9,114371
1.404090999974675,164535.323472,164.535323472,0.62048,high_pressure,9,114589
1.4050939999745924,198652.350877,198.652350877,0.622671,high_pressure,9,114814
1.4061089999745089,199986.171284,199.98617128400002,0.622751,high_pressure,9,115039
1.4070959999744277,199995.183432,199.995183432,0.622753,high_pressure,9,115257
1.4079709999743557,200000.659233,200.00065923300002,0.622755,high_pressure,9,115462
1.409001999974271,154639.512085,154.639512085,0.619858,low_pressure,9,115690
1.4100149999741876,114149.356496,114.149356496,0.616978,low_pressure,9,115908
1.4109869999741076,78745.589256,78.745589256,0.614116,low_pressure,9,116112
1.411990999974025,48859.143013,48.859143013,0.611271,low_pressure,9,116316
1.4129919999739426,25002.965909,25.002965909,0.608444,low_pressure,9,116513
1.4139999999738597,8438.774921,8.438774921,0.605716,low_pressure,9,116696
1.415005999973777,3494.150632,3.4941506319999998,0.604487,low_pressure,9,116865
1.4160099999736944,2064.882656,2.0648826560000004,0.604023,low_pressure,9,117027
1.4169969999736132,1495.64414,1.49564414,0.603816,low_pressure,9,117182
1.4179929999735312,1224.670699,1.224670699,0.60372,low_pressure,9,117337
1.419029999973446,1085.941402,1.085941402,0.603679,low_pressure,9,117499
1.4199869999733672,1013.031496,1.013031496,0.603666,low_pressure,9,117647
1.421021999973282,979.067077,0.9790670770000001,0.603668,low_pressure,9,117810
1.4220169999732002,964.868216,0.964868216,0.603676,low_pressure,9,117965
1.4230119999731183,959.383423,0.959383423,0.603687,low_pressure,9,118120
1.4240069999730365,960.194514,0.960194514,0.603698,low_pressure,9,118275
1.4250019999729546,963.68094,0.9636809399999999,0.603709,low_pressure,9,118430
1.4260239999728705,968.441035,0.968441035,0.603719,low_pressure,9,118592
1.4270189999727887,973.011246,0.973011246,0.603727,low_pressure,9,118747
1.4280139999727068,978.634858,0.978634858,0.603734,low_pressure,9,118902
1.429008999972625,982.776831,0.982776831,0.603739,low_pressure,9,119057
1.4300039999725431,986.886972,0.986886972,0.603743,low_pressure,9,119212
1.4309999999724612,989.893705,0.989893705,0.603746,low_pressure,9,119367
1.4320009999723788,992.436125,0.992436125,0.603749,low_pressure,9,119529
1.4330139999722955,994.095497,0.994095497,0.603751,low_pressure,9,119691
1.4339869999722155,994.713176,0.994713176,0.603752,low_pressure,9,119846
1.4350039999721318,995.80312,0.99580312,0.603754,low_pressure,9,120008
1.436010999972049,996.645802,0.996645802,0.603755,low_pressure,9,120170
1.4370139999719664,997.182434,0.997182434,0.603756,low_pressure,9,120332
1.4380199999718837,997.862038,0.997862038,0.603756,low_pressure,9,120494
1.4389939999718036,997.95017,0.99795017,0.603757,low_pressure,9,120656
1.4400019999717206,998.155989,0.998155989,0.603757,low_pressure,9,120818
1.441005999971638,998.511199,0.9985111990000001,0.603758,low_pressure,9,120980
1.4420239999715543,998.734172,0.9987341719999999,0.603758,low_pressure,9,121142
1.4420679999715507,998.733972,0.998733972,0.603758,low_pressure,9,121157
1.4431309999714632,12291.629345,12.291629344999999,0.606556,high_pressure,10,121343
1.4441029999713832,31016.214709,31.016214709,0.609371,high_pressure,10,121533
1.4451289999712988,56369.281348,56.369281347999994,0.612204,high_pressure,10,121744
1.4461329999712162,87488.262487,87.488262487,0.615054,high_pressure,10,121955
1.4471049999711363,123966.852872,123.966852872,0.617922,high_pressure,10,122166
1.4481229999710525,165392.914612,165.392914612,0.620808,high_pressure,10,122391
1.4491079999709715,198802.621123,198.802621123,0.622942,high_pressure,10,122616
1.4501309999708873,199986.757188,199.98675718799998,0.623013,high_pressure,10,122848
1.4511229999708057,199996.801746,199.99680174600002,0.623014,high_pressure,10,123073
1.4521139999707242,199998.571677,199.998571677,0.623016,high_pressure,10,123298
1.4522069999707166,200000.061348,200.00006134799997,0.623016,high_pressure,10,123328
1.4532209999706331,154503.237897,154.50323789700002,0.620116,low_pressure,10,123556
1.4542119999705516,113912.333403,113.91233340299999,0.617235,low_pressure,10,123774
1.455239999970467,78472.31477,78.47231477,0.614371,low_pressure,10,123992
1.4562349999703852,48563.244547,48.563244547000004,0.611525,low_pressure,10,124196
1.4572429999703023,24696.455609,24.696455609,0.608697,low_pressure,10,124393
1.4582479999702196,8265.648222,8.265648222,0.60598,low_pressure,10,124576
1.4592289999701389,3447.682667,3.447682667,0.604777,low_pressure,10,124745
1.4602269999700568,2048.55571,2.04855571,0.604321,low_pressure,10,124907
1.4612499999699726,1487.777824,1.487777824,0.604117,low_pressure,10,125069
1.4622459999698907,1224.454375,1.224454375,0.604022,low_pressure,10,125224
1.4632429999698087,1090.851641,1.090851641,0.60398,low_pressure,10,125379
1.4642379999697268,1020.520879,1.020520879,0.603965,low_pressure,10,125534
1.4652259999696455,984.092887,0.984092887,0.603965,low_pressure,10,125690
1.4662219999695636,966.871331,0.966871331,0.603973,low_pressure,10,125852
1.4672169999694817,962.203864,0.9622038639999999,0.603983,low_pressure,10,126007
1.4682109999694,963.298007,0.963298007,0.603993,low_pressure,10,126162
1.4692489999693146,966.25581,0.96625581,0.604003,low_pressure,10,126324
1.4702439999692327,971.308544,0.971308544,0.604012,low_pressure,10,126479
1.4712389999691509,975.612804,0.975612804,0.604019,low_pressure,10,126634
1.4722169999690704,980.226105,0.980226105,0.604025,low_pressure,10,126789
1.4732459999689858,983.519097,0.983519097,0.60403,low_pressure,10,126951
1.474240999968904,987.353107,0.987353107,0.604034,low_pressure,10,127106
1.4752319999688224,990.317049,0.990317049,0.604038,low_pressure,10,127261
1.4762359999687398,992.035634,0.9920356339999999,0.60404,low_pressure,10,127423
1.4772479999686565,993.059066,0.993059066,0.604042,low_pressure,10,127585
1.4782169999685768,994.529531,0.994529531,0.604044,low_pressure,10,127740
1.479210999968495,995.230156,0.995230156,0.604045,low_pressure,10,127902
1.4802249999684116,996.066051,0.996066051,0.604046,low_pressure,10,128064
1.4812399999683281,996.608355,0.996608355,0.604047,low_pressure,10,128226
1.4822089999682484,996.767724,0.996767724,0.604048,low_pressure,10,128381
1.4832249999681648,996.796778,0.996796778,0.604049,low_pressure,10,128543
1.4842419999680811,997.179289,0.9971792890000001,0.60405,low_pressure,10,128705
1.4852379999679992,997.702399,0.997702399,0.604051,low_pressure,10,128867
1.4862509999679159,997.820294,0.9978202939999999,0.604052,low_pressure,10,129029
1.4872189999678362,997.75651,0.9977565100000001,0.604052,low_pressure,10,129184
1.4873509999678254,997.715342,0.997715342,0.604052,low_pressure,10,129213
1.4883979999677392,12347.507233,12.347507233,0.606852,high_pressure,11,129399
1.4893749999676589,31099.239079,31.099239079,0.609669,high_pressure,11,129589
1.4903789999675763,56584.599125,56.584599125000004,0.612503,high_pressure,11,129793
1.4913739999674944,87906.55092,87.90655092,0.615355,high_pressure,11,130004
1.4923859999674112,124538.92403,124.53892402999999,0.618225,high_pressure,11,130222
1.49337199996733,166197.372763,166.197372763,0.621113,high_pressure,11,130440
1.4943679999672481,198912.612165,198.91261216499998,0.623198,high_pressure,11,130665
1.495390999967164,199984.162917,199.98416291700002,0.623262,high_pressure,11,130897
1.4963699999670834,199996.065062,199.996065062,0.623264,high_pressure,11,131122
1.4967109999670554,200000.213169,200.000213169,0.623265,high_pressure,11,131208
1.49774799996697,154369.849755,154.369849755,0.620364,low_pressure,11,131436
1.4987409999668884,113671.266605,113.671266605,0.617481,low_pressure,11,131654
1.4997379999668063,78163.842106,78.16384210599999,0.614616,low_pressure,11,131865
1.5007599999667223,48225.663849,48.225663849,0.611768,low_pressure,11,132076
1.5017689999666393,24389.529707,24.389529707,0.608938,low_pressure,11,132273
1.5027379999665595,8104.227269,8.104227269,0.606234,low_pressure,11,132449
1.5037349999664775,3395.823103,3.395823103,0.605055,low_pressure,11,132618
1.5047359999663952,2022.165592,2.022165592,0.604609,low_pressure,11,132780
1.5057609999663109,1474.531032,1.474531032,0.60441,low_pressure,11,132942
1.5067379999662305,1218.495084,1.218495084,0.604318,low_pressure,11,133097
1.5077329999661486,1089.018776,1.0890187759999999,0.604277,low_pressure,11,133252
1.508773999966063,1021.102809,1.021102809,0.604262,low_pressure,11,133414
1.5097609999659818,986.276672,0.9862766719999999,0.604262,low_pressure,11,133570
1.5107559999659,970.41203,0.97041203,0.604268,low_pressure,11,133725
1.5117489999658182,965.012762,0.965012762,0.604277,low_pressure,11,133880
1.512771999965734,966.518706,0.966518706,0.604287,low_pressure,11,134042
1.5137669999656522,970.278136,0.970278136,0.604296,low_pressure,11,134197
1.5147579999655707,974.447009,0.974447009,0.604304,low_pressure,11,134352
1.515751999965489,977.582879,0.9775828790000001,0.60431,low_pressure,11,134507
1.5167419999654075,981.865209,0.9818652090000001,0.604316,low_pressure,11,134662
1.5177359999653257,985.483007,0.985483007,0.604321,low_pressure,11,134817
1.5187759999652402,988.07865,0.9880786500000001,0.604324,low_pressure,11,134979
1.5197469999651603,990.465373,0.990465373,0.604327,low_pressure,11,135134
1.5207609999650769,992.127096,0.992127096,0.60433,low_pressure,11,135296
1.5217749999649934,993.940305,0.993940305,0.604332,low_pressure,11,135458
1.5227469999649135,994.988009,0.9949880090000001,0.604333,low_pressure,11,135613
1.52376099996483,995.71389,0.99571389,0.604334,low_pressure,11,135775
1.52473299996475,996.554407,0.996554407,0.604336,low_pressure,11,135930
1.5257489999646665,997.325304,0.997325304,0.604336,low_pressure,11,136092
1.526740999964585,997.703334,0.997703334,0.604337,low_pressure,11,136254
1.5277529999645016,998.224745,0.998224745,0.604338,low_pressure,11,136416
1.5281079999644724,998.094935,0.998094935,0.604338,low_pressure,11,136480
1.5291609999643858,12373.04111,12.37304111,0.607139,high_pressure,12,136666
1.5301659999643031,31252.439206,31.252439206,0.609958,high_pressure,12,136863
1.5311569999642216,56845.101346,56.845101346,0.612794,high_pressure,12,137067
1.5321639999641388,88308.328485,88.308328485,0.615648,high_pressure,12,137285
1.5331639999640565,125111.277863,125.111277863,0.61852,high_pressure,12,137503
1.5341389999639763,166950.874909,166.950874909,0.621409,high_pressure,12,137721
1.5351559999638926,199013.892799,199.013892799,0.623447,high_pressure,12,137953
1.5361629999638098,199986.639472,199.986639472,0.623506,high_pressure,12,138185
1.5365639999637768,200000.351722,200.000351722,0.623507,high_pressure,12,138285
1.5375909999636923,154290.530158,154.290530158,0.620604,low_pressure,12,138513
1.5386139999636081,113519.766271,113.519766271,0.61772,low_pressure,12,138738
1.5396019999635269,77954.117319,77.95411731899999,0.614853,low_pressure,12,138949
1.5405899999634456,47981.201902,47.981201902,0.612004,low_pressure,12,139153
1.5416099999633617,24146.765061,24.146765061,0.609173,low_pressure,12,139357
1.5426089999632795,7973.228418,7.973228418,0.606478,low_pressure,12,139540
1.5436049999631976,3360.07233,3.36007233,0.605319,low_pressure,12,139709
1.544595999963116,2014.485639,2.014485639,0.604878,low_pressure,12,139871
1.5456269999630312,1474.507515,1.474507515,0.60468,low_pressure,12,140033
1.5466229999629493,1220.652608,1.2206526080000002,0.604587,low_pressure,12,140188
1.5476029999628687,1092.001423,1.092001423,0.604545,low_pressure,12,140343
1.5486009999627866,1023.697032,1.023697032,0.60453,low_pressure,12,140498
1.5495889999627053,990.006502,0.990006502,0.604529,low_pressure,12,140654
1.5506279999626198,973.597124,0.973597124,0.604534,low_pressure,12,140816
1.5516239999625379,968.284526,0.968284526,0.604542,low_pressure,12,140971
1.552618999962456,969.070722,0.969070722,0.604551,low_pressure,12,141126
1.5536139999623741,971.407409,0.971407409,0.604559,low_pressure,12,141281
1.5546319999622904,974.898877,0.974898877,0.604567,low_pressure,12,141443
1.5556239999622088,978.750505,0.9787505049999999,0.604573,low_pressure,12,141598
1.556618999962127,982.489411,0.982489411,0.604579,low_pressure,12,141753
1.5576099999620454,985.901481,0.985901481,0.604583,low_pressure,12,141908
1.5586009999619639,989.319976,0.989319976,0.604587,low_pressure,12,142063
1.559607999961881,991.618663,0.991618663,0.604589,low_pressure,12,142225
1.5606239999617975,993.053157,0.9930531570000001,0.604592,low_pressure,12,142394
1.561588999961718,994.57426,0.9945742599999999,0.604593,low_pressure,12,142549
1.5625939999616354,995.602583,0.9956025829999999,0.604595,low_pressure,12,142711
1.5635999999615526,996.366685,0.9963666849999999,0.604596,low_pressure,12,142873
1.5646089999614696,997.328878,0.997328878,0.604597,low_pressure,12,143035
1.5656209999613864,997.694605,0.9976946050000001,0.604597,low_pressure,12,143197
1.5665889999613067,998.023801,0.9980238010000001,0.604598,low_pressure,12,143352
1.5676209999612218,998.050806,0.998050806,0.604598,low_pressure,12,143521
1.5685899999611421,998.421286,0.998421286,0.604599,low_pressure,12,143676
1.5696059999610585,998.615145,0.998615145,0.604599,low_pressure,12,143838
1.5698719999610367,998.619936,0.9986199360000001,0.6046,low_pressure,12,143888
1.5708929999609527,12400.279333,12.400279333,0.607403,high_pressure,13,144074
1.5718879999608708,31335.431298,31.335431298,0.610223,high_pressure,13,144271
1.5728999999607876,57055.422236,57.055422236,0.613061,high_pressure,13,144482
1.5738929999607059,88597.341852,88.597341852,0.615916,high_pressure,13,144693
1.574888999960624,125505.518548,125.505518548,0.61879,high_pressure,13,144911
1.5758939999605412,167464.493709,167.464493709,0.621681,high_pressure,13,145136
1.5768789999604602,199082.798452,199.082798452,0.623685,high_pressure,13,145361
1.5778749999603783,199990.618152,199.990618152,0.623739,high_pressure,13,145593
1.5782139999603504,200000.365761,200.00036576099998,0.62374,high_pressure,13,145679
1.5792659999602638,154185.266477,154.185266477,0.620836,low_pressure,13,145914
1.5802579999601822,113349.528877,113.349528877,0.61795,low_pressure,13,146132
1.581244999960101,77740.061289,77.74006128900001,0.615082,low_pressure,13,146343
1.582254999960018,47747.937256,47.747937256,0.612231,low_pressure,13,146554
1.5832529999599358,23942.907896,23.942907896,0.609398,low_pressure,13,146751
1.584246999959854,7860.077317,7.860077317,0.606713,low_pressure,13,146934
1.585279999959769,3332.752088,3.3327520880000003,0.60557,low_pressure,13,147110
1.586277999959687,2005.385307,2.005385307,0.605133,low_pressure,13,147272
1.5872609999596061,1475.73238,1.47573238,0.604936,low_pressure,13,147427
1.588270999959523,1222.449556,1.222449556,0.604842,low_pressure,13,147589
1.5892629999594414,1094.359968,1.094359968,0.6048,low_pressure,13,147744
1.5902579999593596,1027.154334,1.027154334,0.604784,low_pressure,13,147899
1.5912439999592785,992.816946,0.992816946,0.604782,low_pressure,13,148055
1.5922809999591931,978.292298,0.978292298,0.604786,low_pressure,13,148217
1.5932649999591122,972.934153,0.9729341530000001,0.604793,low_pressure,13,148372
1.5942549999590307,973.415032,0.973415032,0.604801,low_pressure,13,148527
1.5952669999589475,975.479854,0.975479854,0.604808,low_pressure,13,148689
1.596256999958866,978.937305,0.9789373050000001,0.604814,low_pressure,13,148844
1.597278999958782,982.489726,0.9824897260000001,0.60482,low_pressure,13,149006
1.5982469999587023,986.278464,0.986278464,0.604824,low_pressure,13,149161
1.5992659999586185,989.078703,0.989078703,0.604828,low_pressure,13,149323
1.6002719999585358,991.116433,0.9911164330000001,0.60483,low_pressure,13,149485
1.601252999958455,993.291146,0.993291146,0.604833,low_pressure,13,149647
1.602249999958373,994.92747,0.9949274699999999,0.604834,low_pressure,13,149809
1.6032449999582912,995.992472,0.9959924720000001,0.604835,low_pressure,13,149971
1.6042739999582065,996.407201,0.996407201,0.604836,low_pressure,13,150140
1.6052699999581246,997.076769,0.997076769,0.604837,low_pressure,13,150302
1.6062699999580423,997.69504,0.99769504,0.604838,low_pressure,13,150464
1.6072749999579596,998.316145,0.998316145,0.604839,low_pressure,13,150626
1.6082249999578815,998.341956,0.998341956,0.604839,low_pressure,13,150788
1.6092619999577962,12451.826561,12.451826561,0.607644,high_pressure,14,150974
1.6102639999577137,31482.419879,31.482419879000002,0.610466,high_pressure,14,151171
1.6112589999576319,57289.741528,57.289741528,0.613305,high_pressure,14,151375
1.6122559999575499,88956.708695,88.95670869499999,0.616162,high_pressure,14,151586
1.6132459999574684,126016.218911,126.01621891100001,0.619037,high_pressure,14,151804
1.614258999957385,168140.78397,168.14078397,0.621929,high_pressure,14,152029
1.6152469999573038,199155.234248,199.155234248,0.623892,high_pressure,14,152254
1.6162619999572203,199992.742058,199.992742058,0.623941,high_pressure,14,152486
1.617249999957139,199996.717235,199.99671723499998,0.623942,high_pressure,14,152711
1.6177659999570966,200000.918392,200.000918392,0.623943,high_pressure,14,152839
1.6187979999570117,154141.076129,154.141076129,0.621038,low_pressure,14,153067
1.6198169999569278,113253.523582,113.253523582,0.618151,low_pressure,14,153292
1.6208069999568464,77573.876587,77.573876587,0.615281,low_pressure,14,153503
1.6217989999567648,47561.112629,47.561112629,0.61243,low_pressure,14,153707
1.6228249999566804,23755.626945,23.755626945,0.609596,low_pressure,14,153911
1.623825999956598,7772.529061,7.772529061,0.606918,low_pressure,14,154094
1.624822999956516,3307.760425,3.307760425,0.605787,low_pressure,14,154263
1.6258119999564347,1990.074566,1.990074566,0.605356,low_pressure,14,154425
1.6268319999563507,1467.956204,1.467956204,0.605162,low_pressure,14,154587
1.627826999956269,1220.613624,1.220613624,0.605069,low_pressure,14,154742
1.6288069999561883,1095.375321,1.095375321,0.605027,low_pressure,14,154897
1.6298019999561064,1030.495409,1.030495409,0.60501,low_pressure,14,155052
1.6307949999560247,996.122806,0.9961228059999999,0.605007,low_pressure,14,155208
1.63182499995594,980.056094,0.980056094,0.605011,low_pressure,14,155370
1.6328059999558593,974.5483,0.9745483,0.605017,low_pressure,14,155525
1.633794999955778,974.060854,0.974060854,0.605025,low_pressure,14,155680
1.6348209999556935,975.72675,0.9757267500000001,0.605032,low_pressure,14,155842
1.6358189999556114,979.563675,0.979563675,0.605038,low_pressure,14,156004
1.6368039999555304,982.589071,0.982589071,0.605043,low_pressure,14,156159
1.6378279999554461,985.032507,0.985032507,0.605048,low_pressure,14,156321
1.638813999955365,988.173477,0.988173477,0.605051,low_pressure,14,156476
1.6398329999552812,990.092762,0.990092762,0.605054,low_pressure,14,156638
1.6408299999551992,991.76008,0.99176008,0.605057,low_pressure,14,156800
1.6418119999551184,993.504687,0.9935046869999999,0.605059,low_pressure,14,156962
1.6428079999550365,994.700694,0.994700694,0.605061,low_pressure,14,157124
1.6437999999549548,995.50431,0.9955043100000001,0.605062,low_pressure,14,157286
1.6447969999548728,996.248159,0.996248159,0.605063,low_pressure,14,157448
1.6457939999547908,996.857937,0.996857937,0.605064,low_pressure,14,157610
1.6468329999547053,996.988262,0.996988262,0.605065,low_pressure,14,157779
1.647821999954624,997.54345,0.99754345,0.605066,low_pressure,14,157941
1.6488079999545429,997.511353,0.9975113529999999,0.605067,low_pressure,14,158103
1.6498049999544608,997.82516,0.99782516,0.605067,low_pressure,14,158265
1.6499349999544501,997.7993,0.9977993000000001,0.605067,low_pressure,14,158294
1.6509849999543638,12452.644553,12.452644553,0.607873,high_pressure,15,158480
1.6519749999542823,31539.996359,31.539996359,0.610697,high_pressure,15,158677
1.6529979999541982,57400.81709,57.40081709,0.613537,high_pressure,15,158888
1.6539749999541178,89136.148541,89.136148541,0.616396,high_pressure,15,159099
1.654967999954036,126259.277469,126.259277469,0.619272,high_pressure,15,159317
1.655966999953954,168465.523921,168.46552392100003,0.622166,high_pressure,15,159542
1.6569829999538703,199193.509561,199.193509561,0.624106,high_pressure,15,159774
1.6579679999537893,199992.292187,199.992292187,0.624154,high_pressure,15,159999
1.658992999953705,199997.737886,199.99773788599998,0.624155,high_pressure,15,160238
1.659976999953624,199998.267319,199.998267319,0.624156,high_pressure,15,160463
1.6604079999535886,200000.651383,200.000651383,0.624156,high_pressure,15,160570
1.6614269999535047,154063.773965,154.063773965,0.62125,low_pressure,15,160805
1.6624149999534235,113108.418138,113.10841813799999,0.618361,low_pressure,15,161023
1.663417999953341,77429.915664,77.429915664,0.615491,low_pressure,15,161241
1.6644359999532572,47428.503403,47.428503403,0.612638,low_pressure,15,161452
1.6654289999531755,23644.044685,23.644044685,0.609803,low_pressure,15,161649
1.666420999953094,7716.582569,7.716582569,0.607129,low_pressure,15,161832
1.6674109999530125,3289.080979,3.289080979,0.606007,low_pressure,15,162001
1.668424999952929,1984.526175,1.984526175,0.605579,low_pressure,15,162170
1.6694429999528453,1465.727259,1.465727259,0.605386,low_pressure,15,162332
1.670431999952764,1221.298525,1.221298525,0.605293,low_pressure,15,162487
1.6714259999526822,1096.554487,1.0965544870000001,0.605251,low_pressure,15,162642
1.672411999952601,1031.859882,1.031859882,0.605234,low_pressure,15,162797
1.6734489999525157,998.501669,0.998501669,0.60523,low_pressure,15,162960
1.674430999952435,984.143482,0.9841434819999999,0.605233,low_pressure,15,163115
1.675451999952351,978.908998,0.978908998,0.605238,low_pressure,15,163277
1.6764279999522707,977.320273,0.977320273,0.605244,low_pressure,15,163432
1.6774469999521868,979.244562,0.979244562,0.605251,low_pressure,15,163594
1.6784149999521072,981.683578,0.9816835780000001,0.605256,low_pressure,15,163749
1.679438999952023,984.628922,0.984628922,0.605261,low_pressure,15,163911
1.680421999951942,987.149622,0.987149622,0.605265,low_pressure,15,164066
1.6814379999518585,989.994533,0.9899945330000001,0.605268,low_pressure,15,164228
1.6824349999517765,992.086879,0.9920868789999999,0.60527,low_pressure,15,164390
1.6834309999516945,993.847816,0.9938478159999999,0.605272,low_pressure,15,164552
1.6844279999516125,994.863554,0.994863554,0.605274,low_pressure,15,164714
1.6854099999515317,995.984556,0.995984556,0.605275,low_pressure,15,164876
1.6864499999514462,996.647437,0.9966474369999999,0.605276,low_pressure,15,165045
1.6874469999513642,997.286268,0.997286268,0.605277,low_pressure,15,165207
1.688421999951284,997.743845,0.997743845,0.605278,low_pressure,15,165369
1.689418999951202,998.135389,0.998135389,0.605278,low_pressure,15,165531
1.69041499995112,998.421045,0.9984210450000001,0.605279,low_pressure,15,165693
1.6912379999510523,998.461905,0.998461905,0.605279,low_pressure,15,165834
1.692274999950967,12467.4521,12.467452100000001,0.608086,high_pressure,16,166020
1.6932759999508846,31552.25033,31.55225033,0.610911,high_pressure,16,166217
1.6942869999508015,57402.265613,57.402265613000004,0.613753,high_pressure,16,166428
1.69527699995072,89158.383171,89.158383171,0.616613,high_pressure,16,166639
1.696272999950638,126232.023041,126.23202304099999,0.619491,high_pressure,16,166857
1.6972769999505555,168355.144921,168.355144921,0.622386,high_pressure,16,167082
1.6982819999504728,199190.612431,199.19061243099998,0.624332,high_pressure,16,167314
1.6992679999503917,199989.212419,199.98921241899998,0.624381,high_pressure,16,167539
1.699544999950369,200000.254387,200.00025438699998,0.624382,high_pressure,16,167611
1.7005849999502833,154052.153369,154.052153369,0.621474,low_pressure,16,167846
1.7015709999502022,113143.785767,113.143785767,0.618584,low_pressure,16,168064
1.7025889999501185,77511.291689,77.511291689,0.615712,low_pressure,16,168282
1.7035959999500356,47502.827705,47.502827705,0.612858,low_pressure,16,168493
1.7045969999499533,23714.538715,23.714538715,0.610021,low_pressure,16,168690
1.7055899999498716,7732.726102,7.732726102,0.607345,low_pressure,16,168873
1.70658099994979,3299.981857,3.299981857,0.606219,low_pressure,16,169042
1.7075729999497085,1990.735495,1.9907354949999998,0.605788,low_pressure,16,169204
1.7085909999496247,1467.202761,1.467202761,0.605593,low_pressure,16,169366
1.7095929999495423,1222.418068,1.2224180679999999,0.605501,low_pressure,16,169528
1.7105869999494605,1097.16432,1.09716432,0.605458,low_pressure,16,169683
1.7115819999493787,1030.908783,1.030908783,0.605441,low_pressure,16,169838
1.7125709999492973,998.738198,0.998738198,0.605437,low_pressure,16,169994
1.713594999949213,983.010861,0.983010861,0.60544,low_pressure,16,170156
1.7145839999491317,976.557486,0.976557486,0.605446,low_pressure,16,170311
1.7155979999490483,976.088617,0.976088617,0.605453,low_pressure,16,170473
1.7165719999489681,977.955568,0.9779555679999999,0.605459,low_pressure,16,170628
1.7175909999488843,980.793309,0.9807933090000001,0.605465,low_pressure,16,170790
1.7185639999488043,984.003813,0.9840038130000001,0.60547,low_pressure,16,170945
1.7195809999487206,986.928794,0.986928794,0.605474,low_pressure,16,171107
1.7205989999486369,989.890451,0.989890451,0.605477,low_pressure,16,171269
1.721594999948555,991.965071,0.991965071,0.60548,low_pressure,16,171431
1.7225759999484742,993.473034,0.993473034,0.605482,low_pressure,16,171593
1.7236049999483896,994.996824,0.994996824,0.605483,low_pressure,16,171762
1.7246009999483076,995.537302,0.9955373019999999,0.605485,low_pressure,16,171924
1.7255949999482258,996.504516,0.996504516,0.605486,low_pressure,16,172086
1.7265919999481438,997.198768,0.997198768,0.605487,low_pressure,16,172248
1.727587999948062,997.21348,0.99721348,0.605487,low_pressure,16,172410
1.728570999947981,998.040357,0.9980403569999999,0.605488,low_pressure,16,172572
1.729566999947899,998.378076,0.998378076,0.605489,low_pressure,16,172734
1.7306059999478136,998.625775,0.9986257749999999,0.605489,low_pressure,16,172903
1.7316029999477316,998.654321,0.998654321,0.605489,low_pressure,16,173065
1.732339999947671,998.799113,0.998799113,0.60549,low_pressure,16,173192
1.7333809999475853,12502.448275,12.502448275,0.608298,high_pressure,17,173378
1.7343919999475021,31612.824107,31.612824107,0.611124,high_pressure,17,173582
1.7353739999474214,57485.808409,57.485808409,0.613968,high_pressure,17,173786
1.7363929999473375,89269.309442,89.269309442,0.616829,high_pressure,17,174004
1.7373789999472564,126477.514672,126.477514672,0.619708,high_pressure,17,174222
1.7383739999471746,168779.872295,168.77987229500002,0.622605,high_pressure,17,174447
1.7393789999470919,199226.452272,199.226452272,0.624525,high_pressure,17,174679
1.7403949999470083,199986.339905,199.986339905,0.624572,high_pressure,17,174911
1.7413779999469274,199996.053521,199.996053521,0.624573,high_pressure,17,175136
1.7423949999468438,199998.143798,199.998143798,0.624575,high_pressure,17,175368
1.7428559999468058,200000.304402,200.000304402,0.624575,high_pressure,17,175482
1.7438659999467228,153994.719179,153.99471917900001,0.621666,low_pressure,17,175717
1.7448819999466392,113010.320257,113.010320257,0.618775,low_pressure,17,175942
1.7458909999465562,77322.978663,77.322978663,0.615902,low_pressure,17,176160
1.7468719999464755,47314.02144,47.31402144,0.613046,low_pressure,17,176364
1.747861999946394,23541.003901,23.541003901,0.610208,low_pressure,17,176561
1.7488659999463114,7658.485947,7.658485947,0.607539,low_pressure,17,176751
1.7498969999462266,3273.922994,3.273922994,0.606424,low_pressure,17,176927
1.7508859999461452,1977.782161,1.9777821610000001,0.605998,low_pressure,17,177089
1.7519019999460617,1460.181983,1.460181983,0.605806,low_pressure,17,177251
1.7528859999459807,1217.970846,1.2179708459999998,0.605715,low_pressure,17,177406
1.7538679999459,1093.381791,1.093381791,0.605674,low_pressure,17,177561
1.7548789999458168,1027.871892,1.0278718919999998,0.605658,low_pressure,17,177723
1.7558949999457332,995.477752,0.995477752,0.605655,low_pressure,17,177886
1.7568639999456535,981.537589,0.981537589,0.605658,low_pressure,17,178041
1.7578809999455698,975.613161,0.975613161,0.605665,low_pressure,17,178203
1.7588849999454872,975.659902,0.975659902,0.605672,low_pressure,17,178365
1.7599019999454035,978.387838,0.978387838,0.605678,low_pressure,17,178527
1.7608749999453235,981.039067,0.9810390670000001,0.605684,low_pressure,17,178682
1.7618789999452409,984.730507,0.984730507,0.605689,low_pressure,17,178844
1.7628969999451571,987.338088,0.987338088,0.605692,low_pressure,17,179006
1.763869999945077,989.291926,0.989291926,0.605696,low_pressure,17,179161
1.7648719999449947,991.518765,0.991518765,0.605698,low_pressure,17,179323
1.7658689999449126,993.136934,0.993136934,0.605701,low_pressure,17,179485
1.766898999944828,994.262922,0.994262922,0.605702,low_pressure,17,179654
1.7678759999447475,995.353519,0.995353519,0.605704,low_pressure,17,179816
1.7688739999446654,995.948743,0.995948743,0.605705,low_pressure,17,179978
1.7698699999445835,996.87064,0.99687064,0.605706,low_pressure,17,180140
1.7708669999445015,997.253246,0.997253246,0.605707,low_pressure,17,180302
1.7718619999444196,997.585852,0.997585852,0.605707,low_pressure,17,180464
1.7729009999443341,998.104037,0.9981040369999999,0.605708,low_pressure,17,180633
1.773898999944252,998.350816,0.998350816,0.605709,low_pressure,17,180795
1.774871999944172,998.630053,0.998630053,0.605709,low_pressure,17,180957
1.7750449999441578,998.535091,0.9985350909999999,0.605709,low_pressure,17,180993
1.7761089999440702,12532.924699,12.532924698999999,0.608519,high_pressure,18,181179
1.7771139999439876,31718.35567,31.71835567,0.611346,high_pressure,18,181376
1.778105999943906,57677.987645,57.677987645,0.614191,high_pressure,18,181580
1.7791059999438237,89512.208149,89.512208149,0.617054,high_pressure,18,181791
1.7800909999437426,126834.179732,126.83417973200001,0.619934,high_pressure,18,182009
1.7811009999436596,169276.351923,169.27635192300002,0.622832,high_pressure,18,182234
1.7820869999435784,199276.267976,199.276267976,0.624721,high_pressure,18,182459
1.783101999943495,199992.95904,199.99295904,0.624764,high_pressure,18,182691
1.783440999943467,200000.070976,200.000070976,0.624764,high_pressure,18,182777
1.7844819999433814,153902.299666,153.902299666,0.621854,low_pressure,18,183012
1.7854759999432996,112854.488547,112.854488547,0.618962,low_pressure,18,183230
1.7864669999432181,77146.885881,77.14688588099999,0.616088,low_pressure,18,183441
1.7874599999431364,47125.946441,47.125946441,0.613231,low_pressure,18,183645
1.7884639999430538,23358.842922,23.358842922,0.610392,low_pressure,18,183842
1.789494999942969,7576.489216,7.576489216,0.607731,low_pressure,18,184032
1.7904879999428873,3244.759122,3.244759122,0.606629,low_pressure,18,184201
1.791475999942806,1964.809866,1.964809866,0.606209,low_pressure,18,184363
1.7924919999427225,1455.6425,1.4556425,0.606019,low_pressure,18,184525
1.793469999942642,1215.490205,1.215490205,0.605929,low_pressure,18,184680
1.7944599999425606,1092.735564,1.092735564,0.605888,low_pressure,18,184835
1.795474999942477,1030.095149,1.030095149,0.605871,low_pressure,18,184997
1.7964949999423931,996.245179,0.996245179,0.605868,low_pressure,18,185160
1.797469999942313,981.234978,0.9812349779999999,0.605872,low_pressure,18,185315
1.7984869999422293,975.663324,0.975663324,0.605878,low_pressure,18,185477
1.7995019999421458,974.697207,0.9746972070000001,0.605885,low_pressure,18,185639
1.8004749999420657,977.016498,0.977016498,0.605892,low_pressure,18,185794
1.801492999941982,979.850761,0.979850761,0.605898,low_pressure,18,185956
1.8024849999419004,982.713333,0.9827133330000001,0.605903,low_pressure,18,186118
1.8035019999418167,985.467405,0.985467405,0.605907,low_pressure,18,186280
1.8044749999417367,988.107459,0.988107459,0.605911,low_pressure,18,186435
1.8054849999416536,990.490974,0.9904909740000001,0.605914,low_pressure,18,186597
1.8064809999415716,992.428839,0.992428839,0.605916,low_pressure,18,186759
1.8074779999414896,993.031387,0.993031387,0.605918,low_pressure,18,186921
1.8084629999414086,994.200336,0.994200336,0.60592,low_pressure,18,187083
1.8094989999413233,995.176355,0.9951763549999999,0.605922,low_pressure,18,187252
1.8104949999412414,995.943527,0.995943527,0.605923,low_pressure,18,187414
1.8114919999411594,996.309633,0.996309633,0.605924,low_pressure,18,187576
1.8117079999411416,996.372915,0.996372915,0.605924,low_pressure,18,187619
1.8127199999410584,12582.469407,12.582469407000001,0.608735,high_pressure,19,187805
1.813744999940974,31845.575488,31.845575487999998,0.611564,high_pressure,19,188009
1.814716999940894,57925.748476,57.925748476,0.61441,high_pressure,19,188213
1.8157319999408106,89897.236185,89.897236185,0.617274,high_pressure,19,188431
1.8167129999407299,127274.816016,127.274816016,0.620156,high_pressure,19,188649
1.8177389999406455,169779.984357,169.77998435700002,0.623056,high_pressure,19,188881
1.8187239999405644,199317.981487,199.31798148700003,0.624915,high_pressure,19,189106
1.8197239999404822,199993.066806,199.993066806,0.624956,high_pressure,19,189338
1.8207389999403987,199995.825066,199.99582506599998,0.624957,high_pressure,19,189570
1.8213839999403456,200000.166854,200.000166854,0.624958,high_pressure,19,189726
1.8224319999402594,153909.689217,153.909689217,0.622046,low_pressure,19,189961
1.8234389999401766,112869.126135,112.869126135,0.619153,low_pressure,19,190186
1.824416999940096,77109.178131,77.109178131,0.616277,low_pressure,19,190397
1.825427999940013,47062.100587,47.062100587,0.61342,low_pressure,19,190608
1.8264429999399294,23284.105547,23.284105547,0.610579,low_pressure,19,190812
1.8274299999398482,7514.051468,7.514051468,0.607924,low_pressure,19,190995
1.8284519999397641,3217.653352,3.2176533519999997,0.606832,low_pressure,19,191171
1.8294469999396823,1953.079864,1.953079864,0.606417,low_pressure,19,191340
1.8304159999396026,1450.182005,1.4501820049999998,0.60623,low_pressure,19,191495
1.8314339999395188,1214.02622,1.21402622,0.60614,low_pressure,19,191657
1.8324499999394352,1093.634971,1.093634971,0.606099,low_pressure,19,191819
1.8334239999393551,1030.065612,1.030065612,0.606083,low_pressure,19,191974
1.834446999939271,999.966953,0.9999669529999999,0.606079,low_pressure,19,192137
1.8354249999391905,985.515823,0.985515823,0.606081,low_pressure,19,192299
1.836440999939107,979.502823,0.979502823,0.606086,low_pressure,19,192461
1.8374579999390233,979.790936,0.979790936,0.606092,low_pressure,19,192623
1.8384309999389432,981.321317,0.981321317,0.606098,low_pressure,19,192778
1.8394469999388596,983.055369,0.983055369,0.606103,low_pressure,19,192940
1.8404199999387796,985.458472,0.985458472,0.606107,low_pressure,19,193095
1.841436999938696,988.245985,0.988245985,0.606111,low_pressure,19,193257
1.8424299999386142,990.836035,0.9908360350000001,0.606114,low_pressure,19,193419
1.8434259999385323,992.220571,0.9922205709999999,0.606116,low_pressure,19,193581
1.8444239999384502,993.753083,0.993753083,0.606118,low_pressure,19,193743
1.8454189999383683,995.289606,0.995289606,0.60612,low_pressure,19,193905
1.8464149999382864,996.041296,0.996041296,0.606121,low_pressure,19,194067
1.8474549999382008,996.751743,0.996751743,0.606122,low_pressure,19,194236
1.8478009999381724,996.820835,0.996820835,0.606122,low_pressure,19,194300
1.848873999938084,12574.368766,12.574368766,0.608935,high_pressure,20,194493
1.8498619999380028,31955.518973,31.955518972999997,0.611765,high_pressure,20,194690
1.8508459999379219,58148.420046,58.148420046,0.614612,high_pressure,20,194894
1.8518469999378395,90250.233915,90.25023391500001,0.617477,high_pressure,20,195112
1.8528679999377555,127781.410926,127.78141092599999,0.62036,high_pressure,20,195337
1.853869999937673,170430.622003,170.430622003,0.623261,high_pressure,20,195569
1.8548539999375921,199380.031165,199.380031165,0.625076,high_pressure,20,195794
1.8558699999375086,199996.11871,199.99611871000002,0.625113,high_pressure,20,196026
1.856849999937428,199998.069269,199.998069269,0.625114,high_pressure,20,196251
1.8575259999373723,200000.017046,200.00001704599998,0.625115,high_pressure,20,196414
1.8585529999372878,153803.235369,153.803235369,0.622203,low_pressure,20,196649
1.8595689999372043,112708.812255,112.708812255,0.619308,low_pressure,20,196874
1.860543999937124,76894.110005,76.894110005,0.616432,low_pressure,20,197085
1.8615559999370408,46793.830077,46.793830076999996,0.613573,low_pressure,20,197296
1.8625589999369583,23015.444948,23.015444948,0.610732,low_pressure,20,197500
1.8635439999368772,7376.741971,7.376741971,0.608091,low_pressure,20,197683
1.864567999936793,3186.356179,3.1863561789999997,0.60702,low_pressure,20,197859
1.8655489999367123,1945.947234,1.945947234,0.606609,low_pressure,20,198021
1.8665579999366293,1447.466505,1.4474665050000002,0.606423,low_pressure,20,198183
1.8675749999365456,1212.391986,1.212391986,0.606334,low_pressure,20,198345
1.8685379999364664,1091.506582,1.091506582,0.606293,low_pressure,20,198500
1.8695619999363822,1029.046852,1.029046852,0.606277,low_pressure,20,198662
1.8705759999362988,997.8657,0.9978657,0.606274,low_pressure,20,198825
1.8715429999362192,983.82247,0.98382247,0.606277,low_pressure,20,198980
1.8725579999361357,978.536405,0.9785364049999999,0.606282,low_pressure,20,199142
1.873574999936052,978.109513,0.978109513,0.606288,low_pressure,20,199304
1.874548999935972,980.109742,0.980109742,0.606294,low_pressure,20,199459
1.8755489999358896,983.021972,0.983021972,0.606299,low_pressure,20,199621
1.876564999935806,985.70535,0.9857053499999999,0.606304,low_pressure,20,199783
1.877538999935726,988.447169,0.9884471690000001,0.606307,low_pressure,20,199938
1.8785449999356432,990.874642,0.990874642,0.60631,low_pressure,20,200100
1.8795419999355611,992.895088,0.992895088,0.606313,low_pressure,20,200262
1.8805379999354792,994.3457,0.9943457,0.606314,low_pressure,20,200424
1.881561999935395,995.42522,0.99542522,0.606316,low_pressure,20,200593
1.8825559999353132,996.380098,0.9963800979999999,0.606317,low_pressure,20,200755
1.8835529999352312,997.144494,0.997144494,0.606318,low_pressure,20,200917
1.8845499999351492,997.574659,0.997574659,0.606319,low_pressure,20,201079
1.8855699999350652,997.890859,0.997890859,0.606319,low_pressure,20,201248
1.8865669999349832,997.959934,0.9979599339999999,0.60632,low_pressure,20,201410
1.8875629999349013,998.369085,0.998369085,0.60632,low_pressure,20,201572
1.888454999934828,998.678221,0.998678221,0.606321,low_pressure,20,201727
1.889474999934744,12608.850766,12.608850766,0.609134,high_pressure,21,201913
1.8904999999346597,31971.098681,31.971098681,0.611966,high_pressure,21,202117
1.891480999934579,58166.819795,58.166819795,0.614814,high_pressure,21,202321
1.8924959999344955,90297.52133,90.29752133000001,0.617681,high_pressure,21,202539
1.893472999934415,127843.425757,127.843425757,0.620565,high_pressure,21,202757
1.894494999934331,170568.090286,170.568090286,0.623467,high_pressure,21,202989
1.8954949999342487,199393.136091,199.393136091,0.625273,high_pressure,21,203221
1.8964789999341678,199994.672861,199.994672861,0.625309,high_pressure,21,203446
1.8974949999340842,199998.045031,199.99804503099998,0.625311,high_pressure,21,203678
1.8984869999340026,199999.067374,199.999067374,0.625312,high_pressure,21,203910
1.8986099999339925,200000.484611,200.000484611,0.625312,high_pressure,21,203947
1.899647999933907,153777.96321,153.77796321,0.622398,low_pressure,21,204182
1.9006619999338237,112646.636391,112.64663639099999,0.619503,low_pressure,21,204407
1.9016399999337432,76866.573416,76.866573416,0.616625,low_pressure,21,204618
1.902638999933661,46763.555163,46.763555163,0.613765,low_pressure,21,204829
1.9036629999335768,22992.315808,22.992315808,0.610923,low_pressure,21,205033
1.9046499999334956,7378.388681,7.378388681000001,0.608281,low_pressure,21,205216
1.9056689999334118,3178.271154,3.178271154,0.60721,low_pressure,21,205392
1.9066439999333316,1936.881626,1.9368816260000001,0.606801,low_pressure,21,205554
1.9076579999332481,1445.029265,1.4450292649999998,0.606616,low_pressure,21,205716
1.9086599999331657,1213.280051,1.213280051,0.606528,low_pressure,21,205878
1.909640999933085,1094.271226,1.094271226,0.606486,low_pressure,21,206033
1.9106579999330013,1033.341764,1.033341764,0.606469,low_pressure,21,206195
1.9116739999329178,1001.554915,1.001554915,0.606465,low_pressure,21,206357
1.9126749999328354,988.197487,0.988197487,0.606467,low_pressure,21,206520
1.9136489999327553,981.859026,0.981859026,0.606471,low_pressure,21,206675
1.914648999932673,980.886376,0.9808863760000001,0.606476,low_pressure,21,206837
1.9156659999325893,982.297765,0.982297765,0.606482,low_pressure,21,206999
1.9166389999325093,985.36712,0.98536712,0.606486,low_pressure,21,207154
1.9176549999324257,987.497621,0.9874976209999999,0.60649,low_pressure,21,207316
1.9186399999323447,990.255393,0.990255393,0.606493,low_pressure,21,207478
1.9196359999322627,992.750781,0.9927507809999999,0.606495,low_pressure,21,207640
1.9206749999321773,993.948553,0.993948553,0.606497,low_pressure,21,207809
1.9216529999320968,995.231011,0.995231011,0.606499,low_pressure,21,207971
1.9226499999320148,996.447529,0.996447529,0.6065,low_pressure,21,208133
1.9236469999319328,997.038658,0.997038658,0.606501,low_pressure,21,208295
1.924641999931851,997.522047,0.997522047,0.606502,low_pressure,21,208457
1.925637999931769,998.224643,0.998224643,0.606502,low_pressure,21,208619
1.926634999931687,998.441913,0.998441913,0.606503,low_pressure,21,208781
1.9276599999316026,998.676493,0.998676493,0.606503,low_pressure,21,208950
1.9285259999315314,998.776548,0.998776548,0.606503,low_pressure,21,209098
1.9295739999314452,12637.513645,12.637513645,0.609318,high_pressure,22,209284
1.930595999931361,32011.978348,32.011978348,0.612151,high_pressure,22,209488
1.9315789999312802,58282.492971,58.282492970999996,0.615,high_pressure,22,209692
1.9325859999311974,90469.053352,90.469053352,0.617868,high_pressure,22,209910
1.9335659999311168,128158.883332,128.158883332,0.620753,high_pressure,22,210128
1.9345869999310328,171002.374642,171.002374642,0.623657,high_pressure,22,210360
1.9355899999309503,199427.233463,199.42723346300002,0.625435,high_pressure,22,210592
1.9365749999308692,199991.671254,199.99167125399998,0.62547,high_pressure,22,210817
1.9369449999308388,200000.153392,200.00015339200002,0.62547,high_pressure,22,210910
1.9379609999307552,153711.987177,153.711987177,0.622556,low_pressure,22,211145
1.9389709999306721,112494.898318,112.49489831800001,0.619659,low_pressure,22,211370
1.9399719999305898,76656.320545,76.656320545,0.61678,low_pressure,22,211588
1.9409819999305067,46571.695672,46.571695672000004,0.61392,low_pressure,22,211799
1.9419939999304234,22833.511775,22.833511774999998,0.611076,low_pressure,22,212003
1.9429799999303423,7307.511409,7.307511409,0.608443,low_pressure,22,212186
1.9440009999302583,3164.983833,3.164983833,0.607381,low_pressure,22,212362
1.9449849999301774,1933.030707,1.933030707,0.606975,low_pressure,22,212524
1.945998999930094,1442.976878,1.4429768779999999,0.606791,low_pressure,22,212686
1.946971999930014,1213.519751,1.213519751,0.606702,low_pressure,22,212841
1.9479889999299302,1094.668115,1.094668115,0.606661,low_pressure,22,213003
1.9489929999298476,1033.392645,1.033392645,0.606644,low_pressure,22,213165
1.9499679999297674,1002.936402,1.002936402,0.606639,low_pressure,22,213320
1.9509669999296853,989.860726,0.989860726,0.60664,low_pressure,22,213483
1.9519599999296036,984.18021,0.98418021,0.606644,low_pressure,22,213645
1.95297699992952,983.919172,0.983919172,0.606649,low_pressure,22,213807
1.9539949999294361,985.619146,0.985619146,0.606653,low_pressure,22,213969
1.9549969999293537,987.68719,0.9876871899999999,0.606657,low_pressure,22,214131
1.9559679999292738,990.069449,0.9900694489999999,0.60666,low_pressure,22,214286
1.956961999929192,992.30208,0.9923020800000001,0.606662,low_pressure,22,214448
1.9579989999291068,993.700923,0.993700923,0.606664,low_pressure,22,214617
1.9589949999290248,995.182661,0.9951826610000001,0.606666,low_pressure,22,214779
1.9599919999289428,996.395001,0.996395001,0.606667,low_pressure,22,214941
1.9609809999288614,997.206207,0.997206207,0.606668,low_pressure,22,215103
1.9619689999287802,997.95283,0.9979528299999999,0.606669,low_pressure,22,215265
1.9629649999286982,998.081039,0.998081039,0.606669,low_pressure,22,215427
1.9639619999286162,998.41832,0.99841832,0.60667,low_pressure,22,215589
1.9649999999285308,998.358988,0.998358988,0.60667,low_pressure,22,215758
1.9659969999284488,998.378832,0.998378832,0.606671,low_pressure,22,215920
1.9669939999283668,998.824131,0.998824131,0.606671,low_pressure,22,216082
1.967209999928349,998.776453,0.998776453,0.606671,low_pressure,22,216125
1.9682469999282637,12655.915686,12.655915686,0.609487,high_pressure,23,216318
1.9692329999281826,32111.174744,32.111174744,0.61232,high_pressure,23,216515
1.9702269999281008,58447.620145,58.447620145,0.615171,high_pressure,23,216726
1.9712389999280175,90763.889168,90.76388916799999,0.61804,high_pressure,23,216944
1.9722249999279364,128558.168223,128.558168223,0.620926,high_pressure,23,217162
1.9732289999278538,171507.720425,171.507720425,0.623831,high_pressure,23,217394
1.9742449999277702,199455.177287,199.455177287,0.625577,high_pressure,23,217626
1.9752289999276893,199994.449862,199.994449862,0.625609,high_pressure,23,217851
1.9762449999276057,199996.345135,199.996345135,0.62561,high_pressure,23,218083
1.9772209999275254,199999.774568,199.999774568,0.625611,high_pressure,23,218308
1.9772819999275204,200000.12581,200.00012581,0.625611,high_pressure,23,218331
1.9783029999274364,153682.556899,153.682556899,0.622696,low_pressure,23,218566
1.9793139999273532,112412.14384,112.41214384,0.619798,low_pressure,23,218791
1.9802849999272734,76511.501889,76.511501889,0.616919,low_pressure,23,219002
1.9812899999271907,46393.465435,46.393465434999996,0.614057,low_pressure,23,219213
1.982295999927108,22661.823168,22.661823167999998,0.611213,low_pressure,23,219417
1.9833229999270234,7228.346077,7.228346077,0.608589,low_pressure,23,219607
1.984299999926943,3137.193936,3.137193936,0.60754,low_pressure,23,219776
1.9853239999268588,1921.083162,1.921083162,0.607139,low_pressure,23,219945
1.9862869999267796,1438.801204,1.438801204,0.606957,low_pressure,23,220100
1.987303999926696,1210.723854,1.210723854,0.606869,low_pressure,23,220262
1.9882929999266146,1094.624396,1.094624396,0.606828,low_pressure,23,220424
1.989309999926531,1034.41246,1.03441246,0.606811,low_pressure,23,220586
1.9903269999264472,1004.658269,1.004658269,0.606806,low_pressure,23,220748
1.9912849999263684,990.300721,0.990300721,0.606807,low_pressure,23,220904
1.9923019999262848,984.483206,0.9844832059999999,0.60681,low_pressure,23,221066
1.993319999926201,983.939441,0.983939441,0.606815,low_pressure,23,221228
1.9942889999261213,985.675792,0.985675792,0.606819,low_pressure,23,221390
1.9953059999260376,987.569391,0.987569391,0.606823,low_pressure,23,221552
1.9963239999259539,989.851904,0.989851904,0.606826,low_pressure,23,221714
1.997319999925872,991.978485,0.991978485,0.606829,low_pressure,23,221876
1.9983059999257908,993.67908,0.99367908,0.606831,low_pressure,23,222038
1.9993029999257088,995.176691,0.9951766910000001,0.606832,low_pressure,23,222200
2.0002999999256934,996.04432,0.99604432,0.606834,low_pressure,23,222362
2.0013239999258365,997.03391,0.99703391,0.606835,low_pressure,23,222531
2.0023199999259758,997.703648,0.997703648,0.606835,low_pressure,23,222693
2.003316999926115,998.345798,0.9983457979999999,0.606836,low_pressure,23,222855
2.0043129999262543,998.869618,0.998869618,0.606836,low_pressure,23,223017
2.0053099999263937,998.821961,0.998821961,0.606837,low_pressure,23,223179
2.006305999926533,998.997181,0.9989971809999999,0.606837,low_pressure,23,223341
2.0064369999265512,998.994752,0.998994752,0.606837,low_pressure,23,223370
2.0074989999266997,12668.622895,12.668622895,0.609654,high_pressure,24,223563
2.008482999926837,32234.566204,32.234566204,0.612488,high_pressure,24,223760
2.009489999926978,58677.962145,58.677962144999995,0.61534,high_pressure,24,223971
2.010498999927119,91116.207822,91.11620782199999,0.61821,high_pressure,24,224189
2.0114829999272565,129004.882023,129.004882023,0.621097,high_pressure,24,224407
2.0124929999273977,171966.429924,171.966429924,0.624003,high_pressure,24,224639
2.0135059999275393,199485.480698,199.485480698,0.62572,high_pressure,24,224871
2.014484999927676,199989.565081,199.989565081,0.625752,high_pressure,24,225096
2.0149159999277364,199999.93818,199.99993818,0.625752,high_pressure,24,225203
2.015951999927881,153643.318239,153.643318239,0.622835,low_pressure,24,225438
2.016951999928021,112364.79199,112.36479199,0.619937,low_pressure,24,225663
2.0179559999281613,76434.383728,76.434383728,0.617057,low_pressure,24,225881
2.0189569999283012,46286.796095,46.286796095,0.614194,low_pressure,24,226092
2.0199399999284386,22522.000433,22.522000433000002,0.611349,low_pressure,24,226289
2.0209629999285816,7141.350319,7.141350319,0.608735,low_pressure,24,226479
2.0219579999287207,3111.760512,3.111760512,0.6077,low_pressure,24,226655
2.0229779999288633,1916.958149,1.916958149,0.607303,low_pressure,24,226824
2.0239399999289978,1438.172944,1.438172944,0.607121,low_pressure,24,226979
2.0249699999291417,1210.962251,1.210962251,0.607034,low_pressure,24,227148
2.0259429999292777,1093.31683,1.09331683,0.606993,low_pressure,24,227303
2.02695999992942,1033.502597,1.033502597,0.606976,low_pressure,24,227465
2.0279599999295597,1003.49663,1.00349663,0.606971,low_pressure,24,227627
2.0289639999297,988.371059,0.988371059,0.606972,low_pressure,24,227790
2.029936999929836,982.979336,0.982979336,0.606977,low_pressure,24,227945
2.030952999929978,982.186823,0.982186823,0.606982,low_pressure,24,228107
2.0319659999301196,983.350793,0.983350793,0.606986,low_pressure,24,228269
2.0329389999302556,985.664157,0.9856641570000001,0.606991,low_pressure,24,228424
2.0339559999303978,988.338399,0.988338399,0.606994,low_pressure,24,228586
2.0349549999305374,990.155445,0.990155445,0.606997,low_pressure,24,228748
2.0359419999306754,992.398623,0.992398623,0.607,low_pressure,24,228910
2.0369379999308146,994.361968,0.9943619680000001,0.607002,low_pressure,24,229072
2.037969999930959,995.56708,0.99556708,0.607003,low_pressure,24,229241
2.038966999931098,996.434126,0.996434126,0.607004,low_pressure,24,229403
2.0399629999312374,996.947123,0.996947123,0.607005,low_pressure,24,229565
2.0409419999313743,997.461435,0.9974614350000001,0.607006,low_pressure,24,229727
2.0419379999315135,997.943606,0.9979436060000001,0.607007,low_pressure,24,229889
2.042977999931659,998.325332,0.998325332,0.607007,low_pressure,24,230058
2.043965999931797,998.552104,0.9985521039999999,0.607007,low_pressure,24,230220
2.044961999931936,998.80548,0.99880548,0.607008,low_pressure,24,230382
2.0459579999320754,998.971693,0.998971693,0.607008,low_pressure,24,230544
2.0469369999322122,998.971245,0.998971245,0.607008,low_pressure,24,230706
2.0473189999322656,998.92385,0.9989238500000001,0.607009,low_pressure,24,230777
2.0483499999324097,12690.42103,12.69042103,0.609827,high_pressure,25,230963
2.0493699999325523,32350.690711,32.350690711,0.612662,high_pressure,25,231167
2.050375999932693,58916.615767,58.916615767,0.615515,high_pressure,25,231378
2.0513549999328298,91389.125491,91.389125491,0.618386,high_pressure,25,231589
2.0523609999329704,129335.925363,129.335925363,0.621274,high_pressure,25,231814
2.0533499999331086,172443.910186,172.44391018599998,0.624181,high_pressure,25,232039
2.0543639999332504,199521.051136,199.52105113599998,0.625869,high_pressure,25,232271
2.055348999933388,199993.081859,199.993081859,0.625899,high_pressure,25,232496
2.05636399993353,199993.319711,199.993319711,0.6259,high_pressure,25,232728
2.05715199993364,200000.51164,200.00051164,0.625901,high_pressure,25,232919
2.0581849999337845,153597.127824,153.59712782399998,0.622984,low_pressure,25,233154
2.0591959999339258,112274.921803,112.274921803,0.620085,low_pressure,25,233379
2.060169999934062,76332.092181,76.332092181,0.617203,low_pressure,25,233590
2.0611969999342055,46165.891078,46.165891078,0.61434,low_pressure,25,233808
2.062180999934343,22388.2507,22.3882507,0.611494,low_pressure,25,234005
2.0632019999344857,7068.6325,7.0686325,0.608889,low_pressure,25,234195
2.0641729999346214,3091.653693,3.091653693,0.607865,low_pressure,25,234364
2.0651909999347637,1907.321883,1.907321883,0.607471,low_pressure,25,234533
2.066194999934904,1430.535558,1.430535558,0.607291,low_pressure,25,234695
2.067194999935044,1208.100097,1.208100097,0.607205,low_pressure,25,234857
2.068211999935186,1094.635977,1.0946359769999998,0.607164,low_pressure,25,235019
2.069184999935322,1034.082138,1.034082138,0.607147,low_pressure,25,235174
2.070201999935464,1003.005937,1.003005937,0.607143,low_pressure,25,235336
2.0711999999356037,989.863746,0.989863746,0.607144,low_pressure,25,235499
2.07217399993574,984.697644,0.9846976439999999,0.607148,low_pressure,25,235654
2.073190999935882,984.277617,0.9842776169999999,0.607152,low_pressure,25,235816
2.074192999936022,985.337028,0.985337028,0.607156,low_pressure,25,235978
2.075208999936164,987.58227,0.98758227,0.60716,low_pressure,25,236140
2.0761789999362996,989.654907,0.989654907,0.607163,low_pressure,25,236295
2.0771729999364386,991.632525,0.991632525,0.607166,low_pressure,25,236457
2.078206999936583,993.543207,0.9935432070000001,0.607168,low_pressure,25,236626
2.079200999936722,995.235865,0.9952358649999999,0.60717,low_pressure,25,236788
2.080179999936859,996.458318,0.996458318,0.607171,low_pressure,25,236950
2.081175999936998,997.405001,0.997405001,0.607172,low_pressure,25,237112
2.0821719999371373,997.825987,0.997825987,0.607172,low_pressure,25,237274
2.083205999937282,997.932658,0.997932658,0.607173,low_pressure,25,237443
2.0841989999374206,998.558802,0.998558802,0.607173,low_pressure,25,237605
2.0851939999375597,998.647385,0.9986473849999999,0.607174,low_pressure,25,237767
2.086189999937699,998.789454,0.998789454,0.607174,low_pressure,25,237929
2.087168999937836,998.960418,0.998960418,0.607174,low_pressure,25,238091
2.088207999937981,999.004398,0.9990043980000001,0.607175,low_pressure,25,238260
2.0892049999381204,999.162949,0.999162949,0.607175,low_pressure,25,238422
2.089766999938199,999.252053,0.9992520530000001,0.607175,low_pressure,25,238521
2.09077699993834,12742.674662,12.742674661999999,0.609994,high_pressure,26,238707
2.0917939999384823,32482.725567,32.482725567,0.612831,high_pressure,26,238911
2.092785999938621,59115.99891,59.11599891,0.615685,high_pressure,26,239122
2.093793999938762,91690.959134,91.69095913400001,0.618557,high_pressure,26,239340
2.094775999938899,129763.801711,129.76380171099999,0.621446,high_pressure,26,239558
2.0957949999390415,173031.117575,173.03111757500002,0.624354,high_pressure,26,239790
2.0967959999391814,199549.224086,199.549224086,0.626004,high_pressure,26,240022
2.097780999939319,199996.357933,199.99635793299998,0.626031,high_pressure,26,240247
2.0979039999393363,200000.185149,200.000185149,0.626031,high_pressure,26,240284
2.098924999939479,153501.598226,153.501598226,0.623113,low_pressure,26,240519
2.09993299993962,112147.614523,112.147614523,0.620213,low_pressure,26,240744
2.10093499993976,76139.823146,76.139823146,0.617331,low_pressure,26,240962
2.1019269999398986,45981.464137,45.981464137,0.614467,low_pressure,26,241173
2.102910999940036,22194.767968,22.194767968,0.61162,low_pressure,26,241370
2.1039309999401787,6969.148812,6.969148812,0.609028,low_pressure,26,241560
2.1049369999403194,3066.117819,3.066117819,0.608019,low_pressure,26,241736
2.105913999940456,1897.981481,1.897981481,0.607629,low_pressure,26,241898
2.106916999940596,1425.421216,1.425421216,0.607452,low_pressure,26,242060
2.10794499994074,1206.041456,1.206041456,0.607367,low_pressure,26,242229
2.108917999940876,1093.834241,1.093834241,0.607326,low_pressure,26,242384
2.109934999941018,1033.557245,1.033557245,0.607309,low_pressure,26,242546
2.1109479999411596,1004.155601,1.0041556010000001,0.607304,low_pressure,26,242708
2.1119489999412995,991.081831,0.9910818309999999,0.607305,low_pressure,26,242871
2.112919999941435,985.72638,0.9857263799999999,0.607308,low_pressure,26,243026
2.113949999941579,984.604084,0.984604084,0.607313,low_pressure,26,243195
2.1149239999417153,986.382983,0.9863829829999999,0.607317,low_pressure,26,243350
2.1159409999418575,988.213855,0.9882138549999999,0.60732,low_pressure,26,243512
2.1169479999419982,990.400782,0.990400782,0.607323,low_pressure,26,243674
2.117934999942136,991.759601,0.9917596009999999,0.607326,low_pressure,26,243836
2.1189159999422733,993.468916,0.9934689160000001,0.607328,low_pressure,26,243998
2.119936999942416,994.99589,0.99499589,0.60733,low_pressure,26,244167
2.120909999942552,996.106471,0.996106471,0.607331,low_pressure,26,244329
2.1219419999426963,996.935014,0.9969350140000001,0.607332,low_pressure,26,244498
2.1229299999428344,997.977641,0.997977641,0.607333,low_pressure,26,244660
2.123914999942972,998.385941,0.998385941,0.607333,low_pressure,26,244822
2.1249409999431155,998.325802,0.998325802,0.607334,low_pressure,26,244991
2.1259229999432527,998.686737,0.998686737,0.607334,low_pressure,26,245153
2.126932999943394,999.007139,0.999007139,0.607334,low_pressure,26,245322
2.127921999943532,998.971733,0.998971733,0.607335,low_pressure,26,245484
2.1289109999436704,999.231773,0.999231773,0.607335,low_pressure,26,245646
2.1297689999437903,999.220311,0.9992203110000001,0.607335,low_pressure,26,245794
2.1307719999439305,12786.292797,12.786292797,0.610155,high_pressure,27,245980
2.1317859999440723,32644.361716,32.644361716,0.612993,high_pressure,27,246184
2.1327809999442113,59356.582621,59.356582621,0.615848,high_pressure,27,246395
2.133787999944352,92005.243003,92.00524300299999,0.61872,high_pressure,27,246613
2.134789999944492,130193.951621,130.193951621,0.621611,high_pressure,27,246838
2.13577699994463,173585.919878,173.585919878,0.62452,high_pressure,27,247063
2.136770999944769,199587.06507,199.58706507000002,0.626133,high_pressure,27,247295
2.13777999994491,199997.181795,199.99718179500002,0.626158,high_pressure,27,247527
2.137872999944923,200000.248238,200.000248238,0.626158,high_pressure,27,247557
2.1389129999450684,153440.492732,153.44049273200002,0.623239,low_pressure,27,247792
2.1399209999452093,112026.020899,112.026020899,0.620338,low_pressure,27,248017
2.1409219999453493,76026.77696,76.02677696,0.617456,low_pressure,27,248235
2.141912999945488,45846.314895,45.846314895000006,0.614591,low_pressure,27,248446
2.14292999994563,22053.938204,22.053938203999998,0.611743,low_pressure,27,248650
2.143910999945767,6912.286699,6.912286699,0.609159,low_pressure,27,248833
2.144911999945907,3039.300774,3.039300774,0.60816,low_pressure,27,249009
2.1459239999460484,1882.782071,1.882782071,0.607776,low_pressure,27,249178
2.146921999946188,1420.138394,1.420138394,0.607601,low_pressure,27,249340
2.1479209999463276,1204.228314,1.2042283139999999,0.607517,low_pressure,27,249502
2.1489369999464696,1094.758865,1.094758865,0.607476,low_pressure,27,249664
2.1499099999466056,1034.631171,1.034631171,0.607459,low_pressure,27,249819
2.150922999946747,1005.258321,1.0052583210000001,0.607454,low_pressure,27,249981
2.151915999946886,991.540852,0.991540852,0.607455,low_pressure,27,250144
2.152923999947027,987.183096,0.987183096,0.607458,low_pressure,27,250306
2.1539209999471662,986.185602,0.986185602,0.607462,low_pressure,27,250468
2.1549299999473073,988.152166,0.988152166,0.607465,low_pressure,27,250630
2.155937999947448,989.929433,0.989929433,0.607468,low_pressure,27,250792
2.1569119999475843,992.512678,0.9925126780000001,0.607471,low_pressure,27,250954
2.157926999947726,994.024233,0.994024233,0.607473,low_pressure,27,251123
2.158899999947862,995.12181,0.99512181,0.607474,low_pressure,27,251285
2.1599049999480027,996.186856,0.996186856,0.607475,low_pressure,27,251454
2.1608969999481413,997.139941,0.997139941,0.607476,low_pressure,27,251623
2.161917999948284,997.802238,0.997802238,0.607477,low_pressure,27,251792
2.162934999948426,998.265345,0.998265345,0.607478,low_pressure,27,251961
2.163907999948562,998.739622,0.9987396220000001,0.607478,low_pressure,27,252123
2.164929999948705,998.924099,0.998924099,0.607478,low_pressure,27,252292
2.165903999948841,998.90471,0.99890471,0.607479,low_pressure,27,252454
2.1669139999489824,999.04897,0.99904897,0.607479,low_pressure,27,252623
2.1679019999491205,999.116686,0.9991166859999999,0.607479,low_pressure,27,252785
2.1680749999491447,999.147668,0.999147668,0.607479,low_pressure,27,252821
2.169121999949291,12825.538911,12.825538910999999,0.6103,high_pressure,28,253014
2.170094999949427,32690.85346,32.69085346,0.613139,high_pressure,28,253211
2.171096999949567,59499.609527,59.499609527000004,0.615995,high_pressure,28,253422
2.17211899994971,92214.983528,92.21498352799999,0.618868,high_pressure,28,253647
2.1730969999498466,130455.211198,130.455211198,0.62176,high_pressure,28,253865
2.1741119999499885,173875.805591,173.87580559100002,0.62467,high_pressure,28,254097
2.1751049999501273,199605.55703,199.60555703,0.626264,high_pressure,28,254329
2.1760949999502657,199996.810587,199.99681058700003,0.626288,high_pressure,28,254561
2.176296999950294,200000.638147,200.000638147,0.626288,high_pressure,28,254619
2.1773179999504366,153426.308067,153.426308067,0.623369,low_pressure,28,254854
2.178320999950577,112011.749393,112.011749393,0.620467,low_pressure,28,255079
2.179317999950716,75986.726151,75.986726151,0.617583,low_pressure,28,255297
2.1803139999508554,45784.588446,45.784588446,0.614718,low_pressure,28,255508
2.1813109999509948,21977.639834,21.977639834,0.611869,low_pressure,28,255712
2.182321999951136,6872.650006,6.872650006,0.60929,low_pressure,28,255902
2.183322999951276,3028.062773,3.0280627730000003,0.608297,low_pressure,28,256078
2.184315999951415,1881.463935,1.881463935,0.607914,low_pressure,28,256247
2.185311999951554,1418.410823,1.4184108229999999,0.60774,low_pressure,28,256409
2.1863179999516946,1204.144013,1.204144013,0.607656,low_pressure,28,256571
2.1873199999518347,1094.704643,1.094704643,0.607616,low_pressure,28,256733
2.188336999951977,1038.360564,1.038360564,0.607598,low_pressure,28,256895
2.189309999952113,1008.828308,1.008828308,0.607591,low_pressure,28,257050
2.190311999952253,994.812689,0.994812689,0.607591,low_pressure,28,257213
2.191343999952397,990.205805,0.9902058050000001,0.607593,low_pressure,28,257382
2.1923119999525325,988.419951,0.988419951,0.607597,low_pressure,28,257537
2.193309999952672,988.949196,0.988949196,0.6076,low_pressure,28,257699
2.194332999952815,990.828083,0.990828083,0.607603,low_pressure,28,257868
2.1953509999529572,992.640916,0.9926409159999999,0.607605,low_pressure,28,258037
2.196334999953095,994.131458,0.9941314579999999,0.607607,low_pressure,28,258199
2.197338999953235,995.816329,0.995816329,0.607608,low_pressure,28,258368
2.198324999953373,996.652886,0.996652886,0.607609,low_pressure,28,258530
2.1993429999535152,997.694494,0.997694494,0.60761,low_pressure,28,258699
2.2003409999536547,998.208815,0.9982088149999999,0.607611,low_pressure,28,258868
2.2013139999537907,998.50831,0.9985083100000001,0.607611,low_pressure,28,259030
2.2023289999539326,998.786395,0.998786395,0.607611,low_pressure,28,259199
2.2033449999540746,999.112045,0.999112045,0.607612,low_pressure,28,259368
2.2043179999542106,999.203786,0.999203786,0.607612,low_pressure,28,259530
2.2053329999543525,999.234857,0.999234857,0.607612,low_pressure,28,259699
2.206202999954474,999.178217,0.999178217,0.607612,low_pressure,28,259854
2.2072079999546146,12811.555629,12.811555629,0.610434,high_pressure,29,260040
2.2082239999547566,32696.279295,32.696279295000004,0.613273,high_pressure,29,260244
2.209226999954897,59517.717491,59.517717491000006,0.61613,high_pressure,29,260455
2.2102329999550374,92285.628605,92.285628605,0.619005,high_pressure,29,260673
2.211224999955176,130610.417583,130.61041758300001,0.621897,high_pressure,29,260898
2.212211999955314,174094.304506,174.094304506,0.624808,high_pressure,29,261123
2.213213999955454,199610.425979,199.61042597899998,0.62639,high_pressure,29,261355
2.2142269999555957,199995.7913,199.9957913,0.626414,high_pressure,29,261587
2.21447399995563,200000.411398,200.00041139799998,0.626414,high_pressure,29,261652
2.2154929999557726,153395.982018,153.395982018,0.623494,low_pressure,29,261887
2.2164999999559134,111941.855433,111.941855433,0.620591,low_pressure,29,262112
2.2175019999560535,75885.606754,75.885606754,0.617707,low_pressure,29,262330
2.218505999956194,45670.180569,45.670180568999996,0.61484,low_pressure,29,262541
2.219521999956336,21895.516512,21.895516511999997,0.611991,low_pressure,29,262745
2.220524999956476,6835.392732,6.835392732,0.609417,low_pressure,29,262935
2.221532999956617,3019.763059,3.0197630589999997,0.608429,low_pressure,29,263111
2.222505999956753,1878.108341,1.8781083410000001,0.608048,low_pressure,29,263273
2.2235029999568923,1419.623192,1.419623192,0.607874,low_pressure,29,263435
2.224510999957033,1205.862161,1.205862161,0.607789,low_pressure,29,263597
2.225524999957175,1095.49056,1.09549056,0.607748,low_pressure,29,263759
2.226497999957311,1039.43339,1.03943339,0.60773,low_pressure,29,263914
2.2275339999574557,1010.691906,1.010691906,0.607724,low_pressure,29,264083
2.228521999957594,996.137642,0.996137642,0.607723,low_pressure,29,264246
2.2294989999577304,989.327028,0.989327028,0.607725,low_pressure,29,264408
2.2304949999578696,988.068466,0.988068466,0.607729,low_pressure,29,264570
2.231506999958011,989.382517,0.989382517,0.607732,low_pressure,29,264732
2.2325049999581505,990.807739,0.990807739,0.607735,low_pressure,29,264894
2.233517999958292,992.35506,0.99235506,0.607737,low_pressure,29,265063
2.234532999958434,994.076148,0.994076148,0.607739,low_pressure,29,265232
2.23550599995857,995.159148,0.9951591479999999,0.60774,low_pressure,29,265394
2.236512999958711,996.578081,0.996578081,0.607741,low_pressure,29,265563
2.237528999958853,997.375855,0.997375855,0.607742,low_pressure,29,265732
2.238501999958989,997.933755,0.997933755,0.607743,low_pressure,29,265894
2.239504999959129,998.276484,0.998276484,0.607744,low_pressure,29,266063
2.240519999959271,998.71568,0.99871568,0.607744,low_pressure,29,266232
2.241492999959407,998.646158,0.998646158,0.607744,low_pressure,29,266394
2.2417039999594364,998.692863,0.998692863,0.607744,low_pressure,29,266437
2.242765999959585,12842.207775,12.842207775,0.610567,high_pressure,30,266630
2.2437739999597257,32754.713461,32.754713461,0.613407,high_pressure,30,266834
2.2447739999598655,59595.501867,59.595501866999996,0.616265,high_pressure,30,267045
2.245763999960004,92456.897602,92.456897602,0.61914,high_pressure,30,267263
2.2467719999601448,130840.807181,130.840807181,0.622033,high_pressure,30,267488
2.2477579999602826,174454.461881,174.454461881,0.624945,high_pressure,30,267713
2.248748999960421,199628.409273,199.628409273,0.626501,high_pressure,30,267945
2.2497609999605626,199999.203483,199.999203483,0.626524,high_pressure,30,268184
2.250750999960701,199994.112123,199.994112123,0.626525,high_pressure,30,268416
2.2512909999607764,200000.041694,200.000041694,0.626526,high_pressure,30,268551
2.2523269999609212,153318.989253,153.318989253,0.623605,low_pressure,30,268786
2.2533289999610613,111817.620745,111.817620745,0.620702,low_pressure,30,269011
2.254348999961204,75727.706331,75.727706331,0.617817,low_pressure,30,269236
2.255344999961343,45510.250923,45.510250923,0.614949,low_pressure,30,269447
2.25632299996148,21755.991785,21.755991785,0.6121,low_pressure,30,269644
2.257333999961621,6783.826347,6.783826347,0.609534,low_pressure,30,269834
2.2583389999617616,3002.884755,3.002884755,0.608553,low_pressure,30,270010
2.2593489999619027,1870.423522,1.870423522,0.608175,low_pressure,30,270179
2.2603219999620388,1416.745007,1.416745007,0.608002,low_pressure,30,270341
2.2613229999621787,1202.759144,1.202759144,0.607918,low_pressure,30,270503
2.2623359999623203,1094.176183,1.094176183,0.607878,low_pressure,30,270665
2.2633519999624623,1037.801303,1.037801303,0.60786,low_pressure,30,270827
2.2643249999625983,1009.202234,1.009202234,0.607854,low_pressure,30,270982
2.2653289999627386,995.961683,0.995961683,0.607854,low_pressure,30,271145
2.266324999962878,990.459566,0.990459566,0.607856,low_pressure,30,271314
2.267326999963018,989.289682,0.989289682,0.607859,low_pressure,30,271476
2.2683249999631574,990.158337,0.990158337,0.607862,low_pressure,30,271638
2.2693409999632994,991.670883,0.9916708830000001,0.607864,low_pressure,30,271807
2.2703559999634413,993.549245,0.9935492450000001,0.607866,low_pressure,30,271976
2.2713289999635773,994.117654,0.994117654,0.607868,low_pressure,30,272138
2.272328999963717,994.693481,0.994693481,0.60787,low_pressure,30,272307
2.273344999963859,996.020338,0.996020338,0.607871,low_pressure,30,272476
2.274317999963995,996.809016,0.996809016,0.607872,low_pressure,30,272638
2.275332999964137,997.482427,0.997482427,0.607873,low_pressure,30,272807
2.276348999964279,997.900507,0.997900507,0.607873,low_pressure,30,272976
2.2773179999644144,998.499868,0.998499868,0.607874,low_pressure,30,273138
2.2783329999645563,998.843152,0.9988431520000001,0.607874,low_pressure,30,273307
2.2793349999646964,998.86496,0.99886496,0.607875,low_pressure,30,273476
2.2803499999648382,998.961353,0.998961353,0.607875,low_pressure,30,273645
2.2803929999648442,998.936983,0.998936983,0.607875,low_pressure,30,273660
2.2814539999649925,12829.180016,12.829180016,0.610698,high_pressure,31,273853
2.282430999965129,32747.007011,32.747007011,0.613539,high_pressure,31,274050
2.2834339999652693,59670.996803,59.670996803,0.616398,high_pressure,31,274261
2.284426999965408,92581.007266,92.581007266,0.619274,high_pressure,31,274479
2.2854399999655497,131069.316329,131.069316329,0.622168,high_pressure,31,274704
2.2864249999656874,174763.775733,174.763775733,0.62508,high_pressure,31,274929
2.2874419999658295,199645.886071,199.64588607099998,0.626617,high_pressure,31,275168
2.288438999965969,199998.975767,199.998975767,0.626639,high_pressure,31,275400
2.2884919999659763,200000.049549,200.00004954899998,0.626639,high_pressure,31,275423
2.2895079999661183,153269.431459,153.269431459,0.623717,low_pressure,31,275658
2.290515999966259,111734.311499,111.734311499,0.620813,low_pressure,31,275883
2.2915179999663993,75614.924735,75.61492473499999,0.617927,low_pressure,31,276101
2.292517999966539,45360.122719,45.360122718999996,0.615059,low_pressure,31,276312
2.293517999966679,21605.904165,21.605904165,0.612209,low_pressure,31,276516
2.2944959999668155,6724.665621,6.724665621,0.609652,low_pressure,31,276699
2.2955039999669564,2991.021493,2.9910214930000003,0.60868,low_pressure,31,276875
2.2964929999670947,1870.010188,1.870010188,0.608303,low_pressure,31,277044
2.2975299999672396,1417.63599,1.41763599,0.60813,low_pressure,31,277213
2.2985319999673797,1203.566325,1.203566325,0.608046,low_pressure,31,277375
2.2995259999675186,1095.078207,1.095078207,0.608005,low_pressure,31,277537
2.3004969999676543,1039.493422,1.039493422,0.607987,low_pressure,31,277692
2.3015139999677965,1009.726245,1.009726245,0.607981,low_pressure,31,277854
2.302517999967937,996.244839,0.9962448389999999,0.60798,low_pressure,31,278017
2.3035019999680744,990.454395,0.990454395,0.607982,low_pressure,31,278179
2.304508999968215,989.351729,0.989351729,0.607985,low_pressure,31,278341
2.305517999968356,990.037318,0.990037318,0.607988,low_pressure,31,278503
2.3065209999684964,991.463599,0.991463599,0.60799,low_pressure,31,278672
2.3075089999686345,993.708359,0.993708359,0.607993,low_pressure,31,278834
2.3085269999687767,994.670347,0.994670347,0.607994,low_pressure,31,279003
2.3094999999689128,996.007471,0.996007471,0.607995,low_pressure,31,279165
2.3105159999690548,996.980726,0.996980726,0.607996,low_pressure,31,279334
2.3115309999691966,997.525879,0.997525879,0.607997,low_pressure,31,279503
2.312520999969335,998.17314,0.99817314,0.607998,low_pressure,31,279672
2.313494999969471,998.779374,0.9987793739999999,0.607998,low_pressure,31,279834
2.314509999969613,998.670354,0.9986703539999999,0.607999,low_pressure,31,280003
2.315524999969755,998.610046,0.998610046,0.607999,low_pressure,31,280172
2.316498999969891,998.63469,0.9986346899999999,0.607999,low_pressure,31,280334
2.317513999970033,998.888346,0.998888346,0.608,low_pressure,31,280503
2.317978999970098,999.018065,0.999018065,0.608,low_pressure,31,280588
2.319002999970241,12851.384646,12.851384646,0.610824,high_pressure,32,280781
2.3200129999703822,32806.621982,32.806621981999996,0.613666,high_pressure,32,280985
2.3210099999705216,59791.220752,59.791220752,0.616525,high_pressure,32,281196
2.3220089999706612,92826.075265,92.826075265,0.619402,high_pressure,32,281414
2.3230129999708016,131453.277792,131.453277792,0.622297,high_pressure,32,281639
2.323987999970938,175283.191957,175.283191957,0.62521,high_pressure,32,281864
2.3250079999710804,199670.984687,199.670984687,0.626712,high_pressure,32,282103
2.325997999971219,199994.836193,199.994836193,0.626733,high_pressure,32,282335
2.326987999971357,199991.348735,199.991348735,0.626734,high_pressure,32,282567
2.3279989999714985,199990.684288,199.99068428799998,0.626735,high_pressure,32,282806
2.3287789999716075,200000.279259,200.000279259,0.626736,high_pressure,32,282997
2.3297959999717497,153195.627655,153.19562765499998,0.623813,low_pressure,32,283232
2.3307959999718895,111558.703532,111.558703532,0.620909,low_pressure,32,283457
2.3317909999720285,75397.362808,75.39736280800001,0.618022,low_pressure,32,283675
2.332808999972171,45140.331837,45.140331837,0.615154,low_pressure,32,283893
2.333819999972312,21404.314119,21.404314119,0.612303,low_pressure,32,284097
2.334798999972449,6648.253911,6.648253910999999,0.609758,low_pressure,32,284280
2.33580799997259,2969.177771,2.969177771,0.608798,low_pressure,32,284456
2.336823999972732,1860.411636,1.860411636,0.608425,low_pressure,32,284625
2.337804999972869,1415.206736,1.415206736,0.608253,low_pressure,32,284787
2.3388159999730105,1205.333175,1.205333175,0.608169,low_pressure,32,284949
2.3397889999731465,1095.955892,1.0959558919999999,0.608129,low_pressure,32,285104
2.3408059999732886,1040.204938,1.040204938,0.60811,low_pressure,32,285266
2.3418219999734307,1013.179833,1.0131798330000001,0.608103,low_pressure,32,285428
2.342790999973566,999.34494,0.99934494,0.608102,low_pressure,32,285584
2.3438229999737104,992.72708,0.99272708,0.608103,low_pressure,32,285753
2.3447969999738465,990.480042,0.9904800420000001,0.608105,low_pressure,32,285915
2.3458289999739907,990.551177,0.9905511770000001,0.608108,low_pressure,32,286084
2.346818999974129,991.77758,0.9917775799999999,0.608111,low_pressure,32,286246
2.347805999974267,993.362052,0.9933620519999999,0.608113,low_pressure,32,286408
2.34882799997441,994.779482,0.994779482,0.608114,low_pressure,32,286577
2.349816999974548,995.966625,0.995966625,0.608116,low_pressure,32,286739
2.350788999974684,996.755825,0.9967558249999999,0.608117,low_pressure,32,286901
2.351819999974828,997.736195,0.997736195,0.608117,low_pressure,32,287070
2.3528079999749663,998.165282,0.9981652820000001,0.608118,low_pressure,32,287232
2.3538269999751087,998.303938,0.9983039380000001,0.608118,low_pressure,32,287401
2.354807999975246,998.456103,0.998456103,0.608119,low_pressure,32,287563
2.355796999975384,998.667732,0.998667732,0.608119,low_pressure,32,287725
2.3565709999754922,998.848965,0.998848965,0.60812,low_pressure,32,287859
2.357592999975635,12884.788153,12.884788152999999,0.610944,high_pressure,33,288052
2.3585979999757756,32922.601452,32.922601452,0.613787,high_pressure,33,288256
2.3595929999759147,60015.4396,60.0154396,0.616647,high_pressure,33,288467
2.360581999976053,93107.335569,93.107335569,0.619525,high_pressure,33,288685
2.3615889999761936,131748.867179,131.748867179,0.62242,high_pressure,33,288910
2.362593999976334,175621.615895,175.621615895,0.625334,high_pressure,33,289142
2.3635839999764725,199685.117599,199.685117599,0.626816,high_pressure,33,289374
2.364602999976615,199998.780792,199.998780792,0.626836,high_pressure,33,289613
2.3655929999767533,199994.430638,199.99443063799998,0.626837,high_pressure,33,289845
2.3663949999768654,200000.290227,200.000290227,0.626837,high_pressure,33,290043
2.3674179999770084,153204.687139,153.204687139,0.623914,low_pressure,33,290278
2.3684149999771478,111589.539485,111.589539485,0.621009,low_pressure,33,290503
2.3694349999772903,75412.061515,75.41206151499999,0.618122,low_pressure,33,290728
2.370427999977429,45113.086512,45.113086512,0.615253,low_pressure,33,290939
2.371412999977567,21348.041939,21.348041938999998,0.612402,low_pressure,33,291143
2.3724179999777073,6597.459713,6.597459713,0.609864,low_pressure,33,291333
2.3734129999778464,2947.663217,2.9476632169999997,0.608913,low_pressure,33,291509
2.3744099999779857,1856.217181,1.8562171809999999,0.608543,low_pressure,33,291678
2.375449999978131,1411.945178,1.4119451779999999,0.608372,low_pressure,33,291847
2.376415999978266,1201.779194,1.201779194,0.608289,low_pressure,33,292002
2.377409999978405,1093.88612,1.0938861199999999,0.608249,low_pressure,33,292164
2.3784269999785472,1037.708033,1.037708033,0.608232,low_pressure,33,292326
2.3794449999786895,1010.5847,1.0105847,0.608225,low_pressure,33,292488
2.3804259999788266,997.192148,0.997192148,0.608225,low_pressure,33,292651
2.3814109999789643,992.449725,0.992449725,0.608226,low_pressure,33,292813
2.382445999979109,990.711488,0.9907114880000001,0.608229,low_pressure,33,292982
2.3834209999792453,990.883289,0.990883289,0.608231,low_pressure,33,293144
2.3844099999793835,991.673553,0.9916735529999999,0.608234,low_pressure,33,293306
2.3854399999795275,993.169199,0.993169199,0.608236,low_pressure,33,293475
2.3864329999796663,994.854471,0.994854471,0.608237,low_pressure,33,293637
2.3874279999798054,996.188844,0.996188844,0.608239,low_pressure,33,293799
2.3884249999799447,996.872632,0.996872632,0.60824,low_pressure,33,293961
2.3894179999800835,997.450539,0.997450539,0.60824,low_pressure,33,294123
2.3904349999802257,997.900356,0.9979003559999999,0.608241,low_pressure,33,294292
2.391430999980365,998.372455,0.9983724549999999,0.608242,low_pressure,33,294454
2.3924239999805037,998.60047,0.99860047,0.608242,low_pressure,33,294616
2.393441999980646,998.688341,0.998688341,0.608242,low_pressure,33,294785
2.39361499998067,998.641097,0.9986410969999999,0.608243,low_pressure,33,294821
2.3946539999808154,12869.237629,12.869237628999999,0.611068,high_pressure,34,295014
2.3956549999809553,32888.592829,32.888592829000004,0.613911,high_pressure,34,295218
2.3966279999810913,59976.451899,59.976451899,0.616772,high_pressure,34,295422
2.397633999981232,93064.610302,93.064610302,0.619651,high_pressure,34,295640
2.3986459999813734,131744.642775,131.744642775,0.622547,high_pressure,34,295865
2.3996329999815114,175670.71937,175.67071937,0.625462,high_pressure,34,296090
2.4006499999816535,199685.389436,199.685389436,0.626939,high_pressure,34,296329
2.401647999981793,199997.12098,199.99712098,0.626959,high_pressure,34,296561
2.40176899998181,200000.128441,200.00012844100002,0.626959,high_pressure,34,296598
2.402792999981953,153123.76427,153.12376427,0.624035,low_pressure,34,296833
2.403799999982094,111474.038274,111.47403827400001,0.621129,low_pressure,34,297058
2.404788999982232,75314.146694,75.314146694,0.618241,low_pressure,34,297276
2.4058219999823764,45035.33627,45.03533627,0.615372,low_pressure,34,297494
2.406799999982513,21282.00627,21.28200627,0.612519,low_pressure,34,297691
2.407814999982655,6577.436038,6.577436038,0.609985,low_pressure,34,297881
2.408816999982795,2942.556701,2.942556701,0.609036,low_pressure,34,298057
2.4098299999829367,1849.89533,1.84989533,0.608668,low_pressure,34,298226
2.4108099999830737,1410.384374,1.410384374,0.608498,low_pressure,34,298388
2.4118249999832155,1200.682288,1.2006822879999999,0.608416,low_pressure,34,298550
2.4127989999833517,1094.125126,1.094125126,0.608376,low_pressure,34,298705
2.413809999983493,1038.343587,1.0383435870000002,0.608358,low_pressure,34,298867
2.414824999983635,1010.393496,1.010393496,0.608352,low_pressure,34,299029
2.41579199998377,997.016488,0.997016488,0.608351,low_pressure,34,299185
2.4168109999839125,991.820454,0.9918204540000001,0.608352,low_pressure,34,299354
2.417788999984049,989.593695,0.989593695,0.608355,low_pressure,34,299516
2.4188059999841913,989.355989,0.989355989,0.608358,low_pressure,34,299678
2.419805999984331,991.147657,0.991147657,0.608361,low_pressure,34,299840
2.4208299999844742,992.694675,0.992694675,0.608363,low_pressure,34,300009
2.4218209999846128,994.131307,0.994131307,0.608365,low_pressure,34,300171
2.422809999984751,995.51856,0.9955185599999999,0.608367,low_pressure,34,300333
2.423826999984893,996.51486,0.99651486,0.608368,low_pressure,34,300502
2.424812999985031,997.221341,0.997221341,0.608368,low_pressure,34,300664
2.425800999985169,997.907138,0.9979071380000001,0.608369,low_pressure,34,300826
2.426830999985313,998.258885,0.9982588849999999,0.60837,low_pressure,34,300995
2.427817999985451,998.531439,0.998531439,0.60837,low_pressure,34,301157
2.428805999985589,998.531242,0.998531242,0.608371,low_pressure,34,301319
2.429821999985731,998.883887,0.998883887,0.608371,low_pressure,34,301488
2.4304669999858213,998.984947,0.9989849470000001,0.608371,low_pressure,34,301601
2.4314849999859636,12892.400193,12.892400193,0.611198,high_pressure,35,301787
2.4325019999861057,32988.716971,32.988716971,0.614041,high_pressure,35,301991
2.4335099999862466,60112.193933,60.112193933,0.616903,high_pressure,35,302202
2.434485999986383,93236.483832,93.236483832,0.619782,high_pressure,35,302413
2.435492999986524,131976.697132,131.976697132,0.62268,high_pressure,35,302638
2.4365119999866662,175987.800981,175.98780098100002,0.625595,high_pressure,35,302870
2.4375079999868055,199696.686635,199.696686635,0.627052,high_pressure,35,303102
2.438492999986943,199998.770629,199.998770629,0.627071,high_pressure,35,303327
2.438584999986956,200000.206819,200.00020681900003,0.627071,high_pressure,35,303357
2.439599999987098,153080.361528,153.080361528,0.624146,low_pressure,35,303592
2.440608999987239,111407.122467,111.407122467,0.62124,low_pressure,35,303817
2.441595999987377,75235.497735,75.235497735,0.618352,low_pressure,35,304035
2.442599999987517,44969.21868,44.96921868,0.615481,low_pressure,35,304246
2.443614999987659,21213.350705,21.213350705,0.612628,low_pressure,35,304450
2.4446229999878,6542.229514,6.542229514,0.610099,low_pressure,35,304640
2.4456269999879403,2932.031163,2.932031163,0.609156,low_pressure,35,304816
2.446634999988081,1845.422778,1.845422778,0.60879,low_pressure,35,304985
2.4476299999882203,1405.852221,1.4058522210000002,0.608621,low_pressure,35,305147
2.448594999988355,1198.855448,1.198855448,0.608539,low_pressure,35,305302
2.4496119999884973,1092.882567,1.0928825670000002,0.6085,low_pressure,35,305464
2.450611999988637,1038.581099,1.038581099,0.608482,low_pressure,35,305626
2.4516289999887793,1010.269257,1.010269257,0.608476,low_pressure,35,305788
2.4525969999889146,997.847838,0.997847838,0.608475,low_pressure,35,305944
2.4536129999890566,992.092167,0.992092167,0.608476,low_pressure,35,306113
2.4546079999891957,990.281573,0.990281573,0.608479,low_pressure,35,306275
2.4555999999893343,990.409076,0.990409076,0.608482,low_pressure,35,306437
2.456613999989476,991.643183,0.991643183,0.608484,low_pressure,35,306606
2.457601999989614,992.97906,0.99297906,0.608486,low_pressure,35,306768
2.4586339999897584,994.951957,0.9949519569999999,0.608488,low_pressure,35,306937
2.4596209999898964,995.934641,0.9959346410000001,0.608489,low_pressure,35,307099
2.4606019999900335,996.551196,0.996551196,0.60849,low_pressure,35,307261
2.4616339999901777,997.283855,0.997283855,0.608491,low_pressure,35,307430
2.462622999990316,997.665986,0.997665986,0.608492,low_pressure,35,307592
2.463596999990452,998.011512,0.998011512,0.608493,low_pressure,35,307754
2.4646299999905965,998.450697,0.998450697,0.608493,low_pressure,35,307923
2.4656189999907347,998.822145,0.998822145,0.608494,low_pressure,35,308085
2.4666349999908768,998.664006,0.9986640059999999,0.608494,low_pressure,35,308254
2.467623999991015,998.551987,0.998551987,0.608494,low_pressure,35,308416
2.4686129999911532,998.976777,0.998976777,0.608495,low_pressure,35,308578
2.4696289999912953,998.948751,0.998948751,0.608495,low_pressure,35,308747
2.4698009999913193,999.019216,0.999019216,0.608495,low_pressure,35,308783
2.4708339999914637,12919.042399,12.919042399,0.611322,high_pressure,36,308976
2.471837999991604,33012.997286,33.012997286,0.614167,high_pressure,36,309180
2.472830999991743,60185.588596,60.185588596,0.617029,high_pressure,36,309391
2.4738249999918818,93385.464941,93.385464941,0.61991,high_pressure,36,309609
2.4748159999920203,132187.16063,132.18716063,0.622808,high_pressure,36,309834
2.47581699999216,176307.225722,176.307225722,0.625724,high_pressure,36,310066
2.4768349999923025,199709.775469,199.709775469,0.627159,high_pressure,36,310305
2.477824999992441,199998.064551,199.998064551,0.627177,high_pressure,36,310537
2.4779149999924535,200000.054595,200.000054595,0.627177,high_pressure,36,310567
2.4789389999925966,153023.569377,153.023569377,0.624252,low_pressure,36,310809
2.479929999992735,111298.627782,111.298627782,0.621345,low_pressure,36,311034
2.4809219999928738,75083.353607,75.08335360699999,0.618456,low_pressure,36,311252
2.481940999993016,44808.189651,44.808189651,0.615584,low_pressure,36,311470
2.482946999993157,21099.877832,21.099877831999997,0.612731,low_pressure,36,311674
2.4839379999932953,6492.190668,6.492190668,0.610209,low_pressure,36,311864
2.4849389999934353,2924.093759,2.924093759,0.609273,low_pressure,36,312040
2.4859409999935753,1841.018252,1.841018252,0.608908,low_pressure,36,312209
2.4869279999937133,1404.459286,1.404459286,0.608741,low_pressure,36,312371
2.4879299999938533,1199.261195,1.199261195,0.608659,low_pressure,36,312533
2.4889459999939954,1094.710993,1.0947109929999999,0.608619,low_pressure,36,312695
2.4899469999941353,1039.233938,1.0392339380000002,0.608601,low_pressure,36,312857
2.490959999994277,1011.563044,1.011563044,0.608594,low_pressure,36,313019
2.491927999994412,997.598057,0.997598057,0.608593,low_pressure,36,313175
2.4929519999945553,991.982102,0.991982102,0.608595,low_pressure,36,313344
2.4939389999946933,989.8432,0.9898432,0.608597,low_pressure,36,313506
2.4949509999948347,989.777094,0.989777094,0.6086,low_pressure,36,313668
2.495939999994973,991.143918,0.991143918,0.608603,low_pressure,36,313830
2.4969459999951136,992.826012,0.992826012,0.608605,low_pressure,36,313999
2.497934999995252,994.612608,0.9946126080000001,0.608607,low_pressure,36,314161
2.498959999995395,995.783353,0.995783353,0.608608,low_pressure,36,314330
2.4999419999955323,996.492404,0.9964924039999999,0.60861,low_pressure,36,314492
2.5009229999956695,997.431665,0.9974316649999999,0.60861,low_pressure,36,314654
2.5019519999958133,998.271987,0.998271987,0.608611,low_pressure,36,314823
2.502923999995949,998.511066,0.9985110660000001,0.608611,low_pressure,36,314985
2.5037409999960634,998.527113,0.998527113,0.608612,low_pressure,36,315126
2.504783999996209,12928.029841,12.928029840999999,0.61144,high_pressure,37,315319
2.5057589999963454,33038.496628,33.038496628000004,0.614285,high_pressure,37,315516
2.506757999996485,60238.934126,60.238934126,0.617148,high_pressure,37,315727
2.5077569999966247,93512.703836,93.512703836,0.620029,high_pressure,37,315945
2.508752999996764,132353.139947,132.353139947,0.622928,high_pressure,37,316170
2.5097649999969054,176534.866442,176.534866442,0.625845,high_pressure,37,316402
2.5107539999970436,199720.727158,199.720727158,0.627265,high_pressure,37,316634
2.511773999997186,199999.927628,199.999927628,0.627282,high_pressure,37,316873
2.5118039999971904,200000.279152,200.000279152,0.627282,high_pressure,37,316889
2.512836999997335,152985.342973,152.985342973,0.624356,low_pressure,37,317131
2.513838999997475,111229.055495,111.229055495,0.621449,low_pressure,37,317356
2.514835999997614,75004.602266,75.004602266,0.618559,low_pressure,37,317574
2.5158339999977537,44715.09718,44.715097179999994,0.615687,low_pressure,37,317785
2.5168129999978905,21017.940496,21.017940495999998,0.612833,low_pressure,37,317982
2.517816999998031,6465.998372,6.465998372,0.610316,low_pressure,37,318172
2.518818999998171,2910.364057,2.910364057,0.609384,low_pressure,37,318348
2.519826999998312,1838.265943,1.8382659430000001,0.609021,low_pressure,37,318517
2.5208489999984547,1403.844922,1.403844922,0.608854,low_pressure,37,318686
2.521845999998594,1198.792139,1.1987921389999998,0.608772,low_pressure,37,318848
2.5228139999987294,1094.361146,1.094361146,0.608732,low_pressure,37,319003
2.5238449999988735,1040.262264,1.0402622639999999,0.608714,low_pressure,37,319172
2.524815999999009,1012.427796,1.0124277959999999,0.608707,low_pressure,37,319327
2.525830999999151,999.529027,0.999529027,0.608706,low_pressure,37,319490
2.526816999999289,993.209895,0.993209895,0.608707,low_pressure,37,319652
2.5278369999994315,991.632632,0.991632632,0.608709,low_pressure,37,319821
2.5288099999995675,991.827823,0.9918278229999999,0.608712,low_pressure,37,319983
2.5298099999997072,992.757707,0.992757707,0.608714,low_pressure,37,320152
2.530824999999849,993.78692,0.99378692,0.608716,low_pressure,37,320321
2.531840999999991,995.071106,0.995071106,0.608717,low_pressure,37,320490
2.532812000000127,996.301353,0.996301353,0.608719,low_pressure,37,320652
2.5338270000002687,997.377541,0.997377541,0.608719,low_pressure,37,320821
2.5348430000004107,997.969367,0.997969367,0.60872,low_pressure,37,320990
2.5358160000005467,998.24392,0.99824392,0.608721,low_pressure,37,321152
2.536818000000687,998.675105,0.998675105,0.608721,low_pressure,37,321321
2.5378310000008284,998.695517,0.998695517,0.608721,low_pressure,37,321490
2.53884300000097,998.772393,0.998772393,0.608722,low_pressure,37,321659
2.53984700000111,999.07116,0.99907116,0.608722,low_pressure,37,321828
2.540812000001245,999.177386,0.999177386,0.608722,low_pressure,37,321990
2.541827000001387,999.092008,0.999092008,0.608723,low_pressure,37,322159
2.541870000001393,999.111564,0.999111564,0.608723,low_pressure,37,322174
2.542901000001537,12977.190303,12.977190302999999,0.611551,high_pressure,38,322367
2.543902000001677,33148.526751,33.148526751,0.614397,high_pressure,38,322571
2.5448940000018156,60355.767296,60.355767295999996,0.617261,high_pressure,38,322782
2.5459160000019585,93647.121249,93.64712124900001,0.620143,high_pressure,38,323007
2.5469120000020977,132563.751442,132.563751442,0.623042,high_pressure,38,323232
2.5479050000022365,176748.55863,176.74855863000002,0.62596,high_pressure,38,323464
2.548895000002375,199728.486739,199.728486739,0.627369,high_pressure,38,323696
2.5499150000025175,199999.565311,199.99956531100003,0.627386,high_pressure,38,323935
2.5499150000025175,200000.012247,200.000012247,0.627386,high_pressure,38,323944
2.550964000002664,152986.054775,152.98605477499999,0.624459,low_pressure,38,324186
2.5519450000028012,111217.684063,111.217684063,0.621551,low_pressure,38,324411
2.5529640000029437,74969.624886,74.969624886,0.61866,low_pressure,38,324636
2.5539360000030795,44688.227839,44.688227839,0.615788,low_pressure,38,324847
2.5549380000032196,21003.9092,21.0039092,0.612933,low_pressure,38,325051
2.5559460000033605,6457.690107,6.457690107,0.610417,low_pressure,38,325241
2.5569350000034987,2902.775276,2.902775276,0.609488,low_pressure,38,325417
2.5579430000036396,1835.308597,1.835308597,0.609126,low_pressure,38,325586
2.5589380000037787,1400.619952,1.400619952,0.60896,low_pressure,38,325748
2.559971000003923,1198.94768,1.19894768,0.608878,low_pressure,38,325917
2.5609450000040592,1097.295138,1.097295138,0.608838,low_pressure,38,326072
2.5619620000042014,1042.716043,1.042716043,0.608819,low_pressure,38,326234
2.562961000004341,1013.715486,1.0137154860000002,0.608812,low_pressure,38,326396
2.563971000004482,999.853452,0.999853452,0.60881,low_pressure,38,326559
2.564949000004619,993.57088,0.9935708799999999,0.608811,low_pressure,38,326721
2.5659680000047613,991.631261,0.991631261,0.608813,low_pressure,38,326890
2.5669410000048973,991.516391,0.991516391,0.608816,low_pressure,38,327052
2.567956000005039,992.970068,0.992970068,0.608818,low_pressure,38,327221
2.5689720000051812,994.543866,0.994543866,0.60882,low_pressure,38,327390
2.569958000005319,995.58191,0.99558191,0.608821,low_pressure,38,327559
2.570974000005461,996.604062,0.996604062,0.608822,low_pressure,38,327728
2.571947000005597,997.304425,0.997304425,0.608823,low_pressure,38,327890
2.572941000005736,997.956099,0.997956099,0.608824,low_pressure,38,328059
2.573956000005878,998.565777,0.998565777,0.608824,low_pressure,38,328228
2.57497200000602,998.885159,0.9988851590000001,0.608825,low_pressure,38,328397
2.5759720000061597,998.587548,0.9985875479999999,0.608825,low_pressure,38,328566
2.5769450000062957,998.883259,0.998883259,0.608825,low_pressure,38,328728
2.5771140000063193,998.823347,0.998823347,0.608825,low_pressure,38,328764
2.5781690000064668,12980.030087,12.980030087,0.611655,high_pressure,39,328957
2.579136000006602,33185.344928,33.185344928,0.614501,high_pressure,39,329154
2.580137000006742,60442.124683,60.442124683,0.617366,high_pressure,39,329365
2.5811590000068847,93758.991785,93.758991785,0.620248,high_pressure,39,329590
2.5821360000070213,132699.25378,132.69925378,0.623148,high_pressure,39,329808
2.583150000007163,176925.091041,176.925091041,0.626067,high_pressure,39,330040
2.584144000007302,199732.427904,199.73242790400002,0.627463,high_pressure,39,330272
2.5851340000074403,200000.330587,200.000330587,0.62748,high_pressure,39,330512
2.5851340000074403,200000.343875,200.000343875,0.62748,high_pressure,39,330513
2.586139000007581,152977.01596,152.97701596,0.624553,low_pressure,39,330748
2.587141000007721,111186.772818,111.186772818,0.621644,low_pressure,39,330973
2.5881390000078603,74947.354867,74.947354867,0.618753,low_pressure,39,331191
2.589167000008004,44631.638088,44.631638088,0.61588,low_pressure,39,331409
2.5901720000081445,20936.737241,20.936737241,0.613025,low_pressure,39,331613
2.5911520000082815,6437.115174,6.437115174,0.610512,low_pressure,39,331796
2.5921600000084224,2894.01954,2.89401954,0.609586,low_pressure,39,331972
2.5931700000085636,1827.341209,1.8273412089999999,0.609227,low_pressure,39,332141
2.5941650000087026,1400.112902,1.400112902,0.609061,low_pressure,39,332303
2.5951670000088427,1198.668524,1.198668524,0.60898,low_pressure,39,332465
2.5961660000089823,1097.630882,1.097630882,0.60894,low_pressure,39,332627
2.5971700000091227,1043.185628,1.043185628,0.608921,low_pressure,39,332789
2.5981420000092585,1015.179405,1.015179405,0.608913,low_pressure,39,332944
2.5991590000094007,1000.616244,1.0006162440000002,0.608911,low_pressure,39,333106
2.6001790000095433,994.46532,0.99446532,0.608912,low_pressure,39,333276
2.6011520000096793,992.758006,0.992758006,0.608914,low_pressure,39,333438
2.6021680000098213,992.820768,0.9928207680000001,0.608916,low_pressure,39,333607
2.6031700000099613,994.208019,0.994208019,0.608918,low_pressure,39,333776
2.6041440000100975,995.219011,0.995219011,0.608919,low_pressure,39,333938
2.6051600000102395,996.183874,0.996183874,0.608921,low_pressure,39,334107
2.6061750000103814,996.83935,0.99683935,0.608922,low_pressure,39,334276
2.6071490000105175,997.667538,0.9976675380000001,0.608922,low_pressure,39,334438
2.6081640000106594,997.989338,0.997989338,0.608923,low_pressure,39,334607
2.6091600000107986,998.40561,0.99840561,0.608923,low_pressure,39,334776
2.6101750000109405,998.522747,0.998522747,0.608924,low_pressure,39,334945
2.6111490000110766,998.799154,0.9987991540000001,0.608924,low_pressure,39,335107
2.6121550000112173,998.782363,0.998782363,0.608925,low_pressure,39,335276
2.6127060000112943,998.816552,0.998816552,0.608925,low_pressure,39,335375
2.6137360000114382,13000.271963,13.000271963,0.611755,high_pressure,40,335568
2.614729000011577,33196.020206,33.196020206,0.614602,high_pressure,40,335772
2.615722000011716,60466.95973,60.46695973,0.617467,high_pressure,40,335983
2.6167140000118545,93818.36309,93.81836309,0.62035,high_pressure,40,336201
2.617712000011994,132798.201922,132.798201922,0.623251,high_pressure,40,336426
2.618722000012135,177086.836796,177.086836796,0.62617,high_pressure,40,336658
2.619730000012276,199739.130361,199.73913036099998,0.627557,high_pressure,40,336897
2.6207200000124145,199998.591847,199.998591847,0.627573,high_pressure,40,337129
2.621740000012557,199994.323703,199.994323703,0.627574,high_pressure,40,337368
2.6223360000126403,200000.51247,200.00051247,0.627575,high_pressure,40,337517
2.6233520000127823,152953.219441,152.953219441,0.624647,low_pressure,40,337752
2.6243670000129242,111120.39643,111.12039643,0.621738,low_pressure,40,337984
2.625360000013063,74853.150326,74.853150326,0.618846,low_pressure,40,338202
2.6263520000132017,44555.043719,44.555043719000004,0.615973,low_pressure,40,338413
2.6273590000133424,20893.758385,20.893758385,0.613117,low_pressure,40,338617
2.628373000013484,6424.912455,6.424912454999999,0.610606,low_pressure,40,338807
2.6293570000136217,2895.525312,2.895525312,0.609681,low_pressure,40,338983
2.630352000013761,1827.876312,1.8278763120000001,0.609321,low_pressure,40,339152
2.6313880000139056,1397.086917,1.397086917,0.609156,low_pressure,40,339321
2.63235000001404,1199.222667,1.199222667,0.609075,low_pressure,40,339476
2.633365000014182,1096.760847,1.096760847,0.609035,low_pressure,40,339638
2.6343780000143235,1042.53318,1.04253318,0.609016,low_pressure,40,339800
2.635370000014462,1015.47723,1.01547723,0.609008,low_pressure,40,339962
2.6363810000146035,1002.102064,1.002102064,0.609006,low_pressure,40,340124
2.637366000014741,995.21685,0.99521685,0.609006,low_pressure,40,340287
2.638380000014883,993.142064,0.993142064,0.609008,low_pressure,40,340456
2.639352000015019,993.339567,0.993339567,0.60901,low_pressure,40,340618
2.640368000015161,994.561373,0.994561373,0.609012,low_pressure,40,340787
2.641379000015302,995.61947,0.99561947,0.609013,low_pressure,40,340956
2.642387000015443,996.040475,0.996040475,0.609014,low_pressure,40,341125
2.643360000015579,996.667147,0.996667147,0.609015,low_pressure,40,341287
2.644375000015721,997.410585,0.997410585,0.609016,low_pressure,40,341456
2.645385000015862,998.03712,0.99803712,0.609017,low_pressure,40,341625
2.646358000015998,998.459426,0.998459426,0.609017,low_pressure,40,341787
2.6466120000160336,998.564139,0.998564139,0.609018,low_pressure,40,341837
2.64766100001618,12994.71323,12.994713229999999,0.611848,high_pressure,41,342030
2.64866200001632,33216.219563,33.216219562999996,0.614696,high_pressure,41,342234
2.649656000016459,60491.52548,60.49152548,0.617562,high_pressure,41,342445
2.650650000016598,93897.9466,93.8979466,0.620445,high_pressure,41,342663
2.6516490000167376,132935.864643,132.935864643,0.623347,high_pressure,41,342888
2.65266700001688,177250.445571,177.250445571,0.626266,high_pressure,41,343127
2.653655000017018,199745.812003,199.745812003,0.627642,high_pressure,41,343359
2.6546750000171606,199997.773199,199.997773199,0.627658,high_pressure,41,343598
2.655659000017298,199995.718936,199.995718936,0.627659,high_pressure,41,343830
2.6565290000174198,200000.146611,200.000146611,0.62766,high_pressure,41,344042
2.6575580000175636,152940.758753,152.940758753,0.624732,low_pressure,41,344284
2.6585520000177025,111095.833597,111.09583359700001,0.621822,low_pressure,41,344509
2.659544000017841,74790.56662,74.79056661999999,0.61893,low_pressure,41,344727
2.66053700001798,44488.578638,44.488578638,0.616056,low_pressure,41,344938
2.6615650000181237,20823.869715,20.823869715,0.613199,low_pressure,41,345149
2.66254000001826,6392.172271,6.392172271000001,0.610694,low_pressure,41,345332
2.6635450000184004,2886.38537,2.88638537,0.609773,low_pressure,41,345508
2.6645540000185415,1823.857924,1.823857924,0.609415,low_pressure,41,345677
2.6655500000186807,1396.984056,1.396984056,0.609251,low_pressure,41,345839
2.666553000018821,1195.716117,1.195716117,0.60917,low_pressure,41,346001
2.6675500000189603,1094.432044,1.094432044,0.609131,low_pressure,41,346163
2.668565000019102,1042.59338,1.04259338,0.609113,low_pressure,41,346325
2.669537000019238,1014.567396,1.0145673960000001,0.609105,low_pressure,41,346480
2.6705350000193775,1001.925205,1.001925205,0.609103,low_pressure,41,346642
2.6715600000195208,995.855169,0.995855169,0.609103,low_pressure,41,346812
2.672535000019657,993.62573,0.99362573,0.609105,low_pressure,41,346974
2.673550000019799,993.870476,0.993870476,0.609107,low_pressure,41,347143
2.674552000019939,994.767236,0.994767236,0.609108,low_pressure,41,347312
2.675568000020081,995.569336,0.995569336,0.60911,low_pressure,41,347481
2.6765450000202176,996.322701,0.9963227010000001,0.609111,low_pressure,41,347643
2.6775600000203594,997.206631,0.9972066310000001,0.609112,low_pressure,41,347812
2.6785750000205013,997.591326,0.997591326,0.609112,low_pressure,41,347981
2.6795560000206384,997.851476,0.997851476,0.609113,low_pressure,41,348143
2.6805710000207803,998.269135,0.998269135,0.609114,low_pressure,41,348312
2.6815460000209166,998.571415,0.998571415,0.609114,low_pressure,41,348474
2.6825770000210607,999.011001,0.999011001,0.609114,low_pressure,41,348643
2.683308000021163,999.131697,0.999131697,0.609115,low_pressure,41,348770
2.6843480000213082,12970.265135,12.970265135,0.611946,high_pressure,42,348963
2.685347000021448,33217.376603,33.217376603,0.614794,high_pressure,42,349167
2.686329000021585,60548.048059,60.548048059,0.617661,high_pressure,42,349378
2.687352000021728,94036.429601,94.036429601,0.620545,high_pressure,42,349603
2.6883490000218675,133140.674033,133.14067403299998,0.623447,high_pressure,42,349828
2.689325000022004,177531.444002,177.531444002,0.626367,high_pressure,42,350053
2.6903450000221465,199749.976433,199.749976433,0.627725,high_pressure,42,350292
2.6913250000222835,199999.61533,199.99961533,0.627741,high_pressure,42,350524
2.6913550000222877,200000.013016,200.00001301600003,0.627741,high_pressure,42,350540
2.6923620000224284,152857.605154,152.857605154,0.624812,low_pressure,42,350775
2.6933850000225714,110992.562395,110.99256239500001,0.621901,low_pressure,42,351007
2.69437500002271,74656.868951,74.65686895099999,0.619009,low_pressure,42,351225
2.6953760000228497,44332.027023,44.332027023,0.616134,low_pressure,42,351443
2.69638000002299,20684.247911,20.684247911,0.613277,low_pressure,42,351647
2.697395000023132,6340.610487,6.340610487,0.610781,low_pressure,42,351837
2.698398000023272,2879.095649,2.879095649,0.609868,low_pressure,42,352013
2.699364000023407,1823.443396,1.8234433959999998,0.60951,low_pressure,42,352175
2.7004030000235524,1396.765976,1.396765976,0.609346,low_pressure,42,352344
2.7013830000236894,1195.26732,1.19526732,0.609266,low_pressure,42,352506
2.7024000000238315,1095.422594,1.095422594,0.609226,low_pressure,42,352668
2.7033740000239677,1043.008036,1.043008036,0.609207,low_pressure,42,352823
2.704378000024108,1016.755017,1.016755017,0.609199,low_pressure,42,352985
2.7053960000242503,1002.297753,1.002297753,0.609197,low_pressure,42,353147
2.706387000024389,996.499152,0.9964991519999999,0.609197,low_pressure,42,353310
2.7074000000245304,994.590268,0.994590268,0.609199,low_pressure,42,353479
2.7083790000246672,993.69307,0.9936930700000001,0.6092,low_pressure,42,353641
2.7093700000248058,993.824343,0.993824343,0.609202,low_pressure,42,353803
2.7103970000249493,994.93481,0.99493481,0.609204,low_pressure,42,353972
2.711381000025087,996.425532,0.996425532,0.609205,low_pressure,42,354134
2.712370000025225,997.282479,0.997282479,0.609206,low_pressure,42,354296
2.713391000025368,997.613202,0.997613202,0.609207,low_pressure,42,354465
2.714400000025509,998.138818,0.998138818,0.609207,low_pressure,42,354634
2.7153830000256463,998.203701,0.998203701,0.609208,low_pressure,42,354796
2.7163660000257837,998.711912,0.998711912,0.609208,low_pressure,42,354958
2.7173970000259278,998.900869,0.998900869,0.609208,low_pressure,42,355127
2.718386000026066,998.806087,0.9988060870000001,0.609209,low_pressure,42,355289
2.718429000026072,998.809928,0.998809928,0.609209,low_pressure,42,355304
2.719473000026218,12985.723553,12.985723553,0.61204,high_pressure,43,355497
2.720460000026356,33247.958413,33.247958413,0.61489,high_pressure,43,355701
2.7214500000264943,60633.513674,60.633513674,0.617756,high_pressure,43,355912
2.722457000026635,94204.874736,94.204874736,0.620641,high_pressure,43,356137
2.723452000026774,133383.260096,133.38326009600001,0.623544,high_pressure,43,356362
2.7244770000269174,177857.067107,177.857067107,0.626465,high_pressure,43,356601
2.7254650000270555,199761.902982,199.761902982,0.627802,high_pressure,43,356833
2.726455000027194,199997.214798,199.997214798,0.627817,high_pressure,43,357065
2.727465000027335,199995.683945,199.995683945,0.627818,high_pressure,43,357304
2.7284550000274734,199999.751795,199.99975179499998,0.627819,high_pressure,43,357536
2.7284850000274776,200000.023935,200.000023935,0.627819,high_pressure,43,357552
2.7295270000276233,152829.763748,152.829763748,0.62489,low_pressure,43,357794
2.730519000027762,110928.498575,110.928498575,0.621979,low_pressure,43,358019
2.7315390000279045,74570.648244,74.570648244,0.619086,low_pressure,43,358244
2.732529000028043,44234.776172,44.234776172,0.616211,low_pressure,43,358455
2.7335210000281815,20585.813547,20.585813547,0.613354,low_pressure,43,358659
2.7345300000283226,6301.287072,6.301287072,0.610865,low_pressure,43,358849
2.735534000028463,2864.427727,2.864427727,0.609958,low_pressure,43,359025
2.736544000028604,1817.899293,1.817899293,0.609603,low_pressure,43,359194
2.7375400000287433,1396.283265,1.396283265,0.609439,low_pressure,43,359356
2.7385420000288834,1198.142247,1.198142247,0.609359,low_pressure,43,359518
2.7395450000290236,1096.861212,1.096861212,0.609319,low_pressure,43,359680
2.7405120000291587,1044.151057,1.044151057,0.609299,low_pressure,43,359835
2.7415240000293,1017.561006,1.017561006,0.609291,low_pressure,43,359997
2.7425290000294407,1004.047808,1.004047808,0.609288,low_pressure,43,360159
2.743512000029578,997.862208,0.997862208,0.609288,low_pressure,43,360322
2.74452700002972,995.692841,0.995692841,0.609289,low_pressure,43,360491
2.745543000029862,994.65963,0.99465963,0.609291,low_pressure,43,360660
2.746545000030002,995.087674,0.995087674,0.609292,low_pressure,43,360829
2.747518000030138,996.104844,0.996104844,0.609293,low_pressure,43,360991
2.74853300003028,996.869089,0.996869089,0.609294,low_pressure,43,361160
2.749549000030422,997.644403,0.997644403,0.609295,low_pressure,43,361329
2.750522000030558,997.978357,0.9979783569999999,0.609296,low_pressure,43,361491
2.7515370000307,998.300405,0.998300405,0.609296,low_pressure,43,361660
2.7525380000308397,998.684525,0.998684525,0.609297,low_pressure,43,361829
2.753512000030976,998.926116,0.998926116,0.609297,low_pressure,43,361991
2.7545270000311177,998.840785,0.998840785,0.609297,low_pressure,43,362160
2.75554500003126,999.102967,0.999102967,0.609297,low_pressure,43,362329
2.7557140000312836,999.198116,0.9991981160000001,0.609298,low_pressure,43,362365
2.756775000031432,13016.995308,13.016995308,0.61213,high_pressure,44,362558
2.7577730000315714,33321.487252,33.321487252,0.614979,high_pressure,44,362762
2.758787000031713,60743.381244,60.743381244,0.617847,high_pressure,44,362980
2.7597750000318513,94309.533415,94.309533415,0.620732,high_pressure,44,363198
2.76076800003199,133526.258466,133.526258466,0.623635,high_pressure,44,363423
2.7617730000321306,178018.70177,178.01870177,0.626557,high_pressure,44,363655
2.762778000032271,199766.546211,199.76654621100002,0.627883,high_pressure,44,363894
2.763765000032409,199999.872763,199.99987276299998,0.627898,high_pressure,44,364126
2.7638550000324216,200000.043321,200.000043321,0.627898,high_pressure,44,364156
2.7649120000325693,152820.819464,152.820819464,0.624968,low_pressure,44,364398
2.7658920000327063,110918.588663,110.91858866300001,0.622057,low_pressure,44,364623
2.766912000032849,74543.151824,74.543151824,0.619163,low_pressure,44,364848
2.7679100000329884,44195.652583,44.195652583000005,0.616288,low_pressure,44,365066
2.7689130000331286,20539.035107,20.539035107,0.61343,low_pressure,44,365270
2.7699200000332693,6281.389346,6.281389346,0.610945,low_pressure,44,365460
2.7709230000334095,2857.006386,2.857006386,0.610041,low_pressure,44,365636
2.7718880000335444,1819.160606,1.8191606059999998,0.609687,low_pressure,44,365798
2.7729060000336867,1396.776116,1.396776116,0.609523,low_pressure,44,365967
2.7739080000338268,1195.291585,1.1952915849999999,0.609442,low_pressure,44,366129
2.774925000033969,1096.704306,1.0967043060000001,0.609403,low_pressure,44,366291
2.7758950000341045,1043.620657,1.043620657,0.609384,low_pressure,44,366446
2.776906000034246,1015.919919,1.0159199190000001,0.609376,low_pressure,44,366608
2.777922000034388,1002.202705,1.002202705,0.609373,low_pressure,44,366770
2.7789160000345268,995.01784,0.9950178399999999,0.609374,low_pressure,44,366933
2.7798890000346628,992.742844,0.992742844,0.609376,low_pressure,44,367095
2.780921000034807,993.068075,0.993068075,0.609378,low_pressure,44,367264
2.7819120000349455,994.045952,0.994045952,0.60938,low_pressure,44,367426
2.7828990000350835,995.236945,0.995236945,0.609381,low_pressure,44,367588
2.7838860000352215,995.753953,0.995753953,0.609382,low_pressure,44,367750
2.7849150000353653,996.92714,0.99692714,0.609383,low_pressure,44,367919
2.7859190000355056,997.789804,0.9977898040000001,0.609384,low_pressure,44,368088
2.7868980000356425,997.964867,0.997964867,0.609385,low_pressure,44,368250
2.787924000035786,998.179551,0.998179551,0.609385,low_pressure,44,368419
2.7889100000359237,998.453281,0.998453281,0.609386,low_pressure,44,368581
2.7898960000360615,998.679708,0.998679708,0.609386,low_pressure,44,368743
2.7908850000361998,998.892359,0.9988923590000001,0.609386,low_pressure,44,368905
2.7918990000363415,999.270223,0.999270223,0.609387,low_pressure,44,369074
2.7927450000364598,999.286146,0.999286146,0.609387,low_pressure,44,369222
2.793770000036603,12977.610005,12.977610005,0.61222,high_pressure,45,369415
2.7947620000367417,33309.252746,33.309252746,0.61507,high_pressure,45,369619
2.79575000003688,60785.364812,60.785364812,0.617938,high_pressure,45,369830
2.7967710000370225,94420.113581,94.420113581,0.620824,high_pressure,45,370055
2.7977520000371596,133723.770035,133.723770035,0.623728,high_pressure,45,370280
2.7987550000373,178340.853097,178.340853097,0.62665,high_pressure,45,370512
2.7997600000374403,199776.499129,199.776499129,0.627955,high_pressure,45,370751
2.8007500000375787,199998.678995,199.998678995,0.62797,high_pressure,45,370983
2.8008400000375913,200000.06224,200.00006224,0.62797,high_pressure,45,371013
2.8018870000377376,152760.928688,152.760928688,0.625039,low_pressure,45,371255
2.8028750000378757,110801.026325,110.801026325,0.622127,low_pressure,45,371480
2.8038810000380163,74400.303246,74.400303246,0.619233,low_pressure,45,371705
2.8048700000381546,44033.681782,44.033681782,0.616357,low_pressure,45,371916
2.8058700000382943,20379.87015,20.37987015,0.613499,low_pressure,45,372120
2.8069000000384383,6223.736145,6.223736145,0.611026,low_pressure,45,372317
2.807900000038578,2843.524255,2.8435242549999997,0.61013,low_pressure,45,372493
2.8089060000387187,1812.325686,1.8123256859999999,0.609778,low_pressure,45,372662
2.8098970000388572,1392.4174,1.3924174,0.609616,low_pressure,45,372824
2.8108990000389973,1195.286551,1.195286551,0.609536,low_pressure,45,372986
2.8118680000391327,1095.559599,1.095559599,0.609496,low_pressure,45,373141
2.8129050000392777,1044.319897,1.044319897,0.609477,low_pressure,45,373310
2.813873000039413,1016.101404,1.016101404,0.609469,low_pressure,45,373465
2.8148840000395543,1002.864671,1.002864671,0.609467,low_pressure,45,373627
2.8159000000396963,995.932452,0.995932452,0.609467,low_pressure,45,373797
2.816879000039833,993.812696,0.993812696,0.609469,low_pressure,45,373959
2.817895000039975,994.248825,0.994248825,0.60947,low_pressure,45,374128
2.8188970000401152,994.532554,0.994532554,0.609472,low_pressure,45,374297
2.819875000040252,995.261266,0.995261266,0.609473,low_pressure,45,374459
2.820891000040394,996.162404,0.996162404,0.609475,low_pressure,45,374628
2.821870000040531,997.13286,0.99713286,0.609476,low_pressure,45,374790
2.822879000040672,997.782621,0.9977826209999999,0.609476,low_pressure,45,374959
2.823895000040814,997.99541,0.99799541,0.609477,low_pressure,45,375128
2.82486900004095,998.610597,0.998610597,0.609477,low_pressure,45,375290
2.8258760000410907,998.952007,0.998952007,0.609478,low_pressure,45,375459
2.826865000041229,999.028758,0.999028758,0.609478,low_pressure,45,375621
2.8278970000413732,998.958297,0.998958297,0.609478,low_pressure,45,375790
2.828883000041511,999.134347,0.999134347,0.609479,low_pressure,45,375952
2.8297430000416313,999.068302,0.999068302,0.609479,low_pressure,45,376100
2.830793000041778,13011.700242,13.011700242000002,0.612312,high_pressure,46,376293
2.8317700000419146,33413.492864,33.413492864,0.615163,high_pressure,46,376497
2.8327910000420573,60924.060756,60.924060755999996,0.618031,high_pressure,46,376715
2.833782000042196,94603.634942,94.603634942,0.620918,high_pressure,46,376933
2.8347740000423345,133944.553531,133.94455353100003,0.623822,high_pressure,46,377158
2.8357960000424773,178593.775873,178.593775873,0.626745,high_pressure,46,377397
2.8367850000426156,199781.680435,199.781680435,0.628035,high_pressure,46,377629
2.837775000042754,199998.692871,199.998692871,0.628049,high_pressure,46,377861
2.8378350000427623,200000.096572,200.00009657200002,0.62805,high_pressure,46,377884
2.83889100004291,152743.956177,152.74395617699997,0.625119,low_pressure,46,378126
2.839878000043048,110782.981654,110.782981654,0.622206,low_pressure,46,378351
2.8408830000431884,74391.008325,74.391008325,0.619312,low_pressure,46,378576
2.8418720000433266,44012.292519,44.012292519,0.616435,low_pressure,46,378787
2.842889000043469,20328.554149,20.328554149,0.613577,low_pressure,46,378998
2.8438950000436094,6192.708052,6.1927080519999995,0.611109,low_pressure,46,379188
2.8448980000437496,2834.561973,2.834561973,0.610217,low_pressure,46,379364
2.845888000043888,1809.654367,1.809654367,0.609867,low_pressure,46,379533
2.8468850000440273,1395.129164,1.3951291639999999,0.609705,low_pressure,46,379695
2.8478810000441666,1196.394586,1.1963945859999998,0.609624,low_pressure,46,379857
2.848894000044308,1095.882478,1.095882478,0.609584,low_pressure,46,380019
2.8498980000444485,1043.087045,1.043087045,0.609566,low_pressure,46,380181
2.850904000044589,1015.871744,1.015871744,0.609558,low_pressure,46,380343
2.8518940000447275,1002.240451,1.002240451,0.609556,low_pressure,46,380505
2.8528880000448664,996.354273,0.996354273,0.609556,low_pressure,46,380668
2.8538750000450044,994.424259,0.994424259,0.609557,low_pressure,46,380830
2.8548910000451464,994.254293,0.994254293,0.609559,low_pressure,46,380999
2.855869000045283,994.698358,0.994698358,0.60956,low_pressure,46,381161
2.856899000045427,995.074049,0.995074049,0.609562,low_pressure,46,381330
2.8578810000455643,995.75511,0.9957551099999999,0.609563,low_pressure,46,381492
2.8588820000457043,996.531879,0.996531879,0.609564,low_pressure,46,381661
2.8598710000458425,997.351296,0.997351296,0.609565,low_pressure,46,381823
2.8608960000459858,998.139829,0.998139829,0.609566,low_pressure,46,381992
2.8618830000461237,998.39125,0.9983912500000001,0.609566,low_pressure,46,382154
2.862872000046262,998.421954,0.998421954,0.609567,low_pressure,46,382316
2.863344000046328,998.606136,0.998606136,0.609567,low_pressure,46,382401
2.8643570000464695,13009.479472,13.009479472,0.612401,high_pressure,47,382594
2.865347000046608,33435.15947,33.43515947,0.615252,high_pressure,47,382798
2.86636500004675,60965.35034,60.96535034,0.618121,high_pressure,47,383016
2.867352000046888,94693.392939,94.69339293899999,0.621008,high_pressure,47,383234
2.868374000047031,134067.769012,134.067769012,0.623913,high_pressure,47,383466
2.869361000047169,178818.947522,178.818947522,0.626836,high_pressure,47,383698
2.8703500000473072,199790.238376,199.790238376,0.628112,high_pressure,47,383930
2.8713100000474414,200000.08383,200.00008383,0.628125,high_pressure,47,384163
2.8723560000475876,152696.789287,152.696789287,0.625194,low_pressure,47,384405
2.873339000047725,110694.576671,110.69457667100001,0.622281,low_pressure,47,384630
2.874346000047866,74285.725856,74.285725856,0.619386,low_pressure,47,384855
2.875362000048008,43908.447192,43.908447192,0.616509,low_pressure,47,385073
2.8763610000481474,20251.783397,20.251783397,0.61365,low_pressure,47,385277
2.8773620000482873,6162.972919,6.1629729189999995,0.611187,low_pressure,47,385467
2.878360000048427,2824.891,2.824891,0.610301,low_pressure,47,385643
2.879349000048565,1803.721505,1.803721505,0.609953,low_pressure,47,385812
2.8803380000487033,1393.429681,1.393429681,0.609792,low_pressure,47,385974
2.8813350000488427,1196.157801,1.196157801,0.609711,low_pressure,47,386136
2.8823300000489818,1095.631024,1.095631024,0.609672,low_pressure,47,386298
2.8833350000491222,1044.196285,1.044196285,0.609653,low_pressure,47,386460
2.8843440000492633,1016.89583,1.01689583,0.609645,low_pressure,47,386622
2.8853690000494066,1003.269661,1.003269661,0.609642,low_pressure,47,386791
2.886346000049543,996.54371,0.9965437100000001,0.609642,low_pressure,47,386954
2.887369000049686,994.48101,0.99448101,0.609643,low_pressure,47,387123
2.8883500000498232,994.378729,0.994378729,0.609645,low_pressure,47,387285
2.8893660000499652,994.913424,0.9949134239999999,0.609647,low_pressure,47,387454
2.8903390000501012,995.778237,0.995778237,0.609648,low_pressure,47,387616
2.8913430000502416,996.495356,0.996495356,0.609649,low_pressure,47,387785
2.892349000050382,997.245708,0.997245708,0.60965,low_pressure,47,387954
2.893364000050524,997.95915,0.99795915,0.609651,low_pressure,47,388123
2.89433700005066,998.443049,0.998443049,0.609651,low_pressure,47,388285
2.895352000050802,998.623429,0.998623429,0.609651,low_pressure,47,388454
2.896368000050944,998.674549,0.998674549,0.609652,low_pressure,47,388623
2.89734100005108,998.762835,0.998762835,0.609652,low_pressure,47,388785
2.89834300005122,998.726506,0.998726506,0.609653,low_pressure,47,388954
2.898385000051226,998.669896,0.998669896,0.609653,low_pressure,47,388969
2.8994410000513735,13050.428358,13.050428358,0.612487,high_pressure,48,389162
2.9004340000515123,33508.70888,33.50870888,0.615339,high_pressure,48,389366
2.9014510000516545,61072.360625,61.072360625,0.618209,high_pressure,48,389584
2.9024390000517926,94790.400823,94.790400823,0.621096,high_pressure,48,389802
2.9034490000519337,134214.73885,134.21473885,0.624002,high_pressure,48,390034
2.904446000052073,178951.886049,178.951886049,0.626925,high_pressure,48,390266
2.9054310000522108,199793.660523,199.793660523,0.628194,high_pressure,48,390498
2.906390000052345,200000.158555,200.000158555,0.628207,high_pressure,48,390731
2.9074310000524903,152719.568568,152.719568568,0.625275,low_pressure,48,390973
2.9084180000526283,110702.823149,110.702823149,0.622362,low_pressure,48,391198
2.9094350000527704,74274.501172,74.274501172,0.619466,low_pressure,48,391423
2.910440000052911,43907.945481,43.907945481000006,0.616589,low_pressure,48,391641
2.9114390000530506,20250.31137,20.25031137,0.613729,low_pressure,48,391845
2.9124320000531894,6147.779794,6.147779794,0.611268,low_pressure,48,392035
2.9134270000533284,2822.610363,2.822610363,0.610384,low_pressure,48,392211
2.914431000053469,1801.965018,1.8019650180000002,0.610036,low_pressure,48,392380
2.915419000053607,1389.141275,1.3891412749999998,0.609876,low_pressure,48,392542
2.9164180000537465,1193.663598,1.193663598,0.609796,low_pressure,48,392704
2.917430000053888,1094.895944,1.0948959440000001,0.609757,low_pressure,48,392866
2.9184280000540275,1043.728329,1.0437283290000001,0.609738,low_pressure,48,393028
2.9194380000541686,1017.515393,1.017515393,0.60973,low_pressure,48,393190
2.92045000005431,1003.582018,1.003582018,0.609727,low_pressure,48,393352
2.9214330000544475,995.818541,0.995818541,0.609728,low_pressure,48,393515
2.922439000054588,993.258783,0.993258783,0.609729,low_pressure,48,393684
2.92345400005473,992.784834,0.9927848340000001,0.609731,low_pressure,48,393853
2.92445700005487,994.214096,0.994214096,0.609733,low_pressure,48,394022
2.9254310000550063,995.317614,0.9953176140000001,0.609735,low_pressure,48,394184
2.9264470000551484,996.001213,0.996001213,0.609736,low_pressure,48,394353
2.9274200000552844,996.86597,0.99686597,0.609737,low_pressure,48,394515
2.928425000055425,997.756637,0.997756637,0.609738,low_pressure,48,394684
2.929441000055567,998.21406,0.99821406,0.609738,low_pressure,48,394853
2.9304560000557087,998.482985,0.998482985,0.609739,low_pressure,48,395022
2.9314560000558485,998.852668,0.9988526679999999,0.609739,low_pressure,48,395191
2.9324290000559845,998.855466,0.998855466,0.609739,low_pressure,48,395353
2.9334450000561265,999.010306,0.999010306,0.60974,low_pressure,48,395522
2.9344520000562673,999.095099,0.999095099,0.60974,low_pressure,48,395691
2.935437000056405,999.365039,0.9993650390000001,0.60974,low_pressure,48,395853
2.9361160000565,999.17594,0.99917594,0.60974,low_pressure,48,395973
2.937154000056645,13062.159964,13.062159964000001,0.612575,high_pressure,49,396166
2.9381590000567854,33537.695487,33.537695487,0.615428,high_pressure,49,396370
2.939150000056924,61170.457784,61.170457784,0.618298,high_pressure,49,396581
2.940146000057063,94967.354202,94.967354202,0.621186,high_pressure,49,396799
2.9411490000572034,134444.456066,134.44445606600001,0.624092,high_pressure,49,397024
2.9421450000573426,179256.972302,179.256972302,0.627016,high_pressure,49,397256
2.943165000057485,199799.466381,199.799466381,0.628266,high_pressure,49,397495
2.9439750000575984,200000.136018,200.00013601799998,0.628278,high_pressure,49,397693
2.9449850000577396,152649.854066,152.649854066,0.625346,low_pressure,49,397928
2.946012000057883,110602.300263,110.602300263,0.622432,low_pressure,49,398160
2.9469890000580197,74151.847738,74.151847738,0.619536,low_pressure,49,398378
2.948016000058163,43764.130295,43.764130295,0.616658,low_pressure,49,398596
2.9489930000583,20115.236723,20.115236723000002,0.613798,low_pressure,49,398793
2.950002000058441,6109.194792,6.109194792,0.611346,low_pressure,49,398983
2.9510010000585805,2807.89976,2.8078997599999997,0.610468,low_pressure,49,399159
2.9519890000587186,1798.18934,1.79818934,0.610123,low_pressure,49,399328
2.9530190000588625,1389.403109,1.389403109,0.609963,low_pressure,49,399497
2.9540130000590015,1195.433202,1.195433202,0.609883,low_pressure,49,399659
2.9550000000591394,1095.222664,1.0952226639999998,0.609843,low_pressure,49,399821
2.9560010000592793,1043.205671,1.043205671,0.609825,low_pressure,49,399983
2.9570170000594214,1016.503976,1.0165039759999999,0.609817,low_pressure,49,400145
2.9580120000595604,1003.649892,1.003649892,0.609814,low_pressure,49,400307
2.9590000000596985,997.715125,0.9977151249999999,0.609814,low_pressure,49,400470
2.9600160000598406,994.738238,0.994738238,0.609815,low_pressure,49,400639
2.9609890000599766,993.818661,0.993818661,0.609817,low_pressure,49,400801
2.9620040000601184,994.965436,0.994965436,0.609818,low_pressure,49,400970
2.9630200000602605,996.084829,0.9960848290000001,0.609819,low_pressure,49,401139
2.963983000060395,996.819985,0.996819985,0.60982,low_pressure,49,401301
2.964997000060537,997.620353,0.9976203530000001,0.609821,low_pressure,49,401470
2.9660120000606787,997.924143,0.997924143,0.609822,low_pressure,49,401639
2.9669850000608147,998.690099,0.998690099,0.609822,low_pressure,49,401801
2.9680000000609565,999.095829,0.9990958289999999,0.609823,low_pressure,49,401970
2.9690160000610986,999.009086,0.999009086,0.609823,low_pressure,49,402139
2.9699890000612346,999.151135,0.999151135,0.609823,low_pressure,49,402301
2.9706950000613332,999.02919,0.99902919,0.609823,low_pressure,49,402428
2.97174400006148,13056.376499,13.056376499,0.612659,high_pressure,50,402621
2.972738000061619,33517.982007,33.517982007,0.615512,high_pressure,50,402825
2.9737430000617593,61113.587564,61.113587564,0.618383,high_pressure,50,403043
2.974727000061897,94889.66252,94.88966252,0.621271,high_pressure,50,403261
2.9757350000620377,134376.246916,134.376246916,0.624178,high_pressure,50,403493
2.976730000062177,179151.221016,179.151221016,0.627103,high_pressure,50,403725
2.9777500000623194,199791.947485,199.791947485,0.62836,high_pressure,50,403964
2.9786460000624446,200000.020808,200.000020808,0.628373,high_pressure,50,404183
2.9796740000625883,152686.774404,152.686774404,0.62544,low_pressure,50,404425
2.9806900000627303,110622.134686,110.62213468600001,0.622526,low_pressure,50,404657
2.9816710000628674,74169.996782,74.169996782,0.619629,low_pressure,50,404875
2.982684000063009,43794.54546,43.79454546,0.616751,low_pressure,50,405093
2.9836820000631485,20165.89686,20.16589686,0.61389,low_pressure,50,405297
2.984671000063287,6127.888524,6.127888524,0.611433,low_pressure,50,405487
2.9856720000634267,2814.469109,2.814469109,0.610553,low_pressure,50,405663
2.986677000063567,1800.318744,1.800318744,0.610206,low_pressure,50,405832
2.9876670000637056,1386.543338,1.3865433379999998,0.610046,low_pressure,50,405994
2.9886630000638448,1194.607805,1.1946078050000002,0.609967,low_pressure,50,406156
2.98970300006399,1095.329813,1.095329813,0.609927,low_pressure,50,406325
2.9907010000641296,1043.868757,1.043868757,0.609908,low_pressure,50,406487
2.9916860000642673,1015.982862,1.015982862,0.6099,low_pressure,50,406649
2.9926830000644067,1001.679885,1.001679885,0.609898,low_pressure,50,406811
2.993664000064544,995.997527,0.995997527,0.609898,low_pressure,50,406974
2.9946790000646857,993.682159,0.993682159,0.6099,low_pressure,50,407143
2.9956950000648277,992.945097,0.992945097,0.609902,low_pressure,50,407312
2.9966680000649637,994.006941,0.994006941,0.609904,low_pressure,50,407474
2.997672000065104,995.358519,0.995358519,0.609905,low_pressure,50,407643
2.998687000065246,996.041722,0.9960417220000001,0.609906,low_pressure,50,407812
2.999702000065388,996.90181,0.99690181,0.609907,low_pressure,50,407981
3.0007030000655277,997.563875,0.9975638750000001,0.609908,low_pressure,50,408150
3.001677000065664,998.532248,0.998532248,0.609909,low_pressure,50,408312
3.002693000065806,998.668428,0.998668428,0.609909,low_pressure,50,408481
3.003695000065946,998.762833,0.998762833,0.609909,low_pressure,50,408650
3.004691000066085,998.79474,0.99879474,0.60991,low_pressure,50,408819
3.005664000066221,999.073268,0.999073268,0.60991,low_pressure,50,408981
3.0065520000663453,999.128342,0.999128342,0.60991,low_pressure,50,409136
3.00758900006649,13070.142323,13.070142323,0.612746,high_pressure,51,409329
3.0085910000666303,33543.882088,33.543882088,0.6156,high_pressure,51,409533
3.009575000066768,61154.845712,61.154845712000004,0.618471,high_pressure,51,409744
3.010571000066907,94947.305899,94.947305899,0.62136,high_pressure,51,409962
3.011571000067047,134422.286557,134.422286557,0.624268,high_pressure,51,410187
3.0125650000671857,179229.318434,179.229318434,0.627193,high_pressure,51,410419
3.0135850000673283,199794.425527,199.79442552700002,0.628444,high_pressure,51,410658
3.014356000067436,200000.185847,200.00018584699998,0.628457,high_pressure,51,410849
3.0153890000675805,152653.408809,152.65340880899998,0.625524,low_pressure,51,411084
3.0163840000677196,110609.137945,110.609137945,0.622609,low_pressure,51,411309
3.017409000067863,74178.649129,74.178649129,0.619712,low_pressure,51,411534
3.018391000068,43796.280264,43.796280264,0.616833,low_pressure,51,411745
3.019400000068141,20167.940273,20.167940273,0.613972,low_pressure,51,411949
3.0204100000682823,6113.851581,6.113851581,0.611516,low_pressure,51,412139
3.021410000068422,2804.768449,2.804768449,0.610639,low_pressure,51,412315
3.0224160000685627,1798.371509,1.798371509,0.610294,low_pressure,51,412484
3.0234010000687004,1388.6566,1.3886566,0.610133,low_pressure,51,412646
3.0244170000688424,1195.872638,1.195872638,0.610054,low_pressure,51,412815
3.0254130000689816,1096.882882,1.096882882,0.610014,low_pressure,51,412977
3.026410000069121,1044.27997,1.04427997,0.609995,low_pressure,51,413139
3.02740600006926,1017.464196,1.017464196,0.609986,low_pressure,51,413301
3.0284030000693996,1003.80913,1.00380913,0.609984,low_pressure,51,413463
3.0293900000695375,998.726196,0.998726196,0.609983,low_pressure,51,413626
3.030394000069678,995.821534,0.9958215340000001,0.609984,low_pressure,51,413795
3.03141000006982,995.03128,0.9950312800000001,0.609985,low_pressure,51,413964
3.0324250000699617,995.135068,0.9951350680000001,0.609987,low_pressure,51,414133
3.033399000070098,995.843088,0.995843088,0.609988,low_pressure,51,414295
3.0344040000702384,996.724753,0.996724753,0.609989,low_pressure,51,414464
3.0354200000703804,997.255838,0.9972558380000001,0.60999,low_pressure,51,414633
3.0363930000705164,997.691838,0.9976918379999999,0.609991,low_pressure,51,414795
3.037385000070655,998.109713,0.9981097130000001,0.609991,low_pressure,51,414964
3.038400000070797,998.578872,0.9985788720000001,0.609992,low_pressure,51,415133
3.039416000070939,998.873237,0.998873237,0.609992,low_pressure,51,415302
3.0402200000710513,998.962171,0.9989621710000001,0.609992,low_pressure,51,415443
3.0412670000711977,13089.771745,13.089771745,0.612829,high_pressure,52,415636
3.0422550000713358,33615.868205,33.615868205,0.615683,high_pressure,52,415840
3.0432620000714765,61296.945309,61.296945309,0.618555,high_pressure,52,416058
3.0442790000716187,95163.350128,95.163350128,0.621445,high_pressure,52,416283
3.045268000071757,134709.974684,134.70997468399997,0.624352,high_pressure,52,416508
3.0462650000718963,179579.989393,179.579989393,0.627278,high_pressure,52,416740
3.047266000072036,199802.629,199.802629,0.628508,high_pressure,52,416979
3.0482550000721744,199999.67005,199.99967005,0.628521,high_pressure,52,417211
3.048345000072187,199999.987794,199.999987794,0.628521,high_pressure,52,417241
3.0493780000723314,152638.98232,152.63898232,0.625587,low_pressure,52,417483
3.0503660000724695,110570.738668,110.570738668,0.622672,low_pressure,52,417708
3.0513800000726112,74097.46152,74.09746152,0.619775,low_pressure,52,417933
3.052387000072752,43691.458519,43.691458519,0.616895,low_pressure,52,418151
3.0533860000728916,20048.761672,20.048761672,0.614034,low_pressure,52,418355
3.0543850000730313,6074.803505,6.074803505,0.611587,low_pressure,52,418545
3.05537700007317,2792.938533,2.792938533,0.610716,low_pressure,52,418721
3.05638000007331,1793.17412,1.79317412,0.610373,low_pressure,52,418890
3.057374000073449,1387.108864,1.387108864,0.610213,low_pressure,52,419059
3.0583700000735883,1195.617328,1.195617328,0.610134,low_pressure,52,419221
3.0593670000737276,1096.709562,1.096709562,0.610094,low_pressure,52,419383
3.060363000073867,1044.893155,1.044893155,0.610075,low_pressure,52,419545
3.061360000074006,1018.566273,1.018566273,0.610066,low_pressure,52,419707
3.0624000000741516,1004.372892,1.004372892,0.610063,low_pressure,52,419876
3.063375000074288,998.236864,0.998236864,0.610063,low_pressure,52,420039
3.06439100007443,995.703679,0.995703679,0.610064,low_pressure,52,420208
3.065364000074566,995.216007,0.995216007,0.610065,low_pressure,52,420370
3.0663790000747078,995.513921,0.995513921,0.610067,low_pressure,52,420539
3.0673950000748498,995.855115,0.9958551149999999,0.610068,low_pressure,52,420708
3.068368000074986,996.448495,0.996448495,0.610069,low_pressure,52,420870
3.0693830000751277,997.333148,0.9973331480000001,0.61007,low_pressure,52,421039
3.0703850000752677,997.847843,0.997847843,0.61007,low_pressure,52,421208
3.0714000000754096,998.382769,0.998382769,0.610071,low_pressure,52,421377
3.0723740000755457,998.768789,0.998768789,0.610071,low_pressure,52,421539
3.0733750000756856,998.984464,0.998984464,0.610072,low_pressure,52,421708
3.0743910000758277,998.875898,0.998875898,0.610072,low_pressure,52,421877
3.0749830000759104,998.900591,0.998900591,0.610072,low_pressure,52,421983
3.076002000076053,13098.685543,13.098685543,0.612909,high_pressure,53,422176
3.0770240000761957,33681.722966,33.681722966,0.615764,high_pressure,53,422387
3.0780030000763325,61378.285603,61.378285602999995,0.618636,high_pressure,53,422598
3.079015000076474,95235.303196,95.23530319599999,0.621526,high_pressure,53,422823
3.0800000000766117,134807.904895,134.807904895,0.624434,high_pressure,53,423048
3.0810070000767524,179687.066113,179.68706611300001,0.627361,high_pressure,53,423287
3.0820250000768947,199797.535421,199.79753542100002,0.628582,high_pressure,53,423526
3.082950000077024,200000.2655,200.0002655,0.628594,high_pressure,53,423752
3.0839770000771676,152627.345109,152.62734510899998,0.62566,low_pressure,53,423994
3.0849860000773086,110556.235664,110.55623566400001,0.622744,low_pressure,53,424226
3.085989000077449,74096.077513,74.096077513,0.619847,low_pressure,53,424451
3.0869670000775855,43687.289238,43.687289238,0.616967,low_pressure,53,424662
3.0879820000777274,20012.535815,20.012535815,0.614105,low_pressure,53,424873
3.0889700000778655,6054.574434,6.054574434,0.611661,low_pressure,53,425063
3.0899860000780075,2786.263648,2.7862636480000003,0.610793,low_pressure,53,425246
3.0909790000781463,1788.964924,1.788964924,0.610452,low_pressure,53,425415
3.0919670000782844,1383.884646,1.383884646,0.610293,low_pressure,53,425577
3.0929630000784236,1192.108428,1.192108428,0.610215,low_pressure,53,425739
3.093960000078563,1096.089563,1.096089563,0.610175,low_pressure,53,425901
3.0950000000787083,1044.389252,1.044389252,0.610156,low_pressure,53,426070
3.0959660000788434,1018.386506,1.0183865060000001,0.610148,low_pressure,53,426225
3.096987000078986,1004.363242,1.004363242,0.610145,low_pressure,53,426394
3.097975000079124,997.920665,0.997920665,0.610144,low_pressure,53,426557
3.098991000079266,994.999628,0.9949996280000001,0.610145,low_pressure,53,426726
3.099964000079402,994.170652,0.994170652,0.610147,low_pressure,53,426888
3.100979000079544,995.180983,0.995180983,0.610149,low_pressure,53,427057
3.101995000079686,996.038496,0.996038496,0.61015,low_pressure,53,427226
3.1029990000798264,996.570193,0.996570193,0.610151,low_pressure,53,427395
3.1039720000799624,997.218568,0.997218568,0.610152,low_pressure,53,427557
3.1049870000801043,997.758591,0.997758591,0.610152,low_pressure,53,427726
3.1059910000802446,998.237521,0.998237521,0.610153,low_pressure,53,427895
3.1069640000803807,998.63149,0.99863149,0.610153,low_pressure,53,428057
3.1079790000805225,998.946181,0.998946181,0.610154,low_pressure,53,428226
3.1089720000806613,999.055238,0.9990552380000001,0.610154,low_pressure,53,428395
3.109649000080756,998.998249,0.998998249,0.610154,low_pressure,53,428515
3.110665000080898,13105.828229,13.105828229,0.612992,high_pressure,54,428708
3.111653000081036,33673.186648,33.673186648000005,0.615847,high_pressure,54,428912
3.1126700000811782,61373.823098,61.373823098,0.61872,high_pressure,54,429130
3.1136520000813155,95284.771379,95.28477137899999,0.62161,high_pressure,54,429348
3.1146600000814564,134895.091773,134.895091773,0.624519,high_pressure,54,429580
3.115680000081599,179891.284561,179.89128456100002,0.627446,high_pressure,54,429819
3.116661000081736,199814.007931,199.814007931,0.628654,high_pressure,54,430051
3.117470000081849,200000.045187,200.000045187,0.628666,high_pressure,54,430249
3.1184960000819926,152549.56984,152.54956984,0.625732,low_pressure,54,430491
3.1195130000821347,110436.451247,110.43645124700001,0.622815,low_pressure,54,430723
3.1204930000822717,73956.862517,73.956862517,0.619917,low_pressure,54,430941
3.121503000082413,43573.683794,43.573683794,0.617037,low_pressure,54,431159
3.1225000000825522,19935.733654,19.935733654,0.614175,low_pressure,54,431363
3.123499000082692,6027.668083,6.027668083,0.611737,low_pressure,54,431560
3.124493000082831,2783.125581,2.7831255809999997,0.610872,low_pressure,54,431736
3.125495000082971,1790.188219,1.7901882189999998,0.61053,low_pressure,54,431905
3.126519000083114,1384.624838,1.384624838,0.610372,low_pressure,54,432074
3.127512000083253,1192.026221,1.192026221,0.610293,low_pressure,54,432236
3.1285180000833934,1094.702092,1.094702092,0.610254,low_pressure,54,432398
3.1295110000835322,1043.344808,1.043344808,0.610235,low_pressure,54,432560
3.1305200000836733,1017.788462,1.017788462,0.610227,low_pressure,54,432722
3.1314880000838086,1003.499762,1.0034997620000001,0.610224,low_pressure,54,432877
3.1325180000839525,997.211339,0.9972113389999999,0.610224,low_pressure,54,433047
3.133522000084093,995.212889,0.995212889,0.610226,low_pressure,54,433216
3.134495000084229,995.283302,0.995283302,0.610227,low_pressure,54,433378
3.1355100000843708,995.361137,0.995361137,0.610228,low_pressure,54,433547
3.1364970000845087,995.939883,0.995939883,0.610229,low_pressure,54,433716
3.1375120000846506,996.757499,0.9967574990000001,0.61023,low_pressure,54,433885
3.1385270000847925,997.096715,0.997096715,0.610231,low_pressure,54,434054
3.1395000000849285,997.971498,0.997971498,0.610232,low_pressure,54,434216
3.14051200008507,998.458946,0.998458946,0.610233,low_pressure,54,434385
3.141527000085212,998.912175,0.9989121750000001,0.610233,low_pressure,54,434554
3.142487000085346,998.865434,0.998865434,0.610233,low_pressure,54,434716
3.143037000085423,998.880584,0.998880584,0.610233,low_pressure,54,434815
3.144096000085571,13077.420503,13.077420502999999,0.613071,high_pressure,55,435008
3.1450860000857093,33620.117506,33.620117506,0.615927,high_pressure,55,435212
3.1461020000858513,61317.197369,61.317197369,0.6188,high_pressure,55,435430
3.147108000085992,95197.625475,95.197625475,0.621692,high_pressure,55,435655
3.14809500008613,134837.225579,134.83722557899998,0.624601,high_pressure,55,435880
3.1490870000862685,179809.486844,179.809486844,0.627528,high_pressure,55,436112
3.150105000086411,199809.267874,199.809267874,0.628742,high_pressure,55,436351
3.151095000086549,199998.853601,199.998853601,0.628755,high_pressure,55,436583
3.152081000086687,199994.841771,199.994841771,0.628756,high_pressure,55,436822
3.152860000086796,200000.036604,200.000036604,0.628757,high_pressure,55,437013
3.1538960000869407,152573.940038,152.573940038,0.625822,low_pressure,55,437255
3.1549120000870827,110448.57925,110.44857925,0.622905,low_pressure,55,437487
3.1558910000872196,73981.496291,73.981496291,0.620006,low_pressure,55,437705
3.1569000000873606,43600.73451,43.60073451,0.617125,low_pressure,55,437923
3.1578930000874994,19950.518559,19.950518559,0.614262,low_pressure,55,438127
3.158891000087639,6044.817527,6.044817527,0.611821,low_pressure,55,438317
3.159887000087778,2788.359218,2.788359218,0.610953,low_pressure,55,438493
3.1608900000879183,1790.478607,1.790478607,0.610611,low_pressure,55,438662
3.1619010000880596,1386.846245,1.3868462449999999,0.610452,low_pressure,55,438831
3.162899000088199,1193.276594,1.1932765939999999,0.610373,low_pressure,55,438993
3.163901000088339,1095.592247,1.0955922470000001,0.610333,low_pressure,55,439155
3.1648910000884776,1044.974829,1.044974829,0.610314,low_pressure,55,439317
3.165904000088619,1017.042461,1.017042461,0.610306,low_pressure,55,439479
3.166906000088759,1003.522423,1.003522423,0.610303,low_pressure,55,439641
3.167920000088901,998.200531,0.998200531,0.610303,low_pressure,55,439811
3.168893000089037,995.97074,0.99597074,0.610304,low_pressure,55,439973
3.169908000089179,995.684264,0.995684264,0.610305,low_pressure,55,440142
3.170924000089321,995.894559,0.995894559,0.610306,low_pressure,55,440311
3.171897000089457,996.764775,0.9967647749999999,0.610307,low_pressure,55,440473
3.1729120000895987,997.678207,0.9976782070000001,0.610308,low_pressure,55,440642
3.1738850000897347,998.059465,0.9980594650000001,0.610309,low_pressure,55,440804
3.174887000089875,998.254725,0.998254725,0.610309,low_pressure,55,440973
3.175775000089999,998.252731,0.998252731,0.61031,low_pressure,55,441128
3.1768110000901437,13110.277014,13.110277014,0.613148,high_pressure,56,441321
3.1778030000902824,33675.810652,33.675810652,0.616004,high_pressure,56,441525
3.1787930000904208,61446.538248,61.446538247999996,0.618878,high_pressure,56,441736
3.1798000000905615,95425.313215,95.425313215,0.62177,high_pressure,56,441961
3.1807890000906998,135136.317109,135.136317109,0.62468,high_pressure,56,442186
3.1818160000908433,180207.29881,180.20729881,0.627608,high_pressure,56,442425
3.1828050000909816,199821.267572,199.821267572,0.628795,high_pressure,56,442657
3.183675000091103,200000.057205,200.000057205,0.628806,high_pressure,56,442869
3.1846930000912455,152498.265339,152.498265339,0.625871,low_pressure,56,443111
3.1857100000913876,110340.132862,110.340132862,0.622953,low_pressure,56,443343
3.1866950000915253,73833.015665,73.833015665,0.620054,low_pressure,56,443561
3.1876840000916635,43422.450615,43.422450615,0.617173,low_pressure,56,443772
3.1887070000918065,19800.041338,19.800041338,0.61431,low_pressure,56,443983
3.189705000091946,5988.192802,5.9881928019999995,0.611881,low_pressure,56,444173
3.190700000092085,2768.910566,2.768910566,0.611023,low_pressure,56,444349
3.191687000092223,1784.306421,1.784306421,0.610684,low_pressure,56,444518
3.192717000092367,1382.841583,1.3828415829999998,0.610526,low_pressure,56,444687
3.1937130000925062,1192.194952,1.1921949520000001,0.610448,low_pressure,56,444849
3.194698000092644,1094.655932,1.094655932,0.610409,low_pressure,56,445011
3.195694000092783,1044.394833,1.0443948330000001,0.61039,low_pressure,56,445173
3.1966920000929226,1017.290441,1.0172904409999999,0.610381,low_pressure,56,445335
3.197688000093062,1004.04033,1.00404033,0.610379,low_pressure,56,445497
3.198718000093206,998.089777,0.998089777,0.610378,low_pressure,56,445667
3.199691000093342,995.327168,0.995327168,0.610379,low_pressure,56,445829
3.2007060000934837,995.198225,0.995198225,0.610381,low_pressure,56,445998
3.201704000093623,995.602212,0.995602212,0.610382,low_pressure,56,446167
3.2027200000937652,996.086701,0.996086701,0.610383,low_pressure,56,446336
3.2036930000939012,997.091211,0.9970912110000001,0.610384,low_pressure,56,446498
3.2047040000940425,997.583212,0.997583212,0.610385,low_pressure,56,446667
3.2057200000941846,997.967354,0.997967354,0.610386,low_pressure,56,446836
3.2066930000943206,998.520817,0.998520817,0.610386,low_pressure,56,446998
3.2076930000944603,998.817035,0.9988170350000001,0.610387,low_pressure,56,447167
3.2087040000946017,999.203173,0.999203173,0.610387,low_pressure,56,447336
3.2097200000947437,999.090567,0.999090567,0.610387,low_pressure,56,447505
3.2106930000948797,999.254829,0.999254829,0.610387,low_pressure,56,447667
3.210989000094921,999.157244,0.9991572439999999,0.610387,low_pressure,56,447724
3.212040000095068,13130.277781,13.130277781,0.613226,high_pressure,57,447917
3.2130320000952066,33702.210114,33.702210114,0.616083,high_pressure,57,448121
3.2140490000953488,61482.058499,61.482058499,0.618957,high_pressure,57,448339
3.2150410000954874,95477.582871,95.47758287100001,0.621849,high_pressure,57,448557
3.2160290000956255,135198.248489,135.19824848899998,0.62476,high_pressure,57,448782
3.217027000095765,180271.394414,180.271394414,0.627688,high_pressure,57,449014
3.2180300000959052,199821.738705,199.821738705,0.628872,high_pressure,57,449253
3.219050000096048,199998.581527,199.998581527,0.628884,high_pressure,57,449492
3.220040000096186,199996.418552,199.996418552,0.628885,high_pressure,57,449724
3.22064000009627,200000.723019,200.000723019,0.628886,high_pressure,57,449873
3.221670000096414,152508.165156,152.508165156,0.62595,low_pressure,57,450108
3.222680000096555,110358.936263,110.35893626299999,0.623032,low_pressure,57,450340
3.2236710000966937,73832.349467,73.83234946699999,0.620132,low_pressure,57,450558
3.2246870000968357,43439.712935,43.439712935,0.617251,low_pressure,57,450776
3.225689000096976,19805.793734,19.805793733999998,0.614387,low_pressure,57,450980
3.226699000097117,5994.546094,5.994546094,0.611957,low_pressure,57,451170
3.2276830000972545,2766.914,2.7669140000000003,0.611097,low_pressure,57,451346
3.2286790000973937,1783.801427,1.783801427,0.610759,low_pressure,57,451515
3.229703000097537,1381.649476,1.381649476,0.610601,low_pressure,57,451684
3.230697000097676,1191.562517,1.1915625170000002,0.610523,low_pressure,57,451846
3.231694000097815,1094.287744,1.094287744,0.610484,low_pressure,57,452008
3.2326900000979544,1044.817901,1.0448179009999998,0.610465,low_pressure,57,452170
3.2336710000980915,1019.047033,1.019047033,0.610457,low_pressure,57,452332
3.2347100000982367,1005.747482,1.005747482,0.610453,low_pressure,57,452501
3.235700000098375,998.782219,0.9987822190000001,0.610453,low_pressure,57,452664
3.236672000098511,996.110875,0.996110875,0.610454,low_pressure,57,452826
3.2376770000986514,995.696606,0.995696606,0.610455,low_pressure,57,452995
3.2386930000987935,996.222803,0.996222803,0.610456,low_pressure,57,453164
3.239692000098933,996.984967,0.9969849669999999,0.610457,low_pressure,57,453333
3.240700000099074,997.500047,0.997500047,0.610458,low_pressure,57,453502
3.24167200009921,998.116179,0.9981161789999999,0.610458,low_pressure,57,453664
3.2426870000993517,998.266305,0.998266305,0.610459,low_pressure,57,453833
3.2437020000994936,998.425816,0.998425816,0.610459,low_pressure,57,454002
3.2446750000996296,998.510302,0.998510302,0.61046,low_pressure,57,454164
3.2451830000997006,998.732557,0.9987325570000001,0.61046,low_pressure,57,454256
3.2462320000998472,13146.613533,13.146613533,0.613299,high_pressure,58,454456
3.2472200000999853,33764.039541,33.764039540999995,0.616156,high_pressure,58,454660
3.2482300001001265,61573.363295,61.573363295,0.619031,high_pressure,58,454878
3.2492100001002635,95558.47156,95.55847156,0.621924,high_pressure,58,455096
3.250229000100406,135290.949091,135.290949091,0.624834,high_pressure,58,455328
3.251210000100543,180392.026262,180.392026262,0.627763,high_pressure,58,455560
3.2522300001006856,199823.459684,199.823459684,0.628938,high_pressure,58,455799
3.253070000100803,200000.028616,200.000028616,0.62895,high_pressure,58,456004
3.254100000100947,152462.8008,152.4628008,0.626014,low_pressure,58,456246
3.2551070001010878,110311.599606,110.311599606,0.623096,low_pressure,58,456478
3.256089000101225,73816.984134,73.816984134,0.620196,low_pressure,58,456696
3.2571000001013664,43395.20243,43.39520243,0.617314,low_pressure,58,456914
3.2580890001015046,19750.809695,19.750809695,0.61445,low_pressure,58,457118
3.2590840001016437,5972.245944,5.972245944,0.612023,low_pressure,58,457308
3.260095000101785,2761.908316,2.761908316,0.611167,low_pressure,58,457491
3.2610850001019234,1778.732856,1.778732856,0.61083,low_pressure,58,457660
3.262105000102066,1379.781847,1.379781847,0.610673,low_pressure,58,457829
3.263101000102205,1191.586882,1.191586882,0.610595,low_pressure,58,457991
3.2640990001023447,1096.195027,1.096195027,0.610556,low_pressure,58,458153
3.265095000102484,1045.798298,1.045798298,0.610537,low_pressure,58,458315
3.2660920001026232,1019.023879,1.019023879,0.610528,low_pressure,58,458477
3.2671150001027662,1005.095032,1.005095032,0.610525,low_pressure,58,458646
3.2681060001029048,999.152123,0.999152123,0.610524,low_pressure,58,458809
3.2691220001030468,996.656186,0.996656186,0.610525,low_pressure,58,458978
3.2700950001031828,995.728083,0.9957280829999999,0.610526,low_pressure,58,459140
3.2711100001033246,996.193849,0.996193849,0.610527,low_pressure,58,459309
3.2720830001034606,996.605122,0.9966051220000001,0.610528,low_pressure,58,459471
3.2731180001036053,997.070811,0.9970708110000001,0.610529,low_pressure,58,459647
3.2740910001037413,997.584545,0.997584545,0.61053,low_pressure,58,459809
3.275106000103883,998.106814,0.998106814,0.61053,low_pressure,58,459978
3.276122000104025,998.531148,0.998531148,0.610531,low_pressure,58,460147
3.277095000104161,999.007244,0.999007244,0.610531,low_pressure,58,460309
3.278110000104303,999.102357,0.9991023569999999,0.610532,low_pressure,58,460478
3.2782790001043267,999.089208,0.999089208,0.610532,low_pressure,58,460514
3.279324000104473,13146.352086,13.146352086,0.613371,high_pressure,59,460714
3.28030500010461,33760.819998,33.760819998,0.616229,high_pressure,59,460918
3.281316000104751,61602.681703,61.602681703,0.619104,high_pressure,59,461136
3.282294000104888,95618.230901,95.618230901,0.621997,high_pressure,59,461354
3.28330900010503,135359.737855,135.35973785500002,0.624908,high_pressure,59,461586
3.2843210001051713,180506.783309,180.50678330899999,0.627838,high_pressure,59,461825
3.2853100001053095,199823.841147,199.823841147,0.629007,high_pressure,59,462057
3.286300000105448,199997.205744,199.997205744,0.629019,high_pressure,59,462289
3.2873200001055904,199995.814971,199.99581497100002,0.629021,high_pressure,59,462528
3.287740000105649,200000.108915,200.000108915,0.629021,high_pressure,59,462635
3.2887450001057896,152489.718641,152.48971864100002,0.626084,low_pressure,59,462877
3.289762000105932,110315.549295,110.31554929500001,0.623166,low_pressure,59,463109
3.290771000106073,73782.204258,73.782204258,0.620266,low_pressure,59,463334
3.2917500001062097,43358.363654,43.358363654,0.617383,low_pressure,59,463545
3.292762000106351,19723.224948,19.723224948,0.614519,low_pressure,59,463756
3.29375500010649,5960.434344,5.960434344,0.612095,low_pressure,59,463946
3.2947450001066283,2761.078742,2.761078742,0.61124,low_pressure,59,464122
3.2957470001067684,1776.314068,1.7763140679999998,0.610903,low_pressure,59,464291
3.2967710001069115,1376.332152,1.376332152,0.610747,low_pressure,59,464460
3.2977670001070507,1188.064519,1.188064519,0.61067,low_pressure,59,464622
3.2987830001071927,1092.911199,1.092911199,0.610632,low_pressure,59,464791
3.299780000107332,1043.624858,1.0436248579999998,0.610614,low_pressure,59,464953
3.3007760001074713,1017.272848,1.017272848,0.610605,low_pressure,59,465115
3.301774000107611,1005.012909,1.005012909,0.610603,low_pressure,59,465277
3.3027600001077486,999.264514,0.9992645139999999,0.610602,low_pressure,59,465440
3.3037750001078905,996.518555,0.996518555,0.610603,low_pressure,59,465609
3.3047490001080266,995.716525,0.9957165250000001,0.610604,low_pressure,59,465771
3.3057430001081656,996.425186,0.9964251860000001,0.610605,low_pressure,59,465940
3.3067580001083074,997.063083,0.997063083,0.610606,low_pressure,59,466109
3.3077740001084495,997.777617,0.997777617,0.610607,low_pressure,59,466278
3.308764000108588,998.460507,0.998460507,0.610607,low_pressure,59,466447
3.309775000108729,998.44326,0.99844326,0.610608,low_pressure,59,466616
3.3107490001088653,998.60813,0.9986081299999999,0.610608,low_pressure,59,466778
3.311749000109005,998.928189,0.998928189,0.610608,low_pressure,59,466947
3.312764000109147,999.026382,0.999026382,0.610609,low_pressure,59,467116
3.313779000109289,999.109512,0.999109512,0.610609,low_pressure,59,467285
3.3143270001093654,999.202491,0.999202491,0.610609,low_pressure,59,467384
3.315383000109513,13165.598801,13.165598801,0.613449,high_pressure,60,467577
3.316377000109652,33808.799406,33.808799406,0.616307,high_pressure,60,467781
3.317387000109793,61696.742342,61.696742342,0.619183,high_pressure,60,467999
3.3183750001099312,95804.457207,95.804457207,0.622077,high_pressure,60,468217
3.319397000110074,135595.675284,135.595675284,0.624988,high_pressure,60,468449
3.3203950001102136,180811.510003,180.811510003,0.627918,high_pressure,60,468681
3.3213740001103504,199831.558009,199.831558009,0.629067,high_pressure,60,468913
3.3222700001104757,200000.157312,200.000157312,0.629078,high_pressure,60,469132
3.323310000110621,152418.74367,152.41874367,0.626141,low_pressure,60,469374
3.324296000110759,110213.988286,110.213988286,0.623222,low_pressure,60,469599
3.325284000110897,73679.804909,73.679804909,0.620322,low_pressure,60,469817
3.326287000111037,43248.385759,43.248385758999994,0.617439,low_pressure,60,470035
3.3273190001111814,19623.979113,19.623979113,0.614574,low_pressure,60,470246
3.3283220001113216,5913.638613,5.913638613,0.612159,low_pressure,60,470436
3.329320000111461,2750.294792,2.750294792,0.611311,low_pressure,60,470612
3.330322000111601,1772.552812,1.7725528119999998,0.610976,low_pressure,60,470781
3.331300000111738,1374.454586,1.3744545860000001,0.610821,low_pressure,60,470943
3.332324000111881,1188.079498,1.188079498,0.610744,low_pressure,60,471112
3.3333200001120202,1092.510177,1.092510177,0.610706,low_pressure,60,471274
3.3343170001121596,1042.445805,1.042445805,0.610688,low_pressure,60,471436
3.335313000112299,1017.046166,1.0170461659999999,0.61068,low_pressure,60,471598
3.336310000112438,1004.133626,1.004133626,0.610677,low_pressure,60,471760
3.337297000112576,997.711294,0.9977112939999999,0.610677,low_pressure,60,471923
3.338297000112716,996.345593,0.996345593,0.610678,low_pressure,60,472092
3.339312000112858,995.603787,0.995603787,0.610679,low_pressure,60,472261
3.340285000112994,995.952688,0.9959526879999999,0.61068,low_pressure,60,472423
3.3412990001131355,996.566971,0.9965669709999999,0.610681,low_pressure,60,472592
3.3423140001132774,997.236296,0.9972362960000001,0.610682,low_pressure,60,472761
3.3432870001134134,997.478307,0.997478307,0.610683,low_pressure,60,472923
3.3442890001135535,998.269394,0.998269394,0.610683,low_pressure,60,473092
3.3453040001136953,998.503245,0.998503245,0.610684,low_pressure,60,473261
3.3463200001138373,998.494569,0.998494569,0.610684,low_pressure,60,473430
3.3472930001139733,998.834889,0.998834889,0.610685,low_pressure,60,473592
3.3483080001141152,999.156572,0.999156572,0.610685,low_pressure,60,473761
3.348644000114162,999.148208,0.9991482079999999,0.610685,low_pressure,60,473825
3.349658000114304,13148.167284,13.148167284,0.613526,high_pressure,61,474018
3.350667000114445,33859.403793,33.859403793,0.616384,high_pressure,61,474229
3.351675000114586,61789.378308,61.789378307999996,0.61926,high_pressure,61,474447
3.3526680001147247,95960.26244,95.96026244000001,0.622155,high_pressure,61,474672
3.3536540001148625,135796.846472,135.796846472,0.625067,high_pressure,61,474897
3.3546640001150037,181046.822402,181.046822402,0.627997,high_pressure,61,475136
3.3556500001151415,199837.671143,199.83767114300002,0.629132,high_pressure,61,475368
3.356670000115284,199998.496933,199.99849693299998,0.629143,high_pressure,61,475607
3.3576550001154217,199995.804367,199.995804367,0.629144,high_pressure,61,475839
3.3582250001155014,200000.352916,200.000352916,0.629144,high_pressure,61,475981
3.3592340001156424,152414.593012,152.414593012,0.626207,low_pressure,61,476223
3.3602490001157843,110195.309918,110.19530991799999,0.623288,low_pressure,61,476455
3.3612610001159258,73616.84629,73.61684629,0.620386,low_pressure,61,476680
3.3622390001160625,43156.680006,43.156680006,0.617503,low_pressure,61,476891
3.363266000116206,19551.053664,19.551053663999998,0.614638,low_pressure,61,477102
3.3642360001163416,5896.844601,5.896844601,0.612228,low_pressure,61,477292
3.365263000116485,2737.389839,2.737389839,0.611384,low_pressure,61,477475
3.366263000116625,1764.93634,1.76493634,0.611052,low_pressure,61,477644
3.367237000116761,1371.397054,1.371397054,0.610898,low_pressure,61,477806
3.368275000116906,1185.98771,1.18598771,0.610822,low_pressure,61,477975
3.3692720001170455,1091.297544,1.0912975440000001,0.610784,low_pressure,61,478137
3.370255000117183,1041.6949,1.0416949,0.610766,low_pressure,61,478299
3.371251000117322,1016.767712,1.016767712,0.610758,low_pressure,61,478461
3.3722490001174616,1003.588475,1.003588475,0.610755,low_pressure,61,478623
3.3732350001175995,997.825716,0.997825716,0.610755,low_pressure,61,478786
3.3742500001177413,995.389423,0.995389423,0.610756,low_pressure,61,478955
3.375262000117883,995.234986,0.995234986,0.610758,low_pressure,61,479124
3.3762620001180226,995.940062,0.995940062,0.610759,low_pressure,61,479293
3.3772350001181586,996.737553,0.996737553,0.61076,low_pressure,61,479455
3.3782500001183005,997.303929,0.9973039290000001,0.610761,low_pressure,61,479624
3.3792660001184425,997.74373,0.99774373,0.610762,low_pressure,61,479793
3.3802390001185785,998.237473,0.998237473,0.610762,low_pressure,61,479955
3.3812540001187203,998.654298,0.998654298,0.610763,low_pressure,61,480124
3.3822700001188624,998.723291,0.998723291,0.610763,low_pressure,61,480293
3.383270000119002,998.845975,0.9988459749999999,0.610763,low_pressure,61,480462
3.384243000119138,999.064778,0.999064778,0.610764,low_pressure,61,480624
3.384793000119215,999.10394,0.9991039399999999,0.610764,low_pressure,61,480723
3.3858140001193577,13157.881089,13.157881089,0.613605,high_pressure,62,480916
3.3868060001194964,33875.566258,33.875566258,0.616464,high_pressure,62,481120
3.3878230001196386,61821.389047,61.821389047,0.619341,high_pressure,62,481338
3.3888320001197796,95985.693195,95.985693195,0.622235,high_pressure,62,481563
3.389822000119918,135818.604682,135.818604682,0.625148,high_pressure,62,481788
3.390810000120056,181050.016155,181.05001615499998,0.628079,high_pressure,62,482020
3.3918300001201986,199837.481001,199.83748100100001,0.629214,high_pressure,62,482259
3.3928000001203342,199990.381729,199.99038172899998,0.629224,high_pressure,62,482498
3.3928000001203342,200000.160273,200.00016027299998,0.629224,high_pressure,62,482500
3.3938410001204797,152388.386756,152.388386756,0.626286,low_pressure,62,482742
3.3948270001206176,110183.385448,110.183385448,0.623366,low_pressure,62,482967
3.3958150001207557,73621.762039,73.62176203899999,0.620465,low_pressure,62,483185
3.396834000120898,43169.350926,43.169350926,0.617581,low_pressure,62,483403
3.3978170001210355,19531.236602,19.531236602,0.614715,low_pressure,62,483607
3.3988180001211754,5895.017706,5.895017706,0.612305,low_pressure,62,483797
3.3998470001213192,2736.653478,2.736653478,0.611461,low_pressure,62,483980
3.400834000121457,1768.499408,1.7684994079999998,0.611129,low_pressure,62,484149
3.4018550001216,1372.895024,1.372895024,0.610974,low_pressure,62,484318
3.4028340001217368,1185.442008,1.1854420079999999,0.610898,low_pressure,62,484480
3.403830000121876,1090.217233,1.0902172330000002,0.61086,low_pressure,62,484642
3.404826000122015,1038.499781,1.038499781,0.610843,low_pressure,62,484804
3.4058240001221547,1012.393768,1.012393768,0.610836,low_pressure,62,484966
3.406820000122294,1000.678628,1.000678628,0.610834,low_pressure,62,485128
3.407837000122436,995.365747,0.995365747,0.610835,low_pressure,62,485298
3.408852000122578,993.869288,0.993869288,0.610837,low_pressure,62,485467
3.4098500001227174,994.432068,0.994432068,0.610838,low_pressure,62,485636
3.4108240001228536,995.13427,0.99513427,0.61084,low_pressure,62,485798
3.4118390001229955,995.344016,0.995344016,0.610841,low_pressure,62,485967
3.4128540001231373,996.369137,0.9963691370000001,0.610842,low_pressure,62,486136
3.4138270001232733,997.375279,0.997375279,0.610843,low_pressure,62,486298
3.4148430001234154,998.102157,0.998102157,0.610844,low_pressure,62,486467
3.415843000123555,998.501213,0.998501213,0.610844,low_pressure,62,486636
3.416816000123691,998.763015,0.998763015,0.610845,low_pressure,62,486798
3.417831000123833,998.809152,0.9988091520000001,0.610845,low_pressure,62,486967
3.4188300001239726,998.823581,0.998823581,0.610846,low_pressure,62,487136
3.419847000124115,998.792367,0.998792367,0.610846,low_pressure,62,487305
3.420820000124251,999.055675,0.9990556749999999,0.610846,low_pressure,62,487467
3.4217350001243787,999.148315,0.999148315,0.610846,low_pressure,62,487629
3.42274500012452,13158.319963,13.158319963,0.613688,high_pressure,63,487822
3.4237650001246624,33874.864646,33.874864646,0.616548,high_pressure,63,488033
3.424743000124799,61822.96075,61.82296075,0.619425,high_pressure,63,488244
3.425757000124941,95995.279359,95.995279359,0.62232,high_pressure,63,488469
3.4267630001250815,135868.344636,135.868344636,0.625233,high_pressure,63,488701
3.42775500012522,181145.913995,181.145913995,0.628165,high_pressure,63,488933
3.4287450001253585,199837.917163,199.83791716300001,0.629295,high_pressure,63,489165
3.429765000125501,199999.370654,199.999370654,0.629305,high_pressure,63,489404
3.4307550001256395,199996.251608,199.996251608,0.629306,high_pressure,63,489636
3.431094000125687,200000.43441,200.00043441,0.629307,high_pressure,63,489729
3.432132000125832,152399.717486,152.39971748600001,0.626368,low_pressure,63,489971
3.43311800012597,110157.811607,110.157811607,0.623448,low_pressure,63,490196
3.4341320001261115,73574.555613,73.574555613,0.620546,low_pressure,63,490421
3.435143000126253,43117.366216,43.117366216,0.617661,low_pressure,63,490639
3.4361480001263933,19502.034272,19.502034272,0.614795,low_pressure,63,490850
3.437148000126533,5883.506283,5.883506283,0.612387,low_pressure,63,491040
3.438141000126672,2738.357917,2.7383579169999996,0.611544,low_pressure,63,491216
3.4391200001268087,1769.938281,1.769938281,0.611211,low_pressure,63,491385
3.4401420001269516,1371.742669,1.371742669,0.611056,low_pressure,63,491554
3.441138000127091,1186.087883,1.186087883,0.61098,low_pressure,63,491716
3.4421150001272274,1091.022217,1.091022217,0.610943,low_pressure,63,491878
3.4431550001273727,1041.546414,1.041546414,0.610925,low_pressure,63,492047
3.444151000127512,1016.514495,1.016514495,0.610917,low_pressure,63,492209
3.44514000012765,1003.629761,1.003629761,0.610914,low_pressure,63,492371
3.4461210001277873,998.216866,0.998216866,0.610914,low_pressure,63,492534
3.4471370001279293,996.251784,0.996251784,0.610915,low_pressure,63,492703
3.448129000128068,995.686459,0.995686459,0.610916,low_pressure,63,492872
3.44914500012821,996.347346,0.996347346,0.610917,low_pressure,63,493041
3.450118000128346,997.096955,0.997096955,0.610918,low_pressure,63,493203
3.4511320001284878,997.905915,0.997905915,0.610919,low_pressure,63,493372
3.45214900012863,998.307337,0.998307337,0.610919,low_pressure,63,493541
3.453122000128766,998.472806,0.998472806,0.61092,low_pressure,63,493703
3.454123000128906,998.687642,0.9986876419999999,0.61092,low_pressure,63,493872
3.455139000129048,998.897173,0.9988971729999999,0.61092,low_pressure,63,494041
3.4559430001291602,998.733564,0.998733564,0.610921,low_pressure,63,494182
3.4569980001293077,13180.650037,13.180650037,0.613763,high_pressure,64,494375
3.457994000129447,33886.682855,33.886682855,0.616623,high_pressure,64,494579
3.4590160001295898,61835.691389,61.835691389,0.6195,high_pressure,64,494797
3.4599860001297253,96022.34082,96.02234082,0.622396,high_pressure,64,495015
3.4610120001298688,135940.589146,135.940589146,0.62531,high_pressure,64,495247
3.4619840001300046,181235.917577,181.23591757699998,0.628242,high_pressure,64,495472
3.4630000001301466,199838.468256,199.838468256,0.629366,high_pressure,64,495711
3.4639500001302794,200000.237529,200.000237529,0.629377,high_pressure,64,495944
3.464970000130422,152371.825562,152.37182556200003,0.626438,low_pressure,64,496179
3.465992000130565,110118.422808,110.118422808,0.623517,low_pressure,64,496411
3.4669920001307046,73528.754542,73.528754542,0.620614,low_pressure,64,496636
3.467981000130843,43082.957194,43.082957194,0.61773,low_pressure,64,496847
3.4690020001309856,19485.494213,19.485494213000003,0.614863,low_pressure,64,497058
3.469970000131121,5869.113961,5.869113961,0.612457,low_pressure,64,497241
3.471002000131265,2733.865847,2.733865847,0.611617,low_pressure,64,497424
3.471994000131404,1768.038402,1.768038402,0.611284,low_pressure,64,497593
3.47296900013154,1373.818626,1.373818626,0.611129,low_pressure,64,497755
3.4740030001316846,1187.521756,1.1875217560000002,0.611053,low_pressure,64,497924
3.474978000131821,1092.323439,1.092323439,0.611015,low_pressure,64,498086
3.4759750001319603,1042.395042,1.042395042,0.610996,low_pressure,64,498248
3.4769720001320996,1016.541932,1.016541932,0.610988,low_pressure,64,498410
3.4780030001322437,1003.572763,1.003572763,0.610986,low_pressure,64,498579
3.4789890001323815,997.952603,0.997952603,0.610986,low_pressure,64,498742
3.4800040001325234,995.430383,0.995430383,0.610986,low_pressure,64,498911
3.481002000132663,995.168988,0.995168988,0.610988,low_pressure,64,499080
3.481975000132799,995.884663,0.995884663,0.610989,low_pressure,64,499242
3.482991000132941,996.586893,0.996586893,0.61099,low_pressure,64,499411
3.4840050001330827,997.55827,0.99755827,0.610991,low_pressure,64,499580
3.484974000133218,998.266009,0.9982660090000001,0.610992,low_pressure,64,499742
3.48598900013336,998.391067,0.998391067,0.610992,low_pressure,64,499911
3.4869900001335,998.740387,0.998740387,0.610992,low_pressure,64,500080
3.488006000133642,998.940424,0.998940424,0.610993,low_pressure,64,500249
3.488979000133778,999.030799,0.999030799,0.610993,low_pressure,64,500411
3.4899930001339197,999.112357,0.999112357,0.610993,low_pressure,64,500580
3.4905430001339965,998.972327,0.9989723269999999,0.610993,low_pressure,64,500679
3.491590000134143,13184.640091,13.184640090999999,0.613836,high_pressure,65,500872
3.492599000134284,33895.881349,33.895881349,0.616696,high_pressure,65,501083
3.493602000134424,61852.270885,61.852270884999996,0.619575,high_pressure,65,501301
3.4945850001345615,96070.797398,96.070797398,0.622471,high_pressure,65,501519
3.4956020001347037,136022.78632,136.02278632000002,0.625385,high_pressure,65,501751
3.4965950001348425,181359.062088,181.359062088,0.628317,high_pressure,65,501983
3.497600000134983,199845.312539,199.84531253900002,0.629432,high_pressure,65,502222
3.4985900001351213,199998.823927,199.998823927,0.629442,high_pressure,65,502454
3.499602000135263,199996.965028,199.996965028,0.629443,high_pressure,65,502693
3.4999300001353086,200000.27421,200.00027421000001,0.629444,high_pressure,65,502779
3.5009680001354537,152345.495321,152.345495321,0.626504,low_pressure,65,503021
3.501957000135592,110050.041848,110.05004184799999,0.623583,low_pressure,65,503253
3.502967000135733,73443.072808,73.443072808,0.62068,low_pressure,65,503478
3.503975000135874,42992.559713,42.992559713000006,0.617795,low_pressure,65,503696
3.5049720001360134,19431.134856,19.431134856,0.614928,low_pressure,65,503900
3.5059730001361533,5854.108306,5.854108306,0.612526,low_pressure,65,504090
3.506958000136291,2728.603545,2.728603545,0.611687,low_pressure,65,504266
3.5079550001364304,1765.128133,1.765128133,0.611356,low_pressure,65,504435
3.5089720001365725,1370.087235,1.370087235,0.611202,low_pressure,65,504604
3.509962000136711,1183.934592,1.1839345920000002,0.611126,low_pressure,65,504766
3.51095800013685,1089.532767,1.089532767,0.611089,low_pressure,65,504928
3.5119550001369895,1041.936979,1.0419369790000002,0.611071,low_pressure,65,505090
3.5129780001371325,1017.371757,1.017371757,0.611063,low_pressure,65,505259
3.513975000137272,1004.655062,1.004655062,0.61106,low_pressure,65,505421
3.51496200013741,998.374903,0.998374903,0.61106,low_pressure,65,505584
3.5159760001375515,996.266532,0.996266532,0.611061,low_pressure,65,505753
3.5169500001376877,996.14038,0.99614038,0.611062,low_pressure,65,505915
3.5179660001378297,996.481939,0.996481939,0.611063,low_pressure,65,506084
3.5189750001379707,997.149247,0.997149247,0.611064,low_pressure,65,506253
3.5199810001381113,997.652669,0.9976526689999999,0.611065,low_pressure,65,506422
3.5209540001382473,998.257283,0.998257283,0.611065,low_pressure,65,506584
3.5219700001383893,998.526923,0.998526923,0.611066,low_pressure,65,506753
3.522985000138531,998.639559,0.998639559,0.611066,low_pressure,65,506922
3.5239580001386672,998.69931,0.99869931,0.611066,low_pressure,65,507084
3.5249740001388092,998.721193,0.998721193,0.611067,low_pressure,65,507253
3.525465000138878,998.70251,0.99870251,0.611067,low_pressure,65,507345
3.5264980001390223,13179.608067,13.179608066999998,0.61391,high_pressure,66,507538
3.5275160001391646,33899.183331,33.899183331,0.616771,high_pressure,66,507749
3.528492000139301,61878.15869,61.87815869,0.61965,high_pressure,66,507960
3.5294990001394417,96163.002083,96.163002083,0.622546,high_pressure,66,508185
3.5304920001395805,136189.761986,136.189761986,0.625461,high_pressure,66,508417
3.531510000139723,181590.758956,181.590758956,0.628394,high_pressure,66,508656
3.532500000139861,199847.527031,199.847527031,0.629496,high_pressure,66,508888
3.533500000140001,199996.054962,199.996054962,0.629506,high_pressure,66,509127
3.5345110001401423,199996.686748,199.996686748,0.629507,high_pressure,66,509366
3.534896000140196,200000.032193,200.00003219299998,0.629508,high_pressure,66,509466
3.53592500014034,152327.045127,152.327045127,0.626568,low_pressure,66,509708
3.536935000140481,109996.587977,109.996587977,0.623646,low_pressure,66,509940
3.5379110001406175,73340.69136,73.34069136,0.620743,low_pressure,66,510158
3.538917000140758,42888.262432,42.888262432000005,0.617858,low_pressure,66,510376
3.5399290001408996,19331.558571,19.331558571000002,0.61499,low_pressure,66,510587
3.5409290001410394,5825.26657,5.82526657,0.612595,low_pressure,66,510777
3.5419160001411774,2723.841278,2.723841278,0.611761,low_pressure,66,510953
3.5429100001413163,1763.360319,1.7633603189999998,0.61143,low_pressure,66,511122
3.5439280001414586,1369.462846,1.3694628459999998,0.611276,low_pressure,66,511291
3.5449430001416005,1185.216479,1.185216479,0.611201,low_pressure,66,511460
3.5459380001417395,1091.694683,1.0916946829999998,0.611163,low_pressure,66,511622
3.546935000141879,1042.271383,1.042271383,0.611145,low_pressure,66,511784
3.547931000142018,1017.841273,1.017841273,0.611137,low_pressure,66,511946
3.548925000142157,1005.667283,1.005667283,0.611133,low_pressure,66,512108
3.5499170001422957,999.482703,0.999482703,0.611133,low_pressure,66,512271
3.5509330001424377,996.92794,0.9969279400000001,0.611133,low_pressure,66,512440
3.551929000142577,996.064489,0.996064489,0.611134,low_pressure,66,512609
3.552945000142719,996.616019,0.9966160190000001,0.611135,low_pressure,66,512778
3.553918000142855,997.479041,0.9974790410000001,0.611136,low_pressure,66,512940
3.5549310001429966,997.798744,0.997798744,0.611137,low_pressure,66,513109
3.5559470001431386,998.105864,0.998105864,0.611138,low_pressure,66,513278
3.5569200001432746,998.436303,0.998436303,0.611138,low_pressure,66,513440
3.5579200001434144,998.531794,0.998531794,0.611138,low_pressure,66,513609
3.5589350001435562,998.57822,0.99857822,0.611139,low_pressure,66,513778
3.5599080001436922,998.743448,0.9987434479999999,0.611139,low_pressure,66,513940
3.560922000143834,999.027234,0.999027234,0.61114,low_pressure,66,514109
3.5612180001438754,998.959854,0.998959854,0.61114,low_pressure,66,514166
3.562247000144019,13188.695624,13.188695624,0.613983,high_pressure,67,514359
3.5632580001441605,33900.653472,33.900653471999995,0.616844,high_pressure,67,514570
3.5642370001442973,61896.521748,61.896521748,0.619724,high_pressure,67,514781
3.565251000144439,96172.655736,96.172655736,0.622621,high_pressure,67,515006
3.566237000144577,136196.516217,136.196516217,0.625536,high_pressure,67,515231
3.56726000014472,181627.044825,181.62704482499998,0.628469,high_pressure,67,515470
3.568235000144856,199848.146431,199.848146431,0.629568,high_pressure,67,515702
3.5692550001449987,199998.561402,199.99856140199998,0.629578,high_pressure,67,515941
3.570237000145136,199997.674741,199.997674741,0.629579,high_pressure,67,516173
3.5706550001451944,200000.288115,200.000288115,0.629579,high_pressure,67,516280
3.5716840001453383,152300.820713,152.300820713,0.626639,low_pressure,67,516522
3.572692000145479,109971.028443,109.97102844300001,0.623717,low_pressure,67,516754
3.5736760001456167,73329.472912,73.329472912,0.620813,low_pressure,67,516972
3.5746900001457584,42888.472509,42.888472508999996,0.617927,low_pressure,67,517190
3.575687000145898,19323.866423,19.323866423,0.615059,low_pressure,67,517394
3.576691000146038,5821.892898,5.821892898,0.612665,low_pressure,67,517584
3.577669000146175,2721.545764,2.721545764,0.611831,low_pressure,67,517760
3.578664000146314,1761.548826,1.761548826,0.611501,low_pressure,67,517929
3.5796830001464564,1369.831768,1.369831768,0.611347,low_pressure,67,518098
3.580675000146595,1183.103315,1.183103315,0.611272,low_pressure,67,518260
3.5816720001467344,1089.720109,1.0897201090000002,0.611235,low_pressure,67,518422
3.5826690001468737,1042.154246,1.042154246,0.611217,low_pressure,67,518584
3.583694000147017,1016.560993,1.0165609930000001,0.611209,low_pressure,67,518753
3.584690000147156,1004.233869,1.0042338690000001,0.611206,low_pressure,67,518915
3.5856740001472938,998.246195,0.9982461949999999,0.611206,low_pressure,67,519078
3.5866880001474355,996.235509,0.996235509,0.611207,low_pressure,67,519247
3.587699000147577,996.211227,0.996211227,0.611208,low_pressure,67,519416
3.588672000147713,996.129907,0.996129907,0.611209,low_pressure,67,519578
3.5896800001478537,996.832984,0.996832984,0.61121,low_pressure,67,519747
3.5906870001479945,997.771156,0.997771156,0.611211,low_pressure,67,519916
3.5917020001481363,998.422389,0.9984223889999999,0.611212,low_pressure,67,520085
3.5926750001482723,998.520098,0.998520098,0.611212,low_pressure,67,520247
3.593689000148414,998.562795,0.998562795,0.611212,low_pressure,67,520416
3.594704000148556,998.956877,0.9989568769999999,0.611213,low_pressure,67,520585
3.595635000148686,999.105329,0.9991053289999999,0.611213,low_pressure,67,520747
3.5966760001488316,13194.432353,13.194432353,0.614057,high_pressure,68,520947
3.5976620001489694,33939.45984,33.939459840000005,0.616919,high_pressure,68,521151
3.598661000149109,61952.267203,61.952267203000005,0.619798,high_pressure,68,521369
3.599642000149246,96234.716035,96.234716035,0.622696,high_pressure,68,521587
3.600658000149388,136252.260604,136.252260604,0.625611,high_pressure,68,521819
3.6016700001495296,181674.801351,181.674801351,0.628545,high_pressure,68,522058
3.602660000149668,199849.036892,199.84903689200002,0.629642,high_pressure,68,522290
3.6036450001498057,199998.575273,199.998575273,0.629652,high_pressure,68,522522
3.6046600001499476,199995.997703,199.995997703,0.629653,high_pressure,68,522761
3.6050460001500015,200000.041322,200.00004132200002,0.629653,high_pressure,68,522861
3.606080000150146,152323.966411,152.32396641100001,0.626712,low_pressure,68,523103
3.6070650001502838,110004.388353,110.004388353,0.62379,low_pressure,68,523328
3.608075000150425,73366.850269,73.366850269,0.620886,low_pressure,68,523553
3.609085000150566,42900.81641,42.90081641,0.618,low_pressure,68,523771
3.6100660001507032,19324.477396,19.324477396,0.615131,low_pressure,68,523975
3.611066000150843,5821.240338,5.821240338,0.612736,low_pressure,68,524165
3.6120980001509873,2718.920181,2.718920181,0.611903,low_pressure,68,524348
3.6130870001511255,1760.590741,1.760590741,0.611573,low_pressure,68,524517
3.614100000151267,1370.33347,1.37033347,0.611419,low_pressure,68,524686
3.615095000151406,1185.79849,1.1857984899999998,0.611344,low_pressure,68,524848
3.616075000151543,1091.712963,1.091712963,0.611306,low_pressure,68,525010
3.6170720001516825,1044.220243,1.044220243,0.611287,low_pressure,68,525172
3.618069000151822,1018.0013,1.0180013,0.611279,low_pressure,68,525334
3.619063000151961,1005.394459,1.005394459,0.611276,low_pressure,68,525496
3.6200990001521056,999.414395,0.9994143950000001,0.611275,low_pressure,68,525666
3.6210720001522416,997.445082,0.9974450819999999,0.611275,low_pressure,68,525828
3.6220730001523815,996.769627,0.996769627,0.611276,low_pressure,68,525997
3.623086000152523,996.790588,0.996790588,0.611277,low_pressure,68,526166
3.624102000152665,996.914653,0.996914653,0.611278,low_pressure,68,526335
3.625075000152801,997.680799,0.997680799,0.611279,low_pressure,68,526497
3.626089000152943,998.040874,0.9980408740000001,0.61128,low_pressure,68,526666
3.627062000153079,998.491608,0.998491608,0.61128,low_pressure,68,526828
3.6280750001532205,998.835489,0.9988354890000001,0.61128,low_pressure,68,526997
3.6290680001533593,998.808496,0.998808496,0.611281,low_pressure,68,527166
3.630083000153501,999.107886,0.999107886,0.611281,low_pressure,68,527335
3.6310890001536418,999.492633,0.9994926329999999,0.611281,low_pressure,68,527504
3.6321020001537834,999.444528,0.9994445279999999,0.611281,low_pressure,68,527673
3.6324410001538308,999.386988,0.9993869879999999,0.611281,low_pressure,68,527737
3.6334550001539725,13206.809829,13.206809829,0.614126,high_pressure,69,527930
3.6344650001541137,33952.735117,33.952735116999996,0.616988,high_pressure,69,528141
3.6354710001542543,61946.540401,61.946540401,0.619868,high_pressure,69,528359
3.6364470001543907,96261.01147,96.26101147,0.622766,high_pressure,69,528577
3.6374550001545316,136314.681482,136.31468148200003,0.625682,high_pressure,69,528809
3.63844500015467,181773.018576,181.773018576,0.628616,high_pressure,69,529041
3.6394500001548105,199848.530007,199.848530007,0.629707,high_pressure,69,529280
3.640470000154953,199998.732088,199.998732088,0.629717,high_pressure,69,529519
3.6414550001550907,199996.500018,199.99650001799998,0.629718,high_pressure,69,529751
3.64166300015512,200000.03477,200.00003476999998,0.629718,high_pressure,69,529809
3.6427000001552647,152295.784261,152.295784261,0.626777,low_pressure,69,530051
3.6436990001554044,109934.204115,109.934204115,0.623855,low_pressure,69,530283
3.644704000155545,73271.043041,73.271043041,0.62095,low_pressure,69,530508
3.6457120001556858,42827.834812,42.827834812,0.618063,low_pressure,69,530726
3.646707000155825,19282.873088,19.282873088,0.615194,low_pressure,69,530930
3.6477080001559647,5812.252883,5.812252883,0.612802,low_pressure,69,531120
3.6486860001561014,2716.204659,2.716204659,0.61197,low_pressure,69,531296
3.6496870001562414,1756.1474,1.7561474000000001,0.611641,low_pressure,69,531465
3.650707000156384,1368.590821,1.368590821,0.611488,low_pressure,69,531634
3.651701000156523,1183.173035,1.183173035,0.611413,low_pressure,69,531796
3.6526990001566624,1089.359717,1.089359717,0.611376,low_pressure,69,531958
3.6536950001568016,1041.050305,1.041050305,0.611358,low_pressure,69,532120
3.654706000156943,1016.18424,1.01618424,0.61135,low_pressure,69,532289
3.6557030001570823,1003.741976,1.003741976,0.611348,low_pressure,69,532451
3.65668900015722,997.853703,0.997853703,0.611347,low_pressure,69,532614
3.6577020001573617,996.63896,0.99663896,0.611348,low_pressure,69,532783
3.6587080001575023,996.13808,0.9961380799999999,0.611349,low_pressure,69,532952
3.6597240001576443,996.718345,0.996718345,0.61135,low_pressure,69,533121
3.660724000157784,997.285621,0.997285621,0.611351,low_pressure,69,533290
3.661689000157919,997.34251,0.99734251,0.611352,low_pressure,69,533452
3.662704000158061,998.106217,0.998106217,0.611352,low_pressure,69,533621
3.6637190001582027,998.761124,0.998761124,0.611353,low_pressure,69,533790
3.664693000158339,998.914817,0.998914817,0.611353,low_pressure,69,533952
3.6657080001584808,998.770584,0.998770584,0.611354,low_pressure,69,534121
3.6667070001586204,998.865786,0.998865786,0.611354,low_pressure,69,534290
3.667597000158745,998.740074,0.9987400740000001,0.611354,low_pressure,69,534445
3.66863500015889,13218.777475,13.218777475000001,0.614199,high_pressure,70,534638
3.6696270001590285,33997.678084,33.997678084,0.617062,high_pressure,70,534842
3.6706410001591703,62006.286637,62.006286636999995,0.619942,high_pressure,70,535060
3.6716220001593074,96316.262502,96.316262502,0.62284,high_pressure,70,535278
3.672629000159448,136391.8564,136.3918564,0.625757,high_pressure,70,535510
3.6736250001595874,181867.249887,181.867249887,0.628692,high_pressure,70,535742
3.67464500015973,199850.427685,199.850427685,0.629776,high_pressure,70,535981
3.6756350001598683,199997.230282,199.997230282,0.629786,high_pressure,70,536213
3.676635000160008,199996.477673,199.996477673,0.629787,high_pressure,70,536452
3.6769650001600542,200000.333452,200.00033345199998,0.629788,high_pressure,70,536538
3.6780070001602,152281.489746,152.281489746,0.626846,low_pressure,70,536780
3.6790210001603416,109921.197559,109.92119755899999,0.623923,low_pressure,70,537012
3.680003000160479,73256.424186,73.256424186,0.621018,low_pressure,70,537230
3.681004000160619,42814.672273,42.814672273,0.618131,low_pressure,70,537448
3.6820020001607583,19272.701515,19.272701515,0.615262,low_pressure,70,537652
3.6830060001608986,5797.955284,5.7979552839999995,0.612871,low_pressure,70,537842
3.6840000001610376,2711.36693,2.71136693,0.612041,low_pressure,70,538018
3.6850000001611773,1756.368995,1.756368995,0.611713,low_pressure,70,538187
3.6860160001613194,1363.394151,1.363394151,0.611561,low_pressure,70,538356
3.686994000161456,1180.646155,1.1806461549999998,0.611487,low_pressure,70,538518
3.6880330001616013,1090.098984,1.090098984,0.61145,low_pressure,70,538687
3.6890300001617407,1042.456329,1.0424563290000002,0.611432,low_pressure,70,538849
3.6900250001618797,1017.453801,1.017453801,0.611424,low_pressure,70,539011
3.691022000162019,1004.291713,1.004291713,0.611421,low_pressure,70,539173
3.692010000162157,998.29682,0.99829682,0.611421,low_pressure,70,539336
3.6930060001622964,996.940644,0.996940644,0.611421,low_pressure,70,539505
3.6940220001624384,996.460805,0.996460805,0.611422,low_pressure,70,539674
3.694992000162574,996.617332,0.996617332,0.611423,low_pressure,70,539836
3.6960050001627156,997.284471,0.9972844710000001,0.611424,low_pressure,70,540005
3.6970140001628566,997.831823,0.997831823,0.611425,low_pressure,70,540174
3.6980280001629984,998.392273,0.998392273,0.611425,low_pressure,70,540343
3.699021000163137,998.428575,0.998428575,0.611426,low_pressure,70,540512
3.700029000163278,998.875404,0.998875404,0.611426,low_pressure,70,540681
3.700995000163413,999.116942,0.999116942,0.611427,low_pressure,70,540843
3.702002000163554,999.244883,0.9992448829999999,0.611427,low_pressure,70,541012
3.702653000163645,999.251807,0.9992518069999999,0.611427,low_pressure,70,541132
3.703707000163792,13261.301611,13.261301611,0.614272,high_pressure,71,541325
3.70469400016393,34064.625755,34.064625755,0.617135,high_pressure,71,541529
3.7057180001640733,62117.803052,62.117803052000006,0.620016,high_pressure,71,541747
3.706709000164212,96449.494961,96.449494961,0.622915,high_pressure,71,541965
3.7077020001643506,136547.085037,136.54708503700002,0.625832,high_pressure,71,542190
3.708705000164491,182096.794097,182.09679409700001,0.628767,high_pressure,71,542422
3.709715000164632,199858.945717,199.85894571699998,0.629837,high_pressure,71,542661
3.7107050001647703,199998.790525,199.99879052499998,0.629847,high_pressure,71,542893
3.711690000164908,199989.704198,199.989704198,0.629848,high_pressure,71,543125
3.7122600001649877,200000.899921,200.000899921,0.629848,high_pressure,71,543267
3.713306000165134,152237.284399,152.237284399,0.626906,low_pressure,71,543509
3.714287000165271,109840.280264,109.840280264,0.623983,low_pressure,71,543734
3.7152770001654094,73191.359101,73.19135910099999,0.621077,low_pressure,71,543952
3.7163000001655524,42742.179157,42.742179156999995,0.61819,low_pressure,71,544170
3.717305000165693,19197.864611,19.197864611,0.61532,low_pressure,71,544374
3.7183120001658336,5774.226661,5.774226660999999,0.612936,low_pressure,71,544564
3.7192930001659708,2702.583015,2.702583015,0.612109,low_pressure,71,544740
3.72029000016611,1752.904287,1.752904287,0.611783,low_pressure,71,544909
3.7213080001662524,1364.579965,1.364579965,0.611631,low_pressure,71,545078
3.722301000166391,1183.562477,1.183562477,0.611557,low_pressure,71,545240
3.7232970001665304,1089.319539,1.0893195390000001,0.611519,low_pressure,71,545402
3.72429400016667,1039.911903,1.039911903,0.611502,low_pressure,71,545564
3.7253170001668128,1015.320522,1.015320522,0.611494,low_pressure,71,545733
3.726313000166952,1003.280767,1.003280767,0.611492,low_pressure,71,545895
3.7272970001670895,997.284264,0.997284264,0.611492,low_pressure,71,546058
3.728310000167231,995.408556,0.995408556,0.611493,low_pressure,71,546227
3.729310000167371,995.267076,0.995267076,0.611494,low_pressure,71,546396
3.730283000167507,995.728643,0.9957286430000001,0.611496,low_pressure,71,546558
3.731284000167647,996.746344,0.9967463440000001,0.611497,low_pressure,71,546727
3.732300000167789,997.627604,0.9976276040000001,0.611497,low_pressure,71,546896
3.733316000167931,997.981594,0.997981594,0.611498,low_pressure,71,547065
3.734289000168067,997.941295,0.997941295,0.611499,low_pressure,71,547227
3.7353020001682085,998.724716,0.9987247159999999,0.611499,low_pressure,71,547396
3.7363180001683505,999.097281,0.999097281,0.611499,low_pressure,71,547565
3.737289000168486,999.116108,0.9991161080000001,0.6115,low_pressure,71,547727
3.7382870001686257,999.328716,0.999328716,0.6115,low_pressure,71,547896
3.738583000168667,999.247318,0.999247318,0.6115,low_pressure,71,547953
3.739614000168811,13233.531193,13.233531193000001,0.614346,high_pressure,72,548146
3.7406330001689536,34056.341837,34.056341837,0.617209,high_pressure,72,548357
3.74161000016909,62160.606694,62.160606694,0.620091,high_pressure,72,548568
3.7426120001692302,96528.284028,96.528284028,0.62299,high_pressure,72,548793
3.743627000169372,136619.905736,136.619905736,0.625907,high_pressure,72,549025
3.74461500016951,182136.967332,182.136967332,0.628843,high_pressure,72,549257
3.745630000169652,199852.550323,199.852550323,0.629912,high_pressure,72,549496
3.7464400001697653,200000.205658,200.000205658,0.629921,high_pressure,72,549694
3.7474650001699086,152256.127519,152.256127519,0.626979,low_pressure,72,549936
3.7484740001700496,109925.457346,109.925457346,0.624055,low_pressure,72,550168
3.749484000170191,73265.567339,73.265567339,0.621149,low_pressure,72,550393
3.750460000170327,42785.685624,42.785685623999996,0.618261,low_pressure,72,550604
3.75148100017047,19184.802776,19.184802776,0.615391,low_pressure,72,550815
3.752491000170611,5766.129268,5.766129267999999,0.613008,low_pressure,72,551012
3.753478000170749,2699.222469,2.699222469,0.612183,low_pressure,72,551188
3.754472000170888,1753.936887,1.753936887,0.611856,low_pressure,72,551357
3.755494000171031,1366.748766,1.366748766,0.611704,low_pressure,72,551526
3.75649000017117,1183.181118,1.183181118,0.611629,low_pressure,72,551688
3.7574870001713094,1091.220891,1.0912208909999999,0.611592,low_pressure,72,551850
3.75849200017145,1043.662248,1.0436622480000002,0.611573,low_pressure,72,552019
3.759488000171589,1017.183974,1.017183974,0.611565,low_pressure,72,552181
3.760481000171728,1004.307366,1.004307366,0.611562,low_pressure,72,552343
3.761468000171866,999.391737,0.9993917370000001,0.611562,low_pressure,72,552506
3.7624830001720078,996.918271,0.996918271,0.611563,low_pressure,72,552675
3.7634990001721498,995.621829,0.9956218290000001,0.611564,low_pressure,72,552844
3.7644830001722873,996.262448,0.996262448,0.611565,low_pressure,72,553013
3.7654990001724293,996.973162,0.996973162,0.611566,low_pressure,72,553182
3.7664720001725653,997.671342,0.997671342,0.611567,low_pressure,72,553344
3.767477000172706,998.309914,0.998309914,0.611567,low_pressure,72,553513
3.768493000172848,998.543528,0.998543528,0.611568,low_pressure,72,553682
3.769466000172984,998.939024,0.998939024,0.611568,low_pressure,72,553844
3.7704710001731243,999.288678,0.999288678,0.611568,low_pressure,72,554013
3.7714870001732663,999.579284,0.9995792840000001,0.611568,low_pressure,72,554182
3.772206000173367,999.328674,0.999328674,0.611568,low_pressure,72,554309
3.7732410001735115,13262.066283,13.262066283,0.614415,high_pressure,73,554502
3.7742490001736524,34103.043126,34.103043125999996,0.617279,high_pressure,73,554713
3.775262000173794,62228.973776,62.228973776,0.62016,high_pressure,73,554931
3.7762320001739296,96631.25426,96.63125426,0.62306,high_pressure,73,555149
3.7772470001740714,136791.648151,136.791648151,0.625978,high_pressure,73,555381
3.7782350001742095,182388.958627,182.38895862700002,0.628914,high_pressure,73,555613
3.779255000174352,199859.165711,199.859165711,0.629967,high_pressure,73,555852
3.7801440001744764,200000.38528,200.00038528,0.629976,high_pressure,73,556071
3.78117200017462,152228.845497,152.228845497,0.627034,low_pressure,73,556313
3.782158000174758,109844.307178,109.84430717800001,0.624109,low_pressure,73,556538
3.7831710001748995,73161.813585,73.16181358499999,0.621203,low_pressure,73,556763
3.7841520001750366,42676.294779,42.676294779,0.618315,low_pressure,73,556974
3.7851670001751785,19101.002052,19.101002052,0.615444,low_pressure,73,557185
3.7861620001753176,5746.434426,5.7464344259999995,0.613067,low_pressure,73,557375
3.787189000175461,2691.652567,2.691652567,0.612245,low_pressure,73,557558
3.7881710001755984,1748.816298,1.748816298,0.61192,low_pressure,73,557727
3.7891940001757414,1365.494716,1.365494716,0.611769,low_pressure,73,557896
3.7901900001758806,1182.628595,1.182628595,0.611694,low_pressure,73,558058
3.791172000176018,1089.833113,1.0898331129999999,0.611657,low_pressure,73,558220
3.792169000176157,1040.707659,1.040707659,0.611639,low_pressure,73,558382
3.7931650001762964,1015.981578,1.015981578,0.611632,low_pressure,73,558544
3.7941600001764355,1005.002474,1.005002474,0.611629,low_pressure,73,558706
3.79519300017658,998.861554,0.998861554,0.611629,low_pressure,73,558876
3.796166000176716,997.043778,0.997043778,0.611629,low_pressure,73,559038
3.7971520001768537,997.18236,0.99718236,0.61163,low_pressure,73,559207
3.7981680001769957,996.818663,0.996818663,0.611631,low_pressure,73,559376
3.799180000177137,997.595965,0.997595965,0.611632,low_pressure,73,559545
3.800152000177273,997.759479,0.9977594790000001,0.611632,low_pressure,73,559707
3.801168000177415,998.416311,0.998416311,0.611633,low_pressure,73,559876
3.8021790001775564,998.753361,0.998753361,0.611633,low_pressure,73,560045
3.8031800001776963,998.806842,0.9988068419999999,0.611634,low_pressure,73,560214
3.8041910001778376,999.049722,0.999049722,0.611634,low_pressure,73,560383
3.8051640001779736,999.033229,0.999033229,0.611634,low_pressure,73,560545
3.8061790001781155,999.33271,0.99933271,0.611634,low_pressure,73,560714
3.8071660001782535,999.120523,0.9991205230000001,0.611635,low_pressure,73,560883
3.8081810001783953,998.97169,0.99897169,0.611635,low_pressure,73,561052
3.808266000178407,998.808684,0.998808684,0.611635,low_pressure,73,561074
3.809329000178556,13270.3321,13.2703321,0.614482,high_pressure,74,561274
3.8103150001786936,34185.658898,34.185658898,0.617346,high_pressure,74,561478
3.8113240001788347,62340.139113,62.340139113,0.620228,high_pressure,74,561696
3.812307000178972,96766.027585,96.766027585,0.623128,high_pressure,74,561914
3.8133250001791144,136967.820113,136.967820113,0.626047,high_pressure,74,562146
3.814330000179255,182575.579003,182.575579003,0.628983,high_pressure,74,562385
3.815320000179393,199854.327935,199.85432793500001,0.630023,high_pressure,74,562617
3.8161300001795064,200000.050542,200.00005054200003,0.630033,high_pressure,74,562815
3.8171830001796536,152192.40024,152.19240023999998,0.62709,low_pressure,74,563057
3.8181700001797916,109789.892026,109.789892026,0.624165,low_pressure,74,563282
3.819174000179932,73091.894433,73.091894433,0.621258,low_pressure,74,563507
3.82016100018007,42633.342788,42.633342788,0.61837,low_pressure,74,563718
3.8211890001802136,19052.90309,19.05290309,0.615499,low_pressure,74,563929
3.822195000180354,5717.189968,5.717189968,0.613128,low_pressure,74,564119
3.823187000180493,2686.824788,2.686824788,0.61231,low_pressure,74,564295
3.8241880001806328,1749.447878,1.749447878,0.611985,low_pressure,74,564471
3.8251600001807686,1362.973897,1.362973897,0.611834,low_pressure,74,564633
3.8261900001809126,1179.828425,1.179828425,0.611761,low_pressure,74,564802
3.8271850001810517,1088.936245,1.0889362450000002,0.611724,low_pressure,74,564964
3.828181000181191,1041.668891,1.041668891,0.611706,low_pressure,74,565126
3.8291780001813303,1016.874563,1.016874563,0.611698,low_pressure,74,565288
3.8301810001814705,1003.433074,1.003433074,0.611695,low_pressure,74,565457
3.831166000181608,998.295464,0.998295464,0.611695,low_pressure,74,565620
3.83218100018175,995.976389,0.9959763890000001,0.611696,low_pressure,74,565789
3.8331860001818905,995.785648,0.995785648,0.611697,low_pressure,74,565958
3.8341600001820266,996.267143,0.9962671430000001,0.611698,low_pressure,74,566120
3.8351750001821685,996.928937,0.9969289370000001,0.611699,low_pressure,74,566289
3.8361770001823086,997.463957,0.997463957,0.6117,low_pressure,74,566458
3.8371930001824506,998.112332,0.998112332,0.611701,low_pressure,74,566627
3.8381660001825866,998.869013,0.998869013,0.611701,low_pressure,74,566789
3.839179000182728,998.998951,0.998998951,0.611701,low_pressure,74,566958
3.84019500018287,999.077083,0.999077083,0.611702,low_pressure,74,567127
3.841168000183006,999.11929,0.99911929,0.611702,low_pressure,74,567289
3.842174000183147,998.965915,0.998965915,0.611702,low_pressure,74,567458
3.8423800001831756,998.98124,0.99898124,0.611702,low_pressure,74,567501
3.8434300001833224,13280.820624,13.280820624,0.614549,high_pressure,75,567694
3.8444480001834647,34179.031292,34.179031292,0.617414,high_pressure,75,567905
3.8454500001836047,62342.827336,62.342827336,0.620297,high_pressure,75,568123
3.8464280001837414,96784.548559,96.784548559,0.623197,high_pressure,75,568341
3.847449000183884,137018.513784,137.01851378400002,0.626116,high_pressure,75,568580
3.848435000184022,182677.552154,182.677552154,0.629053,high_pressure,75,568812
3.8494250001841603,199863.618153,199.86361815299998,0.630087,high_pressure,75,569044
3.850445000184303,199998.563727,199.998563727,0.630096,high_pressure,75,569283
3.8514280001844403,199995.107694,199.995107694,0.630097,high_pressure,75,569515
3.8518100001844937,200000.150313,200.00015031299998,0.630098,high_pressure,75,569615
3.852835000184637,152193.430141,152.193430141,0.627154,low_pressure,75,569857
3.8538470001847784,109780.729166,109.780729166,0.624229,low_pressure,75,570089
3.854825000184915,73074.348568,73.074348568,0.621322,low_pressure,75,570307
3.8558380001850567,42592.90862,42.59290862,0.618433,low_pressure,75,570525
3.856819000185194,19030.00011,19.03000011,0.615562,low_pressure,75,570729
3.8578540001853385,5710.742185,5.710742185,0.613192,low_pressure,75,570926
3.8588470001854773,2681.58107,2.68158107,0.612375,low_pressure,75,571102
3.859839000185616,1743.10647,1.7431064699999999,0.612052,low_pressure,75,571271
3.860854000185758,1359.807529,1.359807529,0.611903,low_pressure,75,571440
3.8618250001858936,1180.671985,1.180671985,0.611829,low_pressure,75,571602
3.8628200001860327,1090.635974,1.090635974,0.611792,low_pressure,75,571764
3.863845000186176,1042.837211,1.042837211,0.611774,low_pressure,75,571933
3.8648420001863153,1017.984475,1.017984475,0.611765,low_pressure,75,572095
3.8658310001864535,1004.996749,1.004996749,0.611762,low_pressure,75,572257
3.866822000186592,999.03325,0.99903325,0.611762,low_pressure,75,572420
3.867837000186734,996.935041,0.996935041,0.611763,low_pressure,75,572589
3.8688370001868737,996.513784,0.996513784,0.611764,low_pressure,75,572758
3.8698520001870156,997.035887,0.997035887,0.611765,low_pressure,75,572927
3.8708250001871516,997.487629,0.997487629,0.611765,low_pressure,75,573089
3.871830000187292,997.724878,0.997724878,0.611766,low_pressure,75,573258
3.872847000187434,998.312655,0.998312655,0.611767,low_pressure,75,573427
3.8738200001875702,998.627244,0.998627244,0.611767,low_pressure,75,573589
3.8748450001877135,998.641496,0.998641496,0.611767,low_pressure,75,573765
3.8758600001878554,998.926077,0.9989260769999999,0.611768,low_pressure,75,573934
3.8768330001879914,998.964906,0.9989649060000001,0.611768,low_pressure,75,574096
3.87782400018813,999.236113,0.999236113,0.611768,low_pressure,75,574265
3.8780350001881594,999.174224,0.999174224,0.611768,low_pressure,75,574308
3.8790530001883017,13271.89297,13.271892970000001,0.614616,high_pressure,76,574501
3.8800690001884437,34210.93483,34.21093483,0.617481,high_pressure,76,574712
3.88104300018858,62402.245631,62.402245631,0.620364,high_pressure,76,574923
3.8820570001887216,96877.341983,96.87734198300001,0.623265,high_pressure,76,575148
3.8830450001888597,137107.625927,137.107625927,0.626184,high_pressure,76,575373
3.8840670001890025,182803.311246,182.803311246,0.629122,high_pressure,76,575612
3.8850680001891424,199863.862168,199.863862168,0.630147,high_pressure,76,575851
3.885815000189247,200000.483289,200.000483289,0.630156,high_pressure,76,576035
3.8868490001893914,152155.265919,152.155265919,0.627212,low_pressure,76,576277
3.8878660001895335,109749.552461,109.749552461,0.624287,low_pressure,76,576509
3.8888510001896712,73048.96965,73.04896965,0.62138,low_pressure,76,576727
3.889859000189812,42577.042845,42.577042845,0.61849,low_pressure,76,576945
3.8908570001899516,18986.54039,18.98654039,0.615619,low_pressure,76,577149
3.8918580001900915,5696.3063,5.6963063,0.613253,low_pressure,76,577339
3.892843000190229,2678.138348,2.678138348,0.612438,low_pressure,76,577515
3.8938380001903683,1745.787326,1.7457873259999999,0.612115,low_pressure,76,577684
3.8948430001905088,1361.238718,1.361238718,0.611965,low_pressure,76,577853
3.895838000190648,1181.882033,1.1818820330000002,0.611891,low_pressure,76,578015
3.8968780001907932,1090.417659,1.0904176589999999,0.611854,low_pressure,76,578184
3.8978740001909324,1043.023888,1.043023888,0.611836,low_pressure,76,578346
3.8988690001910715,1018.150524,1.018150524,0.611827,low_pressure,76,578508
3.8998650001912107,1004.72869,1.00472869,0.611824,low_pressure,76,578670
3.9008520001913487,998.292696,0.9982926959999999,0.611824,low_pressure,76,578833
3.9018520001914885,996.530663,0.996530663,0.611825,low_pressure,76,579002
3.9028680001916305,995.960337,0.995960337,0.611826,low_pressure,76,579171
3.9038410001917665,996.624824,0.996624824,0.611827,low_pressure,76,579333
3.904854000191908,997.274067,0.997274067,0.611828,low_pressure,76,579502
3.90587000019205,997.577866,0.997577866,0.611828,low_pressure,76,579671
3.906843000192186,997.970382,0.997970382,0.611829,low_pressure,76,579833
3.907843000192326,998.609688,0.998609688,0.61183,low_pressure,76,580002
3.9088580001924678,998.8115,0.9988115000000001,0.61183,low_pressure,76,580171
3.9098740001926098,999.153658,0.999153658,0.61183,low_pressure,76,580340
3.9108430001927452,999.145232,0.9991452319999999,0.61183,low_pressure,76,580502
3.911858000192887,998.995226,0.998995226,0.611831,low_pressure,76,580671
3.912874000193029,999.477004,0.999477004,0.611831,low_pressure,76,580840
3.9137480001931513,999.451977,0.9994519770000001,0.611831,low_pressure,76,580995
3.9147860001932964,13289.185748,13.289185748,0.614679,high_pressure,77,581188
3.915807000193439,34201.751683,34.201751683000005,0.617545,high_pressure,77,581399
3.9167810001935752,62378.397441,62.378397441000004,0.620428,high_pressure,77,581610
3.9177920001937165,96855.725787,96.855725787,0.623329,high_pressure,77,581835
3.918797000193857,137079.683954,137.07968395400002,0.626249,high_pressure,77,582067
3.919790000193996,182759.371185,182.759371185,0.629187,high_pressure,77,582299
3.9208050001941377,199868.305727,199.868305727,0.630215,high_pressure,77,582538
3.9216750001942593,200000.456923,200.000456923,0.630224,high_pressure,77,582750
3.922702000194403,152172.406612,152.172406612,0.627279,low_pressure,77,582992
3.9237080001945435,109756.797304,109.756797304,0.624353,low_pressure,77,583224
3.9246890001946806,73051.231988,73.051231988,0.621446,low_pressure,77,583442
3.9256880001948202,42561.38873,42.56138873,0.618556,low_pressure,77,583660
3.9267190001949643,19010.103517,19.010103517,0.615684,low_pressure,77,583871
3.927705000195102,5701.841063,5.701841063,0.613315,low_pressure,77,584061
3.92869100019524,2679.268525,2.679268525,0.612501,low_pressure,77,584237
3.9297240001953844,1744.313672,1.744313672,0.612178,low_pressure,77,584413
3.9306980001955205,1364.770525,1.364770525,0.612027,low_pressure,77,584575
3.9316940001956597,1183.646349,1.1836463490000002,0.611952,low_pressure,77,584737
3.932690000195799,1091.671279,1.0916712789999998,0.611914,low_pressure,77,584899
3.9336870001959383,1044.385001,1.0443850010000002,0.611896,low_pressure,77,585061
3.9347100001960813,1018.978538,1.018978538,0.611887,low_pressure,77,585230
3.9357060001962205,1005.889079,1.0058890790000001,0.611884,low_pressure,77,585392
3.93670300019636,1000.439916,1.000439916,0.611883,low_pressure,77,585554
3.9377240001965026,997.703751,0.997703751,0.611883,low_pressure,77,585724
3.9386970001966386,997.04124,0.99704124,0.611884,low_pressure,77,585886
3.9397120001967805,996.817331,0.9968173309999999,0.611885,low_pressure,77,586055
3.9406930001969176,997.133044,0.997133044,0.611886,low_pressure,77,586224
3.9417080001970595,997.674443,0.997674443,0.611887,low_pressure,77,586393
3.9427240001972015,998.154178,0.998154178,0.611887,low_pressure,77,586562
3.9436970001973375,999.082199,0.999082199,0.611888,low_pressure,77,586724
3.9447120001974794,999.074831,0.999074831,0.611888,low_pressure,77,586893
3.9456850001976154,999.005123,0.999005123,0.611888,low_pressure,77,587055
3.9466870001977554,999.077834,0.999077834,0.611889,low_pressure,77,587224
3.9477020001978973,999.160275,0.9991602749999999,0.611889,low_pressure,77,587393
3.9481250001979564,999.150387,0.999150387,0.611889,low_pressure,77,587471
3.949167000198102,13283.630833,13.283630833,0.614737,high_pressure,78,587664
3.950181000198244,34235.324162,34.235324162,0.617603,high_pressure,78,587875
3.951184000198384,62448.374752,62.44837475200001,0.620487,high_pressure,78,588093
3.9521680001985215,96953.8956,96.95389560000001,0.623389,high_pressure,78,588318
3.953179000198663,137213.427397,137.213427397,0.626309,high_pressure,78,588550
3.9541780001988025,182911.575867,182.911575867,0.629247,high_pressure,78,588789
3.9551850001989433,199867.546629,199.867546629,0.630267,high_pressure,78,589028
3.956193000199084,199996.743543,199.99674354299998,0.630276,high_pressure,78,589267
3.957180000199222,199998.229309,199.99822930899998,0.630277,high_pressure,78,589499
3.9575700001992766,200000.244469,200.000244469,0.630278,high_pressure,78,589599
3.9586000001994206,152174.153755,152.17415375500002,0.627333,low_pressure,78,589841
3.959612000199562,109752.646414,109.752646414,0.624407,low_pressure,78,590073
3.9606080001997013,73052.966151,73.052966151,0.621499,low_pressure,78,590298
3.961615000199842,42559.112721,42.559112721,0.618609,low_pressure,78,590516
3.962615000199982,18971.590787,18.971590787,0.615736,low_pressure,78,590727
3.963611000200121,5683.011189,5.683011189,0.613372,low_pressure,78,590917
3.9646000002002593,2673.85297,2.67385297,0.612559,low_pressure,78,591093
3.9655980002003988,1741.135644,1.7411356439999999,0.612238,low_pressure,78,591262
3.9665970002005384,1361.93013,1.36193013,0.612088,low_pressure,78,591431
3.967590000200677,1181.391315,1.1813913150000002,0.612014,low_pressure,78,591593
3.9685870002008166,1090.983727,1.090983727,0.611977,low_pressure,78,591755
3.9696170002009605,1043.787645,1.043787645,0.611958,low_pressure,78,591924
3.9706130002010998,1019.862884,1.019862884,0.611949,low_pressure,78,592086
3.971610000201239,1006.913159,1.006913159,0.611946,low_pressure,78,592248
3.972590000201376,1000.612262,1.000612262,0.611945,low_pressure,78,592410
3.9736080002015184,997.873017,0.997873017,0.611945,low_pressure,78,592580
3.9746240002016604,997.612497,0.997612497,0.611946,low_pressure,78,592749
3.975593000201796,997.843581,0.9978435809999999,0.611947,low_pressure,78,592911
3.9766080002019377,998.205353,0.9982053529999999,0.611947,low_pressure,78,593080
3.9776240002020797,998.165902,0.998165902,0.611948,low_pressure,78,593249
3.978598000202216,998.6404,0.9986404,0.611948,low_pressure,78,593418
3.9796050002023566,998.910919,0.9989109190000001,0.611948,low_pressure,78,593587
3.980622000202499,999.257908,0.999257908,0.611949,low_pressure,78,593756
3.9815940002026347,999.238197,0.999238197,0.611949,low_pressure,78,593918
3.9826080002027764,999.220255,0.999220255,0.611949,low_pressure,78,594087
3.9836240002029184,999.178137,0.999178137,0.611949,low_pressure,78,594256
3.9841310002029893,999.295015,0.9992950150000001,0.611949,low_pressure,78,594348
3.985166000203134,13301.984549,13.301984549,0.614798,high_pressure,79,594548
3.986145000203271,34261.526855,34.261526855,0.617664,high_pressure,79,594752
3.987147000203411,62466.377594,62.466377594,0.620549,high_pressure,79,594970
3.9881520002035513,96936.898418,96.936898418,0.623451,high_pressure,79,595195
3.9891640002036928,137201.232531,137.201232531,0.626371,high_pressure,79,595427
3.990140000203829,182908.818383,182.908818383,0.62931,high_pressure,79,595659
3.9911600002039718,199869.622596,199.869622596,0.63033,high_pressure,79,595898
3.99215000020411,199998.487102,199.998487102,0.630339,high_pressure,79,596130
3.9931400002042485,199995.917092,199.99591709199998,0.63034,high_pressure,79,596362
3.993995000204368,200000.291026,200.00029102599999,0.630341,high_pressure,79,596574
3.9950300002045127,152195.770719,152.195770719,0.627396,low_pressure,79,596816
3.996027000204652,109752.808513,109.75280851299999,0.624469,low_pressure,79,597048
3.997034000204793,73060.30762,73.06030762,0.621561,low_pressure,79,597273
3.9980420002049337,42555.897449,42.555897449,0.61867,low_pressure,79,597491
3.99901700020507,18970.865008,18.970865008,0.615798,low_pressure,79,597695
4.000050000205214,5685.107078,5.685107078,0.613432,low_pressure,79,597892
4.0010310002053515,2671.867768,2.6718677680000003,0.61262,low_pressure,79,598068
4.002012000205489,1736.399931,1.736399931,0.6123,low_pressure,79,598237
4.0030270002056305,1360.949014,1.360949014,0.612151,low_pressure,79,598406
4.004045000205773,1181.740713,1.181740713,0.612076,low_pressure,79,598575
4.005038000205912,1088.953173,1.0889531730000002,0.612039,low_pressure,79,598737
4.006033000206051,1040.942853,1.040942853,0.612022,low_pressure,79,598899
4.00703000020619,1016.108916,1.016108916,0.612014,low_pressure,79,599061
4.008025000206329,1004.290896,1.0042908959999999,0.612011,low_pressure,79,599223
4.009018000206468,999.605214,0.999605214,0.612011,low_pressure,79,599386
4.01003300020661,997.374774,0.997374774,0.612011,low_pressure,79,599555
4.011030000206749,997.116334,0.9971163340000001,0.612012,low_pressure,79,599724
4.012045000206891,996.892998,0.9968929980000001,0.612013,low_pressure,79,599893
4.013018000207027,997.182352,0.997182352,0.612014,low_pressure,79,600055
4.014031000207169,997.856391,0.997856391,0.612014,low_pressure,79,600224
4.015047000207311,998.345573,0.9983455729999999,0.612015,low_pressure,79,600393
4.016015000207446,998.737681,0.9987376809999999,0.612015,low_pressure,79,600555
4.017052000207591,998.799946,0.998799946,0.612016,low_pressure,79,600731
4.018025000207727,998.986311,0.998986311,0.612016,low_pressure,79,600893
4.019041000207869,999.040056,0.999040056,0.612016,low_pressure,79,601062
4.020029000208007,999.308347,0.999308347,0.612017,low_pressure,79,601231
4.021045000208149,999.378916,0.999378916,0.612017,low_pressure,79,601400
4.022018000208285,999.487693,0.9994876930000001,0.612017,low_pressure,79,601562
4.022018000208285,999.485899,0.9994858990000001,0.612017,low_pressure,79,601570
4.0230300002084265,13312.27211,13.31227211,0.614866,high_pressure,80,601770
4.0240460002085685,34293.924387,34.293924387,0.617733,high_pressure,80,601981
4.025050000208709,62521.96603,62.52196603,0.620617,high_pressure,80,602199
4.026025000208845,97027.293933,97.027293933,0.62352,high_pressure,80,602417
4.027037000208987,137320.443099,137.320443099,0.626441,high_pressure,80,602649
4.0280450002091275,183011.17173,183.01117173,0.62938,high_pressure,80,602888
4.029035000209266,199867.85339,199.86785339,0.630394,high_pressure,80,603120
4.0298120002093745,200000.264041,200.00026404099998,0.630403,high_pressure,80,603311
4.03085500020952,152145.829326,152.145829326,0.627457,low_pressure,80,603553
4.03185600020966,109705.193613,109.70519361299999,0.62453,low_pressure,80,603785
4.032864000209801,73010.823804,73.010823804,0.621622,low_pressure,80,604010
4.033841000209938,42515.576037,42.515576037,0.618731,low_pressure,80,604221
4.034866000210081,18940.196958,18.940196958,0.615858,low_pressure,80,604432
4.03586400021022,5663.507106,5.663507106,0.613496,low_pressure,80,604622
4.036844000210357,2670.95035,2.67095035,0.612687,low_pressure,80,604798
4.037881000210502,1742.35366,1.74235366,0.612365,low_pressure,80,604974
4.038854000210638,1359.852764,1.359852764,0.612216,low_pressure,80,605136
4.039847000210777,1179.562972,1.179562972,0.612142,low_pressure,80,605298
4.040842000210916,1087.956043,1.087956043,0.612105,low_pressure,80,605460
4.0418810002110614,1041.103163,1.041103163,0.612088,low_pressure,80,605629
4.042878000211201,1017.187126,1.017187126,0.61208,low_pressure,80,605791
4.043880000211341,1005.389216,1.005389216,0.612077,low_pressure,80,605960
4.044870000211479,998.724748,0.998724748,0.612076,low_pressure,80,606123
4.045843000211615,996.439127,0.996439127,0.612077,low_pressure,80,606285
4.046856000211757,996.154461,0.9961544609999999,0.612078,low_pressure,80,606454
4.047872000211899,996.62639,0.99662639,0.612079,low_pressure,80,606623
4.048845000212035,997.162226,0.997162226,0.61208,low_pressure,80,606785
4.049874000212179,997.651473,0.997651473,0.612081,low_pressure,80,606961
4.050847000212315,998.189837,0.998189837,0.612081,low_pressure,80,607123
4.051862000212457,998.622402,0.998622402,0.612082,low_pressure,80,607292
4.052872000212598,998.990192,0.9989901919999999,0.612082,low_pressure,80,607461
4.053845000212734,999.213938,0.999213938,0.612083,low_pressure,80,607623
4.054860000212876,999.191827,0.999191827,0.612083,low_pressure,80,607792
4.055368000212947,999.161161,0.999161161,0.612083,low_pressure,80,607884
4.056414000213093,13314.037671,13.314037671,0.614932,high_pressure,81,608084
4.057429000213235,34297.01049,34.29701049,0.617799,high_pressure,81,608295
4.058430000213375,62504.77407,62.504774069999996,0.620684,high_pressure,81,608513
4.059435000213515,97022.981519,97.022981519,0.623587,high_pressure,81,608738
4.060434000213655,137360.20197,137.36020197,0.626509,high_pressure,81,608970
4.061420000213793,183134.952003,183.13495200300002,0.629448,high_pressure,81,609202
4.06240500021393,199871.286681,199.871286681,0.630454,high_pressure,81,609434
4.063420000214072,199997.061995,199.997061995,0.630462,high_pressure,81,609673
4.06440500021421,199996.608067,199.99660806699998,0.630463,high_pressure,81,609905
4.064637000214242,200000.708568,200.000708568,0.630464,high_pressure,81,609970
4.065665000214386,152129.84166,152.12984166,0.627518,low_pressure,81,610212
4.066674000214527,109664.216435,109.664216435,0.624591,low_pressure,81,610444
4.067671000214666,72935.880724,72.935880724,0.621681,low_pressure,81,610669
4.068679000214807,42442.15192,42.44215191999999,0.61879,low_pressure,81,610887
4.069659000214944,18900.296753,18.900296753,0.615917,low_pressure,81,611091
4.070693000215089,5664.624686,5.664624686,0.613556,low_pressure,81,611288
4.0716790002152266,2665.625343,2.6656253430000003,0.612747,low_pressure,81,611464
4.072669000215365,1735.437455,1.735437455,0.612427,low_pressure,81,611633
4.073685000215507,1358.338375,1.358338375,0.612279,low_pressure,81,611802
4.074678000215646,1180.050618,1.1800506179999999,0.612205,low_pressure,81,611964
4.075658000215783,1088.840775,1.088840775,0.612168,low_pressure,81,612126
4.076699000215928,1042.300153,1.042300153,0.61215,low_pressure,81,612295
4.077694000216067,1019.00647,1.01900647,0.612142,low_pressure,81,612457
4.078687000216206,1006.586508,1.006586508,0.612139,low_pressure,81,612619
4.079683000216345,1000.783389,1.000783389,0.612138,low_pressure,81,612781
4.080681000216485,997.959902,0.9979599020000001,0.612138,low_pressure,81,612951
4.081676000216624,997.026932,0.997026932,0.612139,low_pressure,81,613120
4.082684000216765,997.348439,0.997348439,0.612139,low_pressure,81,613289
4.083696000216906,998.074415,0.998074415,0.61214,low_pressure,81,613458
4.084663000217041,998.510533,0.998510533,0.612141,low_pressure,81,613620
4.085697000217186,998.623237,0.998623237,0.612141,low_pressure,81,613796
4.086670000217322,998.832205,0.998832205,0.612141,low_pressure,81,613958
4.087667000217461,998.626425,0.9986264250000001,0.612142,low_pressure,81,614127
4.088683000217603,999.073923,0.9990739230000001,0.612142,low_pressure,81,614296
4.089699000217745,999.01686,0.99901686,0.612142,low_pressure,81,614465
4.09066500021788,999.224475,0.999224475,0.612143,low_pressure,81,614627
4.0916750002180216,999.42259,0.99942259,0.612143,low_pressure,81,614796
4.092691000218164,999.634064,0.999634064,0.612143,low_pressure,81,614965
4.0936640002183,999.424597,0.999424597,0.612143,low_pressure,81,615127
4.094112000218362,999.405357,0.999405357,0.612143,low_pressure,81,615212
4.095143000218506,13315.294356,13.315294356,0.614993,high_pressure,82,615405
4.096136000218645,34288.591468,34.288591468,0.617861,high_pressure,82,615609
4.097148000218787,62533.844366,62.533844366,0.620746,high_pressure,82,615827
4.098133000218924,97062.840744,97.062840744,0.623649,high_pressure,82,616045
4.099141000219065,137354.644468,137.354644468,0.626571,high_pressure,82,616277
4.100135000219204,183093.003465,183.09300346499998,0.629511,high_pressure,82,616509
4.1011250002193425,199871.936821,199.87193682100002,0.630519,high_pressure,82,616741
4.102145000219485,199988.811418,199.988811418,0.630527,high_pressure,82,616980
4.103132000219623,199983.924078,199.983924078,0.630529,high_pressure,82,617212
4.103545000219681,200000.028127,200.000028127,0.630529,high_pressure,82,617319
4.1045810002198255,152151.626908,152.151626908,0.627583,low_pressure,82,617561
4.105560000219962,109709.904176,109.709904176,0.624655,low_pressure,82,617786
4.1065770002201045,72987.302321,72.987302321,0.621745,low_pressure,82,618011
4.107568000220243,42489.224766,42.489224766,0.618854,low_pressure,82,618222
4.108593000220386,18923.696306,18.923696306,0.61598,low_pressure,82,618433
4.109562000220522,5673.993545,5.673993545,0.613617,low_pressure,82,618616
4.110596000220666,2668.868642,2.668868642,0.612806,low_pressure,82,618799
4.111595000220806,1736.240347,1.7362403469999999,0.612485,low_pressure,82,618968
4.112568000220942,1358.04066,1.35804066,0.612337,low_pressure,82,619130
4.113584000221084,1178.556672,1.178556672,0.612264,low_pressure,82,619299
4.114570000221222,1088.811004,1.0888110039999999,0.612227,low_pressure,82,619461
4.115567000221361,1042.776206,1.042776206,0.612209,low_pressure,82,619623
4.1165630002215,1018.223223,1.018223223,0.612201,low_pressure,82,619785
4.11756000022164,1006.43466,1.00643466,0.612198,low_pressure,82,619947
4.118600000221785,1000.240788,1.000240788,0.612197,low_pressure,82,620116
4.119571000221921,997.891043,0.997891043,0.612197,low_pressure,82,620279
4.12056500022206,997.775762,0.997775762,0.612198,low_pressure,82,620448
4.121581000222202,997.953771,0.9979537709999999,0.612198,low_pressure,82,620617
4.122597000222344,998.084916,0.998084916,0.612199,low_pressure,82,620786
4.123563000222479,998.557095,0.998557095,0.612199,low_pressure,82,620948
4.12457100022262,998.537655,0.998537655,0.6122,low_pressure,82,621117
4.125585000222761,998.797896,0.998797896,0.6122,low_pressure,82,621286
4.126583000222901,998.886134,0.9988861339999999,0.6122,low_pressure,82,621455
4.127595000223042,999.124124,0.9991241240000001,0.612201,low_pressure,82,621624
4.128568000223178,999.322629,0.999322629,0.612201,low_pressure,82,621786
4.12957800022332,999.276929,0.999276929,0.612201,low_pressure,82,621955
4.130588000223461,999.494369,0.999494369,0.612201,low_pressure,82,622124
4.13080000022349,999.444267,0.999444267,0.612201,low_pressure,82,622167
4.131823000223633,13324.21403,13.324214029999998,0.615051,high_pressure,83,622360
4.1328260002237736,34312.975602,34.312975602,0.617919,high_pressure,83,622571
4.133830000223914,62557.243463,62.557243463,0.620805,high_pressure,83,622789
4.134835000224054,97106.311673,97.10631167300001,0.623709,high_pressure,83,623014
4.1358450002241955,137405.2073,137.4052073,0.626631,high_pressure,83,623246
4.136850000224336,183136.130314,183.136130314,0.629571,high_pressure,83,623485
4.137840000224474,199868.08278,199.86808278,0.630578,high_pressure,83,623717
4.138680000224592,200000.058846,200.000058846,0.630586,high_pressure,83,623922
4.139705000224735,152141.415388,152.14141538799998,0.62764,low_pressure,83,624164
4.140714000224876,109708.52931,109.70852931,0.624712,low_pressure,83,624396
4.1417110002250155,72983.790815,72.983790815,0.621802,low_pressure,83,624621
4.142719000225156,42482.212084,42.482212084,0.61891,low_pressure,83,624839
4.143709000225295,18914.886666,18.914886665999997,0.616036,low_pressure,83,625043
4.144706000225434,5665.889144,5.665889143999999,0.613674,low_pressure,83,625233
4.145727000225577,2665.692114,2.665692114,0.612865,low_pressure,83,625416
4.146728000225717,1738.052818,1.7380528179999999,0.612544,low_pressure,83,625592
4.147702000225853,1359.654042,1.3596540419999998,0.612395,low_pressure,83,625754
4.148692000225991,1180.503735,1.180503735,0.612322,low_pressure,83,625916
4.1497240002261355,1091.028133,1.091028133,0.612284,low_pressure,83,626085
4.150720000226275,1043.044541,1.043044541,0.612266,low_pressure,83,626247
4.151706000226413,1018.350807,1.018350807,0.612258,low_pressure,83,626409
4.15268800022655,1005.973845,1.005973845,0.612254,low_pressure,83,626571
4.153726000226695,999.788286,0.999788286,0.612254,low_pressure,83,626741
4.154698000226831,997.537664,0.997537664,0.612254,low_pressure,83,626903
4.155708000226972,997.127296,0.997127296,0.612255,low_pressure,83,627072
4.156716000227113,997.015077,0.997015077,0.612256,low_pressure,83,627241
4.157725000227254,997.176464,0.997176464,0.612257,low_pressure,83,627410
4.15869900022739,997.823605,0.997823605,0.612257,low_pressure,83,627572
4.15969900022753,998.289308,0.998289308,0.612258,low_pressure,83,627741
4.160714000227672,998.928236,0.998928236,0.612258,low_pressure,83,627910
4.161729000227814,998.94627,0.99894627,0.612259,low_pressure,83,628079
4.162700000227949,999.206726,0.999206726,0.612259,low_pressure,83,628241
4.163716000228091,999.365661,0.999365661,0.612259,low_pressure,83,628410
4.164689000228227,999.245032,0.999245032,0.612259,low_pressure,83,628572
4.165689000228367,999.428549,0.999428549,0.612259,low_pressure,83,628741
4.166704000228509,999.231882,0.999231882,0.61226,low_pressure,83,628910
4.167339000228598,999.182647,0.9991826469999999,0.61226,low_pressure,83,629023
4.1684110002287476,13316.858189,13.316858189000001,0.61511,high_pressure,84,629223
4.169392000228885,34325.78581,34.32578581,0.617979,high_pressure,84,629427
4.170397000229025,62642.221858,62.642221858,0.620865,high_pressure,84,629645
4.171390000229164,97257.956732,97.25795673200001,0.623769,high_pressure,84,629870
4.172400000229305,137665.071812,137.665071812,0.626691,high_pressure,84,630102
4.1733900002294435,183510.653162,183.510653162,0.629632,high_pressure,84,630334
4.174380000229582,199873.409739,199.87340973899998,0.630615,high_pressure,84,630566
4.175385000229722,199998.405857,199.998405857,0.630624,high_pressure,84,630805
4.176405000229865,199994.768084,199.99476808400001,0.630626,high_pressure,84,631044
4.176855000229928,200000.205792,200.000205792,0.630627,high_pressure,84,631158
4.177910000230075,152102.741152,152.102741152,0.62768,low_pressure,84,631407
4.178887000230212,109609.764615,109.60976461499999,0.624751,low_pressure,84,631632
4.179907000230354,72850.568606,72.850568606,0.621841,low_pressure,84,631864
4.180915000230495,42324.84014,42.32484014,0.618949,low_pressure,84,632082
4.181900000230633,18783.162079,18.783162079,0.616075,low_pressure,84,632286
4.182900000230773,5629.321709,5.629321709,0.613723,low_pressure,84,632476
4.183923000230916,2650.604867,2.650604867,0.61292,low_pressure,84,632659
4.1849010002310525,1730.920023,1.730920023,0.612602,low_pressure,84,632828
4.185918000231195,1355.93997,1.3559399699999999,0.612455,low_pressure,84,632997
4.186903000231332,1177.445687,1.1774456869999999,0.612382,low_pressure,84,633159
4.187921000231475,1088.705103,1.0887051030000001,0.612345,low_pressure,84,633328
4.188917000231614,1042.937788,1.042937788,0.612327,low_pressure,84,633490
4.1899090002317525,1017.072952,1.017072952,0.612319,low_pressure,84,633652
4.190886000231889,1004.523901,1.004523901,0.612317,low_pressure,84,633814
4.191921000232034,999.578204,0.9995782040000001,0.612316,low_pressure,84,633984
4.19289500023217,997.326304,0.997326304,0.612317,low_pressure,84,634146
4.193909000232312,996.74344,0.9967434399999999,0.612317,low_pressure,84,634315
4.194916000232452,996.965508,0.996965508,0.612318,low_pressure,84,634484
4.195889000232588,997.604645,0.997604645,0.612319,low_pressure,84,634646
4.19690400023273,997.904511,0.997904511,0.61232,low_pressure,84,634815
4.19790400023287,998.217839,0.998217839,0.61232,low_pressure,84,634984
4.198920000233012,998.616018,0.9986160180000001,0.612321,low_pressure,84,635153
4.199893000233148,998.964387,0.998964387,0.612321,low_pressure,84,635315
4.200899000233289,998.938027,0.998938027,0.612321,low_pressure,84,635484
4.2019140002334305,999.244338,0.999244338,0.612322,low_pressure,84,635653
4.2028870002335665,999.490268,0.999490268,0.612322,low_pressure,84,635815
4.203887000233706,999.520973,0.999520973,0.612322,low_pressure,84,635984
4.204902000233848,999.340787,0.999340787,0.612322,low_pressure,84,636153
4.20591800023399,999.220401,0.9992204010000001,0.612322,low_pressure,84,636322
4.20684700023412,999.451838,0.9994518379999999,0.612323,low_pressure,84,636484
4.2078730002342635,13335.38394,13.33538394,0.615173,high_pressure,85,636677
4.208892000234406,34342.632582,34.342632582,0.618042,high_pressure,85,636888
4.209887000234545,62643.935501,62.643935501,0.620929,high_pressure,85,637106
4.210891000234685,97250.608711,97.250608711,0.623833,high_pressure,85,637331
4.211897000234826,137637.551245,137.637551245,0.626756,high_pressure,85,637563
4.212885000234964,183475.920127,183.475920127,0.629697,high_pressure,85,637795
4.2138900002351045,199874.938151,199.874938151,0.630682,high_pressure,85,638034
4.214610000235205,200000.194926,200.000194926,0.63069,high_pressure,85,638211
4.215655000235351,152071.98086,152.07198086,0.627743,low_pressure,85,638453
4.2166370002354885,109564.170025,109.564170025,0.624814,low_pressure,85,638678
4.2176460002356295,72828.570257,72.828570257,0.621903,low_pressure,85,638903
4.2186400002357685,42308.851776,42.308851776000004,0.619011,low_pressure,85,639121
4.219670000235912,18781.936431,18.781936431,0.616136,low_pressure,85,639332
4.220671000236052,5625.910513,5.625910513,0.613784,low_pressure,85,639522
4.22165600023619,2650.84742,2.65084742,0.612982,low_pressure,85,639698
4.222643000236328,1730.864416,1.730864416,0.612664,low_pressure,85,639867
4.2236770002364725,1356.253299,1.356253299,0.612517,low_pressure,85,640043
4.224651000236609,1179.749983,1.179749983,0.612444,low_pressure,85,640205
4.225642000236747,1088.508575,1.088508575,0.612407,low_pressure,85,640367
4.226636000236886,1040.579083,1.0405790830000001,0.612389,low_pressure,85,640529
4.227674000237031,1016.57244,1.01657244,0.612381,low_pressure,85,640698
4.22866700023717,1005.342446,1.005342446,0.612379,low_pressure,85,640860
4.229655000237308,999.655971,0.999655971,0.612378,low_pressure,85,641023
4.230643000237446,997.042907,0.997042907,0.612379,low_pressure,85,641192
4.231651000237587,996.337636,0.996337636,0.61238,low_pressure,85,641361
4.232659000237728,997.022661,0.9970226609999999,0.612381,low_pressure,85,641530
4.233648000237866,997.423541,0.997423541,0.612381,low_pressure,85,641699
4.234654000238007,998.079615,0.998079615,0.612382,low_pressure,85,641868
4.235654000238147,998.103593,0.9981035930000001,0.612382,low_pressure,85,642037
4.2366760002382895,998.764955,0.998764955,0.612383,low_pressure,85,642213
4.237641000238424,999.01647,0.99901647,0.612383,low_pressure,85,642375
4.238649000238565,998.951879,0.9989518789999999,0.612384,low_pressure,85,642544
4.2396520002387055,999.025037,0.999025037,0.612384,low_pressure,85,642713
4.240652000238845,999.059869,0.9990598690000001,0.612384,low_pressure,85,642882
4.2416550002389855,998.944168,0.998944168,0.612384,low_pressure,85,643051
4.242033000239038,998.818743,0.9988187430000001,0.612384,low_pressure,85,643122
4.243067000239183,13360.314038,13.360314038,0.615236,high_pressure,86,643322
4.2440450002393195,34418.44541,34.41844541,0.618105,high_pressure,86,643526
4.245046000239459,62763.344827,62.763344827,0.620992,high_pressure,86,643744
4.2460490002396,97432.616226,97.432616226,0.623897,high_pressure,86,643969
4.247045000239739,137879.489803,137.879489803,0.62682,high_pressure,86,644201
4.24805500023988,183817.50159,183.81750159,0.629761,high_pressure,86,644440
4.2490530002400195,199880.229968,199.880229968,0.630725,high_pressure,86,644679
4.250065000240161,199998.18603,199.99818603,0.630733,high_pressure,86,644918
4.251050000240299,199995.70016,199.99570016,0.630735,high_pressure,86,645157
4.25141500024035,199988.174206,199.988174206,0.630735,high_pressure,86,645257
4.252445000240494,152028.87491,152.02887491,0.627788,low_pressure,86,645499
4.253450000240634,109508.216719,109.508216719,0.624859,low_pressure,86,645731
4.254452000240774,72746.876222,72.74687622200001,0.621948,low_pressure,86,645956
4.255457000240915,42211.584954,42.211584953999996,0.619055,low_pressure,86,646174
4.256459000241055,18682.393927,18.682393927,0.61618,low_pressure,86,646385
4.257456000241194,5586.43299,5.5864329900000005,0.613838,low_pressure,86,646575
4.258447000241333,2644.015742,2.644015742,0.61304,low_pressure,86,646751
4.25943300024147,1726.331177,1.726331177,0.612724,low_pressure,86,646920
4.260447000241612,1351.37682,1.35137682,0.612578,low_pressure,86,647089
4.261468000241755,1175.597857,1.175597857,0.612506,low_pressure,86,647258
4.262441000241891,1086.795264,1.086795264,0.61247,low_pressure,86,647420
4.26343500024203,1041.060562,1.041060562,0.612453,low_pressure,86,647582
4.264431000242169,1016.996741,1.016996741,0.612445,low_pressure,86,647744
4.265455000242312,1004.462618,1.004462618,0.612442,low_pressure,86,647913
4.26643900024245,999.689497,0.999689497,0.612442,low_pressure,86,648076
4.2674460002425905,997.302102,0.997302102,0.612442,low_pressure,86,648245
4.268431000242728,996.491159,0.9964911590000001,0.612443,low_pressure,86,648414
4.269440000242869,996.673241,0.996673241,0.612444,low_pressure,86,648590
4.270466000243013,997.449814,0.997449814,0.612445,low_pressure,86,648773
4.271429000243147,997.916938,0.9979169379999999,0.612445,low_pressure,86,648935
4.272439000243288,998.406461,0.9984064610000001,0.612446,low_pressure,86,649111
4.273429000243427,998.418042,0.9984180420000001,0.612446,low_pressure,86,649280
4.274458000243571,998.722323,0.998722323,0.612447,low_pressure,86,649456
4.2754660002437115,998.835026,0.998835026,0.612447,low_pressure,86,649625
4.2764320002438465,999.020097,0.9990200969999999,0.612447,low_pressure,86,649787
4.277439000243987,998.968985,0.998968985,0.612448,low_pressure,86,649956
4.278447000244128,999.019707,0.9990197070000001,0.612448,low_pressure,86,650125
4.278867000244187,999.094104,0.999094104,0.612448,low_pressure,86,650203
4.279915000244333,13367.928069,13.367928069,0.6153,high_pressure,87,650403
4.2808960002444705,34436.539163,34.436539163,0.618169,high_pressure,87,650607
4.281925000244614,62807.476077,62.807476077,0.621057,high_pressure,87,650832
4.282918000244753,97462.802411,97.462802411,0.623962,high_pressure,87,651057
4.283921000244893,137900.863334,137.900863334,0.626885,high_pressure,87,651289
4.28490000024503,183838.265187,183.83826518700002,0.629827,high_pressure,87,651521
4.285912000245172,199880.285153,199.88028515300002,0.630791,high_pressure,87,651760
4.286910000245311,199999.518244,199.999518244,0.630799,high_pressure,87,651999
4.2879000002454495,199997.40281,199.99740281,0.6308,high_pressure,87,652231
4.2880500002454705,200000.368525,200.000368525,0.6308,high_pressure,87,652275
4.289075000245614,152052.685391,152.052685391,0.627852,low_pressure,87,652524
4.290077000245754,109546.380881,109.546380881,0.624923,low_pressure,87,652756
4.291079000245894,72794.551129,72.794551129,0.622012,low_pressure,87,652981
4.292087000246035,42261.268632,42.261268632,0.619118,low_pressure,87,653199
4.293082000246174,18701.982888,18.701982888,0.616243,low_pressure,87,653410
4.294069000246312,5589.715615,5.589715615,0.6139,low_pressure,87,653600
4.295092000246455,2645.449896,2.645449896,0.613102,low_pressure,87,653783
4.296078000246593,1727.345962,1.727345962,0.612785,low_pressure,87,653952
4.297091000246734,1353.620185,1.353620185,0.612638,low_pressure,87,654121
4.298081000246873,1177.181264,1.1771812640000001,0.612566,low_pressure,87,654290
4.299074000247011,1087.217734,1.087217734,0.61253,low_pressure,87,654459
4.300080000247152,1041.175479,1.041175479,0.612512,low_pressure,87,654628
4.301075000247291,1016.94878,1.01694878,0.612504,low_pressure,87,654790
4.30206800024743,1004.885051,1.004885051,0.612501,low_pressure,87,654952
4.303097000247574,999.377497,0.999377497,0.612501,low_pressure,87,655122
4.304063000247709,996.952173,0.996952173,0.612501,low_pressure,87,655284
4.30507100024785,996.557091,0.996557091,0.612502,low_pressure,87,655453
4.306064000247988,997.141386,0.997141386,0.612503,low_pressure,87,655622
4.307072000248129,997.646304,0.997646304,0.612504,low_pressure,87,655791
4.3080820002482705,998.261028,0.998261028,0.612505,low_pressure,87,655967
4.30907900024841,998.684567,0.998684567,0.612505,low_pressure,87,656136
4.31008300024855,998.853757,0.998853757,0.612505,low_pressure,87,656305
4.311079000248689,999.180941,0.999180941,0.612506,low_pressure,87,656474
4.312072000248828,998.92238,0.99892238,0.612506,low_pressure,87,656643
4.31308700024897,998.745509,0.9987455089999999,0.612506,low_pressure,87,656812
4.314102000249112,998.897257,0.998897257,0.612507,low_pressure,87,656981
4.315064000249246,999.075991,0.999075991,0.612507,low_pressure,87,657143
4.315360000249288,999.141571,0.999141571,0.612507,low_pressure,87,657200
4.316371000249429,13376.568618,13.376568617999999,0.615359,high_pressure,88,657393
4.31737900024957,34498.353314,34.498353314,0.618229,high_pressure,88,657604
4.3183910002497115,62870.516165,62.870516165,0.621117,high_pressure,88,657829
4.31938400024985,97566.98924,97.56698924,0.624022,high_pressure,88,658054
4.32038500024999,138017.494968,138.01749496800002,0.626946,high_pressure,88,658286
4.321395000250131,183984.223967,183.984223967,0.629888,high_pressure,88,658525
4.32238800025027,199879.408111,199.879408111,0.630843,high_pressure,88,658764
4.323393000250411,199996.497231,199.99649723099998,0.630851,high_pressure,88,659003
4.324385000250549,199994.215199,199.994215199,0.630853,high_pressure,88,659242
4.324775000250604,200000.06933,200.00006933,0.630854,high_pressure,88,659342
4.325791000250746,152044.471034,152.044471034,0.627905,low_pressure,88,659584
4.326814000250889,109533.289566,109.53328956600001,0.624976,low_pressure,88,659823
4.327786000251025,72770.450516,72.770450516,0.622064,low_pressure,88,660041
4.328791000251165,42243.38519,42.24338519,0.61917,low_pressure,88,660259
4.329803000251307,18683.455158,18.683455158,0.616295,low_pressure,88,660470
4.330795000251445,5571.998982,5.571998982,0.613954,low_pressure,88,660660
4.331800000251586,2637.750334,2.6377503339999997,0.61316,low_pressure,88,660843
4.332806000251726,1722.919181,1.722919181,0.612845,low_pressure,88,661019
4.333806000251866,1349.470006,1.349470006,0.612699,low_pressure,88,661188
4.334786000252003,1174.530313,1.174530313,0.612628,low_pressure,88,661350
4.335810000252146,1085.197117,1.0851971169999999,0.612592,low_pressure,88,661519
4.336800000252285,1039.233904,1.039233904,0.612575,low_pressure,88,661681
4.337818000252427,1017.43628,1.01743628,0.612568,low_pressure,88,661850
4.338799000252564,1005.626421,1.005626421,0.612564,low_pressure,88,662012
4.339787000252702,999.904264,0.999904264,0.612564,low_pressure,88,662175
4.340826000252847,997.224795,0.9972247949999999,0.612564,low_pressure,88,662351
4.341792000252982,996.475127,0.9964751270000001,0.612565,low_pressure,88,662513
4.342799000253123,996.495808,0.996495808,0.612566,low_pressure,88,662682
4.343790000253262,997.147823,0.997147823,0.612567,low_pressure,88,662851
4.344789000253401,998.086158,0.998086158,0.612568,low_pressure,88,663020
4.345814000253545,998.778577,0.9987785770000001,0.612568,low_pressure,88,663196
4.346809000253684,998.924059,0.998924059,0.612569,low_pressure,88,663372
4.347818000253825,999.164395,0.999164395,0.612569,low_pressure,88,663541
4.348826000253966,999.219873,0.999219873,0.612569,low_pressure,88,663710
4.349800000254102,999.287937,0.9992879370000001,0.612569,low_pressure,88,663879
4.350808000254243,999.395443,0.999395443,0.61257,low_pressure,88,664048
4.351400000254325,999.283262,0.9992832620000001,0.61257,low_pressure,88,664154
4.352452000254472,13402.182445,13.402182445000001,0.615422,high_pressure,89,664354
4.3534610002546135,34560.530559,34.560530559,0.618292,high_pressure,89,664565
4.354462000254753,62954.882887,62.954882887,0.62118,high_pressure,89,664783
4.355452000254892,97641.68207,97.64168207,0.624086,high_pressure,89,665008
4.3564590002550325,138110.247466,138.110247466,0.627011,high_pressure,89,665240
4.357447000255171,184040.948589,184.040948589,0.629953,high_pressure,89,665479
4.358460000255312,199881.814602,199.881814602,0.630905,high_pressure,89,665718
4.359438000255449,199996.954219,199.996954219,0.630913,high_pressure,89,665950
4.36045000025559,199996.969464,199.996969464,0.630915,high_pressure,89,666189
4.360690000255624,200000.022012,200.000022012,0.630915,high_pressure,89,666254
4.361715000255767,152076.32334,152.07632334000002,0.627967,low_pressure,89,666496
4.362722000255908,109566.124322,109.56612432200001,0.625037,low_pressure,89,666728
4.363723000256048,72801.453633,72.801453633,0.622125,low_pressure,89,666953
4.364716000256187,42273.738081,42.273738081000005,0.619231,low_pressure,89,667171
4.3657380002563295,18705.815112,18.705815112,0.616355,low_pressure,89,667382
4.366713000256466,5579.64793,5.57964793,0.614013,low_pressure,89,667572
4.367737000256609,2631.355294,2.631355294,0.613218,low_pressure,89,667755
4.368712000256745,1721.383933,1.721383933,0.612905,low_pressure,89,667924
4.369725000256887,1348.587304,1.3485873039999998,0.612759,low_pressure,89,668100
4.37074700025703,1173.826604,1.173826604,0.612688,low_pressure,89,668269
4.371742000257169,1086.817996,1.086817996,0.612652,low_pressure,89,668431
4.372733000257307,1041.138032,1.041138032,0.612635,low_pressure,89,668593
4.373725000257446,1017.847282,1.017847282,0.612627,low_pressure,89,668755
4.374714000257584,1006.856539,1.006856539,0.612623,low_pressure,89,668917
4.375729000257726,1001.247728,1.001247728,0.612622,low_pressure,89,669086
4.376726000257865,999.281442,0.999281442,0.612622,low_pressure,89,669256
4.377730000258006,998.291022,0.998291022,0.612623,low_pressure,89,669425
4.378727000258145,997.998101,0.997998101,0.612623,low_pressure,89,669594
4.379731000258285,997.948101,0.997948101,0.612624,low_pressure,89,669763
4.3807330002584255,998.522828,0.998522828,0.612624,low_pressure,89,669932
4.381721000258564,998.859532,0.998859532,0.612625,low_pressure,89,670108
4.382725000258704,999.09035,0.9990903499999999,0.612625,low_pressure,89,670277
4.383730000258844,999.185336,0.999185336,0.612625,low_pressure,89,670446
4.384736000258985,999.191237,0.999191237,0.612625,low_pressure,89,670615
4.385732000259124,999.37645,0.99937645,0.612626,low_pressure,89,670784
4.3859410002591535,999.325926,0.999325926,0.612626,low_pressure,89,670827
4.386952000259295,13437.28991,13.437289909999999,0.615478,high_pressure,90,671027
4.387984000259439,34595.745249,34.595745249,0.618349,high_pressure,90,671245
4.388966000259576,62974.34898,62.97434898,0.621237,high_pressure,90,671463
4.389966000259716,97705.173787,97.705173787,0.624144,high_pressure,90,671688
4.390981000259858,138222.647564,138.22264756400003,0.627068,high_pressure,90,671927
4.391967000259996,184166.865771,184.166865771,0.630011,high_pressure,90,672166
4.392966000260135,199885.479354,199.885479354,0.630956,high_pressure,90,672405
4.393967000260275,199999.483114,199.99948311400001,0.630964,high_pressure,90,672651
4.394980000260417,199997.368745,199.99736874500002,0.630966,high_pressure,90,672890
4.395160000260442,200000.059475,200.000059475,0.630966,high_pressure,90,672941
4.396204000260588,152069.904824,152.069904824,0.628017,low_pressure,90,673197
4.397212000260729,109546.209483,109.546209483,0.625086,low_pressure,90,673429
4.398207000260868,72759.80055,72.75980055,0.622174,low_pressure,90,673654
4.399200000261007,42232.519399,42.232519399,0.61928,low_pressure,90,673872
4.400187000261145,18656.486812,18.656486812,0.616404,low_pressure,90,674076
4.401210000261288,5560.663997,5.560663997,0.614065,low_pressure,90,674280
4.402195000261425,2626.945789,2.626945789,0.613274,low_pressure,90,674456
4.4031830002615635,1717.27423,1.71727423,0.612961,low_pressure,90,674625
4.404219000261708,1347.408426,1.3474084259999999,0.612817,low_pressure,90,674801
4.4051930002618445,1172.998451,1.172998451,0.612746,low_pressure,90,674963
4.406223000261988,1084.221234,1.0842212340000001,0.61271,low_pressure,90,675132
4.407195000262124,1039.907029,1.0399070289999999,0.612693,low_pressure,90,675294
4.408194000262264,1016.328294,1.016328294,0.612686,low_pressure,90,675463
4.409208000262406,1004.465651,1.004465651,0.612683,low_pressure,90,675632
4.410190000262543,999.673559,0.999673559,0.612683,low_pressure,90,675802
4.411186000262682,997.962205,0.997962205,0.612683,low_pressure,90,675971
4.412208000262825,997.264924,0.997264924,0.612684,low_pressure,90,676154
4.413194000262963,997.675627,0.997675627,0.612684,low_pressure,90,676323
4.414192000263102,997.849221,0.997849221,0.612685,low_pressure,90,676492
4.4151950002632425,998.258868,0.998258868,0.612686,low_pressure,90,676661
4.416194000263382,998.625569,0.998625569,0.612686,low_pressure,90,676830
4.417192000263522,998.918037,0.998918037,0.612686,low_pressure,90,676999
4.418192000263661,998.917616,0.998917616,0.612687,low_pressure,90,677168
4.419192000263801,999.020528,0.999020528,0.612687,low_pressure,90,677337
4.420201000263942,999.166806,0.999166806,0.612687,low_pressure,90,677513
4.420856000264034,999.165222,0.999165222,0.612687,low_pressure,90,677633
4.4218910002641785,13446.132575,13.446132575,0.615541,high_pressure,91,677833
4.42290100026432,34611.283273,34.611283273,0.618411,high_pressure,91,678044
4.42390200026446,63036.289978,63.036289978,0.6213,high_pressure,91,678262
4.424897000264599,97761.890921,97.761890921,0.624207,high_pressure,91,678487
4.425877000264736,138264.710513,138.264710513,0.627132,high_pressure,91,678712
4.426893000264878,184194.91646,184.19491646,0.630075,high_pressure,91,678951
4.427880000265016,199886.718369,199.88671836900002,0.631018,high_pressure,91,679183
4.428883000265156,199998.118671,199.99811867100001,0.631025,high_pressure,91,679422
4.4298750002652945,199997.655623,199.99765562299999,0.631027,high_pressure,91,679661
4.430205000265341,200000.212014,200.000212014,0.631027,high_pressure,91,679747
4.431225000265483,152057.084829,152.057084829,0.628078,low_pressure,91,679989
4.432237000265625,109540.460644,109.540460644,0.625147,low_pressure,91,680221
4.433241000265765,72754.186603,72.754186603,0.622234,low_pressure,91,680446
4.434237000265904,42227.906107,42.227906107,0.61934,low_pressure,91,680664
4.4352270002660426,18658.581124,18.658581124,0.616463,low_pressure,91,680868
4.4362350002661834,5561.199385,5.561199385,0.614125,low_pressure,91,681065
4.437219000266321,2627.648904,2.627648904,0.613333,low_pressure,91,681241
4.438250000266465,1716.51857,1.7165185699999999,0.61302,low_pressure,91,681417
4.4392470002666045,1346.510604,1.346510604,0.612876,low_pressure,91,681586
4.440225000266741,1173.345346,1.173345346,0.612805,low_pressure,91,681748
4.44121600026688,1086.013232,1.086013232,0.612769,low_pressure,91,681917
4.442230000267021,1041.335149,1.041335149,0.612752,low_pressure,91,682086
4.44322200026716,1017.869007,1.017869007,0.612744,low_pressure,91,682248
4.444251000267304,1006.117503,1.006117503,0.612741,low_pressure,91,682417
4.4452280002674405,1000.736987,1.000736987,0.61274,low_pressure,91,682579
4.446238000267582,998.927571,0.998927571,0.61274,low_pressure,91,682749
4.447247000267723,998.608263,0.9986082629999999,0.61274,low_pressure,91,682918
4.448214000267858,998.152585,0.998152585,0.612741,low_pressure,91,683080
4.449226000267999,998.293506,0.998293506,0.612741,low_pressure,91,683249
4.45023100026814,998.437107,0.998437107,0.612742,low_pressure,91,683425
4.451248000268282,998.515343,0.998515343,0.612742,low_pressure,91,683601
4.452214000268417,998.892866,0.998892866,0.612742,low_pressure,91,683763
4.453223000268558,998.967009,0.998967009,0.612743,low_pressure,91,683932
4.453937000268658,998.819241,0.9988192410000001,0.612743,low_pressure,91,684059
4.454995000268806,13439.937029,13.439937029000001,0.615596,high_pressure,92,684259
4.455987000268944,34636.936852,34.636936852,0.618468,high_pressure,92,684470
4.456972000269082,63090.065455,63.090065455,0.621357,high_pressure,92,684688
4.457968000269221,97878.024534,97.87802453399999,0.624264,high_pressure,92,684913
4.458972000269362,138488.743125,138.488743125,0.627189,high_pressure,92,685145
4.459971000269501,184519.733917,184.519733917,0.630133,high_pressure,92,685384
4.4609890002696435,199888.717072,199.888717072,0.631055,high_pressure,92,685630
4.4617760002697535,200000.048848,200.000048848,0.631062,high_pressure,92,685828
4.462810000269898,151990.494106,151.990494106,0.628113,low_pressure,92,686070
4.463814000270038,109431.004617,109.431004617,0.625182,low_pressure,92,686302
4.464814000270178,72632.630398,72.63263039799999,0.622269,low_pressure,92,686527
4.465822000270319,42105.808232,42.105808232,0.619374,low_pressure,92,686752
4.466801000270456,18533.823645,18.533823645000002,0.616497,low_pressure,92,686956
4.467791000270594,5520.032509,5.520032509,0.614169,low_pressure,92,687146
4.468810000270737,2617.05915,2.6170591500000002,0.613384,low_pressure,92,687329
4.469800000270875,1713.24216,1.71324216,0.613072,low_pressure,92,687498
4.470824000271018,1345.937978,1.345937978,0.612929,low_pressure,92,687674
4.471827000271158,1173.563865,1.173563865,0.612858,low_pressure,92,687843
4.472813000271296,1086.35724,1.0863572400000001,0.612822,low_pressure,92,688005
4.473813000271436,1040.603257,1.040603257,0.612805,low_pressure,92,688174
4.474796000271573,1017.236214,1.017236214,0.612797,low_pressure,92,688336
4.475813000271716,1005.851164,1.005851164,0.612794,low_pressure,92,688505
4.476791000271852,999.966147,0.999966147,0.612793,low_pressure,92,688668
4.477822000271996,997.406531,0.997406531,0.612793,low_pressure,92,688844
4.478818000272136,997.196471,0.997196471,0.612794,low_pressure,92,689013
4.479814000272275,997.387868,0.997387868,0.612795,low_pressure,92,689189
4.4808060002724135,997.738614,0.997738614,0.612796,low_pressure,92,689358
4.481810000272554,998.104316,0.998104316,0.612796,low_pressure,92,689527
4.482824000272696,998.55223,0.99855223,0.612797,low_pressure,92,689703
4.483809000272833,998.956979,0.998956979,0.612797,low_pressure,92,689872
4.484812000272973,999.084657,0.999084657,0.612798,low_pressure,92,690041
4.485820000273114,999.377711,0.999377711,0.612798,low_pressure,92,690210
4.4868230002732545,999.304689,0.999304689,0.612798,low_pressure,92,690379
4.487369000273331,999.319698,0.999319698,0.612798,low_pressure,92,690478
4.488403000273475,13447.204153,13.447204153000001,0.615652,high_pressure,93,690678
4.489387000273613,34642.373787,34.642373787,0.618524,high_pressure,93,690889
4.490391000273753,63115.499539,63.115499539,0.621413,high_pressure,93,691114
4.491391000273893,97940.790473,97.940790473,0.624321,high_pressure,93,691339
4.492395000274033,138564.729997,138.564729997,0.627246,high_pressure,93,691571
4.493385000274172,184661.618874,184.661618874,0.63019,high_pressure,93,691803
4.494391000274312,199860.95057,199.86095057,0.631104,high_pressure,93,692049
4.4954010002744536,199985.864227,199.985864227,0.631111,high_pressure,93,692288
4.496382000274591,199973.911651,199.973911651,0.631113,high_pressure,93,692520
4.496828000274653,200000.318335,200.000318335,0.631113,high_pressure,93,692634
4.4978400002747945,151971.260647,151.97126064699998,0.628164,low_pressure,93,692876
4.4988560002749365,109385.327836,109.385327836,0.625232,low_pressure,93,693115
4.499859000275077,72576.220024,72.576220024,0.622319,low_pressure,93,693340
4.5008590002752165,42032.96044,42.032960440000004,0.619424,low_pressure,93,693558
4.501845000275354,18491.912003,18.491912003000003,0.616547,low_pressure,93,693762
4.502852000275495,5506.713005,5.506713005,0.614222,low_pressure,93,693959
4.503877000275638,2610.649794,2.610649794,0.613439,low_pressure,93,694142
4.504868000275777,1710.439952,1.710439952,0.613129,low_pressure,93,694311
4.505841000275913,1344.517237,1.344517237,0.612986,low_pressure,93,694473
4.506864000276056,1173.618255,1.173618255,0.612915,low_pressure,93,694642
4.507855000276194,1085.909939,1.085909939,0.612879,low_pressure,93,694804
4.508845000276333,1040.036644,1.040036644,0.612862,low_pressure,93,694966
4.509860000276475,1016.306722,1.016306722,0.612855,low_pressure,93,695135
4.510849000276613,1004.759945,1.004759945,0.612852,low_pressure,93,695297
4.511867000276755,999.790554,0.999790554,0.612851,low_pressure,93,695467
4.512861000276894,998.035237,0.9980352370000001,0.612852,low_pressure,93,695636
4.513868000277035,997.451946,0.997451946,0.612852,low_pressure,93,695805
4.514868000277175,997.537878,0.9975378779999999,0.612853,low_pressure,93,695974
4.515854000277312,997.720994,0.997720994,0.612854,low_pressure,93,696143
4.516866000277454,998.152155,0.998152155,0.612854,low_pressure,93,696319
4.5178580002775925,998.732648,0.9987326480000001,0.612855,low_pressure,93,696488
4.518863000277733,998.915664,0.998915664,0.612855,low_pressure,93,696657
4.519855000277872,999.317542,0.999317542,0.612855,low_pressure,93,696826
4.520862000278012,999.29363,0.99929363,0.612856,low_pressure,93,696995
4.521872000278154,999.162174,0.9991621740000001,0.612856,low_pressure,93,697171
4.522877000278294,999.32853,0.99932853,0.612856,low_pressure,93,697340
4.523044000278317,999.233209,0.999233209,0.612856,low_pressure,93,697376
4.524076000278462,13444.659384,13.444659384000001,0.61571,high_pressure,94,697576
4.525086000278603,34645.31984,34.64531984,0.618582,high_pressure,94,697787
4.526086000278743,63161.290154,63.161290154,0.621472,high_pressure,94,698005
4.527064000278879,98009.430427,98.009430427,0.62438,high_pressure,94,698230
4.528080000279021,138648.101771,138.648101771,0.627306,high_pressure,94,698469
4.529085000279162,184768.690985,184.768690985,0.630251,high_pressure,94,698708
4.530080000279301,199894.853481,199.89485348099998,0.631157,high_pressure,94,698947
4.531081000279441,199998.955114,199.998955114,0.631165,high_pressure,94,699186
4.532082000279581,199997.803808,199.997803808,0.631166,high_pressure,94,699425
4.532800000279681,200000.016252,200.000016252,0.631166,high_pressure,94,699602
4.533810000279822,151952.050232,151.952050232,0.628216,low_pressure,94,699844
4.534825000279964,109336.203698,109.33620369799999,0.625284,low_pressure,94,700083
4.535827000280104,72527.978742,72.527978742,0.622371,low_pressure,94,700315
4.536828000280244,41993.483647,41.993483647,0.619475,low_pressure,94,700533
4.537810000280381,18445.575796,18.445575796,0.616598,low_pressure,94,700737
4.538840000280525,5490.93433,5.49093433,0.614277,low_pressure,94,700934
4.539810000280661,2602.312428,2.6023124280000003,0.613498,low_pressure,94,701110
4.540809000280801,1708.963144,1.7089631440000002,0.613189,low_pressure,94,701286
4.541845000280945,1345.309571,1.345309571,0.613046,low_pressure,94,701462
4.542812000281081,1173.858006,1.173858006,0.612975,low_pressure,94,701624
4.543850000281226,1086.978392,1.086978392,0.612939,low_pressure,94,701800
4.544817000281361,1042.16123,1.0421612299999998,0.612921,low_pressure,94,701962
4.545844000281504,1019.236666,1.019236666,0.612913,low_pressure,94,702131
4.54681600028164,1006.261907,1.0062619069999998,0.612909,low_pressure,94,702293
4.547845000281784,1000.994793,1.000994793,0.612909,low_pressure,94,702462
4.548813000281919,998.826689,0.9988266889999999,0.612909,low_pressure,94,702625
4.54982000028206,997.976466,0.997976466,0.612909,low_pressure,94,702794
4.550814000282199,998.010425,0.998010425,0.61291,low_pressure,94,702963
4.5518190002823395,998.347045,0.9983470449999999,0.61291,low_pressure,94,703132
4.552816000282479,998.297293,0.9982972929999999,0.612911,low_pressure,94,703301
4.553817000282619,998.599878,0.9985998779999999,0.612911,low_pressure,94,703470
4.55482500028276,998.926897,0.998926897,0.612912,low_pressure,94,703639
4.5558310002829,999.183668,0.999183668,0.612912,low_pressure,94,703808
4.556836000283041,999.271409,0.999271409,0.612912,low_pressure,94,703977
4.557842000283181,999.430277,0.9994302770000001,0.612912,low_pressure,94,704146
4.558387000283258,999.542465,0.999542465,0.612912,low_pressure,94,704245
4.559410000283401,13454.1763,13.454176299999999,0.615767,high_pressure,95,704445
4.560423000283542,34649.732851,34.649732851,0.618639,high_pressure,95,704656
4.561422000283682,63187.243606,63.187243606,0.621529,high_pressure,95,704874
4.562419000283821,98025.478289,98.025478289,0.624438,high_pressure,95,705099
4.563422000283961,138690.253381,138.690253381,0.627364,high_pressure,95,705331
4.5644150002841,184823.362023,184.823362023,0.630309,high_pressure,95,705570
4.565405000284239,199893.072058,199.893072058,0.631211,high_pressure,95,705802
4.56642000028438,199997.906981,199.997906981,0.631218,high_pressure,95,706048
4.56742100028452,199996.923568,199.996923568,0.63122,high_pressure,95,706294
4.567720000284562,200000.338886,200.000338886,0.63122,high_pressure,95,706373
4.568742000284705,151951.618663,151.951618663,0.62827,low_pressure,95,706622
4.569744000284845,109330.622099,109.330622099,0.625338,low_pressure,95,706854
4.570761000284987,72510.613183,72.51061318299999,0.622424,low_pressure,95,707086
4.571763000285127,41979.336042,41.979336042,0.619528,low_pressure,95,707311
4.572753000285266,18438.623908,18.438623908,0.61665,low_pressure,95,707522
4.573745000285404,5484.854291,5.4848542909999995,0.614331,low_pressure,95,707712
4.574767000285547,2600.707147,2.600707147,0.613552,low_pressure,95,707895
4.575751000285685,1708.858076,1.708858076,0.613243,low_pressure,95,708064
4.576752000285825,1343.100753,1.3431007529999999,0.6131,low_pressure,95,708233
4.577756000285965,1171.660944,1.1716609439999999,0.61303,low_pressure,95,708402
4.5787470002861035,1084.069291,1.084069291,0.612995,low_pressure,95,708571
4.579744000286243,1039.18605,1.03918605,0.612978,low_pressure,95,708733
4.580775000286387,1016.728414,1.0167284140000001,0.61297,low_pressure,95,708902
4.581769000286526,1005.257251,1.005257251,0.612967,low_pressure,95,709064
4.582765000286665,1000.399177,1.000399177,0.612967,low_pressure,95,709226
4.583753000286803,997.897577,0.9978975769999999,0.612967,low_pressure,95,709396
4.584747000286942,997.194998,0.9971949980000001,0.612968,low_pressure,95,709565
4.585755000287083,998.02894,0.9980289400000001,0.612968,low_pressure,95,709734
4.586754000287223,998.174081,0.998174081,0.612969,low_pressure,95,709903
4.587760000287363,998.324143,0.998324143,0.612969,low_pressure,95,710072
4.588765000287504,998.415612,0.9984156120000001,0.61297,low_pressure,95,710241
4.589768000287644,998.652924,0.9986529239999999,0.61297,low_pressure,95,710410
4.5907590002877825,999.033048,0.999033048,0.612971,low_pressure,95,710579
4.591764000287923,999.167472,0.999167472,0.612971,low_pressure,95,710748
4.592771000288064,999.133261,0.999133261,0.612971,low_pressure,95,710917
4.593737000288199,999.149678,0.999149678,0.612971,low_pressure,95,711079
4.593737000288199,999.145676,0.9991456759999999,0.612971,low_pressure,95,711087
4.594768000288343,13444.017993,13.444017993,0.615826,high_pressure,96,711280
4.595784000288485,34687.149996,34.687149996,0.618699,high_pressure,96,711491
4.596775000288623,63212.258945,63.212258945,0.62159,high_pressure,96,711709
4.597781000288764,98097.987966,98.097987966,0.624498,high_pressure,96,711934
4.598787000288905,138797.70384,138.79770384,0.627425,high_pressure,96,712166
4.599775000289043,184928.975176,184.928975176,0.63037,high_pressure,96,712398
4.600773000289182,199896.566646,199.896566646,0.631267,high_pressure,96,712637
4.601795000289325,199998.836309,199.998836309,0.631274,high_pressure,96,712883
4.6027850002894635,199996.146664,199.996146664,0.631275,high_pressure,96,713115
4.60326100028953,200000.108551,200.000108551,0.631276,high_pressure,96,713236
4.604300000289675,151950.112051,151.950112051,0.628325,low_pressure,96,713478
4.605302000289815,109334.385502,109.334385502,0.625393,low_pressure,96,713710
4.606309000289956,72482.143298,72.482143298,0.622478,low_pressure,96,713935
4.607284000290092,41941.803555,41.941803555,0.619582,low_pressure,96,714146
4.608307000290235,18396.182173,18.396182173,0.616704,low_pressure,96,714357
4.609285000290372,5468.639861,5.468639861,0.614388,low_pressure,96,714547
4.610298000290514,2597.73281,2.59773281,0.613612,low_pressure,96,714730
4.611285000290652,1706.747669,1.706747669,0.613304,low_pressure,96,714899
4.612310000290795,1342.487919,1.3424879189999999,0.613161,low_pressure,96,715075
4.613325000290937,1171.336922,1.171336922,0.613091,low_pressure,96,715244
4.614299000291073,1085.534911,1.0855349109999999,0.613056,low_pressure,96,715406
4.6153190002912154,1041.031903,1.0410319030000001,0.613038,low_pressure,96,715575
4.616303000291353,1017.889366,1.017889366,0.61303,low_pressure,96,715737
4.617324000291496,1006.789165,1.006789165,0.613027,low_pressure,96,715906
4.618313000291634,1001.106312,1.001106312,0.613026,low_pressure,96,716068
4.619325000291775,998.942604,0.998942604,0.613026,low_pressure,96,716238
4.620318000291914,997.949371,0.997949371,0.613026,low_pressure,96,716407
4.621317000292054,997.90552,0.99790552,0.613027,low_pressure,96,716576
4.622312000292193,997.982101,0.997982101,0.613028,low_pressure,96,716745
4.623303000292331,998.513861,0.9985138610000001,0.613028,low_pressure,96,716914
4.624309000292472,998.647169,0.998647169,0.613028,low_pressure,96,717083
4.625313000292612,998.896578,0.998896578,0.613029,low_pressure,96,717252
4.626314000292752,999.114761,0.9991147610000001,0.613029,low_pressure,96,717421
4.627321000292893,999.312699,0.999312699,0.613029,low_pressure,96,717590
4.628308000293031,999.256785,0.999256785,0.61303,low_pressure,96,717759
4.6292990002931695,999.214216,0.9992142159999999,0.61303,low_pressure,96,717928
4.629845000293246,999.064591,0.999064591,0.61303,low_pressure,96,718027
4.6309080002933944,13444.015721,13.444015721,0.615885,high_pressure,97,718234
4.63188000029353,34682.31899,34.68231899,0.618758,high_pressure,97,718438
4.632899000293673,63272.590967,63.272590967,0.621649,high_pressure,97,718663
4.63388400029381,98182.817982,98.18281798199999,0.624558,high_pressure,97,718888
4.63488100029395,138907.546667,138.907546667,0.627486,high_pressure,97,719120
4.635893000294091,185106.084468,185.10608446799998,0.630431,high_pressure,97,719359
4.636908000294233,199894.89193,199.89489193,0.631316,high_pressure,97,719605
4.637787000294356,200000.899557,200.000899557,0.631323,high_pressure,97,719824
4.6388200002945,151904.622445,151.90462244499997,0.628372,low_pressure,97,720073
4.63982000029464,109261.349273,109.261349273,0.625439,low_pressure,97,720305
4.640814000294779,72421.862394,72.421862394,0.622525,low_pressure,97,720530
4.641817000294919,41862.849492,41.862849492,0.619629,low_pressure,97,720748
4.6428270002950605,18327.672071,18.327672071000002,0.61675,low_pressure,97,720959
4.6438000002951965,5454.058894,5.454058894,0.614439,low_pressure,97,721149
4.64482500029534,2588.918419,2.588918419,0.613665,low_pressure,97,721332
4.645804000295477,1701.769955,1.701769955,0.613359,low_pressure,97,721501
4.646820000295619,1342.693593,1.342693593,0.613217,low_pressure,97,721670
4.647801000295756,1171.929876,1.1719298759999999,0.613147,low_pressure,97,721832
4.648820000295898,1085.65056,1.08565056,0.613112,low_pressure,97,722001
4.649827000296039,1040.74528,1.04074528,0.613094,low_pressure,97,722170
4.650816000296177,1017.781538,1.017781538,0.613086,low_pressure,97,722332
4.651825000296318,1006.158113,1.006158113,0.613083,low_pressure,97,722501
4.6528000002964545,1000.279782,1.000279782,0.613082,low_pressure,97,722663
4.653806000296595,997.819451,0.9978194509999999,0.613083,low_pressure,97,722833
4.6548180002967365,997.635623,0.997635623,0.613083,low_pressure,97,723009
4.6558340002968785,997.825157,0.997825157,0.613084,low_pressure,97,723185
4.656815000297016,998.095234,0.998095234,0.613085,low_pressure,97,723354
4.657822000297156,998.630234,0.998630234,0.613085,low_pressure,97,723523
4.658827000297297,998.432155,0.9984321549999999,0.613086,low_pressure,97,723692
4.659835000297438,998.79979,0.9987997900000001,0.613086,low_pressure,97,723861
4.660818000297575,999.091801,0.9990918010000001,0.613086,low_pressure,97,724030
4.661808000297714,999.144251,0.999144251,0.613087,low_pressure,97,724199
4.6621440002977605,999.045418,0.999045418,0.613087,low_pressure,97,724263
4.663189000297907,13460.886922,13.460886922,0.615942,high_pressure,98,724463
4.664191000298047,34749.767597,34.749767597,0.618816,high_pressure,98,724681
4.66521400029819,63335.831701,63.335831701000004,0.621707,high_pressure,98,724906
4.666187000298326,98258.188533,98.258188533,0.624616,high_pressure,98,725138
4.667210000298469,138990.631538,138.99063153799997,0.627544,high_pressure,98,725377
4.668191000298606,185219.421669,185.219421669,0.63049,high_pressure,98,725609
4.669202000298747,199898.993617,199.898993617,0.631369,high_pressure,98,725862
4.670188000298885,199995.881426,199.995881426,0.631376,high_pressure,98,726101
4.671195000299026,199997.191286,199.99719128599997,0.631377,high_pressure,98,726347
4.6716590002990905,200000.058039,200.000058039,0.631377,high_pressure,98,726468
4.672685000299234,151910.986545,151.910986545,0.628426,low_pressure,98,726717
4.673684000299374,109286.257723,109.286257723,0.625493,low_pressure,98,726949
4.674682000299513,72431.039145,72.431039145,0.622578,low_pressure,98,727181
4.675679000299652,41879.401827,41.879401827,0.619681,low_pressure,98,727399
4.6766740002997915,18328.802112,18.328802112,0.616803,low_pressure,98,727610
4.677687000299933,5446.085809,5.446085809,0.614493,low_pressure,98,727807
4.6786700003000705,2589.270234,2.5892702340000002,0.613719,low_pressure,98,727983
4.6797000003002145,1703.190771,1.703190771,0.613413,low_pressure,98,728159
4.680697000300354,1340.84071,1.34084071,0.613271,low_pressure,98,728328
4.68167000030049,1171.355908,1.171355908,0.613201,low_pressure,98,728490
4.682696000300633,1085.090522,1.085090522,0.613166,low_pressure,98,728659
4.68367300030077,1040.444583,1.040444583,0.613149,low_pressure,98,728821
4.684669000300909,1018.454455,1.018454455,0.613141,low_pressure,98,728983
4.685665000301048,1006.983046,1.006983046,0.613137,low_pressure,98,729145
4.68667700030119,1001.234281,1.0012342810000001,0.613136,low_pressure,98,729314
4.687689000301331,998.683006,0.9986830059999999,0.613136,low_pressure,98,729484
4.688697000301472,997.813665,0.997813665,0.613137,low_pressure,98,729653
4.689698000301612,997.76446,0.99776446,0.613138,low_pressure,98,729822
4.690706000301753,998.391997,0.9983919969999999,0.613138,low_pressure,98,729991
4.691672000301888,998.471921,0.9984719209999999,0.613139,low_pressure,98,730153
4.692705000302032,998.576689,0.998576689,0.613139,low_pressure,98,730329
4.6936650003021665,998.768979,0.998768979,0.613139,low_pressure,98,730491
4.694673000302307,999.114384,0.999114384,0.61314,low_pressure,98,730660
4.695596000302436,999.127988,0.9991279879999999,0.61314,low_pressure,98,730822
4.6966410003025825,13454.348966,13.454348966,0.615996,high_pressure,99,731022
4.697618000302719,34750.122243,34.750122243,0.61887,high_pressure,99,731226
4.698634000302861,63375.192761,63.375192761,0.621761,high_pressure,99,731451
4.699633000303001,98326.427675,98.326427675,0.624671,high_pressure,99,731676
4.70062700030314,139118.788342,139.11878834200002,0.627599,high_pressure,99,731908
4.701616000303278,185381.165173,185.381165173,0.630545,high_pressure,99,732147
4.702625000303419,199898.77832,199.89877832000002,0.631414,high_pressure,99,732400
4.703640000303561,199997.580999,199.997580999,0.631421,high_pressure,99,732639
4.704630000303699,199997.822278,199.997822278,0.631422,high_pressure,99,732871
4.704912000303739,200000.352323,200.000352323,0.631422,high_pressure,99,732950
4.705940000303882,151882.180203,151.882180203,0.628471,low_pressure,99,733206
4.706931000304021,109215.517371,109.21551737099999,0.625537,low_pressure,99,733438
4.70792700030416,72346.045465,72.346045465,0.622622,low_pressure,99,733663
4.7089320003043005,41800.593026,41.800593026,0.619725,low_pressure,99,733881
4.709944000304442,18270.401491,18.270401491,0.616846,low_pressure,99,734092
4.710939000304581,5430.999437,5.4309994370000005,0.614541,low_pressure,99,734282
4.711950000304722,2583.555116,2.583555116,0.61377,low_pressure,99,734465
4.71293300030486,1701.513296,1.7015132960000001,0.613465,low_pressure,99,734634
4.713945000305001,1341.093007,1.341093007,0.613323,low_pressure,99,734803
4.714923000305138,1170.514363,1.1705143630000001,0.613253,low_pressure,99,734965
4.7159430003052805,1085.129146,1.085129146,0.613218,low_pressure,99,735134
4.7169230003054174,1040.34709,1.04034709,0.613201,low_pressure,99,735296
4.71794000030556,1017.122983,1.017122983,0.613193,low_pressure,99,735465
4.718953000305701,1005.366254,1.0053662540000001,0.61319,low_pressure,99,735634
4.71994500030584,1000.453567,1.000453567,0.61319,low_pressure,99,735796
4.720952000305981,998.615191,0.998615191,0.61319,low_pressure,99,735966
4.721940000306119,997.576358,0.997576358,0.61319,low_pressure,99,736135
4.7229190003062556,997.68397,0.9976839700000001,0.613191,low_pressure,99,736304
4.7239540003064,998.076968,0.998076968,0.613192,low_pressure,99,736480
4.724946000306539,998.177066,0.998177066,0.613192,low_pressure,99,736649
4.72595300030668,998.627174,0.998627174,0.613193,low_pressure,99,736818
4.726950000306819,998.83543,0.99883543,0.613193,low_pressure,99,736987
4.727942000306958,999.2048,0.9992048,0.613193,low_pressure,99,737156
4.728943000307098,999.1368,0.9991368,0.613194,low_pressure,99,737325
4.729946000307238,999.427468,0.9994274679999999,0.613194,low_pressure,99,737494
4.730922000307374,999.49229,0.9994922900000001,0.613194,low_pressure,99,737663
4.731549000307462,999.45907,0.99945907,0.613194,low_pressure,99,737776
4.732558000307603,13474.598556,13.474598556,0.61605,high_pressure,100,737969
4.7335780003077454,34773.902607,34.773902607000004,0.618925,high_pressure,100,738180
4.734582000307886,63407.850423,63.407850423000006,0.621817,high_pressure,100,738398
4.735568000308024,98402.502711,98.402502711,0.624727,high_pressure,100,738623
4.736578000308165,139227.230326,139.22723032599998,0.627655,high_pressure,100,738855
4.737575000308304,185534.261059,185.53426105900002,0.630602,high_pressure,100,739101
4.738560000308442,199900.945268,199.90094526800002,0.63146,high_pressure,100,739333
4.739570000308583,199997.992171,199.997992171,0.631467,high_pressure,100,739572
4.740580000308724,199995.585302,199.995585302,0.631469,high_pressure,100,739811
4.741030000308787,200000.013446,200.000013446,0.63147,high_pressure,100,739925
4.742065000308932,151865.518551,151.86551855099998,0.628518,low_pressure,100,740167
4.7430790003090735,109176.335436,109.17633543599999,0.625584,low_pressure,100,740399
4.744084000309214,72288.694568,72.28869456800001,0.622669,low_pressure,100,740624
4.745085000309354,41728.387954,41.728387954,0.619772,low_pressure,100,740842
4.7460840003094935,18224.279124,18.224279124,0.616892,low_pressure,100,741046
4.747082000309633,5414.639684,5.414639684,0.614592,low_pressure,100,741236
4.74806200030977,2581.364646,2.581364646,0.613824,low_pressure,100,741412
4.749075000309912,1698.309691,1.698309691,0.613519,low_pressure,100,741588
4.750060000310049,1337.069199,1.337069199,0.613378,low_pressure,100,741757
4.751076000310191,1168.011636,1.168011636,0.613309,low_pressure,100,741926
4.752100000310334,1083.047926,1.0830479259999999,0.613274,low_pressure,100,742095
4.7530950003104735,1039.93007,1.0399300699999998,0.613258,low_pressure,100,742257
4.754092000310613,1016.990513,1.0169905129999999,0.61325,low_pressure,100,742419
4.755081000310751,1005.431152,1.005431152,0.613247,low_pressure,100,742581
4.756060000310888,1000.151368,1.000151368,0.613246,low_pressure,100,742743
4.757068000311029,998.281429,0.998281429,0.613246,low_pressure,100,742913
4.75807600031117,997.939816,0.9979398159999999,0.613247,low_pressure,100,743082
4.759084000311311,997.697924,0.9976979239999999,0.613248,low_pressure,100,743251
4.760090000311451,997.920415,0.9979204150000001,0.613248,low_pressure,100,743420
4.761069000311588,998.186227,0.998186227,0.613249,low_pressure,100,743589
4.762093000311731,998.424959,0.998424959,0.613249,low_pressure,100,743765
4.763069000311868,998.680348,0.9986803479999999,0.61325,low_pressure,100,743934
4.764078000312009,999.160666,0.999160666,0.61325,low_pressure,100,744103
4.765060000312146,999.108272,0.9991082720000001,0.61325,low_pressure,100,744272
4.766084000312289,999.177293,0.9991772929999999,0.61325,low_pressure,100,744448
4.767082000312429,999.305473,0.999305473,0.613251,low_pressure,100,744624
4.767208000312446,999.268306,0.999268306,0.613251,low_pressure,100,744653
4.768245000312591,13490.751743,13.490751743,0.616107,high_pressure,101,744860
4.76923700031273,34796.434845,34.796434845,0.618982,high_pressure,101,745071
4.770225000312868,63460.931597,63.460931597000005,0.621874,high_pressure,101,745289
4.77124300031301,98488.372928,98.488372928,0.624785,high_pressure,101,745521
4.772235000313149,139378.438507,139.37843850700003,0.627713,high_pressure,101,745760
4.773237000313289,185732.787747,185.732787747,0.63066,high_pressure,101,745999
4.774223000313427,199903.615769,199.903615769,0.631506,high_pressure,101,746238
4.775055000313543,200000.408753,200.000408753,0.631513,high_pressure,101,746450
4.776070000313685,151787.629985,151.787629985,0.62856,low_pressure,101,746699
4.777073000313825,109079.477556,109.079477556,0.625627,low_pressure,101,746938
4.778062000313963,72183.55901,72.18355901,0.622711,low_pressure,101,747163
4.7790720003141045,41641.004754,41.641004754,0.619813,low_pressure,101,747388
4.780080000314245,18149.899562,18.149899561999998,0.616934,low_pressure,101,747599
4.7810750003143845,5390.074113,5.390074113,0.61464,low_pressure,101,747789
4.782083000314525,2569.372841,2.569372841,0.613876,low_pressure,101,747972
4.783067000314663,1695.034824,1.6950348240000002,0.613573,low_pressure,101,748141
4.784079000314804,1338.208621,1.338208621,0.613433,low_pressure,101,748310
4.785094000314946,1170.014909,1.170014909,0.613363,low_pressure,101,748479
4.786079000315084,1084.789741,1.084789741,0.613328,low_pressure,101,748641
4.787068000315222,1039.865777,1.039865777,0.613311,low_pressure,101,748803
4.788089000315365,1016.637721,1.0166377210000002,0.613304,low_pressure,101,748972
4.789075000315503,1005.676923,1.005676923,0.613301,low_pressure,101,749134
4.790064000315641,1000.566431,1.000566431,0.6133,low_pressure,101,749296
4.791073000315782,998.334538,0.9983345379999999,0.6133,low_pressure,101,749466
4.792075000315922,997.844034,0.997844034,0.6133,low_pressure,101,749635
4.793079000316062,997.810557,0.997810557,0.613301,low_pressure,101,749804
4.794076000316202,998.127531,0.998127531,0.613302,low_pressure,101,749973
4.795100000316345,998.515501,0.998515501,0.613302,low_pressure,101,750149
4.796102000316485,998.457407,0.998457407,0.613303,low_pressure,101,750318
4.7970650003166195,999.070531,0.999070531,0.613303,low_pressure,101,750480
4.79806900031676,999.072109,0.999072109,0.613303,low_pressure,101,750649
4.799077000316901,999.150433,0.9991504330000001,0.613303,low_pressure,101,750818
4.800085000317042,999.111447,0.999111447,0.613304,low_pressure,101,750987
4.801081000317181,999.365543,0.999365543,0.613304,low_pressure,101,751156
4.801921000317298,999.326351,0.999326351,0.613304,low_pressure,101,751304
4.8029740003174455,13514.23574,13.51423574,0.616161,high_pressure,102,751504
4.803953000317582,34846.813143,34.846813143,0.619036,high_pressure,102,751708
4.804967000317724,63511.428153,63.511428153000004,0.621929,high_pressure,102,751926
4.805967000317864,98529.879744,98.529879744,0.624839,high_pressure,102,752151
4.806954000318002,139390.96789,139.39096789,0.627768,high_pressure,102,752376
4.80794500031814,185727.987051,185.727987051,0.630716,high_pressure,102,752608
4.808970000318284,199904.358131,199.90435813099998,0.631563,high_pressure,102,752854
4.80994800031842,199998.294819,199.998294819,0.631569,high_pressure,102,753093
4.81094500031856,199998.362746,199.998362746,0.63157,high_pressure,102,753332
4.811245000318602,200000.511888,200.000511888,0.631571,high_pressure,102,753411
4.812281000318746,151838.125755,151.838125755,0.628618,low_pressure,102,753653
4.813268000318884,109139.309599,109.139309599,0.625684,low_pressure,102,753878
4.814263000319023,72236.623525,72.236623525,0.622768,low_pressure,102,754103
4.8152720003191645,41667.291387,41.667291387,0.61987,low_pressure,102,754321
4.816273000319304,18174.651031,18.174651031,0.61699,low_pressure,102,754525
4.817278000319445,5391.725731,5.391725731,0.614694,low_pressure,102,754715
4.8182910003195865,2571.593751,2.571593751,0.613931,low_pressure,102,754898
4.819269000319723,1699.688518,1.6996885179999999,0.613627,low_pressure,102,755067
4.820269000319863,1339.314085,1.339314085,0.613485,low_pressure,102,755236
4.821292000320006,1168.438146,1.168438146,0.613416,low_pressure,102,755405
4.822300000320147,1081.93783,1.08193783,0.613382,low_pressure,102,755574
4.823270000320282,1037.562741,1.037562741,0.613365,low_pressure,102,755736
4.824267000320422,1015.289248,1.015289248,0.613358,low_pressure,102,755898
4.825303000320567,1004.713675,1.0047136749999999,0.613355,low_pressure,102,756067
4.826294000320705,999.927213,0.9999272130000001,0.613355,low_pressure,102,756237
4.827288000320844,998.087361,0.998087361,0.613355,low_pressure,102,756406
4.828296000320985,997.167452,0.997167452,0.613356,low_pressure,102,756575
4.829276000321122,997.233533,0.997233533,0.613357,low_pressure,102,756744
4.8302820003212625,997.986488,0.997986488,0.613357,low_pressure,102,756913
4.831275000321401,998.406421,0.998406421,0.613358,low_pressure,102,757082
4.832281000321542,998.379741,0.9983797409999999,0.613358,low_pressure,102,757251
4.83327100032168,998.464319,0.9984643190000001,0.613359,low_pressure,102,757420
4.834279000321821,998.751424,0.998751424,0.613359,low_pressure,102,757589
4.835286000321962,998.848801,0.998848801,0.61336,low_pressure,102,757758
4.836280000322101,999.162871,0.999162871,0.61336,low_pressure,102,757927
4.837165000322225,999.217225,0.999217225,0.61336,low_pressure,102,758082
4.838212000322371,13492.154085,13.492154085,0.616217,high_pressure,103,758282
4.839202000322509,34848.340407,34.848340407,0.619093,high_pressure,103,758493
4.840198000322649,63539.182766,63.539182765999996,0.621986,high_pressure,103,758711
4.841193000322788,98587.159422,98.587159422,0.624897,high_pressure,103,758936
4.842195000322928,139476.534459,139.476534459,0.627826,high_pressure,103,759168
4.843191000323067,185868.672467,185.868672467,0.630774,high_pressure,103,759407
4.844206000323209,199900.679186,199.900679186,0.631612,high_pressure,103,759653
4.844971000323316,200000.018403,200.00001840299998,0.631618,high_pressure,103,759851
4.84600500032346,151796.836732,151.796836732,0.628665,low_pressure,103,760100
4.846977000323596,109108.735427,109.10873542700001,0.625731,low_pressure,103,760325
4.847998000323739,72201.895009,72.201895009,0.622815,low_pressure,103,760557
4.848999000323879,41636.341747,41.636341746999996,0.619916,low_pressure,103,760775
4.849983000324016,18117.354839,18.117354839,0.617036,low_pressure,103,760979
4.851007000324159,5370.353099,5.370353099,0.614746,low_pressure,103,761176
4.851986000324296,2566.396349,2.566396349,0.613985,low_pressure,103,761352
4.852987000324436,1694.279215,1.6942792150000001,0.613683,low_pressure,103,761528
4.853995000324577,1339.541767,1.3395417669999998,0.613542,low_pressure,103,761697
4.8549850003247155,1169.215128,1.169215128,0.613472,low_pressure,103,761866
4.855992000324856,1084.851526,1.084851526,0.613437,low_pressure,103,762035
4.857004000324998,1041.104573,1.0411045730000001,0.61342,low_pressure,103,762204
4.857993000325136,1018.160545,1.018160545,0.613412,low_pressure,103,762366
4.859010000325278,1006.470183,1.006470183,0.613409,low_pressure,103,762535
4.859998000325416,1000.789459,1.000789459,0.613408,low_pressure,103,762697
4.860994000325555,998.758624,0.998758624,0.613408,low_pressure,103,762867
4.861994000325695,998.287916,0.998287916,0.613408,low_pressure,103,763036
4.863001000325836,998.499664,0.998499664,0.613409,low_pressure,103,763205
4.864000000325976,998.348635,0.9983486349999999,0.613409,low_pressure,103,763374
4.864992000326114,998.069631,0.998069631,0.61341,low_pressure,103,763543
4.865992000326254,998.607161,0.998607161,0.61341,low_pressure,103,763712
4.866977000326392,998.97487,0.99897487,0.613411,low_pressure,103,763881
4.868000000326535,999.075969,0.999075969,0.613411,low_pressure,103,764057
4.8690000003266745,999.241283,0.9992412829999999,0.613411,low_pressure,103,764226
4.870000000326814,999.122405,0.9991224049999999,0.613411,low_pressure,103,764395
4.870992000326953,999.155161,0.999155161,0.613412,low_pressure,103,764564
4.870992000326953,999.147555,0.999147555,0.613412,low_pressure,103,764572
4.872049000327101,13540.431522,13.540431522,0.616269,high_pressure,104,764772
4.873051000327241,34947.546155,34.947546155000005,0.619145,high_pressure,104,764983
4.87404800032738,63685.028908,63.685028908,0.622038,high_pressure,104,765201
4.87504700032752,98772.643444,98.772643444,0.62495,high_pressure,104,765426
4.876035000327658,139705.966012,139.70596601199998,0.627879,high_pressure,104,765658
4.877025000327796,186137.738325,186.13773832500002,0.630827,high_pressure,104,765890
4.878040000327938,199905.781164,199.90578116400002,0.63165,high_pressure,104,766136
4.879026000328076,199998.103715,199.998103715,0.631656,high_pressure,104,766375
4.880031000328216,199996.731415,199.996731415,0.631657,high_pressure,104,766621
4.880782000328321,200000.022139,200.000022139,0.631658,high_pressure,104,766812
4.881790000328462,151791.26252,151.79126251999998,0.628705,low_pressure,104,767061
4.882812000328605,109072.118156,109.072118156,0.62577,low_pressure,104,767300
4.883791000328742,72170.158074,72.170158074,0.622853,low_pressure,104,767525
4.884815000328885,41589.937531,41.589937531000004,0.619955,low_pressure,104,767757
4.885803000329023,18080.815862,18.080815861999998,0.617074,low_pressure,104,767961
4.886825000329166,5348.676489,5.348676489000001,0.614789,low_pressure,104,768158
4.887801000329302,2562.11978,2.56211978,0.614031,low_pressure,104,768334
4.888826000329446,1692.822985,1.692822985,0.61373,low_pressure,104,768510
4.889797000329581,1335.763492,1.335763492,0.61359,low_pressure,104,768672
4.890798000329721,1169.260407,1.169260407,0.61352,low_pressure,104,768841
4.891800000329861,1083.636037,1.083636037,0.613486,low_pressure,104,769010
4.892816000330003,1039.613828,1.039613828,0.613469,low_pressure,104,769179
4.8937900003301396,1017.31686,1.01731686,0.613461,low_pressure,104,769341
4.8948130003302825,1006.259899,1.006259899,0.613458,low_pressure,104,769510
4.895830000330425,1000.699974,1.000699974,0.613457,low_pressure,104,769679
4.896814000330562,999.090147,0.999090147,0.613457,low_pressure,104,769849
4.897808000330701,998.059971,0.998059971,0.613458,low_pressure,104,770018
4.898808000330841,998.135318,0.998135318,0.613458,low_pressure,104,770187
4.899808000330981,998.329927,0.998329927,0.613459,low_pressure,104,770356
4.9008080003311205,998.632431,0.998632431,0.613459,low_pressure,104,770525
4.901796000331259,998.885219,0.998885219,0.613459,low_pressure,104,770694
4.902817000331401,998.675773,0.9986757730000001,0.61346,low_pressure,104,770870
4.903800000331539,998.963842,0.998963842,0.61346,low_pressure,104,771039
4.904792000331677,999.189183,0.9991891829999999,0.61346,low_pressure,104,771208
4.905822000331821,999.185757,0.999185757,0.613461,low_pressure,104,771384
4.90652500033192,999.439042,0.999439042,0.613461,low_pressure,104,771511
4.907551000332063,13555.51603,13.555516030000001,0.616319,high_pressure,105,771711
4.908566000332205,34978.46327,34.97846327,0.619195,high_pressure,105,771929
4.909562000332344,63746.176785,63.746176785,0.622088,high_pressure,105,772147
4.910557000332483,98895.455788,98.895455788,0.625,high_pressure,105,772372
4.911560000332623,139858.703213,139.858703213,0.62793,high_pressure,105,772604
4.912550000332762,186298.973409,186.29897340899998,0.630878,high_pressure,105,772836
4.913569000332904,199907.945762,199.907945762,0.63169,high_pressure,105,773089
4.914266000333002,200000.118585,200.000118585,0.631696,high_pressure,105,773266
4.915294000333145,151770.385846,151.77038584599998,0.628742,low_pressure,105,773515
4.916308000333287,109044.232675,109.044232675,0.625807,low_pressure,105,773754
4.917299000333426,72111.4549,72.1114549,0.622891,low_pressure,105,773986
4.918291000333564,41512.261205,41.512261205,0.619992,low_pressure,105,774204
4.919313000333707,18002.924688,18.002924688,0.617111,low_pressure,105,774415
4.920306000333846,5332.140934,5.332140934,0.614831,low_pressure,105,774605
4.921325000333988,2551.560976,2.551560976,0.614077,low_pressure,105,774788
4.922301000334125,1688.079027,1.688079027,0.613777,low_pressure,105,774957
4.9233080003342655,1335.297086,1.335297086,0.613638,low_pressure,105,775126
4.9243240003344075,1169.076855,1.169076855,0.613569,low_pressure,105,775295
4.9252970003345435,1083.628385,1.083628385,0.613534,low_pressure,105,775457
4.926312000334685,1040.100199,1.040100199,0.613517,low_pressure,105,775626
4.927327000334827,1017.461632,1.017461632,0.613509,low_pressure,105,775795
4.928302000334964,1005.737624,1.005737624,0.613506,low_pressure,105,775957
4.929305000335104,1000.298791,1.000298791,0.613506,low_pressure,105,776126
4.930310000335244,998.522552,0.9985225520000001,0.613506,low_pressure,105,776296
4.931308000335384,998.498456,0.998498456,0.613506,low_pressure,105,776465
4.932292000335521,998.150421,0.9981504210000001,0.613507,low_pressure,105,776634
4.933292000335661,997.899622,0.997899622,0.613507,low_pressure,105,776803
4.9342870003358,998.428895,0.998428895,0.613508,low_pressure,105,776972
4.935309000335943,998.943628,0.998943628,0.613508,low_pressure,105,777148
4.936311000336083,999.098814,0.999098814,0.613508,low_pressure,105,777317
4.9372940003362205,999.165289,0.999165289,0.613509,low_pressure,105,777486
4.938300000336361,999.186554,0.999186554,0.613509,low_pressure,105,777655
4.939303000336501,999.141625,0.9991416249999999,0.613509,low_pressure,105,777824
4.940183000336624,999.269578,0.999269578,0.613509,low_pressure,105,777979
4.941221000336769,13545.237007,13.545237006999999,0.616368,high_pressure,106,778179
4.942233000336911,34960.616835,34.960616835,0.619244,high_pressure,106,778390
4.943234000337051,63761.354457,63.761354457,0.622138,high_pressure,106,778608
4.944206000337187,98916.171483,98.916171483,0.62505,high_pressure,106,778826
4.945213000337327,139914.385768,139.91438576800002,0.62798,high_pressure,106,779058
4.946220000337468,186417.198084,186.417198084,0.630929,high_pressure,106,779297
4.94723400033761,199909.975128,199.90997512799999,0.631733,high_pressure,106,779536
4.948232000337749,199998.328026,199.998328026,0.631739,high_pressure,106,779775
4.949207000337886,199997.548733,199.997548733,0.63174,high_pressure,106,780007
4.949473000337923,200000.029702,200.000029702,0.63174,high_pressure,106,780079
4.950495000338066,151761.42808,151.76142808,0.628787,low_pressure,106,780328
4.951502000338206,109012.093189,109.01209318900001,0.625851,low_pressure,106,780560
4.952484000338344,72071.222424,72.07122242400001,0.622934,low_pressure,106,780785
4.953497000338485,41464.54833,41.46454833,0.620035,low_pressure,106,781010
4.9545070003386265,17969.283608,17.969283608,0.617154,low_pressure,106,781221
4.955504000338766,5323.708236,5.323708236000001,0.614878,low_pressure,106,781411
4.956485000338903,2548.276824,2.548276824,0.614124,low_pressure,106,781587
4.957508000339046,1683.871825,1.683871825,0.613826,low_pressure,106,781763
4.958522000339188,1332.630526,1.332630526,0.613687,low_pressure,106,781932
4.959495000339324,1169.136688,1.169136688,0.613619,low_pressure,106,782094
4.9604880003394625,1084.934948,1.0849349480000001,0.613584,low_pressure,106,782263
4.961521000339607,1041.329645,1.041329645,0.613566,low_pressure,106,782432
4.962510000339745,1018.732619,1.018732619,0.613558,low_pressure,106,782594
4.963489000339882,1007.102813,1.007102813,0.613555,low_pressure,106,782756
4.964517000340026,1001.835406,1.001835406,0.613554,low_pressure,106,782925
4.965492000340162,999.210861,0.999210861,0.613553,low_pressure,106,783088
4.966508000340304,998.418719,0.998418719,0.613554,low_pressure,106,783264
4.967496000340442,998.292478,0.998292478,0.613554,low_pressure,106,783440
4.968507000340583,998.345666,0.9983456660000001,0.613555,low_pressure,106,783616
4.969500000340722,998.450868,0.998450868,0.613555,low_pressure,106,783785
4.970500000340862,998.514387,0.9985143870000001,0.613556,low_pressure,106,783954
4.971492000341001,999.038045,0.999038045,0.613556,low_pressure,106,784123
4.972511000341143,999.292624,0.9992926240000001,0.613556,low_pressure,106,784299
4.973444000341273,999.198736,0.9991987360000001,0.613556,low_pressure,106,784468
4.97449000034142,13562.712739,13.562712739,0.616415,high_pressure,107,784668
4.97549200034156,35048.639958,35.048639958,0.619291,high_pressure,107,784879
4.976482000341698,63872.551055,63.872551055,0.622186,high_pressure,107,785097
4.9774720003418365,99065.404122,99.065404122,0.625098,high_pressure,107,785322
4.978485000341978,140084.216002,140.084216002,0.628029,high_pressure,107,785561
4.979486000342118,186590.651734,186.590651734,0.630978,high_pressure,107,785800
4.980472000342256,199909.792517,199.909792517,0.631772,high_pressure,107,786039
4.981485000342397,199998.560589,199.998560589,0.631778,high_pressure,107,786285
4.982492000342538,199997.389249,199.997389249,0.63178,high_pressure,107,786531
4.983072000342619,200000.525955,200.000525955,0.63178,high_pressure,107,786680
4.984110000342764,151756.331733,151.756331733,0.628826,low_pressure,107,786929
4.985107000342904,109011.92618,109.01192617999999,0.625891,low_pressure,107,787161
4.986094000343042,72075.127741,72.075127741,0.622973,low_pressure,107,787386
4.987114000343184,41460.255417,41.460255417,0.620074,low_pressure,107,787611
4.9880960003433215,17944.437839,17.944437839,0.617193,low_pressure,107,787815
4.989113000343464,5302.846682,5.302846682,0.61492,low_pressure,107,788012
4.9900880003436,2541.974198,2.5419741979999997,0.614171,low_pressure,107,788188
4.991085000343739,1686.678072,1.6866780719999999,0.613872,low_pressure,107,788364
4.992122000343884,1335.56968,1.33556968,0.613733,low_pressure,107,788540
4.99309500034402,1169.495754,1.169495754,0.613664,low_pressure,107,788702
4.994115000344163,1085.593248,1.085593248,0.613629,low_pressure,107,788871
4.995101000344301,1041.568243,1.041568243,0.613611,low_pressure,107,789033
4.996084000344438,1018.690791,1.018690791,0.613603,low_pressure,107,789195
4.99710000034458,1007.328242,1.007328242,0.6136,low_pressure,107,789364
4.99810200034472,1001.740797,1.001740797,0.613598,low_pressure,107,789533
4.999108000344861,999.108692,0.999108692,0.613598,low_pressure,107,789703
5.0001080003450005,998.757377,0.998757377,0.613599,low_pressure,107,789872
5.00110800034514,998.797067,0.9987970669999999,0.613599,low_pressure,107,790041
5.002100000345279,998.857651,0.998857651,0.613599,low_pressure,107,790210
5.003100000345419,998.789026,0.9987890260000001,0.6136,low_pressure,107,790379
5.0041000003455585,998.765461,0.998765461,0.6136,low_pressure,107,790548
5.005125000345702,998.833911,0.998833911,0.6136,low_pressure,107,790724
5.0061250003458415,999.099824,0.999099824,0.613601,low_pressure,107,790893
5.007125000345981,999.276501,0.9992765010000001,0.613601,low_pressure,107,791062
5.008125000346121,999.235541,0.999235541,0.613601,low_pressure,107,791231
5.0089580003462375,999.361142,0.9993611419999999,0.613601,low_pressure,107,791379
5.00998000034638,13583.500362,13.583500362,0.61646,high_pressure,108,791586
5.010975000346519,35067.832106,35.067832106000004,0.619337,high_pressure,108,791797
5.011966000346658,63905.028932,63.905028932,0.622231,high_pressure,108,792015
5.0129790003467996,99089.357017,99.089357017,0.625144,high_pressure,108,792247
5.0139870003469404,140089.446377,140.08944637699997,0.628075,high_pressure,108,792479
5.014963000347077,186608.807642,186.608807642,0.631024,high_pressure,108,792711
5.015980000347219,199911.783683,199.91178368299998,0.631817,high_pressure,108,792950
5.016968000347357,199997.866216,199.997866216,0.631823,high_pressure,108,793182
5.017961000347496,199996.424988,199.996424988,0.631825,high_pressure,108,793428
5.018285000347541,199999.988094,199.999988094,0.631825,high_pressure,108,793514
5.019327000347687,151760.844465,151.760844465,0.628871,low_pressure,108,793763
5.020337000347828,109023.428783,109.023428783,0.625935,low_pressure,108,793995
5.021325000347966,72083.77883,72.08377883,0.623017,low_pressure,108,794220
5.022332000348107,41452.336477,41.452336476999996,0.620118,low_pressure,108,794438
5.023320000348245,17924.879179,17.924879179,0.617236,low_pressure,108,794642
5.024339000348387,5300.770432,5.300770432,0.614965,low_pressure,108,794839
5.0253200003485246,2543.626775,2.5436267750000003,0.614215,low_pressure,108,795015
5.026342000348667,1687.251544,1.687251544,0.613916,low_pressure,108,795191
5.027312000348803,1333.592963,1.333592963,0.613777,low_pressure,108,795353
5.028327000348945,1168.635085,1.1686350849999998,0.613709,low_pressure,108,795522
5.029343000349087,1083.736395,1.0837363949999999,0.613674,low_pressure,108,795691
5.030343000349227,1039.461763,1.039461763,0.613657,low_pressure,108,795860
5.031319000349363,1017.414609,1.017414609,0.613649,low_pressure,108,796022
5.032339000349506,1006.0713,1.0060713,0.613646,low_pressure,108,796191
5.033312000349642,1000.895596,1.0008955959999999,0.613645,low_pressure,108,796353
5.034317000349782,999.344887,0.999344887,0.613645,low_pressure,108,796523
5.035317000349922,998.486558,0.998486558,0.613646,low_pressure,108,796692
5.036342000350065,998.053013,0.9980530129999999,0.613646,low_pressure,108,796868
5.0373170003502015,998.467355,0.998467355,0.613647,low_pressure,108,797037
5.038317000350341,998.533741,0.9985337409999999,0.613647,low_pressure,108,797206
5.039317000350481,998.881434,0.9988814340000001,0.613647,low_pressure,108,797375
5.040317000350621,999.122587,0.999122587,0.613648,low_pressure,108,797544
5.0413450003507645,999.12176,0.99912176,0.613648,low_pressure,108,797720
5.0423250003509015,999.355357,0.999355357,0.613648,low_pressure,108,797889
5.042486000350924,999.204946,0.999204946,0.613648,low_pressure,108,797925
5.043524000351069,13594.522357,13.594522357,0.616507,high_pressure,109,798118
5.044523000351209,35104.724566,35.104724565999994,0.619384,high_pressure,109,798329
5.0455300003513495,63945.224719,63.945224718999995,0.622279,high_pressure,109,798547
5.046523000351488,99137.923341,99.137923341,0.625192,high_pressure,109,798779
5.047531000351629,140157.999037,140.157999037,0.628123,high_pressure,109,799018
5.048550000351772,186661.220608,186.661220608,0.631073,high_pressure,109,799257
5.04954000035191,199911.767256,199.911767256,0.631863,high_pressure,109,799489
5.050200000352002,199992.867773,199.992867773,0.631869,high_pressure,109,799652
5.051246000352148,151749.111898,151.749111898,0.628914,low_pressure,109,799901
5.052226000352285,109003.035328,109.003035328,0.625978,low_pressure,109,800126
5.053246000352428,72072.885755,72.072885755,0.62306,low_pressure,109,800358
5.054228000352565,41446.64719,41.44664719,0.62016,low_pressure,109,800569
5.055223000352704,17896.276338,17.896276338,0.617279,low_pressure,109,800773
5.056243000352847,5295.402498,5.2954024980000005,0.615009,low_pressure,109,800970
5.057226000352984,2537.712766,2.5377127660000003,0.61426,low_pressure,109,801146
5.058247000353127,1682.969185,1.682969185,0.613963,low_pressure,109,801322
5.059235000353265,1332.05002,1.3320500199999998,0.613825,low_pressure,109,801491
5.060250000353407,1167.719071,1.167719071,0.613756,low_pressure,109,801660
5.061224000353543,1084.143036,1.084143036,0.613722,low_pressure,109,801822
5.062225000353683,1039.852687,1.039852687,0.613705,low_pressure,109,801991
5.063241000353825,1017.31433,1.01731433,0.613697,low_pressure,109,802160
5.064235000353964,1005.926789,1.0059267889999999,0.613694,low_pressure,109,802329
5.065253000354106,1000.157388,1.0001573879999999,0.613693,low_pressure,109,802505
5.066250000354246,998.7622,0.9987622,0.613693,low_pressure,109,802675
5.067250000354385,998.00906,0.99800906,0.613694,low_pressure,109,802844
5.068250000354525,997.749505,0.997749505,0.613694,low_pressure,109,803013
5.069229000354662,997.980492,0.997980492,0.613695,low_pressure,109,803182
5.070261000354806,998.440118,0.998440118,0.613695,low_pressure,109,803358
5.071258000354946,998.70119,0.99870119,0.613696,low_pressure,109,803527
5.0722440003550835,998.838935,0.998838935,0.613696,low_pressure,109,803696
5.073242000355223,999.239347,0.9992393469999999,0.613696,low_pressure,109,803865
5.074242000355363,999.278761,0.999278761,0.613696,low_pressure,109,804034
5.0752250003555,999.316241,0.9993162409999999,0.613697,low_pressure,109,804203
5.075892000355593,999.26711,0.99926711,0.613697,low_pressure,109,804323
5.076907000355735,13576.288004,13.576288004,0.616556,high_pressure,110,804523
5.077900000355874,35030.554988,35.030554988000006,0.619434,high_pressure,110,804734
5.078924000356017,63890.201383,63.890201383,0.622329,high_pressure,110,804959
5.079895000356153,99073.567714,99.073567714,0.625242,high_pressure,110,805184
5.080896000356293,140051.792337,140.051792337,0.628173,high_pressure,110,805416
5.081908000356434,186569.978958,186.56997895799998,0.631123,high_pressure,110,805655
5.082908000356574,199910.848456,199.910848456,0.631919,high_pressure,110,805894
5.083499000356657,200000.400731,200.000400731,0.631924,high_pressure,110,806043
5.084531000356801,151738.909614,151.738909614,0.62897,low_pressure,110,806299
5.085537000356942,109008.030283,109.008030283,0.626033,low_pressure,110,806531
5.086539000357082,72091.21802,72.09121802,0.623115,low_pressure,110,806756
5.087543000357222,41456.92035,41.45692035,0.620215,low_pressure,110,806974
5.088522000357359,17930.533531,17.930533531000002,0.617333,low_pressure,110,807185
5.089525000357499,5299.738815,5.2997388149999995,0.61506,low_pressure,110,807382
5.090539000357641,2539.837715,2.539837715,0.614311,low_pressure,110,807565
5.091526000357779,1686.588796,1.6865887960000001,0.614013,low_pressure,110,807734
5.092541000357921,1337.290645,1.337290645,0.613874,low_pressure,110,807903
5.093514000358057,1170.678238,1.170678238,0.613804,low_pressure,110,808065
5.094514000358196,1085.780915,1.085780915,0.613769,low_pressure,110,808234
5.095536000358339,1041.03157,1.0410315700000001,0.613751,low_pressure,110,808403
5.096521000358477,1017.781407,1.017781407,0.613743,low_pressure,110,808565
5.097550000358621,1007.022609,1.007022609,0.61374,low_pressure,110,808734
5.098524000358757,1002.096166,1.002096166,0.613739,low_pressure,110,808896
5.099533000358898,999.872446,0.9998724459999999,0.613739,low_pressure,110,809066
5.100533000359038,998.767845,0.9987678449999999,0.613739,low_pressure,110,809235
5.1015190003591755,998.271997,0.998271997,0.613739,low_pressure,110,809404
5.102517000359315,998.5976,0.9985976000000001,0.61374,low_pressure,110,809573
5.103542000359458,998.597306,0.998597306,0.61374,low_pressure,110,809749
5.104551000359599,998.951204,0.9989512039999999,0.61374,low_pressure,110,809925
5.105543000359738,999.127068,0.9991270680000001,0.613741,low_pressure,110,810094
5.106542000359878,999.136943,0.999136943,0.613741,low_pressure,110,810263
5.107525000360015,999.075879,0.999075879,0.613741,low_pressure,110,810432
5.108525000360155,999.344118,0.999344118,0.613741,low_pressure,110,810601
5.108763000360188,999.306591,0.9993065910000001,0.613742,low_pressure,110,810651
5.109828000360337,13559.401056,13.559401056,0.616601,high_pressure,111,810851
5.110833000360477,35002.375318,35.002375318,0.619479,high_pressure,111,811062
5.111817000360615,63831.616971,63.831616971,0.622374,high_pressure,111,811280
5.112816000360755,99007.460709,99.007460709,0.625288,high_pressure,111,811512
5.113820000360895,139992.641408,139.992641408,0.62822,high_pressure,111,811744
5.114810000361033,186513.450058,186.513450058,0.63117,high_pressure,111,811976
5.115805000361172,199912.007035,199.912007035,0.631968,high_pressure,111,812215
5.11643000036126,200000.178074,200.000178074,0.631973,high_pressure,111,812371
5.117470000361405,151725.423544,151.725423544,0.629018,low_pressure,111,812613
5.118474000361545,108981.210819,108.981210819,0.626081,low_pressure,111,812845
5.119477000361686,72048.63225,72.04863225,0.623163,low_pressure,111,813070
5.120480000361826,41430.799934,41.430799934,0.620263,low_pressure,111,813288
5.121488000361967,17920.863652,17.920863652,0.61738,low_pressure,111,813499
5.122483000362106,5309.7233,5.3097233,0.615107,low_pressure,111,813689
5.123463000362243,2544.058956,2.5440589559999998,0.614355,low_pressure,111,813865
5.124492000362387,1688.117817,1.688117817,0.614057,low_pressure,111,814041
5.1254640003625225,1337.265591,1.337265591,0.613917,low_pressure,111,814203
5.126479000362664,1170.082657,1.170082657,0.613847,low_pressure,111,814372
5.127481000362804,1084.716896,1.084716896,0.613812,low_pressure,111,814541
5.128461000362941,1040.720292,1.040720292,0.613795,low_pressure,111,814703
5.129477000363083,1017.595548,1.017595548,0.613787,low_pressure,111,814872
5.130464000363221,1005.919582,1.005919582,0.613784,low_pressure,111,815041
5.131491000363365,1001.091197,1.001091197,0.613783,low_pressure,111,815210
5.132500000363506,998.791213,0.998791213,0.613783,low_pressure,111,815380
5.133467000363641,997.865371,0.997865371,0.613784,low_pressure,111,815549
5.134467000363781,997.930895,0.997930895,0.613784,low_pressure,111,815718
5.135467000363921,998.183919,0.9981839189999999,0.613785,low_pressure,111,815887
5.1364670003640605,998.563408,0.998563408,0.613785,low_pressure,111,816056
5.1374670003642,998.699016,0.998699016,0.613786,low_pressure,111,816225
5.13846700036434,998.800039,0.9988000389999999,0.613786,low_pressure,111,816394
5.139494000364484,998.9484,0.9989484,0.613786,low_pressure,111,816570
5.140492000364623,999.204566,0.999204566,0.613786,low_pressure,111,816739
5.141492000364763,999.255997,0.999255997,0.613787,low_pressure,111,816908
5.142492000364903,999.135164,0.999135164,0.613787,low_pressure,111,817077
5.142658000364926,999.083582,0.999083582,0.613787,low_pressure,111,817113
5.143711000365073,13570.965386,13.570965386,0.616647,high_pressure,112,817313
5.144710000365213,35053.098788,35.053098788,0.619525,high_pressure,112,817524
5.14569100036535,63917.192923,63.917192923,0.622421,high_pressure,112,817742
5.146710000365492,99121.925909,99.121925909,0.625334,high_pressure,112,817974
5.14769700036563,140156.103173,140.15610317300002,0.628267,high_pressure,112,818206
5.14869900036577,186730.781647,186.730781647,0.631217,high_pressure,112,818445
5.149706000365911,199910.841958,199.910841958,0.632002,high_pressure,112,818691
5.150689000366048,199998.992822,199.998992822,0.632008,high_pressure,112,818930
5.15170400036619,199997.327716,199.997327716,0.632009,high_pressure,112,819176
5.152162000366254,200000.38911,200.00038911,0.632009,high_pressure,112,819297
5.153200000366399,151688.283529,151.68828352900002,0.629054,low_pressure,112,819539
5.154212000366541,108936.261119,108.93626111900001,0.626117,low_pressure,112,819778
5.1552040003666795,72004.246854,72.004246854,0.623198,low_pressure,112,820003
5.156201000366819,41385.655859,41.385655858999996,0.620298,low_pressure,112,820221
5.15721400036696,17879.418135,17.879418135,0.617415,low_pressure,112,820432
5.158200000367098,5293.879624,5.293879624000001,0.615145,low_pressure,112,820622
5.1592030003672384,2543.504552,2.543504552,0.614396,low_pressure,112,820805
5.160225000367381,1683.269054,1.6832690540000002,0.614098,low_pressure,112,820981
5.161195000367517,1330.413061,1.330413061,0.61396,low_pressure,112,821143
5.162198000367657,1165.106267,1.1651062669999999,0.613892,low_pressure,112,821312
5.163214000367799,1081.164863,1.081164863,0.613858,low_pressure,112,821481
5.164229000367941,1038.781939,1.038781939,0.613842,low_pressure,112,821650
5.165190000368075,1017.3829,1.0173828999999999,0.613834,low_pressure,112,821812
5.166206000368217,1006.972385,1.006972385,0.613831,low_pressure,112,821981
5.167222000368359,1000.663653,1.000663653,0.61383,low_pressure,112,822150
5.1682180003684985,999.040362,0.9990403619999999,0.61383,low_pressure,112,822320
5.169211000368637,997.985697,0.997985697,0.61383,low_pressure,112,822489
5.170208000368777,997.83305,0.99783305,0.613831,low_pressure,112,822658
5.171193000368914,998.600477,0.998600477,0.613831,low_pressure,112,822827
5.172192000369054,998.811524,0.998811524,0.613832,low_pressure,112,822996
5.173192000369194,998.597944,0.998597944,0.613832,low_pressure,112,823165
5.174225000369338,998.775203,0.998775203,0.613833,low_pressure,112,823341
5.175225000369478,998.865511,0.998865511,0.613833,low_pressure,112,823510
5.176225000369618,999.323593,0.999323593,0.613833,low_pressure,112,823679
5.177209000369755,999.366449,0.9993664489999999,0.613833,low_pressure,112,823848
5.178208000369895,999.169267,0.999169267,0.613833,low_pressure,112,824017
5.179208000370035,999.38699,0.99938699,0.613834,low_pressure,112,824186
5.179667000370099,999.420007,0.9994200070000001,0.613834,low_pressure,112,824271
5.180727000370247,13570.074233,13.570074233,0.616694,high_pressure,113,824471
5.1817250003703865,35046.85001,35.04685001,0.619572,high_pressure,113,824682
5.1827050003705235,63920.619363,63.920619363,0.622468,high_pressure,113,824900
5.183720000370665,99162.680655,99.162680655,0.625382,high_pressure,113,825132
5.1847150003708045,140233.014865,140.233014865,0.628315,high_pressure,113,825364
5.185719000370945,186795.234409,186.795234409,0.631265,high_pressure,113,825603
5.186705000371083,199910.546205,199.910546205,0.632047,high_pressure,113,825842
5.187568000371203,199999.999912,199.999999912,0.632053,high_pressure,113,826061
5.188595000371347,151685.120651,151.685120651,0.629097,low_pressure,113,826303
5.189590000371486,108916.346887,108.916346887,0.62616,low_pressure,113,826535
5.190616000371629,71964.987454,71.964987454,0.623241,low_pressure,113,826767
5.191602000371767,41322.557767,41.322557767,0.62034,low_pressure,113,826985
5.192610000371908,17811.520102,17.811520102,0.617457,low_pressure,113,827196
5.193592000372045,5274.882644,5.274882644,0.615194,low_pressure,113,827386
5.194606000372187,2538.682003,2.538682003,0.614447,low_pressure,113,827569
5.195585000372324,1685.615153,1.6856151529999999,0.614149,low_pressure,113,827738
5.196585000372464,1334.898518,1.334898518,0.61401,low_pressure,113,827907
5.197587000372604,1167.21602,1.1672160200000001,0.613941,low_pressure,113,828076
5.198602000372746,1082.622686,1.082622686,0.613907,low_pressure,113,828245
5.199618000372888,1039.400899,1.0394008989999999,0.61389,low_pressure,113,828414
5.200590000373023,1017.022319,1.017022319,0.613883,low_pressure,113,828576
5.2016060003731655,1006.290044,1.006290044,0.61388,low_pressure,113,828745
5.202624000373308,1001.128496,1.001128496,0.613879,low_pressure,113,828914
5.203596000373444,998.553263,0.998553263,0.613879,low_pressure,113,829084
5.204592000373583,997.840424,0.997840424,0.613879,low_pressure,113,829253
5.205592000373723,997.929762,0.9979297619999999,0.61388,low_pressure,113,829422
5.206592000373862,998.304357,0.998304357,0.61388,low_pressure,113,829591
5.207592000374002,999.120512,0.999120512,0.613881,low_pressure,113,829760
5.208592000374142,999.024808,0.999024808,0.613881,low_pressure,113,829929
5.209611000374284,999.169195,0.9991691949999999,0.613881,low_pressure,113,830105
5.210608000374424,999.201968,0.9992019679999999,0.613881,low_pressure,113,830274
5.2116080003745635,999.479858,0.999479858,0.613882,low_pressure,113,830443
5.212608000374703,999.422164,0.999422164,0.613882,low_pressure,113,830612
5.212983000374756,999.381514,0.9993815140000001,0.613882,low_pressure,113,830683
5.214039000374903,13579.361892,13.579361892000001,0.616743,high_pressure,114,830883
5.215032000375042,35093.068777,35.093068777,0.619621,high_pressure,114,831094
5.216025000375181,63971.267651,63.971267651000005,0.622517,high_pressure,114,831312
5.21702000037532,99209.654671,99.209654671,0.625432,high_pressure,114,831537
5.218015000375459,140306.104214,140.306104214,0.628364,high_pressure,114,831769
5.2190250003756,186916.70668,186.91670668,0.631315,high_pressure,114,832008
5.220032000375741,199914.602957,199.914602957,0.632089,high_pressure,114,832254
5.2208150003758504,200000.005967,200.000005967,0.632095,high_pressure,114,832452
5.221840000375994,151658.239577,151.658239577,0.629139,low_pressure,114,832694
5.222841000376134,108848.975372,108.848975372,0.626201,low_pressure,114,832926
5.223837000376273,71904.413199,71.904413199,0.623282,low_pressure,114,833151
5.224858000376416,41289.322028,41.289322028,0.620381,low_pressure,114,833376
5.225840000376553,17772.572939,17.772572939,0.617498,low_pressure,114,833580
5.226866000376696,5255.583798,5.255583798,0.615239,low_pressure,114,833777
5.227852000376834,2537.02271,2.53702271,0.614495,low_pressure,114,833953
5.228842000376972,1686.335485,1.686335485,0.614197,low_pressure,114,834122
5.2298730003771166,1332.712767,1.332712767,0.614058,low_pressure,114,834298
5.230847000377253,1165.279584,1.165279584,0.61399,low_pressure,114,834460
5.231864000377395,1080.438485,1.080438485,0.613956,low_pressure,114,834629
5.232838000377531,1036.851523,1.036851523,0.61394,low_pressure,114,834791
5.233857000377673,1015.699003,1.015699003,0.613933,low_pressure,114,834960
5.23483500037781,1005.465723,1.005465723,0.61393,low_pressure,114,835122
5.2358680003779545,1000.505614,1.000505614,0.613929,low_pressure,114,835298
5.236867000378094,998.115678,0.998115678,0.61393,low_pressure,114,835468
5.237867000378234,997.300911,0.9973009110000001,0.61393,low_pressure,114,835637
5.238867000378374,997.757213,0.997757213,0.613931,low_pressure,114,835806
5.2398670003785135,998.402552,0.998402552,0.613932,low_pressure,114,835975
5.240867000378653,998.562225,0.998562225,0.613932,low_pressure,114,836144
5.2418490003787905,998.888187,0.998888187,0.613932,low_pressure,114,836313
5.242842000378929,998.921548,0.998921548,0.613933,low_pressure,114,836482
5.243843000379069,999.014929,0.9990149290000001,0.613933,low_pressure,114,836651
5.244842000379209,999.092447,0.999092447,0.613933,low_pressure,114,836820
5.245844000379349,999.002598,0.999002598,0.613933,low_pressure,114,836989
5.2468420003794884,999.310381,0.999310381,0.613934,low_pressure,114,837158
5.247842000379628,999.399171,0.999399171,0.613934,low_pressure,114,837327
5.248201000379678,999.442948,0.999442948,0.613934,low_pressure,114,837398
5.249224000379821,13570.914292,13.570914292,0.616795,high_pressure,115,837591
5.250236000379963,35121.211991,35.121211990999996,0.619674,high_pressure,115,837802
5.251239000380103,64024.881,64.02488100000001,0.62257,high_pressure,115,838020
5.252243000380243,99322.604598,99.32260459800001,0.625485,high_pressure,115,838245
5.2532380003803825,140421.433706,140.42143370600002,0.628418,high_pressure,115,838477
5.25422500038052,187035.157474,187.03515747400002,0.631369,high_pressure,115,838709
5.255243000380663,199915.588793,199.915588793,0.632138,high_pressure,115,838948
5.256230000380801,199996.590079,199.996590079,0.632144,high_pressure,115,839180
5.257238000380942,199998.199216,199.99819921600002,0.632145,high_pressure,115,839419
5.2582250003810795,199998.674162,199.99867416200001,0.632146,high_pressure,115,839651
5.258705000381147,199999.981077,199.999981077,0.632146,high_pressure,115,839772
5.2597200003812885,151700.326609,151.700326609,0.62919,low_pressure,115,840014
5.26073200038143,108898.738999,108.89873899899999,0.626252,low_pressure,115,840246
5.261728000381569,71913.887213,71.913887213,0.623332,low_pressure,115,840471
5.26273700038171,41280.325838,41.280325837999996,0.620431,low_pressure,115,840689
5.263729000381849,17766.667429,17.766667429,0.617547,low_pressure,115,840893
5.264725000381988,5256.658837,5.256658837,0.615289,low_pressure,115,841083
5.265749000382131,2533.228355,2.5332283550000003,0.614545,low_pressure,115,841266
5.266733000382269,1683.273918,1.683273918,0.614248,low_pressure,115,841435
5.267731000382408,1332.282046,1.332282046,0.61411,low_pressure,115,841604
5.26874700038255,1166.023021,1.166023021,0.614041,low_pressure,115,841773
5.269720000382686,1082.11164,1.0821116400000002,0.614007,low_pressure,115,841935
5.270735000382828,1038.900385,1.0389003849999998,0.613991,low_pressure,115,842104
5.27175000038297,1016.928184,1.016928184,0.613983,low_pressure,115,842273
5.272724000383106,1005.891498,1.005891498,0.61398,low_pressure,115,842435
5.273723000383246,1001.191028,1.001191028,0.613979,low_pressure,115,842604
5.274725000383386,998.330638,0.998330638,0.613979,low_pressure,115,842774
5.275725000383526,997.710913,0.997710913,0.61398,low_pressure,115,842943
5.276725000383665,997.926486,0.997926486,0.61398,low_pressure,115,843112
5.277725000383805,998.189557,0.998189557,0.613981,low_pressure,115,843281
5.278725000383945,998.689284,0.998689284,0.613981,low_pressure,115,843450
5.2797090003840825,998.790886,0.998790886,0.613982,low_pressure,115,843619
5.280750000384228,999.125056,0.999125056,0.613982,low_pressure,115,843795
5.281750000384368,999.220317,0.999220317,0.613982,low_pressure,115,843964
5.282750000384508,999.151449,0.999151449,0.613982,low_pressure,115,844133
5.283750000384647,999.258672,0.9992586720000001,0.613983,low_pressure,115,844302
5.284750000384787,999.284857,0.999284857,0.613983,low_pressure,115,844471
5.285737000384925,999.385102,0.999385102,0.613983,low_pressure,115,844640
5.285902000384948,999.421005,0.9994210050000001,0.613983,low_pressure,115,844676
5.286933000385092,13589.685697,13.589685697,0.616844,high_pressure,116,844876
5.287933000385232,35111.783469,35.111783469,0.619723,high_pressure,116,845087
5.288925000385371,63980.364714,63.980364714000004,0.62262,high_pressure,116,845305
5.28992000038551,99200.54559,99.20054558999999,0.625535,high_pressure,116,845530
5.290911000385648,140295.632509,140.295632509,0.628469,high_pressure,116,845762
5.29192400038579,186894.905699,186.894905699,0.63142,high_pressure,116,846001
5.292933000385931,199912.935725,199.91293572499998,0.632196,high_pressure,116,846247
5.293919000386069,199998.026119,199.99802611899997,0.632201,high_pressure,116,846486
5.294925000386209,199997.47345,199.99747345,0.632202,high_pressure,116,846732
5.295186000386246,200000.053061,200.00005306100002,0.632203,high_pressure,116,846804
5.29622000038639,151707.367,151.707367,0.629246,low_pressure,116,847046
5.29721800038653,108905.183683,108.90518368299999,0.626308,low_pressure,116,847278
5.298214000386669,71948.952243,71.94895224300001,0.623388,low_pressure,116,847503
5.2992330003868116,41321.972122,41.321972122,0.620486,low_pressure,116,847728
5.300214000386949,17797.559545,17.797559545,0.617602,low_pressure,116,847932
5.301239000387092,5272.272348,5.272272348,0.61534,low_pressure,116,848129
5.302222000387229,2534.763409,2.534763409,0.614594,low_pressure,116,848305
5.303208000387367,1679.371058,1.6793710579999999,0.614297,low_pressure,116,848474
5.304220000387509,1328.935901,1.3289359010000001,0.61416,low_pressure,116,848643
5.305222000387649,1164.515667,1.1645156669999999,0.614092,low_pressure,116,848812
5.306239000387791,1081.168493,1.0811684929999998,0.614058,low_pressure,116,848981
5.307222000387928,1038.404047,1.038404047,0.614042,low_pressure,116,849143
5.308216000388067,1015.354506,1.015354506,0.614035,low_pressure,116,849305
5.309250000388212,1003.995765,1.003995765,0.614032,low_pressure,116,849474
5.3102360003883495,999.524003,0.999524003,0.614032,low_pressure,116,849637
5.311228000388488,997.592093,0.997592093,0.614032,low_pressure,116,849806
5.312217000388626,997.160823,0.9971608230000001,0.614033,low_pressure,116,849975
5.313217000388766,997.27033,0.99727033,0.614034,low_pressure,116,850144
5.314217000388906,997.660343,0.9976603430000001,0.614034,low_pressure,116,850313
5.315220000389046,998.302056,0.998302056,0.614035,low_pressure,116,850482
5.316227000389187,998.441528,0.998441528,0.614035,low_pressure,116,850651
5.317227000389327,998.594597,0.998594597,0.614036,low_pressure,116,850820
5.318211000389464,998.892668,0.998892668,0.614036,low_pressure,116,850989
5.319219000389605,998.884895,0.998884895,0.614036,low_pressure,116,851158
5.320099000389728,999.076458,0.999076458,0.614037,low_pressure,116,851313
5.321148000389875,13598.272632,13.598272632,0.616898,high_pressure,117,851513
5.322153000390015,35127.351393,35.127351393,0.619778,high_pressure,117,851724
5.323146000390154,64005.127634,64.00512763399999,0.622675,high_pressure,117,851942
5.324148000390294,99256.956085,99.256956085,0.62559,high_pressure,117,852167
5.325156000390435,140356.425068,140.35642506800002,0.628524,high_pressure,117,852399
5.326145000390573,186960.794837,186.96079483699998,0.631476,high_pressure,117,852631
5.327135000390712,199912.500027,199.912500027,0.632248,high_pressure,117,852863
5.327900000390819,200000.34002,200.00034002,0.632254,high_pressure,117,853054
5.328920000390961,151668.781289,151.668781289,0.629297,low_pressure,117,853296
5.329925000391102,108874.871447,108.874871447,0.626359,low_pressure,117,853528
5.330932000391242,71920.006388,71.92000638799999,0.623438,low_pressure,117,853753
5.331930000391382,41290.574746,41.290574746,0.620536,low_pressure,117,853971
5.33291900039152,17785.931361,17.785931361,0.617652,low_pressure,117,854175
5.3339160003916595,5262.78539,5.26278539,0.615391,low_pressure,117,854365
5.334935000391802,2533.130233,2.533130233,0.614646,low_pressure,117,854548
5.3359190003919394,1678.616566,1.6786165659999999,0.61435,low_pressure,117,854717
5.336931000392081,1330.279202,1.330279202,0.614212,low_pressure,117,854886
5.337932000392221,1165.727225,1.1657272250000001,0.614144,low_pressure,117,855055
5.3389100003923575,1081.491051,1.081491051,0.61411,low_pressure,117,855217
5.3399400003925015,1038.374623,1.038374623,0.614094,low_pressure,117,855386
5.3409200003926385,1016.220959,1.016220959,0.614086,low_pressure,117,855548
5.341909000392777,1004.224668,1.004224668,0.614084,low_pressure,117,855710
5.34293200039292,999.026096,0.999026096,0.614083,low_pressure,117,855880
5.3439110003930566,996.475378,0.996475378,0.614084,low_pressure,117,856049
5.344908000393196,996.53591,0.99653591,0.614085,low_pressure,117,856218
5.345908000393336,997.230813,0.997230813,0.614086,low_pressure,117,856387
5.3469080003934755,997.945243,0.997945243,0.614087,low_pressure,117,856556
5.347908000393615,998.208038,0.998208038,0.614087,low_pressure,117,856725
5.348908000393755,998.628496,0.998628496,0.614088,low_pressure,117,856894
5.349938000393899,998.718931,0.998718931,0.614088,low_pressure,117,857070
5.350933000394038,998.864273,0.998864273,0.614088,low_pressure,117,857239
5.351936000394178,999.024727,0.999024727,0.614089,low_pressure,117,857408
5.352944000394319,999.299829,0.999299829,0.614089,low_pressure,117,857577
5.353945000394459,999.16657,0.99916657,0.614089,low_pressure,117,857746
5.353987000394465,999.154573,0.999154573,0.614089,low_pressure,117,857761
5.355033000394611,13607.051814,13.607051814,0.616951,high_pressure,118,857961
5.35602500039475,35136.714226,35.136714225999995,0.619831,high_pressure,118,858172
5.357023000394889,64004.845207,64.004845207,0.622728,high_pressure,118,858390
5.358018000395028,99294.165643,99.294165643,0.625644,high_pressure,118,858615
5.359017000395168,140437.948591,140.43794859099998,0.628578,high_pressure,118,858847
5.360021000395308,187138.471432,187.138471432,0.631531,high_pressure,118,859086
5.361024000395449,199918.663422,199.918663422,0.63229,high_pressure,118,859332
5.362010000395586,199999.341704,199.999341704,0.632295,high_pressure,118,859571
5.363025000395728,199996.735706,199.996735706,0.632296,high_pressure,118,859817
5.363431000395785,200000.012605,200.000012605,0.632297,high_pressure,118,859924
5.364445000395927,151642.258328,151.642258328,0.629339,low_pressure,118,860166
5.365462000396069,108812.528884,108.812528884,0.626401,low_pressure,118,860405
5.3664610003962085,71829.577786,71.82957778599999,0.62348,low_pressure,118,860630
5.3674620003963485,41214.890307,41.214890307000005,0.620578,low_pressure,118,860848
5.368446000396486,17725.507983,17.725507983,0.617694,low_pressure,118,861052
5.3694580003966275,5239.048092,5.239048092,0.615438,low_pressure,118,861249
5.37047700039677,2527.070473,2.527070473,0.614697,low_pressure,118,861432
5.371458000396907,1677.219933,1.6772199330000002,0.614402,low_pressure,118,861601
5.372469000397048,1330.079448,1.330079448,0.614265,low_pressure,118,861770
5.3734430003971845,1165.04482,1.16504482,0.614197,low_pressure,118,861932
5.374468000397328,1081.946267,1.081946267,0.614163,low_pressure,118,862101
5.375442000397464,1037.940027,1.037940027,0.614146,low_pressure,118,862263
5.376474000397608,1016.911977,1.016911977,0.614139,low_pressure,118,862432
5.377460000397746,1006.519388,1.006519388,0.614136,low_pressure,118,862594
5.378450000397884,1001.171464,1.001171464,0.614135,low_pressure,118,862756
5.379457000398025,998.576496,0.998576496,0.614135,low_pressure,118,862926
5.380466000398166,997.978809,0.9979788089999999,0.614135,low_pressure,118,863095
5.381474000398307,997.889181,0.997889181,0.614136,low_pressure,118,863264
5.382457000398444,998.438249,0.998438249,0.614137,low_pressure,118,863433
5.383461000398585,998.605981,0.9986059810000001,0.614137,low_pressure,118,863602
5.384469000398726,998.694566,0.9986945660000001,0.614137,low_pressure,118,863771
5.385470000398866,998.935184,0.998935184,0.614138,low_pressure,118,863940
5.3864780003990065,999.079368,0.9990793680000001,0.614138,low_pressure,118,864109
5.3874440003991415,999.19688,0.99919688,0.614138,low_pressure,118,864271
5.388480000399286,999.335771,0.999335771,0.614138,low_pressure,118,864447
5.389406000399416,999.425758,0.999425758,0.614139,low_pressure,118,864609
5.389406000399416,999.424356,0.999424356,0.614139,low_pressure,118,864610
5.390473000399565,13615.709231,13.615709231,0.617001,high_pressure,119,864810
5.391475000399705,35148.307227,35.148307227,0.619881,high_pressure,119,865021
5.392471000399844,64035.81692,64.03581692,0.622779,high_pressure,119,865239
5.393454000399982,99339.133141,99.339133141,0.625695,high_pressure,119,865464
5.3944550004001215,140477.51306,140.47751306,0.628629,high_pressure,119,865696
5.395466000400263,187115.935212,187.115935212,0.631582,high_pressure,119,865935
5.396452000400401,199916.534271,199.91653427100002,0.632343,high_pressure,119,866174
5.397148000400498,199994.396904,199.99439690399998,0.632349,high_pressure,119,866351
5.398205000400646,151644.080009,151.644080009,0.629391,low_pressure,119,866600
5.3991770004007815,108830.946681,108.830946681,0.626452,low_pressure,119,866825
5.400204000400925,71849.881468,71.849881468,0.623532,low_pressure,119,867057
5.401207000401065,41235.013877,41.235013877,0.620629,low_pressure,119,867275
5.402177000401201,17738.822359,17.738822359,0.617744,low_pressure,119,867479
5.4032050004013445,5242.204603,5.242204603,0.615488,low_pressure,119,867676
5.404191000401482,2526.74668,2.52674668,0.614747,low_pressure,119,867852
5.40517800040162,1676.949302,1.676949302,0.614451,low_pressure,119,868021
5.406191000401762,1331.0228,1.3310228,0.614314,low_pressure,119,868190
5.407206000401904,1165.011643,1.1650116430000002,0.614246,low_pressure,119,868359
5.408192000402042,1082.365634,1.082365634,0.614212,low_pressure,119,868528
5.40918500040218,1040.183857,1.040183857,0.614195,low_pressure,119,868690
5.4101800004023195,1017.556057,1.017556057,0.614187,low_pressure,119,868852
5.411212000402464,1005.326716,1.0053267160000001,0.614184,low_pressure,119,869021
5.412200000402602,1000.084356,1.000084356,0.614184,low_pressure,119,869184
5.413203000402742,998.267686,0.998267686,0.614184,low_pressure,119,869353
5.414185000402879,997.522056,0.997522056,0.614184,low_pressure,119,869522
5.415183000403019,997.603119,0.997603119,0.614185,low_pressure,119,869691
5.416186000403159,997.582022,0.997582022,0.614186,low_pressure,119,869860
5.417183000403298,997.661486,0.9976614859999999,0.614187,low_pressure,119,870029
5.418188000403439,998.384935,0.998384935,0.614187,low_pressure,119,870198
5.41919600040358,998.742522,0.998742522,0.614187,low_pressure,119,870367
5.420195000403719,999.09809,0.9990980899999999,0.614188,low_pressure,119,870536
5.421218000403862,999.153946,0.9991539460000001,0.614188,low_pressure,119,870712
5.422181000403997,999.291725,0.9992917250000001,0.614188,low_pressure,119,870874
5.423188000404138,999.399592,0.999399592,0.614188,low_pressure,119,871043
5.423439000404173,999.31868,0.99931868,0.614188,low_pressure,119,871093
5.424472000404317,13594.158054,13.594158054,0.617051,high_pressure,120,871286
5.425487000404459,35139.817947,35.139817947000004,0.619931,high_pressure,120,871497
5.426475000404597,64088.343102,64.088343102,0.62283,high_pressure,120,871715
5.427481000404738,99439.466448,99.439466448,0.625746,high_pressure,120,871940
5.4284880004048786,140589.656346,140.589656346,0.628681,high_pressure,120,872172
5.4294750004050165,187314.437336,187.314437336,0.631634,high_pressure,120,872404
5.430483000405157,199919.636608,199.919636608,0.632384,high_pressure,120,872643
5.431230000405262,200000.007191,200.000007191,0.632389,high_pressure,120,872827
5.432275000405408,151606.857506,151.606857506,0.629431,low_pressure,120,873069
5.433286000405549,108782.746889,108.782746889,0.626492,low_pressure,120,873301
5.434266000405686,71781.231227,71.78123122699999,0.623571,low_pressure,120,873519
5.435264000405826,41137.298873,41.137298873,0.620668,low_pressure,120,873737
5.436261000405965,17645.437756,17.645437756,0.617783,low_pressure,120,873941
5.437262000406105,5222.235422,5.222235422,0.615534,low_pressure,120,874131
5.438285000406248,2523.169264,2.5231692640000003,0.614795,low_pressure,120,874314
5.439270000406386,1677.218869,1.677218869,0.6145,low_pressure,120,874483
5.440283000406527,1330.172253,1.330172253,0.614362,low_pressure,120,874652
5.441283000406667,1166.353797,1.166353797,0.614294,low_pressure,120,874821
5.442258000406803,1082.371349,1.082371349,0.61426,low_pressure,120,874983
5.443280000406946,1038.581558,1.0385815580000002,0.614244,low_pressure,120,875152
5.444268000407084,1015.805446,1.015805446,0.614236,low_pressure,120,875314
5.445288000407227,1005.016391,1.005016391,0.614233,low_pressure,120,875483
5.446267000407364,999.79785,0.99979785,0.614233,low_pressure,120,875646
5.447288000407506,997.753012,0.997753012,0.614233,low_pressure,120,875822
5.4482830004076455,997.055335,0.997055335,0.614234,low_pressure,120,875991
5.449283000407785,997.477672,0.997477672,0.614235,low_pressure,120,876160
5.450280000407925,997.488315,0.9974883149999999,0.614236,low_pressure,120,876329
5.451275000408064,998.063208,0.998063208,0.614236,low_pressure,120,876498
5.4522750004082035,998.676405,0.9986764050000001,0.614237,low_pressure,120,876667
5.453294000408346,999.29415,0.99929415,0.614237,low_pressure,120,876843
5.454292000408485,999.155096,0.999155096,0.614237,low_pressure,120,877012
5.455292000408625,999.098692,0.999098692,0.614237,low_pressure,120,877181
5.456287000408764,999.26453,0.99926453,0.614238,low_pressure,120,877350
5.4572830004089035,999.362077,0.999362077,0.614238,low_pressure,120,877519
5.458283000409043,999.493614,0.999493614,0.614238,low_pressure,120,877688
5.459267000409181,999.467769,0.999467769,0.614238,low_pressure,120,877857
5.460267000409321,999.451773,0.999451773,0.614238,low_pressure,120,878026
5.461017000409425,999.321026,0.999321026,0.614238,low_pressure,120,878160
5.462063000409572,13622.228257,13.622228257000002,0.617101,high_pressure,121,878360
5.46305400040971,35216.892325,35.216892325,0.619982,high_pressure,121,878571
5.464046000409849,64202.27418,64.20227418,0.622881,high_pressure,121,878789
5.46505600040999,99574.362992,99.57436299199999,0.625797,high_pressure,121,879021
5.466050000410129,140787.23436,140.78723436,0.628732,high_pressure,121,879253
5.467055000410269,187500.305885,187.50030588500002,0.631686,high_pressure,121,879492
5.468041000410407,199918.508824,199.91850882399999,0.632424,high_pressure,121,879731
5.469047000410548,199998.314606,199.998314606,0.63243,high_pressure,121,879977
5.47006200041069,199995.244385,199.995244385,0.632432,high_pressure,121,880223
5.470323000410726,200000.149502,200.000149502,0.632432,high_pressure,121,880295
5.471330000410867,151628.816141,151.628816141,0.629474,low_pressure,121,880537
5.472327000411006,108783.889079,108.783889079,0.626534,low_pressure,121,880769
5.473342000411148,71775.773149,71.775773149,0.623613,low_pressure,121,881001
5.4743390004112875,41125.426122,41.125426122,0.62071,low_pressure,121,881219
5.475346000411428,17623.039087,17.623039087000002,0.617825,low_pressure,121,881430
5.476330000411566,5207.188015,5.207188015,0.615579,low_pressure,121,881620
5.477350000411708,2518.237701,2.518237701,0.614842,low_pressure,121,881803
5.478333000411846,1674.959506,1.674959506,0.614548,low_pressure,121,881972
5.4793680004119905,1327.895892,1.327895892,0.614411,low_pressure,121,882148
5.4803410004121265,1162.946585,1.1629465849999998,0.614344,low_pressure,121,882310
5.481356000412268,1080.216636,1.080216636,0.614311,low_pressure,121,882479
5.4823300004124045,1038.105803,1.0381058029999999,0.614295,low_pressure,121,882641
5.483350000412547,1017.578094,1.0175780939999999,0.614287,low_pressure,121,882810
5.484366000412689,1006.276188,1.006276188,0.614284,low_pressure,121,882979
5.485368000412829,1000.389565,1.0003895649999999,0.614283,low_pressure,121,883148
5.486367000412969,998.930562,0.998930562,0.614283,low_pressure,121,883318
5.4873670004131085,998.745413,0.998745413,0.614283,low_pressure,121,883487
5.488350000413246,998.301204,0.998301204,0.614284,low_pressure,121,883656
5.489350000413386,998.297744,0.9982977439999999,0.614284,low_pressure,121,883825
5.4903500004135255,998.734498,0.998734498,0.614285,low_pressure,121,883994
5.491333000413663,998.813051,0.998813051,0.614285,low_pressure,121,884163
5.492333000413803,999.184081,0.999184081,0.614285,low_pressure,121,884332
5.4933330004139425,999.178895,0.999178895,0.614286,low_pressure,121,884501
5.494358000414086,999.185049,0.999185049,0.614286,low_pressure,121,884677
5.495348000414224,999.301712,0.999301712,0.614286,low_pressure,121,884846
5.496342000414363,999.455355,0.999455355,0.614286,low_pressure,121,885015
5.497367000414506,999.403177,0.999403177,0.614286,low_pressure,121,885191
5.498295000414636,999.556883,0.999556883,0.614287,low_pressure,121,885360
5.499333000414781,13624.188117,13.624188117,0.61715,high_pressure,122,885560
5.50032400041492,35211.469708,35.211469707999996,0.620031,high_pressure,122,885771
5.501341000415062,64210.558253,64.210558253,0.62293,high_pressure,122,886010
5.502325000415199,99600.304343,99.60030434299999,0.625847,high_pressure,122,886235
5.503325000415339,140849.353963,140.849353963,0.628782,high_pressure,122,886467
5.504338000415481,187562.527603,187.562527603,0.631735,high_pressure,122,886706
5.5053240004156185,199918.833811,199.91883381099998,0.63247,high_pressure,122,886945
5.506317000415757,199999.402624,199.999402624,0.632476,high_pressure,122,887198
5.507326000415898,199997.577349,199.997577349,0.632477,high_pressure,122,887451
5.507718000415953,200000.326566,200.000326566,0.632477,high_pressure,122,887558
5.508730000416095,151636.759358,151.636759358,0.629519,low_pressure,122,887800
5.509733000416235,108785.341827,108.785341827,0.626579,low_pressure,122,888032
5.510750000416377,71758.288145,71.758288145,0.623657,low_pressure,122,888264
5.5117200004165126,41094.516923,41.094516923,0.620754,low_pressure,122,888475
5.512735000416654,17603.591141,17.603591141000003,0.617868,low_pressure,122,888686
5.513727000416793,5202.215169,5.2022151690000005,0.615624,low_pressure,122,888876
5.514752000416936,2515.369728,2.515369728,0.614889,low_pressure,122,889059
5.515721000417072,1671.37286,1.67137286,0.614596,low_pressure,122,889228
5.516725000417212,1328.356041,1.328356041,0.61446,low_pressure,122,889397
5.517741000417354,1163.346132,1.1633461319999998,0.614392,low_pressure,122,889566
5.518721000417491,1078.868732,1.0788687319999999,0.614359,low_pressure,122,889735
5.519735000417633,1037.06005,1.03706005,0.614343,low_pressure,122,889904
5.520750000417775,1016.024934,1.016024934,0.614336,low_pressure,122,890073
5.521724000417911,1005.068827,1.005068827,0.614333,low_pressure,122,890235
5.522725000418051,1000.659676,1.000659676,0.614332,low_pressure,122,890404
5.523725000418191,998.691757,0.998691757,0.614332,low_pressure,122,890574
5.52472500041833,998.00086,0.99800086,0.614333,low_pressure,122,890743
5.52572500041847,997.916292,0.997916292,0.614333,low_pressure,122,890912
5.52672500041861,998.012767,0.9980127670000001,0.614334,low_pressure,122,891081
5.52772500041875,998.308267,0.998308267,0.614335,low_pressure,122,891250
5.528750000418893,998.659352,0.998659352,0.614335,low_pressure,122,891426
5.529750000419033,999.020392,0.999020392,0.614335,low_pressure,122,891595
5.5307500004191725,999.023614,0.999023614,0.614336,low_pressure,122,891764
5.531750000419312,999.139473,0.999139473,0.614336,low_pressure,122,891933
5.532742000419451,999.340539,0.9993405390000001,0.614336,low_pressure,122,892102
5.533742000419591,999.619027,0.9996190269999999,0.614336,low_pressure,122,892271
5.534755000419732,999.52392,0.99952392,0.614336,low_pressure,122,892447
5.535129000419785,999.388142,0.999388142,0.614336,low_pressure,122,892518
5.53617200041993,13629.319775,13.629319775,0.6172,high_pressure,123,892718
5.53716800042007,35219.954588,35.219954588,0.620081,high_pressure,123,892929
5.538164000420209,64245.247085,64.245247085,0.62298,high_pressure,123,893147
5.539164000420349,99678.28172,99.67828172,0.625898,high_pressure,123,893372
5.540162000420488,140933.794727,140.933794727,0.628833,high_pressure,123,893604
5.541146000420626,187649.124536,187.649124536,0.631787,high_pressure,123,893836
5.5421610004207675,199919.590881,199.919590881,0.632518,high_pressure,123,894082
5.543158000420907,199998.89429,199.99889429,0.632523,high_pressure,123,894321
5.544160000421047,199997.323994,199.997323994,0.632525,high_pressure,123,894560
5.544490000421093,200000.254802,200.000254802,0.632525,high_pressure,123,894646
5.545510000421236,151650.942894,151.650942894,0.629566,low_pressure,123,894888
5.546512000421376,108811.283509,108.811283509,0.626626,low_pressure,123,895120
5.547516000421516,71789.988799,71.789988799,0.623704,low_pressure,123,895345
5.548507000421655,41096.224612,41.096224612,0.620801,low_pressure,123,895563
5.549492000421792,17591.262496,17.591262496,0.617915,low_pressure,123,895767
5.5505240004219365,5198.508008,5.198508008,0.615671,low_pressure,123,895964
5.551502000422073,2514.498973,2.5144989730000002,0.614936,low_pressure,123,896140
5.552523000422216,1669.832243,1.669832243,0.614643,low_pressure,123,896316
5.5535290004223565,1326.308603,1.326308603,0.614508,low_pressure,123,896485
5.554531000422497,1161.915171,1.1619151710000002,0.61444,low_pressure,123,896654
5.555504000422633,1079.834695,1.079834695,0.614407,low_pressure,123,896816
5.556520000422775,1037.698911,1.037698911,0.614391,low_pressure,123,896985
5.557493000422911,1015.97066,1.01597066,0.614384,low_pressure,123,897147
5.5585080004230525,1006.043115,1.006043115,0.614381,low_pressure,123,897316
5.5595240004231945,1000.979194,1.000979194,0.61438,low_pressure,123,897485
5.560517000423333,999.154528,0.999154528,0.61438,low_pressure,123,897655
5.561517000423473,998.259627,0.998259627,0.61438,low_pressure,123,897824
5.562517000423613,998.201651,0.998201651,0.614381,low_pressure,123,897993
5.563517000423753,998.27796,0.99827796,0.614381,low_pressure,123,898162
5.564517000423892,998.722532,0.998722532,0.614382,low_pressure,123,898331
5.565517000424032,998.683468,0.998683468,0.614382,low_pressure,123,898500
5.56650000042417,998.954742,0.998954742,0.614383,low_pressure,123,898669
5.567500000424309,999.222079,0.999222079,0.614383,low_pressure,123,898838
5.56779200042435,999.263888,0.999263888,0.614383,low_pressure,123,898895
5.568855000424499,13636.036427,13.636036426999999,0.617247,high_pressure,124,899095
5.569849000424638,35249.815851,35.249815851,0.620128,high_pressure,124,899306
5.570844000424777,64281.74611,64.28174611,0.623028,high_pressure,124,899524
5.5718290004249145,99713.819114,99.713819114,0.625945,high_pressure,124,899749
5.572830000425054,141011.64768,141.01164767999998,0.628881,high_pressure,124,899981
5.573833000425195,187785.049085,187.785049085,0.631835,high_pressure,124,900220
5.574825000425333,199922.395917,199.922395917,0.632557,high_pressure,124,900459
5.575565000425437,200000.029218,200.000029218,0.632562,high_pressure,124,900643
5.57659000042558,151607.74178,151.60774178,0.629603,low_pressure,124,900885
5.57759300042572,108725.860581,108.725860581,0.626663,low_pressure,124,901117
5.578587000425859,71691.91856,71.69191856,0.623741,low_pressure,124,901342
5.579585000425999,41031.128863,41.031128863,0.620837,low_pressure,124,901560
5.580610000426142,17543.924284,17.543924284,0.617951,low_pressure,124,901778
5.5816020004262805,5183.200236,5.183200235999999,0.615712,low_pressure,124,901968
5.582620000426423,2507.048275,2.5070482750000003,0.61498,low_pressure,124,902151
5.58360100042656,1665.526303,1.665526303,0.614689,low_pressure,124,902320
5.584610000426701,1322.684194,1.322684194,0.614554,low_pressure,124,902489
5.585583000426837,1162.626129,1.162626129,0.614487,low_pressure,124,902651
5.586585000426977,1081.662189,1.081662189,0.614454,low_pressure,124,902820
5.587599000427119,1038.400324,1.038400324,0.614437,low_pressure,124,902989
5.588614000427261,1016.24021,1.01624021,0.61443,low_pressure,124,903158
5.589587000427397,1005.836297,1.0058362969999999,0.614427,low_pressure,124,903320
5.5906020004275385,1001.36373,1.00136373,0.614426,low_pressure,124,903489
5.591608000427679,999.057507,0.999057507,0.614426,low_pressure,124,903659
5.592592000427817,998.073347,0.998073347,0.614426,low_pressure,124,903828
5.5935920004279565,997.523193,0.997523193,0.614427,low_pressure,124,903997
5.594592000428096,998.08473,0.9980847300000001,0.614427,low_pressure,124,904166
5.595589000428236,998.223854,0.9982238539999999,0.614428,low_pressure,124,904335
5.5965830004283745,998.707405,0.998707405,0.614428,low_pressure,124,904504
5.597583000428514,999.183693,0.999183693,0.614429,low_pressure,124,904673
5.598608000428658,999.31338,0.99931338,0.614429,low_pressure,124,904849
5.599592000428795,999.034661,0.999034661,0.614429,low_pressure,124,905018
5.600592000428935,998.940107,0.998940107,0.614429,low_pressure,124,905187
5.601586000429074,999.253885,0.999253885,0.61443,low_pressure,124,905356
5.602583000429213,999.482625,0.999482625,0.61443,low_pressure,124,905525
5.603208000429301,999.460931,0.999460931,0.61443,low_pressure,124,905638
5.604261000429448,13641.845678,13.641845678,0.617294,high_pressure,125,905838
5.605241000429585,35272.520111,35.272520111,0.620176,high_pressure,125,906049
5.606249000429726,64326.906855,64.326906855,0.623076,high_pressure,125,906274
5.607254000429866,99779.460514,99.77946051400001,0.625994,high_pressure,125,906506
5.608252000430006,141085.362265,141.08536226500001,0.62893,high_pressure,125,906738
5.609248000430145,187939.845173,187.939845173,0.631884,high_pressure,125,906984
5.610234000430283,199924.350645,199.924350645,0.632597,high_pressure,125,907223
5.610843000430368,200000.277732,200.000277732,0.632601,high_pressure,125,907379
5.611875000430512,151551.372798,151.551372798,0.629642,low_pressure,125,907621
5.612884000430653,108652.207774,108.65220777399999,0.626702,low_pressure,125,907860
5.613893000430794,71634.687685,71.634687685,0.623779,low_pressure,125,908092
5.614897000430934,40967.547641,40.967547640999996,0.620875,low_pressure,125,908310
5.615875000431071,17475.791606,17.475791605999998,0.617989,low_pressure,125,908514
5.61686800043121,5161.054725,5.161054725,0.615756,low_pressure,125,908704
5.617891000431353,2500.643726,2.500643726,0.615028,low_pressure,125,908887
5.618900000431494,1665.21742,1.6652174199999998,0.614737,low_pressure,125,909063
5.6198700004316295,1323.682697,1.323682697,0.614602,low_pressure,125,909225
5.620885000431771,1162.92021,1.16292021,0.614536,low_pressure,125,909394
5.621890000431912,1082.15734,1.08215734,0.614502,low_pressure,125,909563
5.622906000432054,1039.300626,1.039300626,0.614485,low_pressure,125,909732
5.6238830004321905,1017.564801,1.017564801,0.614477,low_pressure,125,909894
5.62488200043233,1006.770167,1.006770167,0.614474,low_pressure,125,910063
5.625899000432472,1001.553136,1.001553136,0.614473,low_pressure,125,910232
5.626867000432608,999.482997,0.999482997,0.614473,low_pressure,125,910395
5.627905000432753,998.472407,0.998472407,0.614473,low_pressure,125,910571
5.628900000432892,997.980267,0.997980267,0.614474,low_pressure,125,910740
5.629902000433032,998.271295,0.998271295,0.614474,low_pressure,125,910923
5.630884000433169,998.897224,0.998897224,0.614475,low_pressure,125,911092
5.631883000433309,999.063444,0.999063444,0.614475,low_pressure,125,911261
5.632898000433451,999.337644,0.9993376439999999,0.614475,low_pressure,125,911437
5.633883000433588,999.40805,0.99940805,0.614475,low_pressure,125,911613
5.634883000433728,999.285819,0.9992858189999999,0.614476,low_pressure,125,911782
5.635883000433868,999.378825,0.999378825,0.614476,low_pressure,125,911951
5.6368680004340055,999.344931,0.999344931,0.614476,low_pressure,125,912120
5.637867000434145,999.660789,0.999660789,0.614476,low_pressure,125,912289
5.638894000434289,999.808562,0.999808562,0.614476,low_pressure,125,912465
5.6395580004343815,999.703595,0.999703595,0.614476,low_pressure,125,912585
5.640591000434526,13649.813867,13.649813867,0.617341,high_pressure,126,912785
5.641587000434665,35266.453918,35.266453917999996,0.620223,high_pressure,126,912996
5.642602000434807,64284.250754,64.284250754,0.623123,high_pressure,126,913221
5.643595000434946,99728.389715,99.72838971499999,0.626041,high_pressure,126,913446
5.644588000435085,141067.267863,141.06726786299998,0.628978,high_pressure,126,913678
5.645598000435226,187897.033132,187.89703313200002,0.631932,high_pressure,126,913917
5.646584000435364,199921.615592,199.921615592,0.632646,high_pressure,126,914156
5.647300000435464,199986.488881,199.98648888099999,0.632651,high_pressure,126,914340
5.648330000435608,151543.438452,151.543438452,0.629692,low_pressure,126,914582
5.649337000435748,108637.774723,108.63777472299999,0.626751,low_pressure,126,914821
5.650337000435888,71598.312537,71.598312537,0.623828,low_pressure,126,915053
5.651356000436031,40948.022804,40.948022804,0.620924,low_pressure,126,915278
5.652335000436167,17470.141665,17.470141665,0.618037,low_pressure,126,915482
5.653361000436311,5165.786026,5.165786026,0.615804,low_pressure,126,915679
5.654336000436447,2504.414282,2.5044142820000004,0.615074,low_pressure,126,915855
5.65535800043659,1668.236567,1.668236567,0.614783,low_pressure,126,916031
5.656329000436726,1323.886166,1.323886166,0.614647,low_pressure,126,916193
5.6573290004368655,1162.969165,1.162969165,0.61458,low_pressure,126,916362
5.6583450004370075,1080.786091,1.080786091,0.614547,low_pressure,126,916531
5.659360000437149,1038.620996,1.0386209960000001,0.614531,low_pressure,126,916700
5.66036300043729,1016.993866,1.016993866,0.614523,low_pressure,126,916869
5.661338000437426,1005.252162,1.005252162,0.61452,low_pressure,126,917031
5.662312000437562,1000.108586,1.0001085859999999,0.614519,low_pressure,126,917200
5.663331000437704,998.800246,0.9988002460000001,0.614519,low_pressure,126,917370
5.664367000437849,998.376591,0.998376591,0.61452,low_pressure,126,917546
5.665358000437988,998.205257,0.998205257,0.61452,low_pressure,126,917715
5.666355000438127,998.353264,0.998353264,0.614521,low_pressure,126,917884
5.667348000438266,998.403724,0.998403724,0.614521,low_pressure,126,918060
5.668328000438403,998.552742,0.998552742,0.614522,low_pressure,126,918236
5.669333000438543,999.001505,0.999001505,0.614522,low_pressure,126,918412
5.670333000438683,999.117154,0.999117154,0.614522,low_pressure,126,918581
5.671333000438823,999.283531,0.999283531,0.614523,low_pressure,126,918750
5.672330000438962,999.140261,0.999140261,0.614523,low_pressure,126,918919
5.673367000439107,999.429288,0.9994292880000001,0.614523,low_pressure,126,919095
5.674367000439247,999.448308,0.999448308,0.614523,low_pressure,126,919264
5.675311000439379,999.473822,0.999473822,0.614523,low_pressure,126,919433
5.675311000439379,999.467118,0.999467118,0.614523,low_pressure,126,919434
5.676354000439525,13631.186827,13.631186826999999,0.617388,high_pressure,127,919634
5.677352000439664,35243.878141,35.243878141,0.62027,high_pressure,127,919845
5.678366000439806,64306.40277,64.30640277,0.623171,high_pressure,127,920070
5.6793500004399435,99754.205583,99.754205583,0.626089,high_pressure,127,920295
5.680365000440085,141100.416205,141.100416205,0.629026,high_pressure,127,920534
5.681348000440223,187969.67967,187.96967967,0.631981,high_pressure,127,920766
5.682363000440365,199923.149014,199.923149014,0.632692,high_pressure,127,921012
5.6833490004405025,199998.342684,199.998342684,0.632697,high_pressure,127,921251
5.684355000440643,199998.471841,199.998471841,0.632698,high_pressure,127,921497
5.684442000440655,200000.051777,200.00005177699998,0.632698,high_pressure,127,921527
5.6854740004407995,151546.600695,151.546600695,0.629739,low_pressure,127,921776
5.6864680004409385,108632.698052,108.63269805200001,0.626797,low_pressure,127,922008
5.687464000441078,71599.777471,71.599777471,0.623874,low_pressure,127,922233
5.688462000441217,40942.0421,40.9420421,0.62097,low_pressure,127,922451
5.68948300044136,17460.540098,17.460540098000003,0.618083,low_pressure,127,922669
5.690471000441498,5166.840477,5.166840477,0.615849,low_pressure,127,922873
5.6914830004416395,2504.164704,2.504164704,0.615119,low_pressure,127,923056
5.692468000441777,1666.401871,1.666401871,0.614828,low_pressure,127,923225
5.693477000441918,1323.355498,1.323355498,0.614693,low_pressure,127,923394
5.694472000442057,1161.916829,1.161916829,0.614626,low_pressure,127,923563
5.695477000442198,1080.183039,1.080183039,0.614593,low_pressure,127,923732
5.696472000442337,1038.027514,1.0380275140000002,0.614577,low_pressure,127,923908
5.697477000442477,1016.446567,1.016446567,0.614569,low_pressure,127,924084
5.69849500044262,1005.809141,1.0058091409999999,0.614566,low_pressure,127,924253
5.699481000442757,1000.762332,1.000762332,0.614566,low_pressure,127,924422
5.700473000442896,998.507794,0.998507794,0.614566,low_pressure,127,924592
5.701460000443034,997.906898,0.997906898,0.614566,low_pressure,127,924761
5.702500000443179,997.957257,0.997957257,0.614567,low_pressure,127,924937
5.703500000443319,998.575962,0.998575962,0.614567,low_pressure,127,925106
5.704460000443453,998.681549,0.9986815490000001,0.614568,low_pressure,127,925268
5.705462000443593,998.650732,0.998650732,0.614568,low_pressure,127,925437
5.7065000004437385,998.843669,0.998843669,0.614569,low_pressure,127,925613
5.707483000443876,999.270055,0.999270055,0.614569,low_pressure,127,925782
5.708464000444013,999.119959,0.999119959,0.614569,low_pressure,127,925951
5.709500000444158,999.372461,0.999372461,0.614569,low_pressure,127,926127
5.710461000444292,999.302423,0.9993024229999999,0.614569,low_pressure,127,926289
5.711407000444424,999.414109,0.999414109,0.61457,low_pressure,127,926458
5.712436000444568,13624.135729,13.624135728999999,0.617435,high_pressure,128,926665
5.713422000444706,35239.187309,35.239187309,0.620317,high_pressure,128,926876
5.714423000444846,64304.605199,64.304605199,0.623218,high_pressure,128,927101
5.715435000444987,99778.383764,99.778383764,0.626137,high_pressure,128,927333
5.7164300004451265,141124.028085,141.124028085,0.629074,high_pressure,128,927565
5.717425000445266,187955.72108,187.95572108,0.632029,high_pressure,128,927804
5.7184400004454075,199921.170225,199.921170225,0.632741,high_pressure,128,928050
5.719425000445545,199997.281295,199.997281295,0.632746,high_pressure,128,928289
5.720439000445687,199997.791446,199.99779144599998,0.632747,high_pressure,128,928535
5.72081600044574,200000.139231,200.00013923100002,0.632748,high_pressure,128,928635
5.721865000445886,151567.531843,151.567531843,0.629788,low_pressure,128,928884
5.722864000446026,108658.545964,108.658545964,0.626846,low_pressure,128,929116
5.723857000446165,71602.917098,71.602917098,0.623923,low_pressure,128,929341
5.724856000446304,40947.848898,40.947848898,0.621018,low_pressure,128,929559
5.725858000446444,17471.885273,17.471885273,0.618131,low_pressure,128,929770
5.7268680004465855,5171.087135,5.171087135,0.615896,low_pressure,128,929967
5.727881000446727,2501.238737,2.501238737,0.615166,low_pressure,128,930150
5.728861000446864,1670.243538,1.670243538,0.614875,low_pressure,128,930319
5.729874000447006,1324.990311,1.324990311,0.614739,low_pressure,128,930488
5.730847000447142,1163.059898,1.163059898,0.614672,low_pressure,128,930650
5.731861000447283,1080.84936,1.08084936,0.614638,low_pressure,128,930819
5.732862000447423,1038.762286,1.0387622859999999,0.614622,low_pressure,128,930988
5.73384200044756,1017.336098,1.017336098,0.614614,low_pressure,128,931150
5.734855000447702,1007.235319,1.007235319,0.614611,low_pressure,128,931326
5.735856000447842,1001.338827,1.001338827,0.61461,low_pressure,128,931495
5.736859000447982,999.316172,0.999316172,0.61461,low_pressure,128,931665
5.737858000448122,998.75394,0.99875394,0.61461,low_pressure,128,931834
5.738842000448259,997.967205,0.997967205,0.614611,low_pressure,128,932003
5.739842000448399,998.457154,0.9984571539999999,0.614611,low_pressure,128,932172
5.740858000448541,998.624058,0.998624058,0.614611,low_pressure,128,932348
5.741858000448681,998.956435,0.9989564350000001,0.614612,low_pressure,128,932517
5.7428580004488206,999.115074,0.9991150740000001,0.614612,low_pressure,128,932686
5.74385800044896,998.955205,0.998955205,0.614612,low_pressure,128,932855
5.744851000449099,998.994976,0.998994976,0.614613,low_pressure,128,933031
5.745850000449239,999.514526,0.999514526,0.614613,low_pressure,128,933200
5.7468500004493785,999.75869,0.99975869,0.614613,low_pressure,128,933369
5.747845000449518,999.708726,0.9997087259999999,0.614613,low_pressure,128,933538
5.747927000449529,999.734739,0.999734739,0.614613,low_pressure,128,933560
5.748983000449677,13663.996726,13.663996725999999,0.617478,high_pressure,129,933760
5.749994000449818,35341.865884,35.341865884,0.620361,high_pressure,129,933985
5.750983000449956,64441.945328,64.441945328,0.623262,high_pressure,129,934203
5.751970000450094,99929.549295,99.929549295,0.626181,high_pressure,129,934428
5.752992000450237,141279.382523,141.279382523,0.629119,high_pressure,129,934667
5.753969000450374,188147.165863,188.147165863,0.632074,high_pressure,129,934899
5.7549840004505155,199924.003398,199.924003398,0.632774,high_pressure,129,935152
5.755970000450653,199998.874897,199.998874897,0.632779,high_pressure,129,935391
5.756985000450795,199997.241893,199.997241893,0.63278,high_pressure,129,935637
5.75737400045085,200000.258088,200.000258088,0.63278,high_pressure,129,935744
5.758405000450994,151565.456886,151.565456886,0.62982,low_pressure,129,936000
5.759393000451132,108649.229594,108.649229594,0.626878,low_pressure,129,936232
5.76038400045127,71608.35594,71.60835594,0.623955,low_pressure,129,936457
5.761402000451413,40930.607312,40.930607312,0.62105,low_pressure,129,936682
5.762411000451554,17435.272935,17.435272935,0.618162,low_pressure,129,936893
5.763420000451695,5147.954463,5.147954463,0.615933,low_pressure,129,937090
5.764393000451831,2493.39706,2.49339706,0.615207,low_pressure,129,937266
5.765417000451974,1662.43911,1.66243911,0.614918,low_pressure,129,937442
5.766383000452109,1323.110386,1.323110386,0.614784,low_pressure,129,937604
5.767399000452251,1162.251298,1.162251298,0.614717,low_pressure,129,937773
5.768414000452393,1080.639112,1.080639112,0.614684,low_pressure,129,937942
5.7693850004525284,1038.572281,1.038572281,0.614667,low_pressure,129,938104
5.770389000452669,1017.355058,1.017355058,0.61466,low_pressure,129,938273
5.771404000452811,1006.740191,1.006740191,0.614656,low_pressure,129,938442
5.772420000452953,1001.803899,1.001803899,0.614655,low_pressure,129,938611
5.773383000453087,999.466441,0.999466441,0.614655,low_pressure,129,938774
5.774383000453227,998.717993,0.998717993,0.614655,low_pressure,129,938943
5.775383000453367,998.309202,0.9983092020000001,0.614656,low_pressure,129,939112
5.77640800045351,998.70857,0.99870857,0.614656,low_pressure,129,939288
5.77740800045365,998.588561,0.998588561,0.614657,low_pressure,129,939457
5.77840800045379,998.84164,0.99884164,0.614657,low_pressure,129,939626
5.779408000453929,999.209517,0.999209517,0.614657,low_pressure,129,939795
5.780408000454069,999.320198,0.999320198,0.614657,low_pressure,129,939964
5.781408000454209,999.454085,0.999454085,0.614658,low_pressure,129,940133
5.7823920004543465,999.474439,0.999474439,0.614658,low_pressure,129,940302
5.783308000454475,999.424611,0.999424611,0.614658,low_pressure,129,940464
5.784335000454618,13684.249786,13.684249786,0.617523,high_pressure,130,940664
5.785342000454759,35412.866343,35.412866343000005,0.620407,high_pressure,130,940882
5.7863340004548975,64582.172639,64.58217263899999,0.623308,high_pressure,130,941100
5.787316000455035,100115.634636,100.115634636,0.626227,high_pressure,130,941325
5.788312000455174,141511.296046,141.511296046,0.629165,high_pressure,130,941557
5.789320000455315,188445.011908,188.445011908,0.632121,high_pressure,130,941796
5.790335000455457,199923.04326,199.92304326000001,0.632803,high_pressure,130,942042
5.791312000455593,199997.112442,199.997112442,0.632808,high_pressure,130,942281
5.792327000455735,199996.983101,199.99698310099998,0.632809,high_pressure,130,942527
5.793313000455873,199999.279341,199.99927934099998,0.63281,high_pressure,130,942766
5.7935450004559055,200000.524868,200.000524868,0.63281,high_pressure,130,942831
5.794570000456049,151537.268655,151.537268655,0.62985,low_pressure,130,943073
5.7955630004561876,108600.009916,108.60000991599999,0.626908,low_pressure,130,943305
5.79657900045633,71550.174021,71.550174021,0.623984,low_pressure,130,943537
5.797577000456469,40864.739843,40.864739843,0.621079,low_pressure,130,943755
5.79858500045661,17346.631357,17.346631357,0.618192,low_pressure,130,943966
5.799567000456747,5123.992772,5.123992771999999,0.615971,low_pressure,130,944156
5.800582000456889,2490.292638,2.490292638,0.615248,low_pressure,130,944339
5.80158700045703,1662.240363,1.662240363,0.614959,low_pressure,130,944515
5.8025880004571695,1321.995467,1.321995467,0.614825,low_pressure,130,944684
5.803562000457306,1160.469574,1.160469574,0.614758,low_pressure,130,944846
5.8045770004574475,1080.173332,1.080173332,0.614725,low_pressure,130,945015
5.8055930004575895,1038.856093,1.0388560930000001,0.614709,low_pressure,130,945184
5.8065660004577255,1017.663446,1.017663446,0.614701,low_pressure,130,945346
5.807566000457865,1006.451342,1.0064513419999999,0.614698,low_pressure,130,945515
5.808581000458007,1000.554261,1.000554261,0.614697,low_pressure,130,945684
5.809583000458147,998.797606,0.998797606,0.614697,low_pressure,130,945854
5.810583000458287,998.211347,0.998211347,0.614698,low_pressure,130,946023
5.811583000458427,997.763894,0.9977638940000001,0.614698,low_pressure,130,946192
5.812583000458567,998.334349,0.998334349,0.614699,low_pressure,130,946361
5.813567000458704,999.017511,0.999017511,0.614699,low_pressure,130,946530
5.814567000458844,998.9259,0.9989258999999999,0.614699,low_pressure,130,946699
5.815567000458984,999.233196,0.999233196,0.6147,low_pressure,130,946868
5.816602000459128,999.33206,0.99933206,0.6147,low_pressure,130,947044
5.8171830004592096,999.390838,0.9993908380000001,0.6147,low_pressure,130,947150
5.818244000459358,13657.76465,13.657764649999999,0.617566,high_pressure,131,947350
5.819225000459495,35385.925443,35.385925443,0.620449,high_pressure,131,947561
5.820248000459638,64545.830206,64.545830206,0.623351,high_pressure,131,947786
5.821236000459776,100077.046264,100.077046264,0.62627,high_pressure,131,948011
5.822230000459915,141499.853495,141.499853495,0.629208,high_pressure,131,948243
5.8232350004600555,188462.851092,188.462851092,0.632165,high_pressure,131,948482
5.824241000460196,199927.633407,199.92763340699997,0.632846,high_pressure,131,948728
5.824908000460289,200000.200816,200.000200816,0.63285,high_pressure,131,948898
5.825930000460432,151503.108916,151.503108916,0.62989,low_pressure,131,949147
5.826925000460571,108560.451078,108.560451078,0.626948,low_pressure,131,949379
5.827939000460713,71502.882234,71.502882234,0.624024,low_pressure,131,949611
5.828933000460852,40815.14371,40.815143709999994,0.621118,low_pressure,131,949829
5.829938000460992,17313.769863,17.313769863,0.61823,low_pressure,131,950040
5.83092000046113,5111.416713,5.111416713,0.616013,low_pressure,131,950230
5.831938000461272,2484.478969,2.484478969,0.615293,low_pressure,131,950413
5.8329430004614125,1661.408423,1.6614084230000001,0.615005,low_pressure,131,950589
5.8339450004615525,1322.992124,1.3229921240000002,0.61487,low_pressure,131,950758
5.8349180004616885,1163.464946,1.163464946,0.614803,low_pressure,131,950920
5.83593300046183,1080.915604,1.080915604,0.61477,low_pressure,131,951089
5.836949000461972,1039.428253,1.039428253,0.614753,low_pressure,131,951258
5.837922000462108,1017.443346,1.017443346,0.614746,low_pressure,131,951420
5.83893700046225,1006.26103,1.0062610300000001,0.614742,low_pressure,131,951589
5.83993700046239,1001.47787,1.00147787,0.614741,low_pressure,131,951758
5.8409420004625305,998.738634,0.9987386340000001,0.614741,low_pressure,131,951928
5.84194200046267,997.164234,0.997164234,0.614742,low_pressure,131,952097
5.84294200046281,997.400252,0.997400252,0.614743,low_pressure,131,952266
5.84394200046295,998.286676,0.9982866760000001,0.614743,low_pressure,131,952435
5.84494200046309,998.950718,0.998950718,0.614744,low_pressure,131,952604
5.845920000463226,998.94834,0.99894834,0.614744,low_pressure,131,952773
5.846917000463366,999.157479,0.999157479,0.614744,low_pressure,131,952942
5.8479170004635055,999.176684,0.999176684,0.614745,low_pressure,131,953111
5.848917000463645,999.006954,0.999006954,0.614745,low_pressure,131,953280
5.849917000463785,999.182816,0.999182816,0.614745,low_pressure,131,953449
5.850917000463925,999.453008,0.9994530079999999,0.614745,low_pressure,131,953618
5.851489000464005,999.279186,0.999279186,0.614745,low_pressure,131,953724
5.85252900046415,13687.325729,13.687325729,0.617611,high_pressure,132,953924
5.85352700046429,35457.932606,35.457932606,0.620495,high_pressure,132,954135
5.854514000464428,64675.91168,64.67591168,0.623397,high_pressure,132,954353
5.855506000464566,100242.187101,100.242187101,0.626317,high_pressure,132,954578
5.856525000464709,141675.251234,141.675251234,0.629255,high_pressure,132,954817
5.8575110004648465,188645.166524,188.645166524,0.632212,high_pressure,132,955049
5.858526000464988,199915.068811,199.915068811,0.632882,high_pressure,132,955295
5.859222000465086,200000.722868,200.00072286800003,0.632887,high_pressure,132,955472
5.86025500046523,151525.209387,151.52520938700002,0.629926,low_pressure,132,955714
5.861270000465372,108593.313294,108.59331329400001,0.626984,low_pressure,132,955953
5.862264000465511,71509.156369,71.50915636900001,0.62406,low_pressure,132,956178
5.86326200046565,40795.979314,40.79597931399999,0.621154,low_pressure,132,956396
5.864275000465792,17284.0547,17.284054700000002,0.618266,low_pressure,132,956607
5.86526500046593,5099.646567,5.099646567,0.616052,low_pressure,132,956797
5.86626600046607,2474.839856,2.474839856,0.615335,low_pressure,132,956980
5.867251000466208,1657.741851,1.657741851,0.615048,low_pressure,132,957149
5.8682640004663496,1321.479681,1.321479681,0.614915,low_pressure,132,957318
5.869279000466491,1162.986939,1.1629869389999998,0.614848,low_pressure,132,957487
5.870252000466627,1081.658044,1.081658044,0.614814,low_pressure,132,957649
5.871268000466769,1038.603048,1.038603048,0.614798,low_pressure,132,957818
5.872264000466909,1016.724975,1.016724975,0.61479,low_pressure,132,957987
5.8732790004670505,1005.565814,1.0055658140000001,0.614787,low_pressure,132,958156
5.874253000467187,1000.911691,1.000911691,0.614786,low_pressure,132,958318
5.875258000467327,998.8644,0.9988644000000001,0.614786,low_pressure,132,958488
5.876258000467467,997.687094,0.997687094,0.614787,low_pressure,132,958657
5.877258000467607,997.898972,0.997898972,0.614788,low_pressure,132,958826
5.878275000467749,998.244945,0.998244945,0.614788,low_pressure,132,959002
5.879275000467889,998.50693,0.99850693,0.614789,low_pressure,132,959171
5.880275000468028,998.710237,0.9987102370000001,0.614789,low_pressure,132,959340
5.881262000468166,998.79489,0.99879489,0.614789,low_pressure,132,959509
5.882258000468306,999.221854,0.999221854,0.61479,low_pressure,132,959678
5.883258000468445,999.259184,0.999259184,0.61479,low_pressure,132,959847
5.884273000468587,999.379528,0.9993795280000001,0.61479,low_pressure,132,960023
5.885267000468726,999.32838,0.99932838,0.61479,low_pressure,132,960192
5.886267000468866,999.383345,0.9993833449999999,0.61479,low_pressure,132,960361
5.886517000468901,999.295216,0.9992952159999999,0.61479,low_pressure,132,960411
5.8875370004690435,13677.440863,13.677440863,0.617657,high_pressure,133,960611
5.888537000469183,35444.999369,35.444999368999994,0.620541,high_pressure,133,960822
5.889552000469325,64655.568716,64.655568716,0.623443,high_pressure,133,961047
5.890545000469464,100263.210248,100.26321024800001,0.626363,high_pressure,133,961272
5.891545000469604,141737.86266,141.73786266000002,0.629302,high_pressure,133,961504
5.892524000469741,188737.523522,188.737523522,0.632258,high_pressure,133,961736
5.893539000469882,199927.285705,199.92728570499997,0.632922,high_pressure,133,961982
5.894546000470023,199999.131622,199.999131622,0.632927,high_pressure,133,962228
5.895532000470161,199997.26108,199.99726108,0.632928,high_pressure,133,962467
5.895996000470226,199997.836236,199.997836236,0.632928,high_pressure,133,962588
5.89702500047037,151493.511505,151.49351150500001,0.629967,low_pressure,133,962830
5.898020000470509,108532.103945,108.53210394499999,0.627025,low_pressure,133,963062
5.899018000470648,71438.57199,71.43857199,0.6241,low_pressure,133,963287
5.900018000470788,40734.87638,40.73487638,0.621194,low_pressure,133,963505
5.9010300004709295,17239.241479,17.239241479,0.618306,low_pressure,133,963716
5.902016000471067,5090.10635,5.09010635,0.616096,low_pressure,133,963906
5.903020000471208,2475.483256,2.475483256,0.615378,low_pressure,133,964089
5.90403700047135,1656.115491,1.656115491,0.615092,low_pressure,133,964265
5.9050430004714904,1319.045343,1.319045343,0.614959,low_pressure,133,964434
5.9060160004716264,1161.010416,1.161010416,0.614893,low_pressure,133,964596
5.907022000471767,1081.658273,1.081658273,0.61486,low_pressure,133,964765
5.908037000471909,1040.075319,1.040075319,0.614843,low_pressure,133,964934
5.909052000472051,1018.651985,1.018651985,0.614835,low_pressure,133,965103
5.910012000472185,1007.24562,1.00724562,0.614832,low_pressure,133,965265
5.911027000472327,1001.417024,1.001417024,0.614831,low_pressure,133,965434
5.9120330004724675,999.347565,0.999347565,0.61483,low_pressure,133,965604
5.913033000472607,998.616168,0.998616168,0.614831,low_pressure,133,965773
5.914033000472747,998.534477,0.9985344770000001,0.614831,low_pressure,133,965942
5.915033000472887,998.763704,0.9987637039999999,0.614832,low_pressure,133,966111
5.916017000473024,999.132833,0.999132833,0.614832,low_pressure,133,966280
5.917017000473164,998.901106,0.998901106,0.614832,low_pressure,133,966449
5.918017000473304,999.016509,0.999016509,0.614832,low_pressure,133,966618
5.919017000473444,999.079084,0.999079084,0.614833,low_pressure,133,966787
5.919475000473508,998.967472,0.998967472,0.614833,low_pressure,133,966872
5.920531000473655,13661.776735,13.661776735,0.617699,high_pressure,134,967072
5.921509000473792,35429.217983,35.429217983,0.620584,high_pressure,134,967283
5.922531000473935,64645.9842,64.6459842,0.623486,high_pressure,134,967508
5.923518000474073,100284.2911,100.2842911,0.626407,high_pressure,134,967733
5.9245100004742115,141827.164541,141.827164541,0.629345,high_pressure,134,967965
5.925515000474352,188902.204012,188.902204012,0.632303,high_pressure,134,968204
5.926511000474491,199930.872544,199.930872544,0.632957,high_pressure,134,968450
5.927526000474633,199998.068159,199.99806815899998,0.632961,high_pressure,134,968696
5.928512000474771,199998.005905,199.99800590499999,0.632962,high_pressure,134,968935
5.928889000474824,200000.393296,200.000393296,0.632962,high_pressure,134,969035
5.929894000474964,151467.468357,151.467468357,0.630001,low_pressure,134,969277
5.9309060004751055,108470.20043,108.47020042999999,0.627058,low_pressure,134,969516
5.931897000475244,71347.019042,71.347019042,0.624134,low_pressure,134,969741
5.932924000475388,40650.555809,40.650555809,0.621227,low_pressure,134,969966
5.933899000475524,17166.618819,17.166618819,0.618339,low_pressure,134,970170
5.9349050004756645,5072.129225,5.072129224999999,0.616134,low_pressure,134,970367
5.935918000475806,2473.184323,2.473184323,0.61542,low_pressure,134,970550
5.9369080004759445,1653.663891,1.6536638909999999,0.615134,low_pressure,134,970719
5.937918000476086,1321.236673,1.321236673,0.615001,low_pressure,134,970888
5.9389330004762275,1162.352142,1.162352142,0.614935,low_pressure,134,971057
5.9399060004763635,1081.02192,1.08102192,0.614901,low_pressure,134,971219
5.940916000476505,1039.273218,1.039273218,0.614885,low_pressure,134,971388
5.941898000476642,1017.484806,1.0174848060000001,0.614877,low_pressure,134,971550
5.942924000476785,1007.13023,1.00713023,0.614873,low_pressure,134,971719
5.943911000476923,1002.089201,1.002089201,0.614872,low_pressure,134,971881
5.944925000477065,999.48448,0.99948448,0.614872,low_pressure,134,972051
5.945925000477205,998.523184,0.9985231840000001,0.614872,low_pressure,134,972220
5.946930000477345,998.775674,0.998775674,0.614873,low_pressure,134,972389
5.947910000477482,998.602294,0.998602294,0.614873,low_pressure,134,972558
5.948901000477621,998.772468,0.998772468,0.614874,low_pressure,134,972727
5.9499000004777605,999.067456,0.999067456,0.614874,low_pressure,134,972896
5.950893000477899,999.317286,0.9993172859999999,0.614874,low_pressure,134,973065
5.951892000478039,999.292721,0.999292721,0.614874,low_pressure,134,973234
5.952892000478179,999.425967,0.999425967,0.614874,low_pressure,134,973403
5.953917000478322,999.568684,0.999568684,0.614875,low_pressure,134,973579
5.954918000478462,999.553251,0.999553251,0.614875,low_pressure,134,973748
5.955918000478602,999.545391,0.999545391,0.614875,low_pressure,134,973917
5.956000000478613,999.485092,0.999485092,0.614875,low_pressure,134,973939
5.9570470004787595,13665.429251,13.665429250999999,0.617742,high_pressure,135,974139
5.9580520004789,35445.438322,35.445438322,0.620626,high_pressure,135,974350
5.959041000479038,64689.847827,64.689847827,0.623529,high_pressure,135,974568
5.960041000479178,100359.855068,100.359855068,0.62645,high_pressure,135,974793
5.961043000479318,141893.565613,141.89356561300002,0.629389,high_pressure,135,975025
5.962028000479456,188985.592565,188.985592565,0.632346,high_pressure,135,975257
5.963025000479595,199930.842889,199.930842889,0.632995,high_pressure,135,975496
5.963601000479676,200000.100807,200.00010080700002,0.633,high_pressure,135,975645
5.964640000479821,151434.886157,151.434886157,0.630038,low_pressure,135,975887
5.965645000479961,108448.114224,108.44811422400001,0.627095,low_pressure,135,976119
5.9666480004801015,71317.06315,71.31706315,0.62417,low_pressure,135,976344
5.967645000480241,40610.605471,40.610605471,0.621264,low_pressure,135,976562
5.968659000480383,17127.007119,17.127007119,0.618375,low_pressure,135,976773
5.969656000480522,5063.080447,5.063080447,0.616174,low_pressure,135,976963
5.970634000480659,2466.240536,2.466240536,0.615461,low_pressure,135,977139
5.971660000480802,1654.391283,1.6543912829999998,0.615176,low_pressure,135,977315
5.972666000480943,1320.826989,1.320826989,0.615043,low_pressure,135,977484
5.973665000481082,1162.374276,1.162374276,0.614977,low_pressure,135,977653
5.974641000481219,1081.282557,1.081282557,0.614943,low_pressure,135,977815
5.975666000481362,1040.128526,1.040128526,0.614926,low_pressure,135,977984
5.976640000481498,1018.212259,1.018212259,0.614918,low_pressure,135,978146
5.97765600048164,1006.878908,1.006878908,0.614915,low_pressure,135,978315
5.978629000481776,1001.474735,1.001474735,0.614914,low_pressure,135,978477
5.979632000481916,999.187248,0.9991872479999999,0.614914,low_pressure,135,978647
5.98065800048206,998.655713,0.998655713,0.614914,low_pressure,135,978823
5.9816580004821995,998.162753,0.9981627529999999,0.614915,low_pressure,135,978992
5.982658000482339,998.241163,0.998241163,0.614915,low_pressure,135,979161
5.98366300048248,998.47032,0.99847032,0.614916,low_pressure,135,979330
5.984629000482615,999.101375,0.999101375,0.614916,low_pressure,135,979492
5.985636000482756,998.99214,0.9989921399999999,0.614916,low_pressure,135,979661
5.986662000482899,999.20864,0.99920864,0.614916,low_pressure,135,979837
5.987625000483034,999.446046,0.999446046,0.614917,low_pressure,135,979999
5.9881250004831035,999.200116,0.999200116,0.614917,low_pressure,135,980091
5.989161000483248,13670.769018,13.670769018000001,0.617784,high_pressure,136,980291
5.990183000483391,35466.013826,35.466013826,0.620669,high_pressure,136,980509
5.9911660004835285,64736.203924,64.736203924,0.623572,high_pressure,136,980727
5.99217900048367,100435.871961,100.435871961,0.626493,high_pressure,136,980959
5.993170000483809,142021.228072,142.02122807199999,0.629432,high_pressure,136,981191
5.9941630004839475,189155.634307,189.155634307,0.63239,high_pressure,136,981430
5.995178000484089,199931.337314,199.93133731400002,0.633028,high_pressure,136,981676
5.99618400048423,199998.529596,199.998529596,0.633033,high_pressure,136,981922
5.997170000484368,199998.367103,199.998367103,0.633034,high_pressure,136,982161
5.9975760004844245,200000.021935,200.000021935,0.633034,high_pressure,136,982268
5.998600000484568,151424.10729,151.42410729000002,0.630072,low_pressure,136,982517
5.999597000484707,108400.570052,108.40057005199999,0.627129,low_pressure,136,982749
6.000601000484847,71266.096493,71.266096493,0.624204,low_pressure,136,982981
6.001593000484986,40545.51773,40.54551773,0.621297,low_pressure,136,983199
6.002593000485126,17082.070058,17.082070058000003,0.618408,low_pressure,136,983410
6.003611000485268,5050.222586,5.050222586,0.616211,low_pressure,136,983607
6.004585000485404,2462.964537,2.462964537,0.6155,low_pressure,136,983783
6.00562500048555,1651.471711,1.651471711,0.615217,low_pressure,136,983966
6.006595000485685,1320.614297,1.320614297,0.615084,low_pressure,136,984128
6.007610000485827,1161.50937,1.16150937,0.615017,low_pressure,136,984297
6.008625000485969,1081.719761,1.081719761,0.614984,low_pressure,136,984466
6.009623000486108,1040.623437,1.040623437,0.614967,low_pressure,136,984635
6.010597000486245,1018.623666,1.0186236659999999,0.614959,low_pressure,136,984797
6.011597000486384,1007.780191,1.007780191,0.614955,low_pressure,136,984966
6.012612000486526,1002.470072,1.002470072,0.614954,low_pressure,136,985135
6.013585000486662,1000.135318,1.0001353179999999,0.614954,low_pressure,136,985297
6.014625000486808,999.024565,0.999024565,0.614954,low_pressure,136,985474
6.015625000486947,998.953373,0.9989533730000001,0.614954,low_pressure,136,985643
6.016625000487087,998.778531,0.998778531,0.614954,low_pressure,136,985812
6.017609000487225,998.943174,0.998943174,0.614955,low_pressure,136,985981
6.018608000487364,999.056117,0.999056117,0.614955,low_pressure,136,986150
6.019608000487504,999.366012,0.999366012,0.614955,low_pressure,136,986319
6.020608000487644,999.390025,0.9993900250000001,0.614955,low_pressure,136,986488
6.021608000487784,999.719171,0.999719171,0.614955,low_pressure,136,986657
6.022600000487922,999.358554,0.9993585540000001,0.614956,low_pressure,136,986826
6.023625000488066,999.705325,0.999705325,0.614956,low_pressure,136,987002
6.024625000488205,999.840571,0.9998405709999999,0.614956,low_pressure,136,987171
6.025042000488264,999.439921,0.999439921,0.614956,low_pressure,136,987249
6.026079000488409,13686.588803,13.686588803000001,0.617823,high_pressure,137,987449
6.027066000488547,35496.810985,35.496810984999996,0.620708,high_pressure,137,987660
6.028086000488689,64779.680603,64.779680603,0.623611,high_pressure,137,987885
6.029064000488826,100480.139004,100.480139004,0.626533,high_pressure,137,988110
6.030085000488969,142086.078402,142.08607840200003,0.629472,high_pressure,137,988349
6.031060000489105,189231.839976,189.23183997599997,0.63243,high_pressure,137,988581
6.032075000489247,199930.551916,199.93055191599998,0.633064,high_pressure,137,988827
6.033080000489387,199997.848025,199.99784802500002,0.633069,high_pressure,137,989073
6.034066000489525,199997.212914,199.99721291400002,0.63307,high_pressure,137,989312
6.034269000489553,200000.424981,200.00042498099998,0.63307,high_pressure,137,989370
6.035292000489696,151420.397516,151.420397516,0.630108,low_pressure,137,989612
6.0363160004898395,108397.592728,108.397592728,0.627165,low_pressure,137,989851
6.037300000489977,71244.872358,71.244872358,0.62424,low_pressure,137,990076
6.038297000490116,40530.761942,40.530761942,0.621333,low_pressure,137,990294
6.0393060004902575,17080.246958,17.080246958,0.618444,low_pressure,137,990505
6.0403240004904,5043.605241,5.043605241,0.616247,low_pressure,137,990702
6.041301000490536,2463.369595,2.463369595,0.615538,low_pressure,137,990878
6.042320000490679,1651.212366,1.651212366,0.615253,low_pressure,137,991054
6.043306000490817,1317.560938,1.3175609380000002,0.615121,low_pressure,137,991223
6.044320000490958,1160.426287,1.160426287,0.615055,low_pressure,137,991392
6.045293000491094,1080.605249,1.080605249,0.615022,low_pressure,137,991554
6.046307000491236,1039.579782,1.0395797820000001,0.615006,low_pressure,137,991723
6.047324000491378,1018.183712,1.018183712,0.614998,low_pressure,137,991892
6.048297000491514,1006.945186,1.006945186,0.614994,low_pressure,137,992054
6.0492940004916536,1002.072152,1.002072152,0.614993,low_pressure,137,992223
6.050306000491795,999.67842,0.99967842,0.614993,low_pressure,137,992393
6.051300000491934,998.737993,0.998737993,0.614993,low_pressure,137,992562
6.0522980004920734,998.603437,0.998603437,0.614994,low_pressure,137,992731
6.053292000492212,998.404562,0.998404562,0.614994,low_pressure,137,992900
6.054292000492352,998.80693,0.99880693,0.614994,low_pressure,137,993069
6.055319000492496,999.070344,0.9990703439999999,0.614995,low_pressure,137,993245
6.056317000492635,999.205012,0.999205012,0.614995,low_pressure,137,993414
6.056942000492723,999.310347,0.999310347,0.614995,low_pressure,137,993527
6.0579930004928695,13682.791518,13.682791518,0.617863,high_pressure,138,993727
6.058977000493007,35516.665551,35.516665550999996,0.620748,high_pressure,138,993938
6.059990000493149,64856.675712,64.856675712,0.623651,high_pressure,138,994163
6.060997000493289,100624.207778,100.624207778,0.626573,high_pressure,138,994395
6.0619850004934275,142257.983661,142.257983661,0.629513,high_pressure,138,994627
6.062985000493567,189452.831228,189.452831228,0.632471,high_pressure,138,994866
6.063998000493709,199933.71805,199.93371804999998,0.633092,high_pressure,138,995112
6.064975000493845,199996.896714,199.996896714,0.633097,high_pressure,138,995351
6.065985000493987,199998.007469,199.99800746900002,0.633097,high_pressure,138,995597
6.066404000494045,200000.052512,200.000052512,0.633098,high_pressure,138,995711
6.067430000494189,151379.318136,151.379318136,0.630135,low_pressure,138,995967
6.0684240004943275,108336.785104,108.336785104,0.627192,low_pressure,138,996199
6.069435000494469,71170.718909,71.170718909,0.624266,low_pressure,138,996431
6.0704270004946075,40434.554737,40.434554737,0.621359,low_pressure,138,996649
6.071428000494747,16991.833155,16.991833155000002,0.61847,low_pressure,138,996860
6.072411000494885,5020.071866,5.020071866,0.616281,low_pressure,138,997050
6.073426000495027,2455.632893,2.4556328929999998,0.615575,low_pressure,138,997233
6.074429000495167,1649.212261,1.649212261,0.615293,low_pressure,138,997409
6.075430000495307,1316.685424,1.316685424,0.615161,low_pressure,138,997578
6.076447000495449,1160.922612,1.160922612,0.615095,low_pressure,138,997747
6.077419000495585,1080.443272,1.080443272,0.615062,low_pressure,138,997909
6.078435000495727,1038.24224,1.03824224,0.615046,low_pressure,138,998078
6.079415000495864,1016.937969,1.016937969,0.615038,low_pressure,138,998240
6.080420000496004,1006.455033,1.006455033,0.615035,low_pressure,138,998409
6.081435000496146,1001.522587,1.001522587,0.615034,low_pressure,138,998578
6.082442000496287,999.455654,0.999455654,0.615034,low_pressure,138,998748
6.083442000496427,998.809641,0.998809641,0.615034,low_pressure,138,998917
6.084433000496565,998.290916,0.9982909160000001,0.615034,low_pressure,138,999086
6.085433000496705,998.621937,0.998621937,0.615035,low_pressure,138,999255
6.086433000496845,998.609898,0.998609898,0.615035,low_pressure,138,999424
6.087417000496982,998.785524,0.998785524,0.615036,low_pressure,138,999593
6.088417000497122,999.265723,0.9992657229999999,0.615036,low_pressure,138,999762
6.089417000497262,999.279375,0.999279375,0.615036,low_pressure,138,999931
6.0904080004974,999.490695,0.999490695,0.615036,low_pressure,138,1000100
6.091033000497488,999.408845,0.999408845,0.615036,low_pressure,138,1000213
6.092062000497632,13709.161757,13.709161757,0.617904,high_pressure,139,1000413
6.093071000497773,35564.851821,35.564851821,0.62079,high_pressure,139,1000631
6.09405100049791,64883.161558,64.883161558,0.623693,high_pressure,139,1000849
6.095063000498051,100698.647673,100.698647673,0.626615,high_pressure,139,1001081
6.0960750004981925,142377.684737,142.377684737,0.629555,high_pressure,139,1001320
6.09705800049833,189603.8528,189.6038528,0.632514,high_pressure,139,1001559
6.098068000498471,199935.900828,199.935900828,0.633125,high_pressure,139,1001805
6.099049000498608,199997.588037,199.997588037,0.63313,high_pressure,139,1002044
6.100058000498749,199997.552324,199.997552324,0.633131,high_pressure,139,1002290
6.100549000498818,200000.586138,200.00058613800002,0.633131,high_pressure,139,1002418
6.101570000498961,151378.050072,151.378050072,0.630168,low_pressure,139,1002667
6.102587000499103,108306.611002,108.30661100200001,0.627225,low_pressure,139,1002906
6.103573000499241,71109.594337,71.109594337,0.624299,low_pressure,139,1003131
6.104562000499379,40392.991684,40.392991684,0.621392,low_pressure,139,1003349
6.105568000499519,16947.779866,16.947779866,0.618502,low_pressure,139,1003567
6.106581000499661,5007.050655,5.007050655,0.616318,low_pressure,139,1003771
6.107565000499799,2451.63082,2.4516308199999997,0.615614,low_pressure,139,1003961
6.108601000499943,1646.302484,1.646302484,0.615332,low_pressure,139,1004144
6.109566000500078,1313.976557,1.313976557,0.615201,low_pressure,139,1004306
6.11058100050022,1160.446583,1.160446583,0.615136,low_pressure,139,1004475
6.11158100050036,1080.61522,1.0806152199999999,0.615103,low_pressure,139,1004644
6.112599000500502,1038.782687,1.0387826869999999,0.615086,low_pressure,139,1004813
6.113569000500638,1017.64467,1.01764467,0.615078,low_pressure,139,1004975
6.11458900050078,1006.274422,1.006274422,0.615075,low_pressure,139,1005144
6.11558500050092,1000.875574,1.000875574,0.615074,low_pressure,139,1005313
6.116570000501057,999.056537,0.9990565370000001,0.615074,low_pressure,139,1005497
6.117575000501198,998.804107,0.998804107,0.615075,low_pressure,139,1005680
6.118583000501339,998.732229,0.9987322289999999,0.615075,low_pressure,139,1005856
6.119582000501478,998.838892,0.998838892,0.615075,low_pressure,139,1006032
6.120567000501616,998.738452,0.998738452,0.615076,low_pressure,139,1006208
6.121583000501758,998.767083,0.9987670829999999,0.615076,low_pressure,139,1006384
6.122594000501899,999.273725,0.999273725,0.615076,low_pressure,139,1006567
6.123570000502036,999.433593,0.999433593,0.615077,low_pressure,139,1006750
6.124581000502177,999.422457,0.999422457,0.615077,low_pressure,139,1006933
6.125569000502315,999.405148,0.999405148,0.615077,low_pressure,139,1007109
6.126570000502455,999.547814,0.999547814,0.615077,low_pressure,139,1007285
6.126694000502472,999.544119,0.9995441190000001,0.615077,low_pressure,139,1007314
6.127746000502619,13699.741667,13.699741667,0.617945,high_pressure,140,1007521
6.128745000502759,35577.7752,35.5777752,0.620831,high_pressure,140,1007732
6.1297640005029015,64933.730978,64.933730978,0.623735,high_pressure,140,1007957
6.13075800050304,100766.542515,100.766542515,0.626657,high_pressure,140,1008189
6.13175900050318,142499.205699,142.49920569900002,0.629597,high_pressure,140,1008421
6.132745000503318,189733.807056,189.733807056,0.632556,high_pressure,140,1008653
6.1337350005034565,199934.647068,199.934647068,0.63316,high_pressure,140,1008892
6.134755000503599,199998.037767,199.998037767,0.633164,high_pressure,140,1009131
6.135739000503737,199997.594916,199.997594916,0.633165,high_pressure,140,1009363
6.136007000503774,200000.301837,200.000301837,0.633165,high_pressure,140,1009435
6.137025000503916,151375.84999,151.37584998999998,0.630203,low_pressure,140,1009677
6.138031000504057,108278.447468,108.278447468,0.627259,low_pressure,140,1009930
6.139046000504199,71067.497266,71.067497266,0.624333,low_pressure,140,1010183
6.140046000504339,40342.553723,40.342553722999995,0.621425,low_pressure,140,1010422
6.141030000504476,16915.803235,16.915803235,0.618536,low_pressure,140,1010626
6.142050000504619,4999.972443,4.999972443,0.616354,low_pressure,140,1010823
6.143054000504759,2446.42536,2.44642536,0.615652,low_pressure,140,1011006
6.144024000504895,1644.285103,1.6442851029999999,0.615371,low_pressure,140,1011182
6.145021000505034,1315.90416,1.31590416,0.61524,low_pressure,140,1011358
6.146037000505176,1161.799866,1.161799866,0.615174,low_pressure,140,1011527
6.147039000505316,1081.035519,1.081035519,0.615141,low_pressure,140,1011703
6.148035000505455,1039.499623,1.039499623,0.615124,low_pressure,140,1011872
6.149041000505596,1019.002213,1.019002213,0.615116,low_pressure,140,1012041
6.150058000505738,1007.608281,1.007608281,0.615112,low_pressure,140,1012210
6.151031000505874,1002.026758,1.002026758,0.615111,low_pressure,140,1012372
6.152033000506014,1000.036189,1.000036189,0.615111,low_pressure,140,1012541
6.1530580005061575,999.26719,0.9992671900000001,0.615111,low_pressure,140,1012718
6.154058000506297,998.821668,0.998821668,0.615111,low_pressure,140,1012887
6.155042000506435,999.057019,0.999057019,0.615112,low_pressure,140,1013056
6.156042000506575,999.120833,0.999120833,0.615112,low_pressure,140,1013225
6.157033000506713,999.235879,0.999235879,0.615112,low_pressure,140,1013394
6.158025000506852,999.199662,0.999199662,0.615112,low_pressure,140,1013584
6.159057000506996,999.373534,0.999373534,0.615113,low_pressure,140,1013767
6.160022000507131,999.293769,0.999293769,0.615113,low_pressure,140,1013978
6.1610210005072705,999.291401,0.9992914009999999,0.615113,low_pressure,140,1014154
6.16201800050741,999.371625,0.999371625,0.615113,low_pressure,140,1014330
6.163025000507551,999.564946,0.999564946,0.615113,low_pressure,140,1014506
6.163358000507597,999.498624,0.999498624,0.615113,low_pressure,140,1014570
6.164401000507743,13708.025158,13.708025158,0.617982,high_pressure,141,1014805
6.165419000507885,35556.054391,35.556054390999996,0.620868,high_pressure,141,1015079
6.166419000508025,64900.915086,64.900915086,0.623772,high_pressure,141,1015304
6.167401000508162,100763.715421,100.763715421,0.626694,high_pressure,141,1015529
6.168420000508305,142524.278442,142.524278442,0.629635,high_pressure,141,1015768
6.169417000508444,189807.106217,189.80710621699998,0.632594,high_pressure,141,1016007
6.170420000508584,199934.178722,199.934178722,0.633193,high_pressure,141,1016253
6.171421000508724,199997.336441,199.997336441,0.633197,high_pressure,141,1016499
6.172400000508861,199998.941428,199.998941428,0.633198,high_pressure,141,1016738
6.172545000508881,200000.039868,200.000039868,0.633198,high_pressure,141,1016782
6.173570000509025,151333.184438,151.333184438,0.630236,low_pressure,141,1017031
6.174582000509166,108220.797089,108.220797089,0.627291,low_pressure,141,1017270
6.175570000509304,70982.53668,70.98253668000001,0.624365,low_pressure,141,1017495
6.176558000509442,40252.237905,40.252237905,0.621458,low_pressure,141,1017713
6.177591000509587,16866.599583,16.866599583,0.618568,low_pressure,141,1017931
6.178587000509726,4990.747122,4.990747122,0.61639,low_pressure,141,1018135
6.179568000509863,2443.495555,2.443495555,0.615689,low_pressure,141,1018311
6.180593000510006,1643.158619,1.643158619,0.615409,low_pressure,141,1018487
6.1815890005101455,1313.571062,1.313571062,0.615278,low_pressure,141,1018656
6.1825620005102815,1158.628917,1.158628917,0.615213,low_pressure,141,1018818
6.183577000510423,1079.486085,1.079486085,0.61518,low_pressure,141,1018994
6.184581000510564,1038.933525,1.038933525,0.615164,low_pressure,141,1019163
6.185599000510706,1017.88545,1.01788545,0.615156,low_pressure,141,1019332
6.186580000510843,1007.050264,1.0070502639999999,0.615153,low_pressure,141,1019501
6.187580000510983,1001.713523,1.001713523,0.615151,low_pressure,141,1019670
6.188592000511124,999.637625,0.999637625,0.615151,low_pressure,141,1019840
6.189593000511264,999.128746,0.999128746,0.615151,low_pressure,141,1020009
6.190592000511404,998.729924,0.9987299239999999,0.615152,low_pressure,141,1020178
6.191575000511541,998.663224,0.998663224,0.615152,low_pressure,141,1020347
6.192575000511681,998.776308,0.998776308,0.615152,low_pressure,141,1020516
6.193562000511819,999.019251,0.9990192510000001,0.615153,low_pressure,141,1020685
6.194593000511963,999.026903,0.999026903,0.615153,low_pressure,141,1020861
6.195594000512103,999.350786,0.9993507859999999,0.615153,low_pressure,141,1021030
6.196425000512219,999.223542,0.999223542,0.615153,low_pressure,141,1021178
6.197470000512365,13695.389784,13.695389784000001,0.618022,high_pressure,142,1021385
6.1984590005125035,35545.077155,35.545077155,0.620908,high_pressure,142,1021596
6.199469000512645,64923.899882,64.923899882,0.623813,high_pressure,142,1021821
6.200480000512786,100780.121255,100.78012125500001,0.626735,high_pressure,142,1022053
6.201481000512926,142512.005944,142.512005944,0.629676,high_pressure,142,1022292
6.202466000513064,189775.489468,189.77548946800002,0.632635,high_pressure,142,1022531
6.2034670005132035,199934.403291,199.934403291,0.633236,high_pressure,142,1022784
6.204459000513342,199997.208022,199.997208022,0.633241,high_pressure,142,1023030
6.205482000513485,199997.134673,199.997134673,0.633242,high_pressure,142,1023283
6.205675000513512,200000.056815,200.000056815,0.633242,high_pressure,142,1023341
6.206690000513654,151349.229921,151.349229921,0.630279,low_pressure,142,1023597
6.207700000513795,108252.244832,108.252244832,0.627334,low_pressure,142,1023836
6.208698000513935,71039.301086,71.03930108600001,0.624408,low_pressure,142,1024068
6.209716000514077,40300.862999,40.300862998999996,0.6215,low_pressure,142,1024293
6.210697000514214,16882.556388,16.882556388,0.61861,low_pressure,142,1024504
6.211713000514356,4992.522665,4.992522665,0.616431,low_pressure,142,1024701
6.212725000514498,2446.59471,2.44659471,0.615729,low_pressure,142,1024884
6.213711000514635,1644.150043,1.644150043,0.615448,low_pressure,142,1025053
6.214697000514773,1314.883229,1.314883229,0.615317,low_pressure,142,1025229
6.215727000514917,1159.832284,1.1598322840000002,0.615252,low_pressure,142,1025405
6.216724000515057,1080.884607,1.080884607,0.615219,low_pressure,142,1025574
6.217726000515197,1038.886988,1.038886988,0.615202,low_pressure,142,1025743
6.218702000515333,1018.100883,1.018100883,0.615194,low_pressure,142,1025905
6.219699000515472,1007.727924,1.007727924,0.615191,low_pressure,142,1026074
6.220705000515613,1002.137574,1.002137574,0.61519,low_pressure,142,1026250
6.221707000515753,999.970543,0.999970543,0.615189,low_pressure,142,1026427
6.222717000515894,999.106376,0.999106376,0.615189,low_pressure,142,1026603
6.223717000516034,998.882259,0.9988822589999999,0.61519,low_pressure,142,1026772
6.224716000516174,998.881879,0.998881879,0.61519,low_pressure,142,1026941
6.225708000516312,999.040847,0.999040847,0.61519,low_pressure,142,1027110
6.226708000516452,999.018092,0.999018092,0.615191,low_pressure,142,1027279
6.227708000516592,999.00817,0.99900817,0.615191,low_pressure,142,1027448
6.228692000516729,999.076493,0.999076493,0.615191,low_pressure,142,1027617
6.229275000516811,998.99195,0.99899195,0.615191,low_pressure,142,1027723
6.2303090005169555,13713.1119,13.7131119,0.61806,high_pressure,143,1027923
6.231302000517094,35599.88764,35.59988764,0.620947,high_pressure,143,1028134
6.232322000517237,64958.146562,64.958146562,0.623851,high_pressure,143,1028359
6.233299000517373,100799.696645,100.799696645,0.626774,high_pressure,143,1028584
6.234311000517515,142523.393241,142.523393241,0.629715,high_pressure,143,1028823
6.235302000517653,189796.147383,189.796147383,0.632675,high_pressure,143,1029062
6.236317000517795,199936.086334,199.93608633399998,0.633275,high_pressure,143,1029308
6.2370130005178925,200000.405455,200.000405455,0.633279,high_pressure,143,1029485
6.238040000518036,151343.102934,151.343102934,0.630315,low_pressure,143,1029734
6.239038000518176,108262.05742,108.26205741999999,0.627371,low_pressure,143,1029966
6.240057000518318,71071.943796,71.07194379600001,0.624444,low_pressure,143,1030198
6.241051000518457,40321.959753,40.321959753,0.621536,low_pressure,143,1030416
6.242050000518597,16898.833779,16.898833779,0.618646,low_pressure,143,1030627
6.243035000518734,4990.245416,4.990245416,0.616467,low_pressure,143,1030817
6.2440450005188755,2443.785004,2.443785004,0.615766,low_pressure,143,1031000
6.245055000519017,1644.968543,1.644968543,0.615485,low_pressure,143,1031176
6.246055000519156,1317.245038,1.317245038,0.615353,low_pressure,143,1031345
6.247060000519297,1160.612673,1.1606126730000002,0.615288,low_pressure,143,1031514
6.248035000519433,1081.383826,1.081383826,0.615254,low_pressure,143,1031683
6.249050000519575,1040.515553,1.0405155529999999,0.615237,low_pressure,143,1031852
6.250060000519716,1018.771604,1.018771604,0.615229,low_pressure,143,1032021
6.251072000519858,1008.187453,1.008187453,0.615226,low_pressure,143,1032190
6.252046000519994,1002.812099,1.002812099,0.615224,low_pressure,143,1032352
6.253062000520136,1000.284835,1.000284835,0.615224,low_pressure,143,1032521
6.254042000520273,999.178073,0.999178073,0.615224,low_pressure,143,1032691
6.255042000520413,998.924176,0.9989241759999999,0.615224,low_pressure,143,1032860
6.256042000520552,999.232556,0.999232556,0.615224,low_pressure,143,1033029
6.257042000520692,999.146837,0.999146837,0.615225,low_pressure,143,1033205
6.258042000520832,999.338402,0.999338402,0.615225,low_pressure,143,1033374
6.2590330005209704,999.269291,0.999269291,0.615225,low_pressure,143,1033543
6.26003300052111,999.290356,0.9992903559999999,0.615225,low_pressure,143,1033712
6.2610580005212535,999.480765,0.999480765,0.615226,low_pressure,143,1033888
6.262053000521393,999.260214,0.999260214,0.615226,low_pressure,143,1034057
6.263050000521532,999.477546,0.9994775459999999,0.615226,low_pressure,143,1034226
6.264043000521671,999.501604,0.999501604,0.615226,low_pressure,143,1034395
6.2642920005217055,999.436971,0.999436971,0.615226,low_pressure,143,1034445
6.265335000521851,13742.800048,13.742800048,0.618095,high_pressure,144,1034652
6.26632500052199,35627.640404,35.627640404,0.620982,high_pressure,144,1034863
6.2673110005221275,65009.319764,65.009319764,0.623887,high_pressure,144,1035081
6.268306000522267,100829.807633,100.829807633,0.62681,high_pressure,144,1035306
6.26933200052241,142531.266415,142.531266415,0.629751,high_pressure,144,1035545
6.270316000522548,189787.31788,189.78731788,0.632711,high_pressure,144,1035777
6.271321000522688,199936.130737,199.936130737,0.63331,high_pressure,144,1036023
6.272328000522829,199997.341121,199.997341121,0.633314,high_pressure,144,1036269
6.273327000522968,199998.473901,199.99847390099998,0.633316,high_pressure,144,1036515
6.273414000522981,199988.226286,199.98822628599999,0.633316,high_pressure,144,1036545
6.274450000523125,151339.350654,151.33935065400001,0.630352,low_pressure,144,1036801
6.275429000523262,108259.107974,108.259107974,0.627407,low_pressure,144,1037033
6.276432000523402,71076.793624,71.076793624,0.624481,low_pressure,144,1037258
6.277430000523542,40342.709037,40.342709037,0.621572,low_pressure,144,1037476
6.278435000523682,16917.536286,16.917536285999997,0.618682,low_pressure,144,1037687
6.279443000523823,4993.623782,4.993623781999999,0.616501,low_pressure,144,1037891
6.280459000523965,2445.175259,2.445175259,0.615799,low_pressure,144,1038074
6.281443000524103,1641.783542,1.641783542,0.615519,low_pressure,144,1038243
6.282452000524244,1315.11768,1.31511768,0.615388,low_pressure,144,1038412
6.283468000524386,1158.548728,1.158548728,0.615323,low_pressure,144,1038581
6.284441000524522,1080.423649,1.080423649,0.61529,low_pressure,144,1038743
6.285435000524661,1039.596094,1.039596094,0.615274,low_pressure,144,1038912
6.286450000524803,1018.660484,1.018660484,0.615266,low_pressure,144,1039081
6.287439000524941,1008.515744,1.008515744,0.615262,low_pressure,144,1039243
6.2884660005250845,1003.022902,1.003022902,0.61526,low_pressure,144,1039412
6.2894390005252205,999.845113,0.999845113,0.61526,low_pressure,144,1039575
6.2904330005253595,998.858141,0.998858141,0.61526,low_pressure,144,1039744
6.291465000525504,998.699002,0.998699002,0.615261,low_pressure,144,1039920
6.292452000525642,999.124845,0.9991248450000001,0.615261,low_pressure,144,1040089
6.293460000525783,999.174881,0.9991748810000001,0.615261,low_pressure,144,1040258
6.294455000525922,999.386146,0.9993861460000001,0.615261,low_pressure,144,1040427
6.295461000526062,999.386212,0.999386212,0.615261,low_pressure,144,1040596
6.296469000526203,999.039295,0.999039295,0.615262,low_pressure,144,1040765
6.297435000526338,999.11474,0.99911474,0.615262,low_pressure,144,1040927
6.298005000526418,999.203479,0.9992034790000001,0.615262,low_pressure,144,1041033
6.299076000526568,13706.479868,13.706479868,0.618131,high_pressure,145,1041233
6.300066000526706,35592.491803,35.592491802999994,0.621018,high_pressure,145,1041472
6.301052000526844,64976.818136,64.976818136,0.623924,high_pressure,145,1041690
6.302047000526983,100801.22626,100.80122625999999,0.626847,high_pressure,145,1041915
6.303067000527125,142543.712882,142.543712882,0.629788,high_pressure,145,1042154
6.304051000527263,189846.900442,189.84690044200002,0.632748,high_pressure,145,1042386
6.305057000527404,199937.022966,199.937022966,0.633345,high_pressure,145,1042632
6.3060720005275455,199998.848486,199.998848486,0.633349,high_pressure,145,1042878
6.307050000527682,199997.47159,199.99747159,0.63335,high_pressure,145,1043117
6.307282000527715,200000.01901,200.00001901,0.63335,high_pressure,145,1043182
6.308300000527857,151326.398264,151.32639826399998,0.630386,low_pressure,145,1043424
6.309293000527996,108230.206152,108.230206152,0.627441,low_pressure,145,1043656
6.310291000528135,71054.388807,71.054388807,0.624514,low_pressure,145,1043881
6.311291000528275,40304.139111,40.304139111,0.621606,low_pressure,145,1044099
6.312299000528416,16887.844309,16.887844309,0.618715,low_pressure,145,1044310
6.313323000528559,4983.519928,4.983519928,0.616536,low_pressure,145,1044507
6.314306000528696,2444.477715,2.444477715,0.615836,low_pressure,145,1044683
6.315292000528834,1642.504526,1.642504526,0.615556,low_pressure,145,1044852
6.316302000528975,1313.24815,1.31324815,0.615425,low_pressure,145,1045021
6.317302000529115,1158.085893,1.158085893,0.61536,low_pressure,145,1045190
6.318318000529257,1079.300459,1.0793004590000002,0.615327,low_pressure,145,1045359
6.319295000529394,1038.670145,1.038670145,0.615311,low_pressure,145,1045521
6.320312000529536,1017.481262,1.017481262,0.615303,low_pressure,145,1045690
6.321327000529678,1006.778286,1.006778286,0.6153,low_pressure,145,1045859
6.322300000529814,1001.503206,1.001503206,0.615299,low_pressure,145,1046021
6.323308000529955,998.919862,0.9989198619999999,0.615299,low_pressure,145,1046191
6.324292000530092,998.490404,0.998490404,0.615299,low_pressure,145,1046360
6.325292000530232,998.222472,0.998222472,0.6153,low_pressure,145,1046529
6.326292000530372,998.609674,0.998609674,0.6153,low_pressure,145,1046698
6.3272920005305116,998.444744,0.998444744,0.615301,low_pressure,145,1046867
6.328292000530651,998.506112,0.9985061120000001,0.615301,low_pressure,145,1047036
6.329292000530791,998.690619,0.998690619,0.615301,low_pressure,145,1047205
6.330317000530934,998.946793,0.998946793,0.615302,low_pressure,145,1047381
6.331317000531074,999.020952,0.999020952,0.615302,low_pressure,145,1047550
6.3321920005311965,999.213214,0.999213214,0.615302,low_pressure,145,1047705
6.333246000531344,13728.019849,13.728019849,0.618172,high_pressure,146,1047905
6.334241000531483,35611.311698,35.611311697999994,0.621059,high_pressure,146,1048116
6.335248000531624,64964.650773,64.964650773,0.623964,high_pressure,146,1048341
6.3362340005317614,100794.501644,100.79450164400001,0.626888,high_pressure,146,1048566
6.3372500005319035,142566.364666,142.566364666,0.62983,high_pressure,146,1048805
6.338246000532043,189920.057249,189.920057249,0.63279,high_pressure,146,1049044
6.33922700053218,199937.48215,199.93748215,0.633381,high_pressure,146,1049283
6.34022700053232,199995.599343,199.995599343,0.633386,high_pressure,146,1049529
6.341241000532461,199997.747958,199.997747958,0.633387,high_pressure,146,1049775
6.341385000532481,200000.018395,200.00001839499998,0.633387,high_pressure,146,1049819
6.342410000532625,151267.529027,151.26752902700002,0.630423,low_pressure,146,1050061
6.343433000532768,108140.667395,108.140667395,0.627478,low_pressure,146,1050300
6.344411000532904,70971.938444,70.971938444,0.624551,low_pressure,146,1050525
6.345437000533048,40238.392772,40.238392772,0.621642,low_pressure,146,1050750
6.346411000533184,16850.222648,16.850222648,0.618751,low_pressure,146,1050954
6.347432000533327,4976.513673,4.976513673,0.616575,low_pressure,146,1051151
6.348450000533469,2442.010713,2.442010713,0.615876,low_pressure,146,1051334
6.349417000533604,1641.923331,1.6419233309999999,0.615596,low_pressure,146,1051503
6.350427000533745,1314.389813,1.314389813,0.615465,low_pressure,146,1051672
6.351443000533887,1159.095504,1.159095504,0.6154,low_pressure,146,1051841
6.352416000534023,1079.475634,1.0794756339999998,0.615367,low_pressure,146,1052003
6.353431000534165,1038.709533,1.038709533,0.615351,low_pressure,146,1052172
6.354447000534307,1018.665333,1.018665333,0.615343,low_pressure,146,1052341
6.355448000534447,1007.521127,1.007521127,0.615339,low_pressure,146,1052510
6.356422000534583,1001.860965,1.0018609649999999,0.615338,low_pressure,146,1052672
6.357435000534725,999.986577,0.999986577,0.615338,low_pressure,146,1052842
6.358433000534864,998.868886,0.998868886,0.615338,low_pressure,146,1053011
6.359433000535004,998.680946,0.9986809459999999,0.615338,low_pressure,146,1053180
6.360433000535144,998.42007,0.99842007,0.615339,low_pressure,146,1053349
6.361418000535282,998.535196,0.9985351960000001,0.615339,low_pressure,146,1053518
6.362417000535421,998.847213,0.998847213,0.615339,low_pressure,146,1053687
6.363417000535561,999.199242,0.999199242,0.61534,low_pressure,146,1053856
6.364417000535701,999.091067,0.9990910669999999,0.61534,low_pressure,146,1054025
6.365167000535806,999.085492,0.9990854920000001,0.61534,low_pressure,146,1054159
6.366223000535953,13720.683936,13.720683935999999,0.61821,high_pressure,147,1054359
6.36720400053609,35655.714184,35.655714184,0.621097,high_pressure,147,1054570
6.368220000536232,65058.030184,65.058030184,0.624003,high_pressure,147,1054795
6.36920500053637,100899.108867,100.89910886700001,0.626927,high_pressure,147,1055020
6.370225000536513,142688.702744,142.688702744,0.629869,high_pressure,147,1055259
6.371219000536652,190097.224574,190.097224574,0.632829,high_pressure,147,1055498
6.372218000536791,199936.953968,199.93695396799998,0.63341,high_pressure,147,1055744
6.372766000536868,200000.06979,200.00006979,0.633414,high_pressure,147,1055886
6.373812000537014,151242.581518,151.24258151799998,0.63045,low_pressure,147,1056135
6.374800000537152,108116.890347,108.116890347,0.627504,low_pressure,147,1056367
6.375808000537293,70940.020442,70.94002044199999,0.624577,low_pressure,147,1056599
6.376794000537431,40214.863377,40.214863377,0.621668,low_pressure,147,1056817
6.3778000005375715,16785.730642,16.785730641999997,0.618777,low_pressure,147,1057028
6.378810000537713,4958.316848,4.958316848000001,0.616608,low_pressure,147,1057225
6.3797890005378495,2434.978675,2.434978675,0.615912,low_pressure,147,1057401
6.3808120005379925,1642.794061,1.642794061,0.615633,low_pressure,147,1057577
6.381802000538131,1315.25165,1.31525165,0.615502,low_pressure,147,1057746
6.382818000538273,1160.087241,1.160087241,0.615436,low_pressure,147,1057915
6.383793000538409,1081.887963,1.081887963,0.615403,low_pressure,147,1058077
6.384808000538551,1039.440092,1.039440092,0.615386,low_pressure,147,1058246
6.385824000538693,1017.448626,1.017448626,0.615378,low_pressure,147,1058415
6.386799000538829,1007.049141,1.007049141,0.615375,low_pressure,147,1058577
6.387799000538969,1002.554873,1.002554873,0.615374,low_pressure,147,1058746
6.38880800053911,999.729934,0.999729934,0.615373,low_pressure,147,1058916
6.38980800053925,998.885026,0.9988850260000001,0.615374,low_pressure,147,1059085
6.39080800053939,998.932082,0.998932082,0.615374,low_pressure,147,1059254
6.3918080005395295,998.952453,0.998952453,0.615374,low_pressure,147,1059423
6.392808000539669,999.110284,0.999110284,0.615375,low_pressure,147,1059592
6.393792000539807,999.019569,0.999019569,0.615375,low_pressure,147,1059761
6.394792000539947,999.105364,0.999105364,0.615375,low_pressure,147,1059930
6.395792000540086,999.312426,0.9993124259999999,0.615375,low_pressure,147,1060099
6.396792000540226,999.31921,0.99931921,0.615375,low_pressure,147,1060268
6.3971670005402785,999.28089,0.99928089,0.615376,low_pressure,147,1060339
6.398212000540425,13746.844468,13.746844467999999,0.618245,high_pressure,148,1060539
6.399196000540562,35678.591547,35.678591547,0.621133,high_pressure,148,1060750
6.400198000540702,65122.588008,65.122588008,0.624039,high_pressure,148,1060975
6.401211000540844,101001.119453,101.001119453,0.626963,high_pressure,148,1061207
6.402200000540982,142825.493484,142.825493484,0.629905,high_pressure,148,1061439
6.403195000541121,190240.877181,190.240877181,0.632866,high_pressure,148,1061678
6.404195000541261,199938.028473,199.938028473,0.633438,high_pressure,148,1061924
6.404916000541362,200000.235004,200.000235004,0.633442,high_pressure,148,1062108
6.405960000541508,151236.070779,151.236070779,0.630478,low_pressure,148,1062357
6.406951000541646,108090.961119,108.090961119,0.627532,low_pressure,148,1062589
6.407940000541784,70904.043564,70.904043564,0.624605,low_pressure,148,1062814
6.4089500005419255,40161.454447,40.161454447,0.621695,low_pressure,148,1063039
6.409942000542064,16741.81194,16.741811939999998,0.618804,low_pressure,148,1063250
6.410959000542206,4946.859823,4.946859823,0.616639,low_pressure,148,1063447
6.411972000542348,2428.737168,2.428737168,0.615945,low_pressure,148,1063630
6.412950000542485,1638.694453,1.638694453,0.615667,low_pressure,148,1063799
6.413937000542623,1315.735085,1.315735085,0.615537,low_pressure,148,1063968
6.4149520005427645,1159.202977,1.1592029769999999,0.615471,low_pressure,148,1064137
6.4159680005429065,1080.90044,1.08090044,0.615438,low_pressure,148,1064306
6.416940000543042,1039.442882,1.0394428820000001,0.615421,low_pressure,148,1064468
6.417956000543184,1018.713963,1.018713963,0.615413,low_pressure,148,1064637
6.418972000543326,1007.47509,1.00747509,0.61541,low_pressure,148,1064806
6.419952000543463,1002.056302,1.002056302,0.615409,low_pressure,148,1064975
6.420965000543605,999.733708,0.9997337079999999,0.615408,low_pressure,148,1065145
6.421958000543744,999.198399,0.999198399,0.615409,low_pressure,148,1065314
6.422955000543883,999.178564,0.999178564,0.615409,low_pressure,148,1065483
6.423950000544022,999.299369,0.9992993689999999,0.615409,low_pressure,148,1065652
6.424950000544162,999.391478,0.999391478,0.615409,low_pressure,148,1065821
6.425976000544305,999.388675,0.9993886750000001,0.615409,low_pressure,148,1065997
6.426975000544445,999.257378,0.999257378,0.61541,low_pressure,148,1066166
6.427975000544585,999.411452,0.999411452,0.61541,low_pressure,148,1066335
6.428975000544725,999.442139,0.999442139,0.61541,low_pressure,148,1066504
6.429975000544864,999.485341,0.999485341,0.61541,low_pressure,148,1066673
6.43001700054487,999.414003,0.9994140029999999,0.61541,low_pressure,148,1066688
6.431036000545013,13746.115304,13.746115304000002,0.61828,high_pressure,149,1066888
6.432044000545154,35723.476845,35.723476845,0.621168,high_pressure,149,1067106
6.43302300054529,65196.713689,65.19671368899999,0.624074,high_pressure,149,1067324
6.434029000545431,101137.838961,101.137838961,0.626998,high_pressure,149,1067556
6.435045000545573,143027.058018,143.02705801800002,0.629941,high_pressure,149,1067795
6.4360280005457104,190473.54979,190.47354979,0.632901,high_pressure,149,1068034
6.437042000545852,199939.309257,199.939309257,0.63346,high_pressure,149,1068280
6.43802800054599,199999.328475,199.999328475,0.633464,high_pressure,149,1068519
6.439042000546132,199997.675417,199.99767541699998,0.633465,high_pressure,149,1068765
6.439187000546152,200000.024363,200.000024363,0.633465,high_pressure,149,1068809
6.4402350005462985,151240.595962,151.240595962,0.630501,low_pressure,149,1069058
6.44124500054644,108059.829943,108.05982994300001,0.627555,low_pressure,149,1069297
6.442232000546578,70844.23267,70.84423267,0.624627,low_pressure,149,1069522
6.443219000546716,40094.349236,40.094349236,0.621718,low_pressure,149,1069740
6.444222000546856,16685.40886,16.68540886,0.618826,low_pressure,149,1069951
6.445222000546996,4927.515006,4.927515005999999,0.616667,low_pressure,149,1070148
6.446229000547136,2423.807689,2.423807689,0.615976,low_pressure,149,1070331
6.447250000547279,1635.143108,1.635143108,0.6157,low_pressure,149,1070507
6.448253000547419,1313.183852,1.3131838519999999,0.61557,low_pressure,149,1070676
6.449227000547555,1158.47117,1.15847117,0.615505,low_pressure,149,1070838
6.450243000547697,1077.451486,1.077451486,0.615472,low_pressure,149,1071007
6.451243000547837,1036.623187,1.036623187,0.615457,low_pressure,149,1071176
6.452216000547973,1016.756343,1.016756343,0.615449,low_pressure,149,1071338
6.453231000548115,1006.292962,1.006292962,0.615446,low_pressure,149,1071507
6.454247000548257,1001.361704,1.001361704,0.615445,low_pressure,149,1071676
6.455250000548397,999.13203,0.99913203,0.615445,low_pressure,149,1071846
6.456250000548537,998.310065,0.998310065,0.615446,low_pressure,149,1072015
6.457246000548676,998.430239,0.998430239,0.615446,low_pressure,149,1072184
6.458233000548814,998.856919,0.998856919,0.615446,low_pressure,149,1072353
6.459233000548954,998.804018,0.9988040180000001,0.615447,low_pressure,149,1072522
6.460233000549094,998.925033,0.998925033,0.615447,low_pressure,149,1072691
6.4612330005492336,998.939415,0.998939415,0.615447,low_pressure,149,1072860
6.462233000549373,998.997635,0.9989976349999999,0.615448,low_pressure,149,1073029
6.463233000549513,999.233743,0.999233743,0.615448,low_pressure,149,1073198
6.464217000549651,999.228427,0.999228427,0.615448,low_pressure,149,1073367
6.465009000549761,999.202708,0.999202708,0.615448,low_pressure,149,1073508
6.466066000549909,13727.500446,13.727500446,0.618319,high_pressure,150,1073708
6.4670490005500465,35654.848405,35.654848404999996,0.621207,high_pressure,150,1073919
6.468064000550188,65069.609195,65.069609195,0.624113,high_pressure,150,1074144
6.469065000550328,100998.000287,100.998000287,0.627038,high_pressure,150,1074376
6.470055000550467,142861.592214,142.861592214,0.62998,high_pressure,150,1074608
6.471052000550606,190306.48197,190.30648197,0.632941,high_pressure,150,1074847
6.472066000550748,199935.120113,199.935120113,0.63351,high_pressure,150,1075093
6.472675000550833,200000.029394,200.00002939400002,0.633514,high_pressure,150,1075249
6.4736950005509755,151222.808528,151.222808528,0.630549,low_pressure,150,1075498
6.474687000551114,108057.095397,108.057095397,0.627603,low_pressure,150,1075730
6.475707000551257,70834.83454,70.83483454,0.624675,low_pressure,150,1075962
6.476701000551396,40115.0208,40.115020799999996,0.621765,low_pressure,150,1076180
6.477697000551535,16710.770014,16.710770014,0.618874,low_pressure,150,1076391
6.478705000551676,4940.268543,4.940268543,0.616711,low_pressure,150,1076588
6.479682000551812,2431.247097,2.431247097,0.616018,low_pressure,150,1076764
6.480703000551955,1640.625959,1.6406259589999999,0.615739,low_pressure,150,1076940
6.481712000552096,1313.712037,1.313712037,0.615609,low_pressure,150,1077109
6.482685000552232,1158.669354,1.1586693540000002,0.615544,low_pressure,150,1077271
6.483685000552372,1079.497835,1.079497835,0.615511,low_pressure,150,1077440
6.484700000552514,1038.989507,1.038989507,0.615495,low_pressure,150,1077609
6.485712000552655,1017.782653,1.017782653,0.615487,low_pressure,150,1077778
6.486685000552791,1007.283696,1.007283696,0.615483,low_pressure,150,1077940
6.487700000552933,1002.212657,1.002212657,0.615482,low_pressure,150,1078109
6.488710000553074,999.627402,0.999627402,0.615482,low_pressure,150,1078279
6.489689000553211,999.049207,0.999049207,0.615482,low_pressure,150,1078448
6.49068300055335,998.598008,0.9985980080000001,0.615482,low_pressure,150,1078617
6.49168300055349,998.814756,0.998814756,0.615483,low_pressure,150,1078786
6.492682000553629,999.133931,0.9991339309999999,0.615483,low_pressure,150,1078955
6.493717000553774,999.137346,0.9991373459999999,0.615483,low_pressure,150,1079131
6.494717000553914,999.138593,0.999138593,0.615484,low_pressure,150,1079300
6.495707000554052,999.016175,0.999016175,0.615484,low_pressure,150,1079469
6.49669200055419,999.182092,0.999182092,0.615484,low_pressure,150,1079638
6.49769200055433,999.244189,0.999244189,0.615484,low_pressure,150,1079807
6.4986920005544695,999.563039,0.999563039,0.615485,low_pressure,150,1079976
6.499230000554545,999.466109,0.999466109,0.615485,low_pressure,150,1080075
6.500263000554689,13757.194456,13.757194455999999,0.618355,high_pressure,151,1080275
6.501264000554829,35702.009112,35.702009112,0.621244,high_pressure,151,1080486
6.502243000554966,65178.341868,65.178341868,0.62415,high_pressure,151,1080704
6.5032350005551045,101158.583118,101.158583118,0.627075,high_pressure,151,1080929
6.504255000555247,143087.064734,143.08706473400002,0.630018,high_pressure,151,1081168
6.505236000555384,190607.059915,190.60705991499998,0.632978,high_pressure,151,1081400
6.506243000555525,199939.599283,199.93959928299998,0.633529,high_pressure,151,1081646
6.507258000555667,199998.811787,199.99881178700002,0.633533,high_pressure,151,1081892
6.508239000555804,199998.133723,199.998133723,0.633534,high_pressure,151,1082131
6.50835500055582,200000.112268,200.000112268,0.633534,high_pressure,151,1082168
6.5093950005559655,151210.60011,151.21060011,0.630569,low_pressure,151,1082410
6.510413000556108,107987.752674,107.987752674,0.627622,low_pressure,151,1082649
6.511409000556247,70753.94166,70.75394166,0.624694,low_pressure,151,1082874
6.512409000556387,39997.100784,39.997100784000004,0.621785,low_pressure,151,1083092
6.513386000556523,16623.900379,16.623900379,0.618893,low_pressure,151,1083296
6.514416000556667,4909.510635,4.909510634999999,0.61674,low_pressure,151,1083493
6.515387000556803,2421.023189,2.421023189,0.616051,low_pressure,151,1083669
6.516410000556946,1633.396816,1.6333968159999999,0.615775,low_pressure,151,1083845
6.517418000557087,1310.228101,1.3102281009999999,0.615646,low_pressure,151,1084014
6.518391000557223,1156.630141,1.1566301410000002,0.615581,low_pressure,151,1084176
6.519397000557364,1078.490694,1.078490694,0.615549,low_pressure,151,1084345
6.5204120005575055,1038.038385,1.0380383850000001,0.615533,low_pressure,151,1084514
6.521412000557645,1017.47336,1.0174733599999999,0.615525,low_pressure,151,1084683
6.522385000557781,1005.814147,1.0058141470000002,0.615522,low_pressure,151,1084845
6.523400000557923,1001.054529,1.001054529,0.615521,low_pressure,151,1085014
6.524402000558063,999.41758,0.99941758,0.615521,low_pressure,151,1085184
6.525400000558203,998.718819,0.998718819,0.615522,low_pressure,151,1085353
6.5264000005583425,998.419173,0.998419173,0.615522,low_pressure,151,1085522
6.527400000558482,998.621962,0.9986219620000001,0.615522,low_pressure,151,1085691
6.52838300055862,998.674223,0.998674223,0.615523,low_pressure,151,1085860
6.529383000558759,998.932521,0.998932521,0.615523,low_pressure,151,1086029
6.530383000558899,999.206396,0.999206396,0.615523,low_pressure,151,1086198
6.531419000559044,999.347681,0.9993476809999999,0.615524,low_pressure,151,1086374
6.5324170005591835,999.574663,0.999574663,0.615524,low_pressure,151,1086543
6.533417000559323,999.443647,0.9994436470000001,0.615524,low_pressure,151,1086712
6.53439400055946,999.289358,0.999289358,0.615524,low_pressure,151,1086881
6.535222000559576,999.358312,0.9993583119999999,0.615524,low_pressure,151,1087029
6.536286000559724,13771.192446,13.771192445999999,0.618395,high_pressure,152,1087229
6.537279000559863,35720.288755,35.720288755,0.621284,high_pressure,152,1087440
6.538266000560001,65190.551131,65.190551131,0.62419,high_pressure,152,1087658
6.539268000560141,101179.539281,101.179539281,0.627115,high_pressure,152,1087890
6.540285000560283,143090.587392,143.09058739199997,0.630059,high_pressure,152,1088129
6.541287000560423,190596.09922,190.59609922,0.633019,high_pressure,152,1088368
6.542273000560561,199940.857217,199.940857217,0.63357,high_pressure,152,1088607
6.543278000560702,199996.370721,199.996370721,0.633574,high_pressure,152,1088853
6.5442640005608395,199999.919383,199.999919383,0.633575,high_pressure,152,1089092
6.5442640005608395,200000.140753,200.000140753,0.633575,high_pressure,152,1089101
6.545289000560983,151194.764324,151.19476432399998,0.63061,low_pressure,152,1089343
6.546310000561125,108003.711294,108.003711294,0.627664,low_pressure,152,1089582
6.547300000561264,70752.314291,70.752314291,0.624735,low_pressure,152,1089807
6.5482850005614015,40021.702287,40.021702287,0.621825,low_pressure,152,1090025
6.549297000561543,16650.28733,16.650287329999998,0.618933,low_pressure,152,1090236
6.550318000561686,4913.169926,4.913169925999999,0.616778,low_pressure,152,1090433
6.551298000561823,2420.607704,2.420607704,0.616089,low_pressure,152,1090609
6.552321000561966,1632.515595,1.632515595,0.615813,low_pressure,152,1090785
6.553306000562103,1308.650366,1.3086503660000002,0.615684,low_pressure,152,1090954
6.554322000562245,1156.19435,1.15619435,0.61562,low_pressure,152,1091123
6.555295000562381,1077.672099,1.077672099,0.615588,low_pressure,152,1091285
6.556310000562523,1037.626859,1.037626859,0.615572,low_pressure,152,1091454
6.557325000562665,1017.85246,1.0178524599999998,0.615565,low_pressure,152,1091623
6.558299000562801,1007.553531,1.0075535310000001,0.615561,low_pressure,152,1091785
6.559301000562941,1002.45244,1.0024524400000001,0.61556,low_pressure,152,1091954
6.560310000563082,1000.279116,1.000279116,0.615559,low_pressure,152,1092123
6.561308000563222,999.18388,0.99918388,0.615559,low_pressure,152,1092293
6.562308000563362,998.636056,0.998636056,0.61556,low_pressure,152,1092462
6.563325000563504,998.919221,0.998919221,0.61556,low_pressure,152,1092638
6.5643250005636435,999.299221,0.999299221,0.61556,low_pressure,152,1092807
6.565315000563782,999.335165,0.999335165,0.615561,low_pressure,152,1092976
6.56630000056392,999.249632,0.999249632,0.615561,low_pressure,152,1093145
6.567300000564059,999.465879,0.999465879,0.615561,low_pressure,152,1093314
6.568300000564199,999.333336,0.9993333360000001,0.615561,low_pressure,152,1093483
6.568300000564199,999.327136,0.999327136,0.615561,low_pressure,152,1093491
6.569338000564344,13798.038084,13.798038084,0.618432,high_pressure,153,1093691
6.570335000564484,35799.041476,35.799041476,0.621321,high_pressure,153,1093902
6.571346000564625,65296.416719,65.296416719,0.624228,high_pressure,153,1094127
6.572333000564763,101328.586977,101.328586977,0.627153,high_pressure,153,1094352
6.5733250005649015,143272.049643,143.272049643,0.630097,high_pressure,153,1094584
6.574329000565042,190774.14857,190.77414857,0.633057,high_pressure,153,1094823
6.575334000565182,199941.061176,199.94106117599998,0.633597,high_pressure,153,1095069
6.576338000565323,199996.208287,199.99620828699997,0.633601,high_pressure,153,1095315
6.5773240005654605,199998.472692,199.998472692,0.633602,high_pressure,153,1095554
6.577469000565481,200000.024168,200.000024168,0.633603,high_pressure,153,1095598
6.578500000565625,151200.11292,151.20011292,0.630637,low_pressure,153,1095840
6.579497000565764,108001.085949,108.001085949,0.62769,low_pressure,153,1096072
6.580510000565906,70736.650195,70.736650195,0.624762,low_pressure,153,1096304
6.581508000566045,39988.061651,39.988061651,0.621852,low_pressure,153,1096522
6.582520000566187,16617.801108,16.617801108,0.618959,low_pressure,153,1096733
6.583507000566325,4899.674973,4.899674973,0.616809,low_pressure,153,1096923
6.584522000566467,2413.124161,2.4131241610000003,0.616122,low_pressure,153,1097106
6.5855230005666066,1630.440266,1.6304402660000001,0.615847,low_pressure,153,1097282
6.586518000566746,1307.32626,1.30732626,0.615719,low_pressure,153,1097451
6.5875330005668875,1155.22029,1.15522029,0.615656,low_pressure,153,1097620
6.5885060005670235,1079.133447,1.079133447,0.615623,low_pressure,153,1097782
6.5895220005671655,1038.241536,1.038241536,0.615607,low_pressure,153,1097951
6.5904950005673015,1017.701616,1.0177016159999999,0.615599,low_pressure,153,1098113
6.591497000567442,1007.546432,1.007546432,0.615596,low_pressure,153,1098282
6.5925120005675835,1002.38521,1.0023852100000001,0.615595,low_pressure,153,1098451
6.593527000567725,1000.200438,1.000200438,0.615594,low_pressure,153,1098620
6.594525000567865,999.122792,0.999122792,0.615594,low_pressure,153,1098790
6.595519000568004,999.217584,0.9992175839999999,0.615595,low_pressure,153,1098959
6.596517000568143,999.030501,0.9990305009999999,0.615595,low_pressure,153,1099128
6.597500000568281,999.288791,0.9992887909999999,0.615595,low_pressure,153,1099297
6.5985000005684205,999.142475,0.999142475,0.615595,low_pressure,153,1099466
6.59950000056856,999.186903,0.999186903,0.615596,low_pressure,153,1099635
6.6005110005687015,999.335774,0.9993357740000001,0.615596,low_pressure,153,1099811
6.601050000568777,999.20878,0.99920878,0.615596,low_pressure,153,1099910
6.602096000568923,13782.59312,13.78259312,0.618467,high_pressure,154,1100110
6.603080000569061,35778.331491,35.778331490999996,0.621356,high_pressure,154,1100321
6.604073000569199,65321.276715,65.321276715,0.624263,high_pressure,154,1100539
6.605093000569342,101382.950221,101.382950221,0.627189,high_pressure,154,1100771
6.606085000569481,143374.659763,143.374659763,0.630133,high_pressure,154,1101003
6.607096000569622,190917.09832,190.91709831999998,0.633092,high_pressure,154,1101242
6.6080730005697585,199942.999221,199.942999221,0.633624,high_pressure,154,1101481
6.6090880005699,199996.569096,199.996569096,0.633628,high_pressure,154,1101727
6.610074000570038,199998.658851,199.998658851,0.633629,high_pressure,154,1101966
6.610480000570095,200000.019757,200.000019757,0.633629,high_pressure,154,1102073
6.611499000570237,151191.135742,151.191135742,0.630663,low_pressure,154,1102315
6.612489000570376,107955.007286,107.955007286,0.627716,low_pressure,154,1102547
6.613514000570519,70674.789076,70.674789076,0.624788,low_pressure,154,1102779
6.614512000570659,39907.384651,39.907384651,0.621877,low_pressure,154,1102997
6.615495000570796,16542.965989,16.542965989,0.618985,low_pressure,154,1103201
6.616512000570938,4883.128657,4.883128657,0.616841,low_pressure,154,1103398
6.6174950005710755,2413.661994,2.413661994,0.616156,low_pressure,154,1103574
6.6185180005712185,1631.927926,1.6319279260000001,0.615881,low_pressure,154,1103750
6.619488000571354,1306.711682,1.3067116820000002,0.615753,low_pressure,154,1103919
6.620504000571496,1155.089355,1.155089355,0.615689,low_pressure,154,1104088
6.621520000571638,1076.898047,1.0768980469999998,0.615657,low_pressure,154,1104257
6.622523000571778,1037.053982,1.037053982,0.615641,low_pressure,154,1104426
6.6234970005719145,1016.975382,1.016975382,0.615634,low_pressure,154,1104588
6.624512000572056,1006.536185,1.006536185,0.615631,low_pressure,154,1104757
6.625527000572198,1001.4701,1.0014701,0.61563,low_pressure,154,1104926
6.626492000572333,999.280715,0.999280715,0.61563,low_pressure,154,1105089
6.627492000572473,998.498512,0.9984985120000001,0.61563,low_pressure,154,1105258
6.628492000572613,998.695786,0.998695786,0.61563,low_pressure,154,1105427
6.629517000572756,998.955213,0.998955213,0.615631,low_pressure,154,1105603
6.630517000572896,998.929022,0.998929022,0.615631,low_pressure,154,1105772
6.6315170005730355,998.734396,0.9987343959999999,0.615631,low_pressure,154,1105941
6.632517000573175,998.934225,0.998934225,0.615632,low_pressure,154,1106110
6.633517000573315,999.282632,0.999282632,0.615632,low_pressure,154,1106279
6.634517000573455,999.467542,0.999467542,0.615632,low_pressure,154,1106448
6.635500000573592,999.497046,0.999497046,0.615632,low_pressure,154,1106617
6.635750000573627,999.492354,0.999492354,0.615632,low_pressure,154,1106667
6.636777000573771,13784.82821,13.784828209999999,0.618504,high_pressure,155,1106867
6.637790000573912,35822.843716,35.822843716,0.621393,high_pressure,155,1107085
6.6387710005740495,65400.646271,65.400646271,0.624301,high_pressure,155,1107303
6.6397730005741895,101497.905641,101.497905641,0.627226,high_pressure,155,1107535
6.640790000574332,143526.53375,143.52653375,0.63017,high_pressure,155,1107774
6.6417830005744705,191091.366859,191.091366859,0.633129,high_pressure,155,1108013
6.64277900057461,199942.417851,199.94241785100002,0.63365,high_pressure,155,1108259
6.643789000574751,199997.381233,199.997381233,0.633654,high_pressure,155,1108505
6.644764000574887,199999.547004,199.999547004,0.633655,high_pressure,155,1108744
6.644937000574911,200000.026416,200.000026416,0.633655,high_pressure,155,1108795
6.645981000575057,151154.895874,151.154895874,0.63069,low_pressure,155,1109051
6.646994000575199,107912.02463,107.91202463,0.627743,low_pressure,155,1109290
6.647981000575337,70631.290285,70.63129028499999,0.624814,low_pressure,155,1109515
6.648989000575478,39843.801413,39.843801413,0.621903,low_pressure,155,1109740
6.649997000575619,16485.415991,16.485415991,0.619011,low_pressure,155,1109951
6.650978000575756,4866.479475,4.866479475,0.616872,low_pressure,155,1110141
6.651986000575897,2404.896213,2.404896213,0.616191,low_pressure,155,1110324
6.652968000576034,1624.862232,1.624862232,0.615918,low_pressure,155,1110493
6.653995000576177,1305.807565,1.305807565,0.615791,low_pressure,155,1110669
6.654966000576313,1156.024093,1.156024093,0.615727,low_pressure,155,1110831
6.655981000576455,1079.523483,1.079523483,0.615695,low_pressure,155,1111000
6.656997000576597,1038.776449,1.038776449,0.615678,low_pressure,155,1111169
6.657970000576733,1017.423761,1.017423761,0.615671,low_pressure,155,1111331
6.658977000576874,1006.662328,1.006662328,0.615667,low_pressure,155,1111500
6.659993000577016,1001.819378,1.001819378,0.615666,low_pressure,155,1111669
6.660993000577156,1000.533757,1.0005337570000001,0.615666,low_pressure,155,1111838
6.661992000577295,999.741408,0.999741408,0.615666,low_pressure,155,1112008
6.662992000577435,999.321554,0.999321554,0.615666,low_pressure,155,1112177
6.663992000577575,999.108656,0.999108656,0.615666,low_pressure,155,1112346
6.664992000577715,999.072847,0.999072847,0.615667,low_pressure,155,1112515
6.665992000577854,999.119234,0.999119234,0.615667,low_pressure,155,1112684
6.666967000577991,999.261157,0.9992611570000001,0.615667,low_pressure,155,1112853
6.66796700057813,999.300386,0.999300386,0.615667,low_pressure,155,1113022
6.66896700057827,999.279852,0.999279852,0.615667,low_pressure,155,1113191
6.670002000578415,999.439363,0.9994393629999999,0.615668,low_pressure,155,1113367
6.671000000578554,999.500865,0.999500865,0.615668,low_pressure,155,1113536
6.671500000578624,999.455422,0.999455422,0.615668,low_pressure,155,1113628
6.672534000578769,13777.684251,13.777684251,0.61854,high_pressure,156,1113835
6.673521000578907,35795.013144,35.795013143999995,0.621429,high_pressure,156,1114046
6.6745280005790475,65336.003679,65.336003679,0.624337,high_pressure,156,1114271
6.675507000579184,101441.428271,101.44142827099999,0.627263,high_pressure,156,1114496
6.676525000579327,143465.243744,143.46524374400002,0.630207,high_pressure,156,1114735
6.677531000579467,191041.581145,191.041581145,0.633166,high_pressure,156,1114981
6.678512000579604,199945.277284,199.945277284,0.63369,high_pressure,156,1115220
6.6795220005797455,199981.54214,199.98154214000002,0.633694,high_pressure,156,1115466
6.680531000579887,199997.969659,199.997969659,0.633695,high_pressure,156,1115712
6.680647000579903,200000.665737,200.000665737,0.633695,high_pressure,156,1115749
6.681695000580049,151139.486013,151.13948601299998,0.63073,low_pressure,156,1116005
6.682685000580188,107894.590271,107.894590271,0.627782,low_pressure,156,1116237
6.683667000580325,70595.059691,70.595059691,0.624853,low_pressure,156,1116462
6.684684000580467,39834.743926,39.834743926,0.621942,low_pressure,156,1116687
6.685676000580606,16474.400824,16.474400824,0.61905,low_pressure,156,1116898
6.686693000580748,4871.883116,4.871883116,0.616911,low_pressure,156,1117095
6.687671000580885,2412.222798,2.4122227979999997,0.616227,low_pressure,156,1117271
6.688692000581027,1631.118578,1.6311185780000002,0.615952,low_pressure,156,1117447
6.689699000581168,1307.775835,1.307775835,0.615824,low_pressure,156,1117616
6.690672000581304,1152.460215,1.152460215,0.61576,low_pressure,156,1117778
6.691674000581444,1076.851236,1.076851236,0.615729,low_pressure,156,1117947
6.692689000581586,1038.721327,1.038721327,0.615713,low_pressure,156,1118116
6.693704000581728,1018.402141,1.018402141,0.615705,low_pressure,156,1118285
6.694677000581864,1008.055418,1.008055418,0.615701,low_pressure,156,1118447
6.695693000582006,1002.279345,1.002279345,0.6157,low_pressure,156,1118616
6.6967060005821475,999.915761,0.999915761,0.6157,low_pressure,156,1118786
6.697688000582285,998.954249,0.998954249,0.6157,low_pressure,156,1118955
6.698675000582423,998.612636,0.9986126359999999,0.6157,low_pressure,156,1119124
6.6996750005825625,998.773414,0.998773414,0.615701,low_pressure,156,1119293
6.700675000582702,999.039495,0.999039495,0.615701,low_pressure,156,1119462
6.701667000582841,999.130013,0.9991300129999999,0.615701,low_pressure,156,1119631
6.702667000582981,999.095993,0.9990959930000001,0.615701,low_pressure,156,1119800
6.7036670005831205,999.3239,0.9993238999999999,0.615702,low_pressure,156,1119969
6.7046830005832625,999.378769,0.999378769,0.615702,low_pressure,156,1120145
6.705017000583309,999.263415,0.999263415,0.615702,low_pressure,156,1120209
6.706040000583452,13797.992687,13.797992687,0.618574,high_pressure,157,1120409
6.707035000583591,35803.250187,35.803250186999996,0.621464,high_pressure,157,1120620
6.708022000583729,65339.62494,65.33962494000001,0.624372,high_pressure,157,1120838
6.709023000583869,101413.428698,101.413428698,0.627298,high_pressure,157,1121070
6.710040000584011,143439.715978,143.43971597799998,0.630242,high_pressure,157,1121309
6.711039000584151,190993.743126,190.993743126,0.633202,high_pressure,157,1121548
6.712024000584289,199943.631334,199.943631334,0.633729,high_pressure,157,1121787
6.71260400058437,200000.058615,200.000058615,0.633733,high_pressure,157,1121936
6.713635000584514,151160.979976,151.160979976,0.630767,low_pressure,157,1122185
6.714631000584653,107941.689569,107.94168956899999,0.627819,low_pressure,157,1122417
6.715621000584791,70654.366365,70.654366365,0.62489,low_pressure,157,1122642
6.716617000584931,39899.152178,39.899152177999994,0.621979,low_pressure,157,1122860
6.717629000585072,16523.792293,16.523792293,0.619086,low_pressure,157,1123071
6.718635000585213,4880.276947,4.8802769470000005,0.616943,low_pressure,157,1123268
6.7196500005853546,2412.228943,2.412228943,0.616259,low_pressure,157,1123451
6.720626000585491,1627.98721,1.62798721,0.615984,low_pressure,157,1123620
6.7216240005856305,1308.413702,1.308413702,0.615856,low_pressure,157,1123789
6.722639000585772,1155.661296,1.155661296,0.615792,low_pressure,157,1123958
6.723612000585908,1077.522435,1.0775224350000001,0.61576,low_pressure,157,1124120
6.7246430005860525,1038.724924,1.038724924,0.615744,low_pressure,157,1124296
6.7256160005861885,1018.094691,1.018094691,0.615736,low_pressure,157,1124458
6.72663100058633,1007.746469,1.007746469,0.615733,low_pressure,157,1124627
6.727647000586472,1002.149383,1.002149383,0.615731,low_pressure,157,1124796
6.728618000586608,999.816331,0.999816331,0.615731,low_pressure,157,1124959
6.729617000586748,999.392207,0.999392207,0.615731,low_pressure,157,1125128
6.73063300058689,999.196027,0.999196027,0.615732,low_pressure,157,1125304
6.7316330005870295,998.863308,0.998863308,0.615732,low_pressure,157,1125473
6.732633000587169,998.725874,0.998725874,0.615732,low_pressure,157,1125642
6.733633000587309,999.160617,0.999160617,0.615732,low_pressure,157,1125811
6.734633000587449,999.359708,0.999359708,0.615733,low_pressure,157,1125980
6.735633000587589,999.470508,0.999470508,0.615733,low_pressure,157,1126149
6.736617000587726,999.420852,0.999420852,0.615733,low_pressure,157,1126318
6.737617000587866,999.322771,0.999322771,0.615733,low_pressure,157,1126487
6.738158000587942,999.298567,0.9992985670000001,0.615733,low_pressure,157,1126586
6.739210000588089,13796.548563,13.796548563,0.618605,high_pressure,158,1126800
6.740194000588226,35828.223774,35.828223774,0.621495,high_pressure,158,1127011
6.741204000588367,65403.549246,65.403549246,0.624404,high_pressure,158,1127236
6.7422000005885065,101474.814224,101.474814224,0.62733,high_pressure,158,1127468
6.743188000588645,143516.584411,143.516584411,0.630274,high_pressure,158,1127700
6.744200000588786,191085.41112,191.08541112,0.633234,high_pressure,158,1127946
6.745188000588924,199944.02056,199.94402056,0.633755,high_pressure,158,1128192
6.746202000589066,199991.324131,199.991324131,0.633759,high_pressure,158,1128445
6.747183000589203,199998.516495,199.998516495,0.63376,high_pressure,158,1128684
6.747327000589223,200000.291189,200.00029118900002,0.63376,high_pressure,158,1128728
6.748337000589364,151147.428123,151.147428123,0.630794,low_pressure,158,1128977
6.749355000589507,107915.068676,107.91506867599999,0.627846,low_pressure,158,1129216
6.750365000589648,70625.172496,70.625172496,0.624917,low_pressure,158,1129455
6.751348000589785,39861.567073,39.861567072999996,0.622005,low_pressure,158,1129673
6.752346000589925,16485.069055,16.485069055,0.619112,low_pressure,158,1129891
6.753348000590065,4867.978754,4.867978754,0.616973,low_pressure,158,1130088
6.754352000590205,2409.518816,2.409518816,0.616291,low_pressure,158,1130271
6.755355000590345,1627.069211,1.627069211,0.616017,low_pressure,158,1130447
6.756354000590485,1306.589774,1.306589774,0.615889,low_pressure,158,1130616
6.757370000590627,1153.153849,1.153153849,0.615825,low_pressure,158,1130785
6.7583750005907675,1075.846945,1.075846945,0.615794,low_pressure,158,1130954
6.759349000590904,1037.809306,1.0378093060000002,0.615778,low_pressure,158,1131116
6.7603640005910455,1017.95073,1.01795073,0.615771,low_pressure,158,1131285
6.761363000591185,1006.642871,1.006642871,0.615767,low_pressure,158,1131454
6.762337000591321,1001.353947,1.001353947,0.615766,low_pressure,158,1131616
6.763345000591462,999.489413,0.999489413,0.615766,low_pressure,158,1131786
6.764341000591601,998.962988,0.9989629879999999,0.615766,low_pressure,158,1131955
6.765375000591746,998.822996,0.998822996,0.615767,low_pressure,158,1132131
6.766368000591885,998.883476,0.9988834759999999,0.615767,low_pressure,158,1132300
6.767350000592022,999.347814,0.999347814,0.615767,low_pressure,158,1132469
6.768342000592161,999.050533,0.999050533,0.615767,low_pressure,158,1132638
6.7693420005923,999.009226,0.999009226,0.615768,low_pressure,158,1132807
6.77034200059244,999.130141,0.999130141,0.615768,low_pressure,158,1132976
6.771375000592585,999.461513,0.999461513,0.615768,low_pressure,158,1133152
6.772375000592724,999.649067,0.9996490669999999,0.615768,low_pressure,158,1133321
6.773361000592862,999.694785,0.999694785,0.615768,low_pressure,158,1133490
6.774342000592999,999.707692,0.999707692,0.615769,low_pressure,158,1133659
6.774383000593005,999.655587,0.999655587,0.615769,low_pressure,158,1133674
6.7754310005931515,13833.172001,13.833172001000001,0.618641,high_pressure,159,1133874
6.7764250005932904,35877.149354,35.877149354000004,0.621531,high_pressure,159,1134085
6.777438000593432,65432.786476,65.432786476,0.624439,high_pressure,159,1134310
6.778439000593572,101537.927426,101.537927426,0.627366,high_pressure,159,1134542
6.77942500059371,143628.933394,143.628933394,0.630311,high_pressure,159,1134774
6.78042500059385,191211.140999,191.211140999,0.633269,high_pressure,159,1135013
6.781439000593991,199943.041665,199.943041665,0.633783,high_pressure,159,1135259
6.782424000594129,199997.790375,199.99779037500002,0.633787,high_pressure,159,1135498
6.78343000059427,199996.703649,199.996703649,0.633788,high_pressure,159,1135744
6.783836000594326,200000.385336,200.000385336,0.633788,high_pressure,159,1135851
6.784887000594473,151143.471035,151.143471035,0.630822,low_pressure,159,1136107
6.785878000594612,107866.328257,107.866328257,0.627874,low_pressure,159,1136339
6.786859000594749,70565.857925,70.565857925,0.624944,low_pressure,159,1136564
6.787875000594891,39827.71379,39.827713790000004,0.622033,low_pressure,159,1136789
6.788885000595032,16475.991512,16.475991512,0.619139,low_pressure,159,1137000
6.789866000595169,4861.689443,4.861689443,0.617002,low_pressure,159,1137190
6.7908700005953095,2401.645693,2.401645693,0.616321,low_pressure,159,1137373
6.791883000595451,1622.490114,1.6224901139999999,0.616049,low_pressure,159,1137549
6.792868000595589,1305.330285,1.305330285,0.615922,low_pressure,159,1137718
6.79388100059573,1155.323224,1.155323224,0.615859,low_pressure,159,1137887
6.794897000595872,1079.395109,1.079395109,0.615826,low_pressure,159,1138056
6.7958630005960075,1040.004404,1.040004404,0.61581,low_pressure,159,1138218
6.796877000596149,1018.853585,1.018853585,0.615802,low_pressure,159,1138387
6.797865000596287,1007.783579,1.007783579,0.615798,low_pressure,159,1138556
6.7988680005964275,1001.955323,1.001955323,0.615797,low_pressure,159,1138725
6.799876000596568,999.777749,0.9997777489999999,0.615797,low_pressure,159,1138895
6.800875000596708,999.23019,0.99923019,0.615797,low_pressure,159,1139064
6.801875000596848,999.219819,0.999219819,0.615797,low_pressure,159,1139240
6.802875000596988,999.050512,0.9990505120000001,0.615797,low_pressure,159,1139409
6.803877000597128,998.848989,0.998848989,0.615798,low_pressure,159,1139592
6.804873000597267,998.931427,0.998931427,0.615798,low_pressure,159,1139775
6.805867000597406,999.079604,0.9990796040000001,0.615798,low_pressure,159,1139944
6.806867000597546,999.490148,0.999490148,0.615798,low_pressure,159,1140113
6.807781000597673,999.438692,0.9994386919999999,0.615798,low_pressure,159,1140275
6.808837000597821,13816.233517,13.816233517,0.618671,high_pressure,160,1140482
6.80983300059796,35873.97538,35.873975380000005,0.621561,high_pressure,160,1140700
6.810814000598097,65467.846485,65.467846485,0.62447,high_pressure,160,1140925
6.8118240005982384,101580.889677,101.580889677,0.627397,high_pressure,160,1141157
6.812815000598377,143626.882551,143.626882551,0.630342,high_pressure,160,1141396
6.813831000598519,191192.552761,191.192552761,0.633301,high_pressure,160,1141642
6.814831000598659,199935.267866,199.935267866,0.633816,high_pressure,160,1141888
6.8158310005987985,199995.748333,199.995748333,0.63382,high_pressure,160,1142134
6.8168250005989375,199998.562733,199.998562733,0.633821,high_pressure,160,1142380
6.816970000598958,200000.260525,200.000260525,0.633821,high_pressure,160,1142424
6.818007000599103,151147.328922,151.14732892199999,0.630854,low_pressure,160,1142673
6.818997000599241,107901.609085,107.901609085,0.627906,low_pressure,160,1142912
6.820013000599383,70624.611635,70.624611635,0.624976,low_pressure,160,1143144
6.82099500059952,39857.915357,39.857915356999996,0.622065,low_pressure,160,1143362
6.82199200059966,16474.474619,16.474474619000002,0.619171,low_pressure,160,1143573
6.8229990005998005,4859.209484,4.859209484,0.617034,low_pressure,160,1143777
6.82399800059994,2400.944952,2.4009449519999997,0.616353,low_pressure,160,1143967
6.825010000600082,1625.439223,1.625439223,0.616081,low_pressure,160,1144143
6.826008000600221,1307.613948,1.307613948,0.615953,low_pressure,160,1144312
6.8270200006003625,1155.383062,1.155383062,0.615889,low_pressure,160,1144481
6.8279930006004985,1078.254157,1.0782541570000002,0.615857,low_pressure,160,1144643
6.82900800060064,1039.348315,1.039348315,0.615841,low_pressure,160,1144812
6.83000700060078,1018.811501,1.018811501,0.615833,low_pressure,160,1144981
6.831024000600922,1008.563733,1.008563733,0.615829,low_pressure,160,1145150
6.831997000601058,1003.34689,1.00334689,0.615828,low_pressure,160,1145312
6.8330100006012,1000.684224,1.000684224,0.615827,low_pressure,160,1145481
6.834025000601342,999.929907,0.999929907,0.615827,low_pressure,160,1145658
6.83501700060148,999.344414,0.9993444140000001,0.615827,low_pressure,160,1145827
6.836025000601621,999.225135,0.999225135,0.615827,low_pressure,160,1146003
6.837025000601761,999.263148,0.999263148,0.615828,low_pressure,160,1146172
6.838025000601901,999.21309,0.9992130899999999,0.615828,low_pressure,160,1146341
6.83902200060204,999.410817,0.999410817,0.615828,low_pressure,160,1146510
6.840001000602177,999.326737,0.999326737,0.615828,low_pressure,160,1146679
6.84102500060232,999.349222,0.9993492220000001,0.615828,low_pressure,160,1146855
6.84202500060246,999.493503,0.9994935030000001,0.615828,low_pressure,160,1147031
6.84202500060246,999.495539,0.999495539,0.615828,low_pressure,160,1147039
6.843065000602605,13840.012077,13.840012076999999,0.618701,high_pressure,161,1147246
6.844041000602742,35936.478707,35.936478707,0.621592,high_pressure,161,1147457
6.845043000602882,65556.145967,65.556145967,0.624501,high_pressure,161,1147682
6.846042000603021,101671.49648,101.67149648,0.627427,high_pressure,161,1147914
6.84703500060316,143679.035799,143.67903579900002,0.630373,high_pressure,161,1148153
6.848050000603302,191236.571096,191.236571096,0.633331,high_pressure,161,1148399
6.849060000603443,199943.057827,199.94305782700002,0.633845,high_pressure,161,1148645
6.85004100060358,199996.626931,199.996626931,0.633849,high_pressure,161,1148884
6.851056000603722,199999.729484,199.999729484,0.63385,high_pressure,161,1149137
6.851172000603738,200000.207227,200.000207227,0.63385,high_pressure,161,1149174
6.852197000603882,151162.675114,151.16267511400002,0.630884,low_pressure,161,1149423
6.853206000604023,107945.059415,107.945059415,0.627935,low_pressure,161,1149662
6.85418500060416,70665.47197,70.66547197,0.625005,low_pressure,161,1149887
6.8552150006043036,39886.067899,39.886067899000004,0.622094,low_pressure,161,1150119
6.856204000604442,16468.74978,16.46874978,0.6192,low_pressure,161,1150330
6.8572110006045826,4857.179652,4.857179652,0.617063,low_pressure,161,1150527
6.858213000604723,2401.526396,2.4015263960000004,0.616383,low_pressure,161,1150710
6.859219000604863,1624.069108,1.6240691079999998,0.61611,low_pressure,161,1150886
6.860217000605003,1304.486794,1.304486794,0.615983,low_pressure,161,1151055
6.861208000605141,1154.299935,1.154299935,0.61592,low_pressure,161,1151224
6.862223000605283,1077.267653,1.077267653,0.615888,low_pressure,161,1151393
6.863197000605419,1037.530298,1.0375302979999999,0.615872,low_pressure,161,1151555
6.864209000605561,1018.262629,1.0182626289999999,0.615864,low_pressure,161,1151724
6.865225000605703,1007.199137,1.007199137,0.615861,low_pressure,161,1151893
6.8661960006058385,1001.756668,1.001756668,0.61586,low_pressure,161,1152055
6.867188000605977,999.632141,0.9996321410000001,0.61586,low_pressure,161,1152225
6.868225000606122,998.783987,0.998783987,0.61586,low_pressure,161,1152401
6.869225000606262,998.649844,0.998649844,0.61586,low_pressure,161,1152570
6.870222000606401,998.982651,0.998982651,0.615861,low_pressure,161,1152739
6.87121700060654,999.048505,0.999048505,0.615861,low_pressure,161,1152908
6.87221700060668,999.149858,0.999149858,0.615861,low_pressure,161,1153077
6.8732000006068175,999.094669,0.999094669,0.615861,low_pressure,161,1153246
6.874200000606957,999.275087,0.999275087,0.615862,low_pressure,161,1153415
6.8752110006070986,999.36922,0.9993692200000001,0.615862,low_pressure,161,1153591
6.875542000607145,999.182489,0.9991824890000001,0.615862,low_pressure,161,1153655
6.876587000607291,13835.635341,13.835635341,0.618735,high_pressure,162,1153855
6.877603000607433,35917.700037,35.917700037,0.621626,high_pressure,162,1154073
6.8786020006075725,65537.274987,65.537274987,0.624535,high_pressure,162,1154298
6.8795820006077095,101654.119531,101.654119531,0.627462,high_pressure,162,1154523
6.880599000607852,143739.279183,143.739279183,0.630407,high_pressure,162,1154762
6.8815850006079895,191298.526093,191.298526093,0.633365,high_pressure,162,1155001
6.882595000608131,199945.031651,199.945031651,0.633873,high_pressure,162,1155247
6.883508000608258,199999.963723,199.999963723,0.633877,high_pressure,162,1155480
6.884542000608403,151122.342133,151.122342133,0.63091,low_pressure,162,1155729
6.885530000608541,107871.38705,107.87138705000001,0.627961,low_pressure,162,1155961
6.886540000608682,70594.538975,70.594538975,0.625031,low_pressure,162,1156193
6.887549000608823,39830.423277,39.830423277,0.622119,low_pressure,162,1156418
6.888552000608963,16440.577789,16.440577789,0.619225,low_pressure,162,1156629
6.8895300006091,4849.247711,4.849247711,0.617092,low_pressure,162,1156819
6.89052900060924,2397.399905,2.3973999050000003,0.616414,low_pressure,162,1157002
6.891537000609381,1626.738068,1.626738068,0.616141,low_pressure,162,1157178
6.89253300060952,1307.968765,1.307968765,0.616013,low_pressure,162,1157347
6.893529000609659,1154.053384,1.154053384,0.61595,low_pressure,162,1157516
6.894545000609801,1076.325191,1.076325191,0.615918,low_pressure,162,1157685
6.895560000609943,1037.830877,1.0378308770000002,0.615902,low_pressure,162,1157854
6.896533000610079,1017.138041,1.017138041,0.615894,low_pressure,162,1158016
6.897549000610221,1006.963507,1.006963507,0.615891,low_pressure,162,1158185
6.898522000610357,1001.974923,1.001974923,0.61589,low_pressure,162,1158347
6.899530000610498,999.433535,0.999433535,0.61589,low_pressure,162,1158524
6.900521000610636,998.712735,0.9987127349999999,0.61589,low_pressure,162,1158693
6.901558000610781,998.23761,0.99823761,0.615891,low_pressure,162,1158869
6.90255200061092,998.526794,0.998526794,0.615891,low_pressure,162,1159038
6.90355000061106,998.664742,0.998664742,0.615891,low_pressure,162,1159207
6.9045500006111995,999.26004,0.99926004,0.615892,low_pressure,162,1159376
6.905533000611337,999.583605,0.999583605,0.615892,low_pressure,162,1159545
6.906533000611477,999.344527,0.999344527,0.615892,low_pressure,162,1159714
6.9075330006116165,999.222835,0.9992228350000001,0.615892,low_pressure,162,1159883
6.90855800061176,999.026079,0.999026079,0.615892,low_pressure,162,1160059
6.9095580006118995,999.228096,0.9992280960000001,0.615893,low_pressure,162,1160228
6.910558000612039,999.444056,0.9994440560000001,0.615893,low_pressure,162,1160397
6.910725000612063,999.345058,0.999345058,0.615893,low_pressure,162,1160433
6.911759000612207,13836.894826,13.836894826,0.618766,high_pressure,163,1160640
6.912774000612349,35902.939672,35.902939672,0.621657,high_pressure,163,1160858
6.9137500006124855,65536.518173,65.536518173,0.624566,high_pressure,163,1161118
6.914753000612626,101697.59199,101.69759199,0.627493,high_pressure,163,1161350
6.915755000612766,143839.336108,143.839336108,0.630439,high_pressure,163,1161589
6.916768000612907,191471.200151,191.471200151,0.633396,high_pressure,163,1161835
6.917749000613044,199943.056384,199.943056384,0.633895,high_pressure,163,1162074
6.9187580006131855,199999.172239,199.99917223900002,0.633899,high_pressure,163,1162320
6.919759000613325,199997.342946,199.997342946,0.6339,high_pressure,163,1162566
6.91993300061335,200000.454677,200.000454677,0.6339,high_pressure,163,1162617
6.920975000613495,151097.131653,151.097131653,0.630933,low_pressure,163,1162866
6.921971000613635,107810.737582,107.810737582,0.627984,low_pressure,163,1163105
6.922983000613776,70501.584512,70.50158451200001,0.625054,low_pressure,163,1163337
6.923960000613913,39728.161162,39.728161162,0.622142,low_pressure,163,1163555
6.924969000614054,16368.316269,16.368316269,0.619248,low_pressure,163,1163773
6.925975000614194,4834.498424,4.834498424,0.61712,low_pressure,163,1163970
6.926975000614334,2396.544938,2.396544938,0.616444,low_pressure,163,1164153
6.927965000614472,1621.71791,1.62171791,0.616172,low_pressure,163,1164329
6.928958000614611,1301.614375,1.3016143750000002,0.616046,low_pressure,163,1164498
6.929995000614756,1153.491788,1.153491788,0.615983,low_pressure,163,1164674
