simulation_time_s,pressure_pa,pressure_kpa,density,phase,cycle,log_line
0.4099229999959505,148515.052333,148.515052333,0.58163,low_pressure,0,322
0.4109319999959235,112535.00082,112.53500082000001,0.578843,low_pressure,0,533
0.4119039999958975,80804.661745,80.804661745,0.576073,low_pressure,0,730
0.41293699999586986,52557.496221,52.557496221,0.573322,low_pressure,0,934
0.4139109999958438,28281.045051,28.281045051,0.570588,low_pressure,0,1117
0.41491099999581704,9884.121498,9.884121498,0.567883,low_pressure,0,1293
0.41592699999578986,3102.39063,3.10239063,0.566609,low_pressure,0,1455
0.41690699999576364,1187.561878,1.187561878,0.566348,low_pressure,0,1596
0.4179209999957365,557.894813,0.557894813,0.566397,low_pressure,0,1724
0.4189719999957084,364.398224,0.36439822400000005,0.566546,low_pressure,0,1837
0.4199389999956825,277.199499,0.277199499,0.566731,low_pressure,0,1929
0.42096899999565496,238.675519,0.238675519,0.566933,low_pressure,0,2021
0.4219579999956285,207.897442,0.20789744200000002,0.567144,low_pressure,0,2106
0.4229519999956019,198.676207,0.198676207,0.567359,low_pressure,0,2191
0.42392199999557595,186.217071,0.186217071,0.567578,low_pressure,0,2276
0.42490899999554954,169.488589,0.169488589,0.567801,low_pressure,0,2361
0.4259829999955208,166.950555,0.166950555,0.568027,low_pressure,0,2453
0.42696499999549453,164.757195,0.164757195,0.568254,low_pressure,0,2538
0.4279349999954686,153.48213,0.15348213000000002,0.568482,low_pressure,0,2623
0.42890399999544265,137.042179,0.13704217900000001,0.568714,low_pressure,0,2708
0.42995799999541445,134.221,0.134221,0.568948,low_pressure,0,2800
0.4309009999953892,130.638157,0.130638157,0.569184,low_pressure,0,2885
0.4319399999953614,131.871851,0.13187185099999998,0.56942,low_pressure,0,2977
0.43297499999533373,128.979965,0.128979965,0.569656,low_pressure,0,3069
0.4339189999953085,123.257892,0.123257892,0.569894,low_pressure,0,3154
0.4349239999952816,122.781162,0.122781162,0.570133,low_pressure,0,3246
0.43592399999525483,124.769558,0.124769558,0.570372,low_pressure,0,3338
0.43691399999522834,125.867167,0.125867167,0.57061,low_pressure,0,3430
0.4379689999952001,118.011474,0.118011474,0.570849,low_pressure,0,3529
0.43894399999517403,115.010703,0.115010703,0.57109,low_pressure,0,3621
0.43991199999514813,111.626545,0.111626545,0.571333,low_pressure,0,3713
0.4409489999951204,115.680643,0.115680643,0.571575,low_pressure,0,3812
0.4419659999950932,118.251194,0.118251194,0.571816,low_pressure,0,3911
0.4429319999950673,118.062822,0.118062822,0.572058,low_pressure,0,4010
0.4439009999950414,121.922493,0.121922493,0.572299,low_pressure,0,4109
0.4449369999950137,124.497845,0.124497845,0.572539,low_pressure,0,4215
0.44594799999498663,123.890546,0.123890546,0.572778,low_pressure,0,4321
0.4469589999949596,128.234114,0.128234114,0.573017,low_pressure,0,4427
0.44795799999493285,124.375485,0.124375485,0.573257,low_pressure,0,4533
0.4489399999949066,123.476764,0.123476764,0.573497,low_pressure,0,4639
0.44990599999488073,121.952607,0.121952607,0.573738,low_pressure,0,4745
0.45093399999485323,118.852237,0.118852237,0.57398,low_pressure,0,4858
0.45193799999482637,118.919099,0.118919099,0.574222,low_pressure,0,4971
0.45293599999479967,123.05807,0.12305807,0.574463,low_pressure,0,5084
0.45392999999477307,126.284943,0.126284943,0.574704,low_pressure,0,5197
0.4549109999947468,127.710544,0.127710544,0.574944,low_pressure,0,5310
0.4559429999947192,129.094301,0.129094301,0.575184,low_pressure,0,5430
0.45695799999469205,127.620191,0.127620191,0.575424,low_pressure,0,5550
0.45790699999466666,125.691566,0.125691566,0.575665,low_pressure,0,5663
0.4589559999946386,130.094182,0.130094182,0.575906,low_pressure,0,5790
0.45993699999461235,134.840066,0.134840066,0.576146,low_pressure,0,5910
0.4609489999945853,144.727701,0.144727701,0.576383,low_pressure,0,6037
0.46190699999455964,150.428644,0.150428644,0.576619,low_pressure,0,6157
0.46290499999453294,157.416136,0.15741613599999998,0.576853,low_pressure,0,6284
0.4639389999945053,166.762562,0.166762562,0.577084,low_pressure,0,6418
0.46494099999447847,173.1859,0.1731859,0.577314,low_pressure,0,6552
0.4659409999944517,180.751363,0.180751363,0.577542,low_pressure,0,6686
0.46692699999442533,185.302228,0.185302228,0.577768,low_pressure,0,6820
0.4679069999943991,194.570448,0.194570448,0.577993,low_pressure,0,6954
0.46894899999437123,203.296457,0.203296457,0.578215,low_pressure,0,7102
0.4699449999943446,211.958959,0.211958959,0.578435,low_pressure,0,7243
0.47092499999431836,221.639251,0.221639251,0.578652,low_pressure,0,7384
0.47192999999429147,234.647584,0.234647584,0.578867,low_pressure,0,7532
0.4729259999942648,244.776555,0.244776555,0.579078,low_pressure,0,7680
0.4739169999942383,256.71497,0.25671497,0.579287,low_pressure,0,7828
0.4749049999942119,267.072212,0.267072212,0.579492,low_pressure,0,7976
0.4759049999941851,282.646481,0.282646481,0.579694,low_pressure,0,8131
0.47692099999415793,295.367174,0.29536717399999995,0.579892,low_pressure,0,8286
0.4779209999941312,306.731092,0.306731092,0.580087,low_pressure,0,8441
0.47891599999410456,319.338865,0.31933886499999997,0.580279,low_pressure,0,8596
0.4799019999940782,329.064875,0.329064875,0.580467,low_pressure,0,8751
0.4809139999940511,341.432579,0.34143257899999996,0.580653,low_pressure,0,8920
0.48192499999402405,358.30113,0.35830113,0.580834,low_pressure,0,9082
0.48290799999399775,372.750831,0.372750831,0.581011,low_pressure,0,9244
0.4839049999939711,389.955291,0.389955291,0.581184,low_pressure,0,9406
0.48494099999394336,405.003662,0.40500366200000004,0.581353,low_pressure,0,9575
0.4859139999939173,422.603402,0.422603402,0.581516,low_pressure,0,9737
0.48692899999389017,437.255563,0.437255563,0.581676,low_pressure,0,9906
0.4879369999938632,451.643758,0.451643758,0.581831,low_pressure,0,10075
0.488916999993837,466.843094,0.466843094,0.581982,low_pressure,0,10244
0.48990799999381046,480.487919,0.480487919,0.58213,low_pressure,0,10413
0.4909079999937837,493.714198,0.493714198,0.582273,low_pressure,0,10582
0.49193099999375633,506.157495,0.506157495,0.582414,low_pressure,0,10758
0.4929409999937293,519.701766,0.5197017660000001,0.58255,low_pressure,0,10934
0.4939099999937034,534.330927,0.534330927,0.582683,low_pressure,0,11103
0.49493899999367585,549.393478,0.5493934779999999,0.582811,low_pressure,0,11286
0.49593399999364923,565.902541,0.565902541,0.582935,low_pressure,0,11462
0.4969359999936224,582.193375,0.5821933749999999,0.583055,low_pressure,0,11638
0.4979189999935961,599.66785,0.59966785,0.583169,low_pressure,0,11814
0.49890499999356974,618.021494,0.618021494,0.583279,low_pressure,0,11990
0.49992899999354234,634.877883,0.634877883,0.583384,low_pressure,0,12173
0.5009379999935674,649.191707,0.649191707,0.583484,low_pressure,0,12356
0.5019249999935957,662.912964,0.662912964,0.583581,low_pressure,0,12532
0.5029049999936239,676.601845,0.676601845,0.583674,low_pressure,0,12708
0.503914999993653,688.814595,0.6888145950000001,0.583763,low_pressure,0,12891
0.5049179999936818,701.121617,0.701121617,0.583849,low_pressure,0,13074
0.5059179999937106,712.697344,0.7126973440000001,0.583931,low_pressure,0,13257
0.5069039999937389,724.773628,0.724773628,0.58401,low_pressure,0,13440
0.5079039999937677,733.505208,0.7335052080000001,0.584086,low_pressure,0,13623
0.5089259999937971,742.663957,0.742663957,0.58416,low_pressure,0,13813
0.5099249999938258,750.813524,0.750813524,0.584231,low_pressure,0,13996
0.5109139999938542,761.278596,0.761278596,0.5843,low_pressure,0,14179
0.5119259999938833,769.767556,0.769767556,0.584366,low_pressure,0,14369
0.5129309999939122,778.216199,0.7782161989999999,0.584429,low_pressure,0,14559
0.5139379999939412,787.280802,0.787280802,0.58449,low_pressure,0,14749
0.5149109999939692,797.233666,0.797233666,0.584549,low_pressure,0,14932
0.5159209999939982,804.703441,0.804703441,0.584605,low_pressure,0,15122
0.5169329999940273,811.983471,0.811983471,0.584659,low_pressure,0,15312
0.5179149999940555,821.031097,0.8210310970000001,0.584711,low_pressure,0,15502
0.5189199999940844,828.855325,0.828855325,0.58476,low_pressure,0,15692
0.5199189999941132,836.04,0.83604,0.584807,low_pressure,0,15889
0.5209139999941418,843.343666,0.843343666,0.584852,low_pressure,0,16086
0.5219019999941702,850.951759,0.8509517590000001,0.584895,low_pressure,0,16276
0.5229139999941993,857.751813,0.8577518129999999,0.584937,low_pressure,0,16473
0.5239369999942287,863.520877,0.863520877,0.584976,low_pressure,0,16670
0.5249239999942571,870.486467,0.870486467,0.585013,low_pressure,0,16860
0.5259369999942862,877.778639,0.877778639,0.585049,low_pressure,0,17057
0.5269239999943146,884.080165,0.884080165,0.585082,low_pressure,0,17247
0.527909999994343,888.038422,0.8880384219999999,0.585114,low_pressure,0,17437
0.528919999994372,891.825422,0.891825422,0.585145,low_pressure,0,17634
0.5299059999944004,895.159758,0.895159758,0.585175,low_pressure,0,17824
0.5309249999944297,899.506665,0.899506665,0.585205,low_pressure,0,18021
0.531911999994458,904.237928,0.904237928,0.585232,low_pressure,0,18211
0.5329349999944875,909.15843,0.90915843,0.585258,low_pressure,0,18408
0.5339249999945159,913.550112,0.913550112,0.585283,low_pressure,0,18605
0.534902999994544,917.464218,0.917464218,0.585307,low_pressure,0,18795
0.5359269999945735,922.60851,0.92260851,0.58533,low_pressure,0,18992
0.5369129999946018,927.494954,0.927494954,0.585351,low_pressure,0,19182
0.5379349999946312,931.700685,0.931700685,0.585371,low_pressure,0,19379
0.5389129999946594,935.752868,0.935752868,0.585389,low_pressure,0,19569
0.539909999994688,939.585321,0.939585321,0.585407,low_pressure,0,19766
0.540916999994717,944.125972,0.944125972,0.585423,low_pressure,0,19963
0.5419229999947459,947.57995,0.9475799500000001,0.585439,low_pressure,0,20160
0.5429309999947749,950.426575,0.9504265749999999,0.585453,low_pressure,0,20357
0.5439019999948028,953.081079,0.953081079,0.585467,low_pressure,0,20547
0.5449189999948321,955.633193,0.955633193,0.585479,low_pressure,0,20751
0.5459069999948605,958.082349,0.958082349,0.585492,low_pressure,0,20948
0.5469109999948893,960.923368,0.960923368,0.585503,low_pressure,0,21145
0.5479109999949181,963.37303,0.96337303,0.585514,low_pressure,0,21342
0.5489109999949469,965.989944,0.965989944,0.585524,low_pressure,0,21539
0.5499359999949763,968.740123,0.968740123,0.585533,low_pressure,0,21743
0.5509249999950048,970.757455,0.9707574550000001,0.585541,low_pressure,0,21940
0.5519249999950335,972.37029,0.97237029,0.585549,low_pressure,0,22137
0.5529179999950621,973.667804,0.9736678040000001,0.585557,low_pressure,0,22334
0.5539179999950908,975.441083,0.9754410830000001,0.585564,low_pressure,0,22531
0.5549059999951192,977.14659,0.9771465899999999,0.585571,low_pressure,0,22728
0.5559359999951489,978.951596,0.978951596,0.585577,low_pressure,0,22932
0.5569359999951776,980.475221,0.9804752210000001,0.585583,low_pressure,0,23129
0.5579279999952061,981.818574,0.981818574,0.585588,low_pressure,0,23326
0.5589279999952349,983.172573,0.983172573,0.585593,low_pressure,0,23523
0.5599249999952636,984.561083,0.984561083,0.585598,low_pressure,0,23720
0.5609029999952917,985.621589,0.985621589,0.585602,low_pressure,0,23917
0.5619029999953205,986.213473,0.9862134730000001,0.585606,low_pressure,0,24114
0.5629359999953502,987.026018,0.987026018,0.585609,low_pressure,0,24318
0.5639319999953788,987.87222,0.98787222,0.585613,low_pressure,0,24515
0.5649319999954076,988.245515,0.9882455149999999,0.585616,low_pressure,0,24712
0.5659179999954359,989.380255,0.989380255,0.585619,low_pressure,0,24909
0.5669109999954645,990.101538,0.990101538,0.585622,low_pressure,0,25106
0.5679159999954934,991.109686,0.991109686,0.585625,low_pressure,0,25310
0.5689159999955221,991.646696,0.991646696,0.585627,low_pressure,0,25514
0.5699309999955513,992.168017,0.992168017,0.58563,low_pressure,0,25725
0.5709239999955799,992.981795,0.9929817950000001,0.585632,low_pressure,0,25929
0.5719269999956087,993.401268,0.993401268,0.585634,low_pressure,0,26133
0.5729309999956376,994.002427,0.994002427,0.585635,low_pressure,0,26337
0.5739349999956664,993.983269,0.993983269,0.585637,low_pressure,0,26541
0.5739699999956674,993.997878,0.9939978780000001,0.585637,low_pressure,0,26556
0.5750089999956973,12560.744842,12.560744842,0.588468,high_pressure,1,26777
0.576007999995726,30904.631289,30.904631289,0.591317,high_pressure,1,27009
0.5770079999957548,55493.09801,55.493098010000004,0.594184,high_pressure,1,27248
0.5780109999957836,85940.619369,85.94061936899999,0.59707,high_pressure,1,27494
0.5789899999958118,121590.283786,121.590283786,0.599975,high_pressure,1,27740
0.5799939999958407,162109.01568,162.10901568,0.602899,high_pressure,1,28000
0.5809909999958693,198134.419138,198.134419138,0.605276,high_pressure,1,28260
0.5820039999958985,199982.245457,199.982245457,0.605389,high_pressure,1,28527
0.5829999999959271,199995.851906,199.99585190599998,0.605392,high_pressure,1,28787
0.5839889999959555,199989.141276,199.989141276,0.605394,high_pressure,1,29047
0.5844999999959702,200000.438123,200.000438123,0.605394,high_pressure,1,29189
0.5855399999960001,154962.779729,154.962779729,0.602454,low_pressure,1,29459
0.5865349999960288,114717.053315,114.717053315,0.599534,low_pressure,1,29712
0.5875239999960572,79540.781981,79.540781981,0.596632,low_pressure,1,29958
0.588525999996086,49786.756614,49.786756614,0.593749,low_pressure,1,30204
0.5895199999961146,25864.875453,25.864875453,0.590884,low_pressure,1,30436
0.5905449999961441,8881.766284,8.881766284,0.588091,low_pressure,1,30661
0.5915489999961729,3565.445014,3.565445014,0.586788,low_pressure,1,30865
0.5925409999962015,2038.926864,2.038926864,0.586314,low_pressure,1,31062
0.5935169999962295,1427.258713,1.4272587129999998,0.586118,low_pressure,1,31252
0.5945289999962586,1133.113598,1.133113598,0.586044,low_pressure,1,31442
0.5955349999962876,979.834718,0.979834718,0.58603,low_pressure,1,31633
0.5965479999963167,897.286783,0.897286783,0.586049,low_pressure,1,31823
0.5975229999963447,855.331559,0.855331559,0.586084,low_pressure,1,32006
0.5985479999963742,836.819294,0.836819294,0.586128,low_pressure,1,32203
0.5995429999964028,833.521891,0.833521891,0.586175,low_pressure,1,32393
0.6005289999964312,835.704378,0.835704378,0.586222,low_pressure,1,32583
0.6015469999964604,841.773715,0.8417737150000001,0.586268,low_pressure,1,32780
0.6025309999964887,852.21848,0.85221848,0.586311,low_pressure,1,32970
0.6035449999965179,864.491012,0.864491012,0.586351,low_pressure,1,33167
0.6045249999965461,875.671273,0.875671273,0.586388,low_pressure,1,33357
0.6055469999965755,885.353971,0.885353971,0.586422,low_pressure,1,33554
0.6065239999966036,895.750342,0.895750342,0.586452,low_pressure,1,33744
0.6075309999966325,906.204052,0.9062040520000001,0.58648,low_pressure,1,33941
0.6085159999966608,914.508472,0.914508472,0.586506,low_pressure,1,34138
0.6095499999966906,921.854476,0.9218544759999999,0.586529,low_pressure,1,34342
0.6105469999967192,929.65749,0.9296574900000001,0.58655,low_pressure,1,34539
0.6115449999967479,935.401827,0.9354018270000001,0.586569,low_pressure,1,34736
0.6125429999967766,938.791479,0.9387914789999999,0.586587,low_pressure,1,34933
0.6135429999968054,944.781507,0.9447815070000001,0.586603,low_pressure,1,35130
0.6145249999968336,950.052677,0.9500526770000001,0.586618,low_pressure,1,35327
0.6155249999968624,954.196382,0.954196382,0.586631,low_pressure,1,35524
0.6165239999968911,958.140051,0.958140051,0.586644,low_pressure,1,35721
0.6175219999969198,961.759993,0.961759993,0.586655,low_pressure,1,35918
0.6185219999969486,965.638721,0.965638721,0.586665,low_pressure,1,36115
0.619546999996978,968.464442,0.9684644419999999,0.586675,low_pressure,1,36319
0.6205469999970068,971.537929,0.9715379289999999,0.586683,low_pressure,1,36516
0.6215469999970356,974.056227,0.974056227,0.586691,low_pressure,1,36713
0.6225469999970643,976.170152,0.976170152,0.586698,low_pressure,1,36910
0.6235469999970931,977.188617,0.977188617,0.586704,low_pressure,1,37107
0.6245329999971214,978.789824,0.9787898239999999,0.586711,low_pressure,1,37304
0.6255319999971501,980.430893,0.980430893,0.586716,low_pressure,1,37501
0.6265319999971789,982.377836,0.982377836,0.586722,low_pressure,1,37698
0.6275189999972073,983.744847,0.9837448470000001,0.586726,low_pressure,1,37895
0.628517999997236,985.044874,0.9850448740000001,0.586731,low_pressure,1,38092
0.6295389999972654,985.833985,0.985833985,0.586735,low_pressure,1,38296
0.6305389999972941,986.907841,0.986907841,0.586739,low_pressure,1,38493
0.6315389999973229,987.818039,0.987818039,0.586742,low_pressure,1,38690
0.6325319999973514,988.583689,0.988583689,0.586746,low_pressure,1,38887
0.6335319999973802,989.321144,0.989321144,0.586749,low_pressure,1,39084
0.6345489999974094,990.404164,0.9904041640000001,0.586752,low_pressure,1,39288
0.635542999997438,991.223889,0.991223889,0.586754,low_pressure,1,39492
0.6365469999974669,991.862147,0.9918621470000001,0.586757,low_pressure,1,39696
0.6375149999974947,992.266817,0.992266817,0.586759,low_pressure,1,39893
0.6385199999975236,992.76315,0.99276315,0.586761,low_pressure,1,40097
0.6395239999975525,992.814297,0.992814297,0.586763,low_pressure,1,40301
0.640515999997581,993.176369,0.9931763690000001,0.586765,low_pressure,1,40505
0.6415199999976099,993.921222,0.993921222,0.586767,low_pressure,1,40709
0.6425229999976387,994.095096,0.994095096,0.586769,low_pressure,1,40913
0.6435269999976676,994.409431,0.994409431,0.58677,low_pressure,1,41117
0.6445309999976965,994.762729,0.9947627290000001,0.586772,low_pressure,1,41321
0.6455179999977249,994.953688,0.9949536880000001,0.586773,low_pressure,1,41525
0.6459679999977378,995.122502,0.9951225020000001,0.586774,low_pressure,1,41624
0.6469769999977668,12713.122212,12.713122212,0.589612,high_pressure,2,41845
0.6479699999977954,31551.257142,31.551257141999997,0.592468,high_pressure,2,42077
0.6489829999978245,56862.341597,56.862341597,0.595343,high_pressure,2,42323
0.6499809999978532,88077.142698,88.077142698,0.598237,high_pressure,2,42576
0.6509759999978818,124560.918662,124.56091866199999,0.601149,high_pressure,2,42829
0.6519739999979105,166056.700943,166.056700943,0.60408,high_pressure,2,43089
0.6529699999979391,198842.146976,198.84214697599998,0.606216,high_pressure,2,43349
0.6539809999979682,199981.124913,199.981124913,0.606283,high_pressure,2,43616
0.6549769999979969,199996.219635,199.996219635,0.606287,high_pressure,2,43876
0.6559719999980255,199996.210424,199.996210424,0.606288,high_pressure,2,44136
0.6569949999980549,199995.429422,199.99542942199997,0.60629,high_pressure,2,44403
0.6575499999980708,200000.484893,200.000484893,0.60629,high_pressure,2,44559
0.6585849999981006,154523.739394,154.52373939400002,0.603345,low_pressure,2,44829
0.6595869999981294,113899.472061,113.899472061,0.600418,low_pressure,2,45089
0.6605649999981575,78481.549001,78.481549001,0.597511,low_pressure,2,45335
0.661590999998187,48541.741191,48.541741191,0.594622,low_pressure,2,45588
0.6625719999982153,24601.780938,24.601780938,0.591751,low_pressure,2,45820
0.6635829999982443,8147.633609,8.147633609,0.589004,low_pressure,2,46045
0.6645699999982727,3374.703789,3.3747037890000002,0.587808,low_pressure,2,46249
0.6655929999983021,1973.538131,1.973538131,0.587367,low_pressure,2,46453
0.666598999998331,1411.458701,1.411458701,0.587181,low_pressure,2,46650
0.6675849999983594,1143.258001,1.143258001,0.587107,low_pressure,2,46840
0.6685679999983877,1007.91719,1.00791719,0.587088,low_pressure,2,47030
0.669588999998417,938.958591,0.938958591,0.587096,low_pressure,2,47228
0.6705749999984454,904.013749,0.904013749,0.587119,low_pressure,2,47418
0.6715869999984745,889.466358,0.8894663580000001,0.587149,low_pressure,2,47615
0.6725659999985026,887.368606,0.887368606,0.587181,low_pressure,2,47805
0.6735819999985319,891.308546,0.891308546,0.587212,low_pressure,2,48002
0.6745859999985607,899.793804,0.899793804,0.587242,low_pressure,2,48199
0.6755859999985895,908.975915,0.908975915,0.587269,low_pressure,2,48396
0.6765859999986182,917.906622,0.917906622,0.587293,low_pressure,2,48593
0.6775679999986465,925.854515,0.925854515,0.587315,low_pressure,2,48790
0.6785639999986751,933.084064,0.933084064,0.587335,low_pressure,2,48987
0.6795639999987039,939.658723,0.939658723,0.587353,low_pressure,2,49184
0.6805639999987326,946.163801,0.9461638010000001,0.587369,low_pressure,2,49381
0.6815639999987614,951.816849,0.9518168490000001,0.587384,low_pressure,2,49578
0.6825809999987906,958.08255,0.95808255,0.587396,low_pressure,2,49782
0.6835779999988193,963.796553,0.963796553,0.587408,low_pressure,2,49979
0.6845969999988486,967.499214,0.967499214,0.587417,low_pressure,2,50183
0.6855889999988771,971.401688,0.971401688,0.587426,low_pressure,2,50380
0.6865889999989059,974.884892,0.9748848920000001,0.587434,low_pressure,2,50577
0.6875749999989342,978.113866,0.978113866,0.58744,low_pressure,2,50774
0.688574999998963,981.462399,0.981462399,0.587446,low_pressure,2,50971
0.6895749999989917,983.906485,0.983906485,0.587451,low_pressure,2,51168
0.6905719999990204,986.448552,0.9864485519999999,0.587455,low_pressure,2,51365
0.691567999999049,987.99362,0.98799362,0.587459,low_pressure,2,51562
0.6925909999990785,989.529748,0.989529748,0.587462,low_pressure,2,51766
0.6935969999991074,991.508154,0.991508154,0.587465,low_pressure,2,51970
0.6945659999991353,993.249244,0.993249244,0.587467,low_pressure,2,52167
0.6955679999991641,993.680817,0.993680817,0.587469,low_pressure,2,52371
0.6965709999991929,994.106432,0.994106432,0.58747,low_pressure,2,52575
0.6975649999992215,994.437976,0.9944379760000001,0.587472,low_pressure,2,52779
0.6985699999992504,994.934954,0.994934954,0.587473,low_pressure,2,52983
0.6995739999992793,995.584437,0.995584437,0.587475,low_pressure,2,53187
0.7005769999993081,996.116979,0.9961169790000001,0.587476,low_pressure,2,53391
0.701580999999337,996.613702,0.996613702,0.587477,low_pressure,2,53595
0.701753999999342,996.62124,0.99662124,0.587477,low_pressure,2,53638
0.7027789999993714,12867.446116,12.867446116,0.59032,high_pressure,3,53866
0.7037639999993998,32061.510517,32.061510517,0.593181,high_pressure,3,54098
0.7047719999994287,57869.68233,57.86968233,0.59606,high_pressure,3,54344
0.7057779999994577,89568.95646,89.56895646,0.598958,high_pressure,3,54597
0.7067819999994865,126562.377871,126.56237787100001,0.601875,high_pressure,3,54857
0.7077789999995152,168588.436518,168.588436518,0.604811,high_pressure,3,55117
0.708780999999544,199159.451975,199.159451975,0.606785,high_pressure,3,55384
0.7097679999995724,199980.994214,199.980994214,0.606832,high_pressure,3,55651
0.7107759999996014,199998.261539,199.998261539,0.606835,high_pressure,3,55925
0.7109839999996074,199999.973214,199.999973214,0.606835,high_pressure,3,55990
0.7119999999996366,154282.586944,154.282586944,0.603886,low_pressure,3,56260
0.7129969999996653,113442.684413,113.442684413,0.600956,low_pressure,3,56520
0.7140029999996942,77860.228687,77.86022868699999,0.598045,low_pressure,3,56773
0.7149909999997226,47783.613462,47.783613462,0.595152,low_pressure,3,57019
0.7159949999997515,23841.969888,23.841969888,0.592279,low_pressure,3,57258
0.7169959999997803,7712.779497,7.7127794970000005,0.589569,low_pressure,3,57483
0.7180009999998092,3257.896895,3.257896895,0.588438,low_pressure,3,57694
0.7190159999998383,1940.20412,1.9402041200000002,0.588015,low_pressure,3,57898
0.7200029999998667,1411.843249,1.411843249,0.587833,low_pressure,3,58095
0.7210069999998956,1159.792191,1.159792191,0.587756,low_pressure,3,58292
0.7220169999999246,1030.405195,1.030405195,0.587731,low_pressure,3,58489
0.7230219999999535,964.473464,0.964473464,0.587733,low_pressure,3,58687
0.7240219999999823,933.064323,0.933064323,0.587748,low_pressure,3,58884
0.7250080000000106,918.280303,0.918280303,0.587769,low_pressure,3,59081
0.7260070000000394,915.394333,0.915394333,0.587793,low_pressure,3,59278
0.7270070000000681,918.390761,0.9183907609999999,0.587817,low_pressure,3,59475
0.7280070000000969,924.985803,0.924985803,0.587839,low_pressure,3,59672
0.7290000000001254,932.921382,0.932921382,0.587859,low_pressure,3,59869
0.7300130000001546,939.776704,0.939776704,0.587877,low_pressure,3,60073
0.7309930000001827,946.843668,0.946843668,0.587893,low_pressure,3,60270
0.7320080000002119,953.158972,0.953158972,0.587908,low_pressure,3,60474
0.733017000000241,959.477954,0.9594779539999999,0.58792,low_pressure,3,60678
0.733994000000269,964.952394,0.964952394,0.587931,low_pressure,3,60875
0.7349950000002978,970.311643,0.9703116430000001,0.58794,low_pressure,3,61079
0.7359990000003267,974.440086,0.974440086,0.587948,low_pressure,3,61283
0.7370020000003555,978.800932,0.978800932,0.587954,low_pressure,3,61487
0.7380060000003844,981.967098,0.9819670979999999,0.58796,low_pressure,3,61691
0.7390100000004133,984.73347,0.98473347,0.587965,low_pressure,3,61895
0.7400150000004422,987.352107,0.9873521070000001,0.587969,low_pressure,3,62099
0.7410100000004708,989.628284,0.989628284,0.587972,low_pressure,3,62303
0.7419990000004992,991.708716,0.991708716,0.587975,low_pressure,3,62507
0.7430190000005286,993.11949,0.99311949,0.587977,low_pressure,3,62718
0.7440050000005569,994.460273,0.9944602730000001,0.587978,low_pressure,3,62922
0.7449900000005852,995.555856,0.995555856,0.58798,low_pressure,3,63126
0.7459990000006143,996.351,0.996351,0.587981,low_pressure,3,63337
0.7470190000006436,996.925433,0.996925433,0.587982,low_pressure,3,63548
0.7480040000006719,997.235125,0.997235125,0.587983,low_pressure,3,63752
0.7489900000007003,997.727201,0.997727201,0.587983,low_pressure,3,63956
0.7500100000007296,998.048391,0.9980483910000001,0.587984,low_pressure,3,64167
0.7510160000007585,998.197743,0.998197743,0.587985,low_pressure,3,64378
0.7520020000007869,998.215399,0.998215399,0.587985,low_pressure,3,64582
0.7529880000008152,998.422797,0.9984227969999999,0.587986,low_pressure,3,64786
0.7540080000008446,998.632753,0.998632753,0.587986,low_pressure,3,64997
0.7546880000008641,998.573936,0.998573936,0.587986,low_pressure,3,65145
0.7557090000008935,13040.321081,13.040321081,0.590832,high_pressure,4,65373
0.7567140000009224,32556.577917,32.556577917,0.593696,high_pressure,4,65612
0.757711000000951,58736.474386,58.736474386000005,0.596579,high_pressure,4,65858
0.7587130000009799,90822.100373,90.822100373,0.599481,high_pressure,4,66111
0.7597140000010086,128250.970305,128.25097030499998,0.602401,high_pressure,4,66371
0.7607100000010373,170717.166165,170.717166165,0.605341,high_pressure,4,66631
0.7617060000010659,199357.805784,199.357805784,0.607176,high_pressure,4,66898
0.7627200000010951,199984.39562,199.98439562,0.607211,high_pressure,4,67172
0.7637010000011233,199995.716804,199.99571680399998,0.607214,high_pressure,4,67439
0.764455000001145,200000.034215,200.000034215,0.607214,high_pressure,4,67651
0.7654950000011749,154058.435802,154.058435802,0.604263,low_pressure,4,67921
0.7664920000012035,113060.896696,113.060896696,0.601331,low_pressure,4,68181
0.7674870000012322,77331.936861,77.33193686099999,0.598417,low_pressure,4,68434
0.7684850000012609,47180.794452,47.180794452,0.595522,low_pressure,4,68680
0.7694850000012896,23225.18409,23.22518409,0.592646,low_pressure,4,68919
0.7704840000013183,7383.319698,7.383319698,0.589971,low_pressure,4,69144
0.7714860000013471,3161.30565,3.1613056499999996,0.588892,low_pressure,4,69355
0.7725150000013767,1910.95532,1.91095532,0.588485,low_pressure,4,69566
0.7735140000014055,1403.794916,1.403794916,0.588308,low_pressure,4,69763
0.7745140000014342,1159.62705,1.15962705,0.588231,low_pressure,4,69960
0.775514000001463,1035.410187,1.0354101869999999,0.588206,low_pressure,4,70157
0.7765070000014915,973.672935,0.9736729350000001,0.588205,low_pressure,4,70355
0.7774930000015199,941.086898,0.941086898,0.588218,low_pressure,4,70552
0.7784930000015486,929.60351,0.9296035100000001,0.588237,low_pressure,4,70749
0.7794930000015774,928.050895,0.9280508949999999,0.588257,low_pressure,4,70946
0.780489000001606,932.348002,0.9323480019999999,0.588277,low_pressure,4,71143
0.7814870000016347,938.701411,0.938701411,0.588295,low_pressure,4,71340
0.7824930000016637,946.239129,0.9462391290000001,0.588312,low_pressure,4,71544
0.7835080000016929,953.593768,0.953593768,0.588326,low_pressure,4,71748
0.784487000001721,959.914301,0.959914301,0.588338,low_pressure,4,71945
0.7855120000017505,965.57679,0.96557679,0.588349,low_pressure,4,72156
0.7864810000017783,970.618096,0.970618096,0.588358,low_pressure,4,72353
0.7875070000018078,974.724181,0.974724181,0.588366,low_pressure,4,72564
0.7885120000018367,979.252829,0.979252829,0.588372,low_pressure,4,72768
0.7894810000018646,983.143789,0.983143789,0.588378,low_pressure,4,72965
0.7904850000018935,986.324152,0.986324152,0.588382,low_pressure,4,73169
0.7914870000019223,988.365336,0.988365336,0.588385,low_pressure,4,73373
0.7925090000019517,990.282374,0.990282374,0.588388,low_pressure,4,73584
0.7934910000019799,992.091982,0.992091982,0.588391,low_pressure,4,73788
0.7945090000020092,993.485422,0.993485422,0.588393,low_pressure,4,73999
0.7954920000020375,994.678809,0.994678809,0.588395,low_pressure,4,74203
0.7965110000020668,995.457083,0.995457083,0.588396,low_pressure,4,74414
0.7974850000020948,996.178052,0.996178052,0.588397,low_pressure,4,74618
0.7985050000021241,996.350453,0.996350453,0.588398,low_pressure,4,74829
0.7994880000021524,996.837845,0.9968378450000001,0.588399,low_pressure,4,75033
0.8004940000021813,997.314862,0.997314862,0.5884,low_pressure,4,75244
0.8015120000022106,997.761426,0.9977614260000001,0.588401,low_pressure,4,75455
0.8024840000022385,998.099447,0.9980994470000001,0.588401,low_pressure,4,75659
0.8034970000022676,998.184845,0.998184845,0.588402,low_pressure,4,75870
0.804483000002296,998.233187,0.9982331870000001,0.588402,low_pressure,4,76074
0.8055020000023253,998.304902,0.998304902,0.588403,low_pressure,4,76285
0.8064860000023536,998.38716,0.9983871599999999,0.588403,low_pressure,4,76489
0.8074960000023826,998.481106,0.998481106,0.588404,low_pressure,4,76700
0.8081410000024012,998.599866,0.9985998660000001,0.588404,low_pressure,4,76841
0.8091900000024314,13118.167955,13.118167955,0.591253,high_pressure,5,77069
0.81018800000246,32794.250523,32.794250523,0.59412,high_pressure,5,77308
0.8111880000024888,59217.274715,59.217274715,0.597005,high_pressure,5,77554
0.8121840000025174,91595.176154,91.595176154,0.59991,high_pressure,5,77807
0.8131850000025462,129348.201519,129.34820151899999,0.602833,high_pressure,5,78067
0.8141790000025748,172164.998498,172.164998498,0.605775,high_pressure,5,78327
0.815193000002604,199469.121609,199.46912160899998,0.607516,high_pressure,5,78601
0.8161730000026322,199984.222965,199.984222965,0.607546,high_pressure,5,78868
0.8171870000026613,199999.185749,199.999185749,0.607548,high_pressure,5,79142
0.8172390000026628,199999.941868,199.999941868,0.607548,high_pressure,5,79165
0.8182500000026919,153906.066222,153.906066222,0.604594,low_pressure,5,79435
0.8192470000027205,112739.930009,112.739930009,0.60166,low_pressure,5,79695
0.8202490000027494,76903.024409,76.90302440900001,0.598744,low_pressure,5,79955
0.8212700000027787,46728.984503,46.728984503,0.595848,low_pressure,5,80208
0.8222650000028073,22799.722347,22.799722347,0.592969,low_pressure,5,80447
0.8232550000028358,7163.947714,7.163947714,0.590319,low_pressure,5,80672
0.824271000002865,3085.40493,3.08540493,0.589276,low_pressure,5,80890
0.8252700000028937,1880.66232,1.8806623199999999,0.588882,low_pressure,5,81094
0.8262640000029223,1391.334063,1.391334063,0.588711,low_pressure,5,81291
0.827261000002951,1166.807572,1.166807572,0.588635,low_pressure,5,81488
0.8282610000029798,1051.246713,1.051246713,0.588606,low_pressure,5,81685
0.8292470000030081,991.516207,0.991516207,0.588601,low_pressure,5,81883
0.8302780000030378,959.5523,0.9595522999999999,0.588608,low_pressure,5,82087
0.8312780000030665,945.982908,0.945982908,0.588622,low_pressure,5,82284
0.8322720000030951,943.784374,0.9437843739999999,0.588638,low_pressure,5,82481
0.8332700000031238,945.906242,0.9459062420000001,0.588654,low_pressure,5,82678
0.834252000003152,951.213131,0.9512131309999999,0.588668,low_pressure,5,82875
0.8352550000031809,956.787085,0.9567870850000001,0.588681,low_pressure,5,83079
0.8362700000032101,961.353803,0.961353803,0.588693,low_pressure,5,83283
0.837276000003239,966.965446,0.966965446,0.588703,low_pressure,5,83487
0.8382540000032671,972.378929,0.972378929,0.588712,low_pressure,5,83684
0.839260000003296,976.652562,0.976652562,0.588719,low_pressure,5,83888
0.8402540000033246,980.981146,0.980981146,0.588725,low_pressure,5,84092
0.8412580000033535,983.898481,0.983898481,0.58873,low_pressure,5,84296
0.8422620000033824,986.596588,0.986596588,0.588734,low_pressure,5,84500
0.8432640000034112,988.8705,0.9888705,0.588738,low_pressure,5,84704
0.8442590000034398,991.149671,0.9911496710000001,0.58874,low_pressure,5,84908
0.8452570000034685,993.545966,0.993545966,0.588743,low_pressure,5,85119
0.8462770000034978,994.676556,0.994676556,0.588744,low_pressure,5,85330
0.8472620000035261,995.406111,0.995406111,0.588746,low_pressure,5,85534
0.8482450000035544,996.019229,0.996019229,0.588747,low_pressure,5,85738
0.8492650000035837,996.82832,0.99682832,0.588748,low_pressure,5,85949
0.8502730000036127,997.533566,0.997533566,0.588749,low_pressure,5,86160
0.8512590000036411,997.404331,0.9974043309999999,0.588749,low_pressure,5,86364
0.8522450000036694,997.881437,0.997881437,0.58875,low_pressure,5,86568
0.8532590000036986,998.049016,0.9980490160000001,0.588751,low_pressure,5,86779
0.8542450000037269,998.500724,0.998500724,0.588751,low_pressure,5,86983
0.8552490000037558,998.902418,0.998902418,0.588752,low_pressure,5,87194
0.8562690000037851,999.005566,0.999005566,0.588752,low_pressure,5,87405
0.8572540000038135,998.977459,0.9989774589999999,0.588752,low_pressure,5,87609
0.8582740000038428,999.130105,0.999130105,0.588752,low_pressure,5,87820
0.8592600000038711,999.088076,0.999088076,0.588753,low_pressure,5,88024
0.8601680000038973,999.110512,0.999110512,0.588753,low_pressure,5,88221
0.861201000003927,13202.957295,13.202957295000001,0.591604,high_pressure,6,88449
0.8621990000039557,33136.01785,33.136017849999995,0.594473,high_pressure,6,88688
0.8631900000039842,59843.493343,59.843493343,0.597361,high_pressure,6,88934
0.8642110000040135,92504.977943,92.504977943,0.600268,high_pressure,6,89194
0.8652100000040422,130565.855618,130.565855618,0.603193,high_pressure,6,89454
0.8661990000040707,173707.554287,173.707554287,0.606138,high_pressure,6,89714
0.8672130000040998,199562.288868,199.562288868,0.60778,high_pressure,6,89988
0.868192000004128,199985.848747,199.985848747,0.607804,high_pressure,6,90255
0.8691280000041549,200000.031792,200.000031792,0.607807,high_pressure,6,90516
0.870140000004184,153757.56428,153.75756428,0.604851,low_pressure,6,90786
0.8711640000042135,112470.877647,112.470877647,0.601915,low_pressure,6,91053
0.8721420000042416,76513.908697,76.513908697,0.598998,low_pressure,6,91306
0.8731580000042708,46281.028602,46.281028602,0.596099,low_pressure,6,91559
0.8741500000042993,22321.756771,22.321756771,0.59322,low_pressure,6,91798
0.8751410000043278,6929.254659,6.929254659000001,0.590601,low_pressure,6,92023
0.8761600000043571,3022.544423,3.022544423,0.589593,low_pressure,6,92241
0.8771430000043854,1857.974,1.857974,0.58921,low_pressure,6,92445
0.8781610000044147,1387.275096,1.387275096,0.589042,low_pressure,6,92649
0.879145000004443,1166.320062,1.166320062,0.588967,low_pressure,6,92846
0.8801380000044715,1052.279646,1.052279646,0.588938,low_pressure,6,93043
0.881165000004501,994.196477,0.9941964769999999,0.588932,low_pressure,6,93248
0.8821500000045294,964.083849,0.964083849,0.588938,low_pressure,6,93445
0.883147000004558,951.842018,0.951842018,0.588951,low_pressure,6,93642
0.8841650000045873,948.096906,0.948096906,0.588965,low_pressure,6,93846
0.8851450000046155,949.179038,0.949179038,0.58898,low_pressure,6,94043
0.8861540000046445,954.152655,0.954152655,0.588993,low_pressure,6,94247
0.8871390000046728,959.761153,0.9597611530000001,0.589006,low_pressure,6,94451
0.8881430000047017,965.11347,0.96511347,0.589016,low_pressure,6,94655
0.8891470000047306,970.543793,0.970543793,0.589025,low_pressure,6,94859
0.8901490000047594,975.550015,0.975550015,0.589033,low_pressure,6,95063
0.8911520000047882,979.745029,0.979745029,0.589039,low_pressure,6,95267
0.8921450000048168,983.573162,0.983573162,0.589045,low_pressure,6,95471
0.8931490000048457,987.403839,0.987403839,0.589049,low_pressure,6,95675
0.8941500000048744,989.889175,0.9898891750000001,0.589052,low_pressure,6,95879
0.8951600000049035,991.374222,0.991374222,0.589054,low_pressure,6,96090
0.8961710000049325,993.073608,0.993073608,0.589057,low_pressure,6,96301
0.8971690000049612,994.452816,0.994452816,0.589058,low_pressure,6,96512
0.8981460000049893,995.779761,0.995779761,0.58906,low_pressure,6,96716
0.8991530000050183,996.770512,0.9967705120000001,0.589061,low_pressure,6,96927
0.9001610000050473,997.320242,0.997320242,0.589062,low_pressure,6,97138
0.9011380000050754,997.356868,0.997356868,0.589062,low_pressure,6,97342
0.9021380000051041,997.847895,0.997847895,0.589063,low_pressure,6,97553
0.9031440000051331,998.234045,0.998234045,0.589064,low_pressure,6,97764
0.904152000005162,998.559881,0.998559881,0.589064,low_pressure,6,97975
0.905157000005191,998.635574,0.998635574,0.589065,low_pressure,6,98186
0.9061650000052199,998.890285,0.998890285,0.589065,low_pressure,6,98397
0.9071580000052485,999.185009,0.9991850090000001,0.589065,low_pressure,6,98608
0.9081710000052776,999.09688,0.9990968800000001,0.589065,low_pressure,6,98819
0.9091490000053057,999.02679,0.99902679,0.589066,low_pressure,6,99023
0.9101610000053348,999.057714,0.999057714,0.589066,low_pressure,6,99234
0.911140000005363,999.300726,0.9993007260000001,0.589066,low_pressure,6,99438
0.911802000005382,999.354924,0.999354924,0.589066,low_pressure,6,99586
0.9128280000054115,13256.544454,13.256544454,0.591919,high_pressure,7,99814
0.9138220000054401,33278.952226,33.278952226,0.594791,high_pressure,7,100053
0.9148380000054693,60197.343418,60.197343417999996,0.597681,high_pressure,7,100306
0.9158390000054981,93072.014928,93.072014928,0.600589,high_pressure,7,100559
0.9168250000055265,131343.475254,131.343475254,0.603517,high_pressure,7,100819
0.9178390000055556,174708.208785,174.70820878499998,0.606464,high_pressure,7,101086
0.918827000005584,199620.523692,199.62052369199998,0.608039,high_pressure,7,101353
0.919833000005613,199986.554984,199.98655498399998,0.608061,high_pressure,7,101627
0.9208210000056414,199999.756915,199.999756915,0.608063,high_pressure,7,101894
0.9208470000056421,200000.143716,200.000143716,0.608063,high_pressure,7,101910
0.9218890000056721,153646.988108,153.646988108,0.605106,low_pressure,7,102187
0.9228830000057007,112286.638169,112.286638169,0.602168,low_pressure,7,102447
0.9238880000057296,76272.518608,76.272518608,0.599249,low_pressure,7,102707
0.9248700000057578,45968.008643,45.968008643000005,0.596349,low_pressure,7,102953
0.9258800000057869,22007.637293,22.007637293,0.593468,low_pressure,7,103199
0.9268690000058153,6795.9961,6.7959961,0.590868,low_pressure,7,103424
0.9278940000058448,2982.403032,2.982403032,0.589881,low_pressure,7,103642
0.928874000005873,1837.870009,1.837870009,0.589506,low_pressure,7,103846
0.9298810000059019,1379.255869,1.379255869,0.589341,low_pressure,7,104050
0.9308650000059302,1163.502507,1.163502507,0.589268,low_pressure,7,104247
0.93190000000596,1056.22611,1.05622611,0.589238,low_pressure,7,104451
0.9328640000059877,1001.229522,1.001229522,0.589231,low_pressure,7,104648
0.9338960000060174,973.399886,0.973399886,0.589235,low_pressure,7,104853
0.9348760000060455,962.857407,0.962857407,0.589244,low_pressure,7,105050
0.9358850000060746,960.159662,0.960159662,0.589255,low_pressure,7,105254
0.9368890000061034,962.409055,0.962409055,0.589266,low_pressure,7,105458
0.9378890000061322,965.718535,0.9657185349999999,0.589277,low_pressure,7,105662
0.9388800000061607,969.517384,0.969517384,0.589286,low_pressure,7,105866
0.9398850000061896,973.343968,0.973343968,0.589294,low_pressure,7,106070
0.9408890000062184,977.875945,0.977875945,0.589301,low_pressure,7,106274
0.9418930000062473,981.578929,0.981578929,0.589307,low_pressure,7,106478
0.9428970000062762,985.180293,0.985180293,0.589312,low_pressure,7,106682
0.9438870000063047,987.918418,0.987918418,0.589315,low_pressure,7,106886
0.9448790000063332,990.460876,0.990460876,0.589318,low_pressure,7,107090
0.9458730000063618,992.437939,0.992437939,0.589321,low_pressure,7,107301
0.9468840000063908,994.423555,0.994423555,0.589323,low_pressure,7,107512
0.9478950000064199,995.86135,0.99586135,0.589324,low_pressure,7,107723
0.9488840000064483,996.410177,0.996410177,0.589325,low_pressure,7,107934
0.9498950000064774,996.936669,0.996936669,0.589326,low_pressure,7,108145
0.9508730000065055,997.599889,0.997599889,0.589327,low_pressure,7,108356
0.9518840000065346,997.948914,0.997948914,0.589328,low_pressure,7,108567
0.9528950000065637,998.419095,0.9984190949999999,0.589328,low_pressure,7,108778
0.9538950000065924,998.541551,0.998541551,0.589329,low_pressure,7,108989
0.9548720000066205,998.949915,0.9989499150000001,0.589329,low_pressure,7,109193
0.9558820000066496,998.827644,0.998827644,0.589329,low_pressure,7,109404
0.9568940000066787,998.856002,0.998856002,0.58933,low_pressure,7,109615
0.9578710000067068,999.287136,0.9992871360000001,0.58933,low_pressure,7,109819
0.9588710000067355,999.240931,0.999240931,0.58933,low_pressure,7,110030
0.9598810000067646,999.268863,0.9992688630000001,0.58933,low_pressure,7,110241
0.9608930000067937,999.448912,0.999448912,0.58933,low_pressure,7,110452
0.961634000006815,999.259782,0.999259782,0.589331,low_pressure,7,110614
0.9626580000068444,13307.353644,13.307353644,0.592185,high_pressure,8,110842
0.9636700000068735,33462.10585,33.46210585,0.595058,high_pressure,8,111088
0.9646540000069018,60508.379288,60.50837928799999,0.59795,high_pressure,8,111334
0.9656740000069312,93570.102406,93.570102406,0.60086,high_pressure,8,111594
0.9666680000069597,131989.52946,131.98952946,0.60379,high_pressure,8,111854
0.9676670000069885,175531.951701,175.53195170100003,0.606738,high_pressure,8,112121
0.9686550000070169,199665.300406,199.665300406,0.60826,high_pressure,8,112388
0.9696600000070458,199985.131406,199.985131406,0.60828,high_pressure,8,112662
0.9706740000070749,199988.799434,199.988799434,0.608282,high_pressure,8,112936
0.9716540000071031,199996.590327,199.996590327,0.608283,high_pressure,8,113203
0.9723040000071218,200000.584412,200.000584412,0.608284,high_pressure,8,113387
0.9733390000071516,153572.614014,153.57261401399998,0.605325,low_pressure,8,113664
0.9743350000071802,112117.839581,112.117839581,0.602386,low_pressure,8,113924
0.9753400000072091,76053.041064,76.053041064,0.599466,low_pressure,8,114184
0.9763220000072373,45721.136193,45.721136193,0.596564,low_pressure,8,114430
0.9773380000072666,21769.801221,21.769801221,0.593682,low_pressure,8,114676
0.9783250000072949,6682.10499,6.68210499,0.591099,low_pressure,8,114901
0.979335000007324,2951.913818,2.951913818,0.590128,low_pressure,8,115119
0.9803240000073524,1827.434225,1.827434225,0.589759,low_pressure,8,115323
0.9813270000073813,1373.922974,1.373922974,0.589596,low_pressure,8,115527
0.9823470000074106,1165.467673,1.1654676730000002,0.589523,low_pressure,8,115731
0.9833470000074394,1060.345566,1.060345566,0.589492,low_pressure,8,115928
0.9843380000074679,1005.288747,1.005288747,0.589484,low_pressure,8,116125
0.9853480000074969,978.579912,0.978579912,0.589487,low_pressure,8,116330
0.9863280000075251,966.858721,0.9668587209999999,0.589495,low_pressure,8,116527
0.987335000007554,963.545792,0.963545792,0.589505,low_pressure,8,116731
0.9883390000075829,964.929071,0.964929071,0.589515,low_pressure,8,116935
0.9893430000076118,967.897424,0.967897424,0.589524,low_pressure,8,117139
0.9903350000076403,971.919251,0.971919251,0.589533,low_pressure,8,117343
0.9913390000076692,976.770929,0.9767709290000001,0.58954,low_pressure,8,117547
0.992343000007698,981.084702,0.981084702,0.589546,low_pressure,8,117751
0.9933470000077269,984.867848,0.9848678479999999,0.589551,low_pressure,8,117955
0.9943500000077558,987.623241,0.987623241,0.589555,low_pressure,8,118159
0.9953380000077842,990.479884,0.990479884,0.589558,low_pressure,8,118363
0.9963470000078132,992.380416,0.9923804159999999,0.589561,low_pressure,8,118574
0.9973240000078413,994.276921,0.994276921,0.589562,low_pressure,8,118778
0.9983270000078701,995.369384,0.995369384,0.589564,low_pressure,8,118989
0.9993390000078992,996.310033,0.996310033,0.589565,low_pressure,8,119200
1.0003350000078906,996.745173,0.996745173,0.589566,low_pressure,8,119411
1.0013440000078075,997.404306,0.9974043060000001,0.589567,low_pressure,8,119622
1.0023210000077272,998.157714,0.9981577140000001,0.589568,low_pressure,8,119826
1.0033280000076443,998.276466,0.998276466,0.589568,low_pressure,8,120037
1.0043390000075612,998.63002,0.9986300199999999,0.589568,low_pressure,8,120248
1.005350000007478,998.921631,0.9989216310000001,0.589569,low_pressure,8,120466
1.0063270000073976,998.969167,0.9989691669999999,0.589569,low_pressure,8,120670
1.0073380000073144,999.058597,0.999058597,0.589569,low_pressure,8,120881
1.008341000007232,999.168524,0.999168524,0.58957,low_pressure,8,121092
1.0089140000071848,999.215876,0.999215876,0.58957,low_pressure,8,121219
1.009958000007099,13341.759749,13.341759749000001,0.592426,high_pressure,9,121454
1.0109470000070175,33558.419654,33.558419654,0.595301,high_pressure,9,121693
1.0119570000069344,60677.446965,60.677446965,0.598194,high_pressure,9,121946
1.012948000006853,93818.890122,93.818890122,0.601106,high_pressure,9,122199
1.0139350000067717,132333.142528,132.333142528,0.604037,high_pressure,9,122459
1.0149440000066887,175933.870061,175.933870061,0.606987,high_pressure,9,122726
1.0159320000066074,199683.236551,199.68323655100002,0.608482,high_pressure,9,122993
1.016946000006524,199986.933029,199.986933029,0.6085,high_pressure,9,123267
1.017796000006454,200000.034259,200.00003425900002,0.608502,high_pressure,9,123507
1.0188400000063682,153507.257183,153.507257183,0.605542,low_pressure,9,123784
1.0198330000062865,112034.360941,112.034360941,0.602602,low_pressure,9,124044
1.0208190000062054,75917.049872,75.917049872,0.59968,low_pressure,9,124297
1.0218410000061213,45546.453749,45.546453749,0.596777,low_pressure,9,124557
1.02283000000604,21605.799946,21.605799945999998,0.593893,low_pressure,9,124796
1.0238470000059563,6617.902203,6.617902203,0.59132,low_pressure,9,125028
1.024835000005875,2931.829503,2.931829503,0.590359,low_pressure,9,125239
1.0258250000057936,1818.46376,1.81846376,0.589993,low_pressure,9,125443
1.0268240000057114,1371.607694,1.371607694,0.589832,low_pressure,9,125647
1.027850000005627,1162.782737,1.162782737,0.589759,low_pressure,9,125851
1.0288490000055448,1058.877011,1.058877011,0.589729,low_pressure,9,126048
1.0298390000054634,1004.850049,1.004850049,0.589721,low_pressure,9,126245
1.03085200000538,977.251073,0.977251073,0.589724,low_pressure,9,126450
1.031850000005298,965.374987,0.965374987,0.589732,low_pressure,9,126654
1.0328280000052175,962.016833,0.9620168330000001,0.589743,low_pressure,9,126851
1.0338350000051346,962.857564,0.962857564,0.589754,low_pressure,9,127055
1.034839000005052,967.373337,0.9673733369999999,0.589764,low_pressure,9,127259
1.0358430000049694,972.298983,0.9722989830000001,0.589772,low_pressure,9,127463
1.036833000004888,976.944992,0.976944992,0.589779,low_pressure,9,127667
1.0378370000048054,981.196172,0.9811961720000001,0.589785,low_pressure,9,127871
1.0388410000047228,984.678382,0.984678382,0.58979,low_pressure,9,128075
1.0398410000046405,987.549596,0.9875495959999999,0.589794,low_pressure,9,128279
1.0408410000045583,990.229437,0.990229437,0.589797,low_pressure,9,128483
1.0418350000044765,992.290235,0.992290235,0.5898,low_pressure,9,128694
1.0428460000043933,994.126775,0.9941267749999999,0.589802,low_pressure,9,128905
1.043823000004313,995.399854,0.995399854,0.589803,low_pressure,9,129109
1.04483200000423,996.366758,0.996366758,0.589804,low_pressure,9,129320
1.0458440000041467,996.928062,0.996928062,0.589805,low_pressure,9,129531
1.0468430000040645,997.602361,0.997602361,0.589806,low_pressure,9,129742
1.0478200000039841,998.040342,0.998040342,0.589807,low_pressure,9,129946
1.048830000003901,998.448142,0.998448142,0.589807,low_pressure,9,130157
1.0498410000038179,998.394761,0.998394761,0.589808,low_pressure,9,130368
1.0508190000037374,998.455483,0.998455483,0.589808,low_pressure,9,130572
1.051820000003655,998.91342,0.9989134199999999,0.589809,low_pressure,9,130783
1.052830000003572,998.976828,0.998976828,0.589809,low_pressure,9,130994
1.0538410000034888,999.109923,0.999109923,0.589809,low_pressure,9,131205
1.0548190000034083,999.281102,0.9992811020000001,0.589809,low_pressure,9,131409
1.0558290000033252,999.319615,0.999319615,0.58981,low_pressure,9,131620
1.0563690000032808,999.279584,0.999279584,0.58981,low_pressure,9,131740
1.057413000003195,13387.285185,13.387285185000001,0.592667,high_pressure,10,131975
1.0584020000031136,33731.409786,33.73140978599999,0.595544,high_pressure,10,132214
1.0594100000030306,61037.094335,61.037094335,0.598438,high_pressure,10,132467
1.0603990000029493,94331.200919,94.331200919,0.601352,high_pressure,10,132720
1.0613890000028678,133041.968511,133.04196851100002,0.604285,high_pressure,10,132980
1.062397000002785,176893.291033,176.893291033,0.607236,high_pressure,10,133247
1.0634110000027015,199719.091121,199.719091121,0.608672,high_pressure,10,133521
1.0643990000026202,199987.951074,199.98795107400002,0.608687,high_pressure,10,133788
1.0654020000025377,199998.852187,199.998852187,0.608689,high_pressure,10,134062
1.06574000000251,200000.123842,200.000123842,0.60869,high_pressure,10,134162
1.0667740000024248,153404.141674,153.40414167400002,0.605729,low_pressure,10,134439
1.0677660000023432,111832.80488,111.83280488,0.602787,low_pressure,10,134699
1.068765000002261,75650.834801,75.650834801,0.599864,low_pressure,10,134959
1.0697710000021783,45266.027753,45.266027753,0.59696,low_pressure,10,135212
1.0707860000020948,21356.72845,21.35672845,0.594074,low_pressure,10,135458
1.0717710000020138,6499.583419,6.4995834189999995,0.59152,low_pressure,10,135683
1.0727730000019313,2892.372426,2.892372426,0.590579,low_pressure,10,135901
1.0737910000018476,1803.806076,1.803806076,0.59022,low_pressure,10,136112
1.0747610000017678,1364.958278,1.364958278,0.590062,low_pressure,10,136309
1.0757750000016844,1159.191127,1.1591911270000002,0.58999,low_pressure,10,136513
1.0767680000016027,1056.800738,1.056800738,0.589961,low_pressure,10,136710
1.0777650000015206,1003.244719,1.003244719,0.589953,low_pressure,10,136907
1.0787660000014383,976.725225,0.976725225,0.589957,low_pressure,10,137112
1.0797800000013549,967.690362,0.967690362,0.589965,low_pressure,10,137316
1.0807810000012725,964.808266,0.964808266,0.589975,low_pressure,10,137520
1.0817790000011904,966.209288,0.966209288,0.589985,low_pressure,10,137724
1.0827830000011078,970.504041,0.970504041,0.589994,low_pressure,10,137928
1.083777000001026,974.418229,0.974418229,0.590002,low_pressure,10,138132
1.0847810000009435,977.824839,0.977824839,0.590008,low_pressure,10,138336
1.0857850000008609,981.1285,0.9811285000000001,0.590014,low_pressure,10,138540
1.0867890000007783,984.155259,0.984155259,0.590019,low_pressure,10,138744
1.0877930000006957,987.607183,0.9876071829999999,0.590023,low_pressure,10,138948
1.0887760000006148,990.444902,0.9904449019999999,0.590026,low_pressure,10,139152
1.0897870000005316,992.793475,0.9927934749999999,0.590029,low_pressure,10,139363
1.0907600000004516,994.358446,0.994358446,0.590031,low_pressure,10,139567
1.0917710000003684,995.56968,0.9955696799999999,0.590032,low_pressure,10,139778
1.0927810000002853,996.671415,0.996671415,0.590033,low_pressure,10,139989
1.0937740000002036,997.404266,0.997404266,0.590034,low_pressure,10,140200
1.0947850000001205,997.804035,0.997804035,0.590035,low_pressure,10,140411
1.0957840000000383,997.862745,0.997862745,0.590035,low_pressure,10,140622
1.096760999999958,998.079881,0.998079881,0.590036,low_pressure,10,140826
1.0977719999998747,998.239381,0.998239381,0.590036,low_pressure,10,141037
1.0987699999997926,998.528855,0.998528855,0.590037,low_pressure,10,141248
1.0997799999997095,998.808988,0.998808988,0.590037,low_pressure,10,141459
1.1007889999996265,998.769866,0.998769866,0.590038,low_pressure,10,141670
1.1017659999995462,999.05032,0.99905032,0.590038,low_pressure,10,141874
1.102776999999463,999.160831,0.9991608310000001,0.590038,low_pressure,10,142085
1.1037719999993811,999.329561,0.999329561,0.590038,low_pressure,10,142296
1.1042439999993423,999.233764,0.999233764,0.590038,low_pressure,10,142402
1.105256999999259,13413.726104,13.413726104,0.592898,high_pressure,11,142630
1.106276999999175,33787.870366,33.787870366,0.595775,high_pressure,11,142876
1.1072599999990942,61113.241744,61.113241744,0.598672,high_pressure,11,143122
1.1082649999990115,94418.060783,94.41806078299999,0.601587,high_pressure,11,143382
1.1092619999989295,133179.502681,133.179502681,0.604521,high_pressure,11,143642
1.1102709999988465,177118.930179,177.118930179,0.607474,high_pressure,11,143909
1.1112589999987652,199728.092477,199.728092477,0.608894,high_pressure,11,144176
1.1122649999986824,199984.970419,199.98497041899998,0.608911,high_pressure,11,144450
1.1130189999986204,200000.266994,200.00026699400001,0.608913,high_pressure,11,144662
1.1140539999985353,153376.307268,153.376307268,0.60595,low_pressure,11,144939
1.1150509999984533,111770.197028,111.770197028,0.603007,low_pressure,11,145199
1.1160539999983707,75607.703479,75.60770347900001,0.600082,low_pressure,11,145459
1.1170629999982877,45207.209523,45.207209522999996,0.597177,low_pressure,11,145712
1.1180509999982065,21273.358399,21.273358399,0.59429,low_pressure,11,145951
1.119065999998123,6474.011607,6.4740116070000004,0.59174,low_pressure,11,146183
1.1200659999980407,2881.986802,2.8819868019999997,0.590803,low_pressure,11,146401
1.1210509999979597,1802.375342,1.802375342,0.590445,low_pressure,11,146605
1.122055999997877,1366.840609,1.366840609,0.590286,low_pressure,11,146809
1.1230659999977939,1163.622336,1.163622336,0.590214,low_pressure,11,147013
1.1240459999977133,1058.974099,1.058974099,0.590184,low_pressure,11,147210
1.1250499999976307,1006.456681,1.006456681,0.590175,low_pressure,11,147414
1.126053999997548,981.773105,0.981773105,0.590178,low_pressure,11,147619
1.127063999997465,971.125611,0.971125611,0.590184,low_pressure,11,147823
1.1280679999973824,967.579119,0.967579119,0.590193,low_pressure,11,148027
1.1290719999972998,968.555323,0.968555323,0.590203,low_pressure,11,148231
1.1300679999972179,972.327852,0.972327852,0.590211,low_pressure,11,148435
1.1310679999971356,977.581013,0.977581013,0.590218,low_pressure,11,148639
1.1320659999970535,981.551413,0.981551413,0.590224,low_pressure,11,148843
1.133069999996971,983.766131,0.983766131,0.590229,low_pressure,11,149047
1.1340739999968883,985.936256,0.985936256,0.590233,low_pressure,11,149251
1.1350679999968065,988.570939,0.9885709389999999,0.590237,low_pressure,11,149455
1.136058999996725,991.123641,0.991123641,0.59024,low_pressure,11,149659
1.1370699999966418,992.996339,0.9929963390000001,0.590242,low_pressure,11,149870
1.1380469999965614,994.226974,0.994226974,0.590244,low_pressure,11,150074
1.1390569999964784,995.81506,0.99581506,0.590245,low_pressure,11,150285
1.1400599999963958,996.796127,0.996796127,0.590246,low_pressure,11,150496
1.1410709999963127,997.241157,0.997241157,0.590247,low_pressure,11,150707
1.1420469999962324,997.967048,0.997967048,0.590248,low_pressure,11,150911
1.1430569999961493,998.193098,0.998193098,0.590248,low_pressure,11,151122
1.144068999996066,998.467255,0.998467255,0.590249,low_pressure,11,151333
1.145065999995984,998.522489,0.998522489,0.590249,low_pressure,11,151544
1.1460439999959036,998.610574,0.9986105740000001,0.59025,low_pressure,11,151748
1.1470539999958205,999.010181,0.9990101809999999,0.59025,low_pressure,11,151959
1.1480649999957373,999.103167,0.999103167,0.59025,low_pressure,11,152170
1.1490429999956568,999.044381,0.999044381,0.590251,low_pressure,11,152374
1.1500399999955748,999.121879,0.999121879,0.590251,low_pressure,11,152585
1.1510509999954917,999.230096,0.999230096,0.590251,low_pressure,11,152796
1.151387999995464,999.14365,0.9991436499999999,0.590251,low_pressure,11,152874
1.1524239999953787,13450.59726,13.45059726,0.593112,high_pressure,12,153102
1.1534429999952949,33925.15414,33.92515414,0.595991,high_pressure,12,153348
1.1544419999952127,61365.029298,61.365029298,0.598888,high_pressure,12,153601
1.1554329999951312,94798.574207,94.798574207,0.601805,high_pressure,12,153854
1.1564289999950492,133710.748525,133.710748525,0.604741,high_pressure,12,154114
1.1574309999949668,177789.813167,177.78981316699998,0.607695,high_pressure,12,154381
1.1584349999948842,199757.511295,199.757511295,0.609069,high_pressure,12,154655
1.159444999994801,199988.0329,199.98803289999998,0.609084,high_pressure,12,154929
1.1604329999947198,199998.001951,199.99800195100002,0.609086,high_pressure,12,155196
1.1614469999946364,199998.059265,199.998059265,0.609087,high_pressure,12,155470
1.162423999994556,199998.997304,199.998997304,0.609088,high_pressure,12,155737
1.1634379999944726,199996.263447,199.99626344700002,0.609088,high_pressure,12,156011
1.1640879999944191,200000.026729,200.000026729,0.609089,high_pressure,12,156195
1.1651289999943335,153280.080107,153.28008010699997,0.606125,low_pressure,12,156472
1.1661129999942526,111623.24116,111.62324116,0.603181,low_pressure,12,156732
1.1671249999941693,75389.44458,75.38944458,0.600255,low_pressure,12,156992
1.1681329999940864,44973.61208,44.97361208,0.597349,low_pressure,12,157245
1.169122999994005,21053.241871,21.053241870999997,0.594461,low_pressure,12,157484
1.1701279999939223,6372.364932,6.372364932,0.591927,low_pressure,12,157716
1.1711429999938388,2854.061628,2.8540616279999997,0.591006,low_pressure,12,157934
1.1721289999937576,1786.712582,1.786712582,0.590654,low_pressure,12,158138
1.173132999993675,1359.200435,1.359200435,0.590499,low_pressure,12,158342
1.1741129999935944,1159.455436,1.159455436,0.590428,low_pressure,12,158539
1.1751199999935116,1057.776967,1.0577769670000001,0.590399,low_pressure,12,158743
1.1761329999934282,1008.457055,1.008457055,0.59039,low_pressure,12,158947
1.1771409999933453,983.844461,0.983844461,0.590391,low_pressure,12,159152
1.1781119999932654,973.462029,0.973462029,0.590398,low_pressure,12,159349
1.1791159999931828,969.591229,0.9695912289999999,0.590406,low_pressure,12,159553
1.1801199999931002,970.372758,0.970372758,0.590415,low_pressure,12,159757
1.1811119999930186,974.751818,0.974751818,0.590422,low_pressure,12,159961
1.182115999992936,978.967819,0.978967819,0.590429,low_pressure,12,160165
1.1831149999928539,982.176134,0.982176134,0.590435,low_pressure,12,160369
1.1841199999927712,985.866764,0.985866764,0.590439,low_pressure,12,160573
1.1851239999926886,988.586212,0.9885862120000001,0.590443,low_pressure,12,160777
1.186139999992605,990.695486,0.990695486,0.590446,low_pressure,12,160988
1.1871179999925245,993.111592,0.993111592,0.590448,low_pressure,12,161192
1.1881279999924415,994.546297,0.994546297,0.59045,low_pressure,12,161403
1.1891389999923583,995.648842,0.9956488419999999,0.590451,low_pressure,12,161614
1.190115999992278,996.474709,0.996474709,0.590452,low_pressure,12,161818
1.1911179999921955,997.410368,0.9974103679999999,0.590453,low_pressure,12,162029
1.1921279999921124,998.003746,0.998003746,0.590454,low_pressure,12,162240
1.1931389999920292,998.447782,0.998447782,0.590454,low_pressure,12,162451
1.1941159999919488,998.655792,0.998655792,0.590455,low_pressure,12,162655
1.1951269999918657,998.958861,0.998958861,0.590455,low_pressure,12,162866
1.1961269999917834,999.089047,0.999089047,0.590455,low_pressure,12,163077
1.1971379999917002,998.949814,0.9989498139999999,0.590456,low_pressure,12,163288
1.1981149999916199,999.047301,0.9990473009999999,0.590456,low_pressure,12,163492
1.1981819999916143,999.049794,0.999049794,0.590456,low_pressure,12,163514
1.1991919999915313,13485.485019,13.485485019,0.593318,high_pressure,13,163742
1.200215999991447,34059.876516,34.059876515999996,0.596198,high_pressure,13,163995
1.2011939999913666,61606.555805,61.606555805000006,0.599097,high_pressure,13,164241
1.2022059999912833,95165.460852,95.16546085200001,0.602015,high_pressure,13,164501
1.2031999999912015,134205.17734,134.20517734,0.604952,high_pressure,13,164761
1.2042169999911179,178427.605027,178.427605027,0.607908,high_pressure,13,165035
1.2052049999910366,199780.410865,199.78041086500002,0.609241,high_pressure,13,165302
1.2061929999909553,199989.660392,199.989660392,0.609254,high_pressure,13,165569
1.2072019999908723,199998.17163,199.99817163,0.609256,high_pressure,13,165850
1.2082009999907901,199998.65283,199.99865283,0.609256,high_pressure,13,166124
1.2090849999907174,200000.029124,200.00002912399998,0.609257,high_pressure,13,166371
1.2101009999906338,153199.975016,153.19997501600002,0.606292,low_pressure,13,166648
1.2110989999905517,111474.297954,111.474297954,0.603346,low_pressure,13,166908
1.2120969999904696,75212.122313,75.212122313,0.60042,low_pressure,13,167168
1.2131039999903868,44776.208829,44.776208829000005,0.597512,low_pressure,13,167421
1.2140899999903056,20834.072026,20.834072026,0.594624,low_pressure,13,167660
1.2151029999902223,6281.722009,6.281722009,0.592106,low_pressure,13,167892
1.2161059999901398,2827.896297,2.8278962969999997,0.591199,low_pressure,13,168110
1.217086999990059,1781.805542,1.781805542,0.59085,low_pressure,13,168314
1.2180889999899767,1358.464347,1.3584643470000002,0.590696,low_pressure,13,168518
1.2190959999898938,1160.027467,1.160027467,0.590625,low_pressure,13,168722
1.2201099999898104,1060.950478,1.060950478,0.590595,low_pressure,13,168926
1.2211089999897282,1010.761426,1.010761426,0.590585,low_pressure,13,169130
1.222107999989646,985.266313,0.985266313,0.590586,low_pressure,13,169335
1.2231119999895634,974.379142,0.974379142,0.590592,low_pressure,13,169539
1.2241159999894808,971.180063,0.971180063,0.5906,low_pressure,13,169743
1.2251199999893982,972.937494,0.9729374940000001,0.590608,low_pressure,13,169947
1.2261119999893166,976.04563,0.97604563,0.590616,low_pressure,13,170151
1.2271139999892342,979.19094,0.97919094,0.590622,low_pressure,13,170355
1.2281179999891516,983.202648,0.9832026479999999,0.590627,low_pressure,13,170559
1.229086999989072,986.27336,0.98627336,0.590632,low_pressure,13,170756
1.2300909999889893,989.0932,0.9890932,0.590635,low_pressure,13,170960
1.2311139999889051,991.184755,0.991184755,0.590638,low_pressure,13,171171
1.2321149999888228,993.382281,0.993382281,0.59064,low_pressure,13,171382
1.233085999988743,994.632493,0.994632493,0.590642,low_pressure,13,171586
1.2340969999886597,996.03321,0.99603321,0.590643,low_pressure,13,171797
1.2351069999885766,996.962025,0.9969620250000001,0.590644,low_pressure,13,172008
1.236110999988494,997.479278,0.997479278,0.590645,low_pressure,13,172219
1.2371189999884111,997.871944,0.997871944,0.590646,low_pressure,13,172430
1.2380959999883308,998.345117,0.998345117,0.590646,low_pressure,13,172634
1.239102999988248,998.78909,0.9987890899999999,0.590647,low_pressure,13,172845
1.240110999988165,999.044608,0.9990446080000001,0.590647,low_pressure,13,173056
1.2411089999880829,999.159898,0.999159898,0.590647,low_pressure,13,173267
1.2420859999880025,999.043303,0.999043303,0.590648,low_pressure,13,173471
1.2430969999879193,999.187306,0.999187306,0.590648,low_pressure,13,173682
1.2441069999878362,999.194554,0.999194554,0.590648,low_pressure,13,173893
1.245118999987753,999.065491,0.999065491,0.590648,low_pressure,13,174104
1.245421999987728,999.067583,0.999067583,0.590648,low_pressure,13,174175
1.2464729999876416,13515.620003,13.515620003,0.593512,high_pressure,14,174410
1.2474569999875607,34170.762817,34.170762817,0.596393,high_pressure,14,174649
1.248462999987478,61845.484511,61.845484511,0.599294,high_pressure,14,174902
1.2494749999873946,95559.951014,95.559951014,0.602213,high_pressure,14,175162
1.2504639999873133,134739.192858,134.739192858,0.605151,high_pressure,14,175422
1.2514559999872317,179166.720328,179.166720328,0.608108,high_pressure,14,175689
1.2524699999871483,199787.404298,199.787404298,0.609392,high_pressure,14,175963
1.2534549999870672,199988.626615,199.988626615,0.609404,high_pressure,14,176230
1.2544619999869844,199999.326238,199.999326238,0.609406,high_pressure,14,176504
1.2546439999869694,200000.039418,200.000039418,0.609406,high_pressure,14,176562
1.2556739999868847,153079.220235,153.07922023499998,0.60644,low_pressure,14,176839
1.2566639999868032,111293.160271,111.293160271,0.603494,low_pressure,14,177099
1.2576679999867206,74981.487937,74.981487937,0.600566,low_pressure,14,177359
1.2586639999866387,44503.088672,44.503088672,0.597658,low_pressure,14,177612
1.2596749999865555,20606.636169,20.606636169,0.594768,low_pressure,14,177858
1.2606869999864723,6195.60792,6.1956079200000005,0.592267,low_pressure,14,178090
1.2616609999863921,2803.224192,2.803224192,0.591373,low_pressure,14,178301
1.2626629999863097,1771.080482,1.7710804820000001,0.59103,low_pressure,14,178512
1.2636659999862272,1353.280897,1.353280897,0.590877,low_pressure,14,178716
1.264675999986144,1156.681582,1.156681582,0.590807,low_pressure,14,178920
1.2656899999860607,1060.16145,1.06016145,0.590778,low_pressure,14,179124
1.26666999998598,1010.34006,1.01034006,0.590769,low_pressure,14,179321
1.2676639999858983,986.521903,0.986521903,0.59077,low_pressure,14,179526
1.2686679999858157,976.832097,0.976832097,0.590775,low_pressure,14,179730
1.269671999985733,974.139658,0.974139658,0.590782,low_pressure,14,179934
1.2706749999856506,974.237078,0.974237078,0.59079,low_pressure,14,180138
1.271678999985568,977.077127,0.977077127,0.590797,low_pressure,14,180342
1.2726719999854863,980.882263,0.9808822629999999,0.590803,low_pressure,14,180546
1.2736749999854038,984.233619,0.984233619,0.590808,low_pressure,14,180750
1.2746789999853212,987.746777,0.9877467769999999,0.590812,low_pressure,14,180954
1.2756809999852388,989.875627,0.989875627,0.590815,low_pressure,14,181158
1.2766599999851582,992.42152,0.99242152,0.590817,low_pressure,14,181362
1.2776629999850757,994.313838,0.9943138380000001,0.590819,low_pressure,14,181573
1.2786739999849925,995.506733,0.995506733,0.590821,low_pressure,14,181784
1.27967799998491,996.286269,0.996286269,0.590822,low_pressure,14,181995
1.2806889999848268,997.3372,0.9973372,0.590823,low_pressure,14,182206
1.2816659999847464,997.691607,0.9976916069999999,0.590823,low_pressure,14,182410
1.282667999984664,998.308743,0.998308743,0.590824,low_pressure,14,182621
1.2836779999845809,998.736216,0.9987362160000001,0.590824,low_pressure,14,182832
1.284685999984498,999.079424,0.999079424,0.590825,low_pressure,14,183043
1.2856629999844176,999.137223,0.999137223,0.590825,low_pressure,14,183247
1.2866739999843344,999.10109,0.99910109,0.590825,low_pressure,14,183458
1.2876729999842522,999.094897,0.999094897,0.590825,low_pressure,14,183669
1.2886799999841694,999.251742,0.999251742,0.590826,low_pressure,14,183880
1.2896909999840862,999.197097,0.999197097,0.590826,low_pressure,14,184091
1.2904629999840227,999.221922,0.9992219219999999,0.590826,low_pressure,14,184260
1.291515999983936,13537.808623,13.537808623,0.59369,high_pressure,15,184495
1.292488999983856,34256.038531,34.256038531,0.596573,high_pressure,15,184734
1.2934959999837732,62054.978063,62.054978063,0.599475,high_pressure,15,184987
1.2945019999836904,95880.534031,95.880534031,0.602395,high_pressure,15,185247
1.2954989999836084,135207.723623,135.207723623,0.605334,high_pressure,15,185507
1.296511999983525,179797.082745,179.79708274499998,0.608293,high_pressure,15,185781
1.2974999999834438,199816.7065,199.8167065,0.609537,high_pressure,15,186048
1.2985139999833604,199991.753958,199.99175395799998,0.609549,high_pressure,15,186322
1.2994989999832793,199997.880807,199.997880807,0.60955,high_pressure,15,186589
1.2997069999832622,200000.075361,200.000075361,0.60955,high_pressure,15,186654
1.3007199999831789,152996.769401,152.996769401,0.606583,low_pressure,15,186931
1.3017369999830952,111138.842171,111.138842171,0.603636,low_pressure,15,187198
1.3027399999830127,74760.386446,74.760386446,0.600708,low_pressure,15,187458
1.3037179999829323,44252.780018,44.252780017999996,0.597798,low_pressure,15,187704
1.30471799998285,20369.262689,20.369262689,0.594907,low_pressure,15,187950
1.305727999982767,6119.97382,6.11997382,0.592422,low_pressure,15,188182
1.306735999982684,2784.024436,2.784024436,0.591539,low_pressure,15,188400
1.3077499999826006,1763.72067,1.7637206699999999,0.591199,low_pressure,15,188611
1.308741999982519,1348.280882,1.348280882,0.591048,low_pressure,15,188815
1.3097179999824387,1156.433892,1.156433892,0.590979,low_pressure,15,189012
1.310733999982355,1060.258489,1.060258489,0.59095,low_pressure,15,189216
1.311744999982272,1010.225863,1.010225863,0.59094,low_pressure,15,189420
1.3127469999821895,987.05521,0.98705521,0.590941,low_pressure,15,189625
1.3137419999821076,976.977709,0.976977709,0.590947,low_pressure,15,189829
1.3147429999820253,974.115189,0.9741151889999999,0.590954,low_pressure,15,190033
1.3157469999819427,975.037322,0.975037322,0.590961,low_pressure,15,190237
1.3167499999818602,978.136299,0.978136299,0.590968,low_pressure,15,190441
1.3177199999817804,981.052455,0.981052455,0.590974,low_pressure,15,190638
1.3187239999816978,984.994317,0.9849943170000001,0.590979,low_pressure,15,190842
1.3197499999816134,987.581863,0.987581863,0.590982,low_pressure,15,191053
1.3207469999815313,990.593568,0.990593568,0.590986,low_pressure,15,191257
1.321723999981451,992.785486,0.9927854859999999,0.590988,low_pressure,15,191461
1.3227349999813678,993.847555,0.9938475550000001,0.59099,low_pressure,15,191672
1.3237459999812846,995.304504,0.9953045039999999,0.590991,low_pressure,15,191883
1.324738999981203,995.902038,0.995902038,0.590993,low_pressure,15,192094
1.3257449999811202,996.343143,0.996343143,0.590994,low_pressure,15,192305
1.3267209999810399,997.048876,0.9970488759999999,0.590995,low_pressure,15,192509
1.3277309999809568,997.649564,0.997649564,0.590995,low_pressure,15,192720
1.3287389999808739,998.25341,0.99825341,0.590996,low_pressure,15,192931
1.3297379999807917,998.538225,0.998538225,0.590996,low_pressure,15,193142
1.3307489999807085,998.817229,0.998817229,0.590997,low_pressure,15,193353
1.3317229999806284,998.995936,0.998995936,0.590997,low_pressure,15,193557
1.3327289999805456,999.168664,0.999168664,0.590997,low_pressure,15,193768
1.3337349999804629,999.293134,0.999293134,0.590998,low_pressure,15,193979
1.3338969999804495,999.271601,0.999271601,0.590998,low_pressure,15,194022
1.3349349999803641,13581.868841,13.581868841,0.593863,high_pressure,16,194257
1.3359119999802838,34387.918581,34.387918581,0.596747,high_pressure,16,194496
1.3369099999802017,62305.919561,62.305919561,0.59965,high_pressure,16,194749
1.3379129999801191,96320.091844,96.32009184399999,0.602571,high_pressure,16,195009
1.3389329999800352,135824.901302,135.824901302,0.605512,high_pressure,16,195276
1.339920999979954,180565.397534,180.565397534,0.608471,high_pressure,16,195543
1.340929999979871,199833.75509,199.83375508999998,0.609665,high_pressure,16,195817
1.3419099999797903,199986.897325,199.986897325,0.609676,high_pressure,16,196084
1.342923999979707,199998.322316,199.998322316,0.609678,high_pressure,16,196358
1.3439289999796242,199997.342919,199.99734291899998,0.60968,high_pressure,16,196632
1.344916999979543,199998.963485,199.998963485,0.60968,high_pressure,16,196899
1.3459189999794605,199996.953421,199.996953421,0.609681,high_pressure,16,197173
1.346386999979422,200000.133902,200.000133902,0.609681,high_pressure,16,197308
1.3474249999793366,152943.571892,152.943571892,0.606714,low_pressure,16,197585
1.3484389999792532,111002.50026,111.00250026,0.603766,low_pressure,16,197852
1.3494289999791718,74536.779529,74.536779529,0.600836,low_pressure,16,198112
1.350435999979089,44009.663255,44.009663255,0.597926,low_pressure,16,198365
1.3514409999790062,20146.690794,20.146690793999998,0.595034,low_pressure,16,198611
1.3524209999789256,6026.192516,6.026192516,0.592568,low_pressure,16,198836
1.3534269999788429,2753.441449,2.753441449,0.5917,low_pressure,16,199054
1.3544269999787606,1752.968051,1.752968051,0.591365,low_pressure,16,199265
1.3554289999786782,1349.100328,1.349100328,0.591216,low_pressure,16,199469
1.3564329999785956,1158.740779,1.158740779,0.591146,low_pressure,16,199673
1.3574389999785128,1061.459066,1.0614590659999998,0.591116,low_pressure,16,199877
1.3584469999784299,1012.979177,1.012979177,0.591106,low_pressure,16,200081
1.359429999978349,988.752209,0.988752209,0.591106,low_pressure,16,200286
1.3604349999782663,979.257549,0.9792575490000001,0.591111,low_pressure,16,200490
1.3614389999781837,977.280782,0.977280782,0.591118,low_pressure,16,200694
1.3624429999781011,978.253937,0.978253937,0.591124,low_pressure,16,200898
1.3634469999780185,980.534553,0.9805345529999999,0.59113,low_pressure,16,201102
1.364438999977937,983.545747,0.983545747,0.591135,low_pressure,16,201306
1.3654429999778543,986.55444,0.98655444,0.591139,low_pressure,16,201510
1.3664469999777717,989.147105,0.989147105,0.591143,low_pressure,16,201714
1.3674249999776913,990.964904,0.990964904,0.591146,low_pressure,16,201918
1.3684359999776081,993.057478,0.993057478,0.591148,low_pressure,16,202129
1.3694359999775259,994.482943,0.994482943,0.59115,low_pressure,16,202340
1.3704129999774455,995.726504,0.995726504,0.591151,low_pressure,16,202544
1.3714239999773623,996.444764,0.9964447639999999,0.591152,low_pressure,16,202755
1.3724349999772791,997.119691,0.997119691,0.591153,low_pressure,16,202966
1.373445999977196,997.616679,0.997616679,0.591154,low_pressure,16,203177
1.3744449999771138,998.209038,0.9982090379999999,0.591155,low_pressure,16,203388
1.3754209999770335,998.657548,0.9986575480000001,0.591155,low_pressure,16,203592
1.3764309999769504,999.210668,0.999210668,0.591155,low_pressure,16,203803
1.3774429999768671,999.060479,0.999060479,0.591156,low_pressure,16,204014
1.3784199999767868,999.250692,0.9992506919999999,0.591156,low_pressure,16,204218
1.3794179999767047,999.124117,0.9991241169999999,0.591156,low_pressure,16,204429
1.3804279999766216,999.218529,0.999218529,0.591156,low_pressure,16,204640
1.3814389999765384,999.151811,0.999151811,0.591156,low_pressure,16,204851
1.3824129999764583,999.400538,0.999400538,0.591157,low_pressure,16,205055
1.3825809999764445,999.388589,0.999388589,0.591157,low_pressure,16,205098
1.383630999976358,13588.705472,13.588705472,0.594023,high_pressure,17,205333
1.3846199999762767,34439.723655,34.439723655,0.596908,high_pressure,17,205579
1.385625999976194,62425.772924,62.425772924,0.599812,high_pressure,17,205832
1.3866249999761118,96562.786454,96.562786454,0.602734,high_pressure,17,206092
1.3876219999760298,136221.624755,136.221624755,0.605676,high_pressure,17,206352
1.388628999975947,181099.866241,181.099866241,0.608637,high_pressure,17,206626
1.3896159999758657,199852.395492,199.852395492,0.609795,high_pressure,17,206893
1.3906279999757825,199989.899745,199.989899745,0.609805,high_pressure,17,207167
1.391459999975714,200000.172001,200.000172001,0.609807,high_pressure,17,207400
1.392468999975631,152841.962173,152.841962173,0.606838,low_pressure,17,207677
1.3934869999755473,110830.704428,110.830704428,0.603889,low_pressure,17,207944
1.3944839999754652,74313.395323,74.31339532300001,0.600959,low_pressure,17,208204
1.3954779999753835,43753.254768,43.753254768,0.598048,low_pressure,17,208457
1.3964779999753012,19927.142849,19.927142849,0.595156,low_pressure,17,208703
1.397488999975218,5948.864341,5.948864341,0.592706,low_pressure,17,208935
1.3984939999751353,2732.678744,2.7326787439999998,0.59185,low_pressure,17,209153
1.3994729999750548,1747.197728,1.7471977280000002,0.591519,low_pressure,17,209357
1.4004989999749704,1345.709454,1.345709454,0.59137,low_pressure,17,209568
1.4014679999748907,1156.698432,1.156698432,0.591301,low_pressure,17,209765
1.402471999974808,1060.868104,1.0608681039999999,0.591271,low_pressure,17,209969
1.4034749999747256,1012.835868,1.012835868,0.591262,low_pressure,17,210173
1.4044699999746437,990.596082,0.990596082,0.591262,low_pressure,17,210378
1.405498999974559,981.687704,0.981687704,0.591266,low_pressure,17,210589
1.4064679999744794,978.433688,0.978433688,0.591272,low_pressure,17,210786
1.4074719999743968,979.214117,0.9792141169999999,0.591278,low_pressure,17,210990
1.4084749999743142,981.564996,0.9815649959999999,0.591283,low_pressure,17,211194
1.4094789999742316,984.281762,0.984281762,0.591288,low_pressure,17,211398
1.41047099997415,986.548497,0.986548497,0.591292,low_pressure,17,211602
1.4114749999740674,989.345946,0.989345946,0.591296,low_pressure,17,211806
1.4124929999739837,991.530701,0.9915307010000001,0.591299,low_pressure,17,212017
1.4134899999739017,993.534566,0.993534566,0.591301,low_pressure,17,212228
1.4144679999738212,994.638673,0.9946386730000001,0.591302,low_pressure,17,212432
1.415467999973739,995.628102,0.995628102,0.591304,low_pressure,17,212643
1.4164779999736559,996.798657,0.996798657,0.591305,low_pressure,17,212854
1.4174889999735727,997.577617,0.997577617,0.591306,low_pressure,17,213065
1.4184659999734923,998.017797,0.9980177969999999,0.591306,low_pressure,17,213269
1.4194769999734091,998.295134,0.9982951339999999,0.591307,low_pressure,17,213480
1.4204779999733268,998.479549,0.998479549,0.591307,low_pressure,17,213691
1.4214889999732436,998.756559,0.998756559,0.591308,low_pressure,17,213902
1.4224659999731633,998.95132,0.99895132,0.591308,low_pressure,17,214106
1.4234709999730806,999.040686,0.9990406860000001,0.591308,low_pressure,17,214317
1.4244809999729975,999.238993,0.9992389930000001,0.591308,low_pressure,17,214528
1.4254729999729159,998.992511,0.9989925110000001,0.591309,low_pressure,17,214739
1.4255399999729104,998.992439,0.998992439,0.591309,low_pressure,17,214761
1.426564999972826,13634.999014,13.634999014000002,0.594176,high_pressure,18,214996
1.4275429999727456,34565.766195,34.565766194999995,0.597062,high_pressure,18,215235
1.428546999972663,62611.911272,62.611911272,0.599967,high_pressure,18,215488
1.429543999972581,96778.381736,96.778381736,0.60289,high_pressure,18,215748
1.4305619999724972,136462.092251,136.462092251,0.605833,high_pressure,18,216015
1.4315559999724154,181365.62534,181.36562534,0.608795,high_pressure,18,216282
1.4325439999723342,199855.176522,199.855176522,0.609938,high_pressure,18,216549
1.4335499999722514,199989.558099,199.989558099,0.609948,high_pressure,18,216823
1.4345619999721682,199997.951515,199.99795151499998,0.609949,high_pressure,18,217097
1.4352899999721083,200000.14107,200.00014107,0.60995,high_pressure,18,217302
1.4363229999720233,152855.738499,152.855738499,0.606981,low_pressure,18,217579
1.43733499997194,110846.424386,110.846424386,0.604031,low_pressure,18,217846
1.4383359999718577,74325.17619,74.32517619,0.6011,low_pressure,18,218106
1.4393129999717773,43766.173424,43.766173424,0.598188,low_pressure,18,218352
1.440313999971695,19905.32855,19.90532855,0.595295,low_pressure,18,218598
1.441309999971613,5928.055344,5.928055344000001,0.592848,low_pressure,18,218830
1.4423149999715303,2721.582112,2.721582112,0.591996,low_pressure,18,219048
1.443326999971447,1741.77563,1.74177563,0.591666,low_pressure,18,219259
1.444324999971365,1342.832059,1.342832059,0.591519,low_pressure,18,219463
1.4453289999712824,1155.885736,1.1558857359999999,0.591451,low_pressure,18,219667
1.4463219999712007,1064.370256,1.064370256,0.591421,low_pressure,18,219871
1.4473249999711182,1017.799487,1.017799487,0.59141,low_pressure,18,220075
1.448322999971036,994.951325,0.9949513249999999,0.591408,low_pressure,18,220280
1.449319999970954,985.451238,0.985451238,0.591411,low_pressure,18,220484
1.4503239999708715,981.950796,0.981950796,0.591416,low_pressure,18,220688
1.45131299997079,982.101035,0.982101035,0.591421,low_pressure,18,220892
1.4523419999707055,983.499971,0.983499971,0.591426,low_pressure,18,221103
1.4533119999706257,986.380815,0.986380815,0.591431,low_pressure,18,221300
1.454315999970543,989.343503,0.9893435030000001,0.591434,low_pressure,18,221504
1.4553339999704593,991.357607,0.9913576070000001,0.591437,low_pressure,18,221715
1.456308999970379,993.101311,0.993101311,0.591439,low_pressure,18,221919
1.4573109999702967,994.454244,0.994454244,0.591441,low_pressure,18,222130
1.4583219999702135,995.834397,0.995834397,0.591442,low_pressure,18,222341
1.4593309999701305,996.778943,0.996778943,0.591443,low_pressure,18,222552
1.46030899997005,997.215105,0.997215105,0.591444,low_pressure,18,222756
1.4613109999699676,997.755938,0.9977559380000001,0.591445,low_pressure,18,222967
1.4623209999698845,998.138553,0.998138553,0.591445,low_pressure,18,223178
1.4633309999698014,998.525579,0.9985255789999999,0.591446,low_pressure,18,223389
1.464308999969721,998.649598,0.998649598,0.591446,low_pressure,18,223593
1.4653199999696378,999.033105,0.999033105,0.591447,low_pressure,18,223804
1.466314999969556,999.175267,0.9991752669999999,0.591447,low_pressure,18,224015
1.4673259999694728,998.898539,0.998898539,0.591447,low_pressure,18,224226
1.4683029999693924,999.146328,0.999146328,0.591447,low_pressure,18,224437
1.4683029999693924,999.203877,0.999203877,0.591447,low_pressure,18,224438
1.4693449999693067,13648.013147,13.648013147,0.594316,high_pressure,19,224673
1.4703199999692265,34598.375534,34.598375534,0.597202,high_pressure,19,224912
1.4713439999691422,62663.421075,62.663421074999995,0.600108,high_pressure,19,225172
1.47234299996906,96835.97642,96.83597642000001,0.603033,high_pressure,19,225432
1.4733369999689783,136572.406235,136.572406235,0.605976,high_pressure,19,225692
1.474323999968897,181553.343721,181.553343721,0.608939,high_pressure,19,225959
1.4753289999688144,199858.339762,199.85833976199999,0.610069,high_pressure,19,226233
1.476342999968731,199994.260575,199.994260575,0.610078,high_pressure,19,226507
1.4766549999687053,200000.048388,200.00004838799998,0.610079,high_pressure,19,226600
1.4776939999686198,152796.230019,152.796230019,0.607109,low_pressure,19,226877
1.478699999968537,110734.468301,110.734468301,0.604158,low_pressure,19,227144
1.479697999968455,74208.386593,74.208386593,0.601226,low_pressure,19,227404
1.4807009999683725,43663.247811,43.663247811,0.598313,low_pressure,19,227657
1.48170299996829,19825.139327,19.825139327000002,0.595419,low_pressure,19,227903
1.482700999968208,5903.275187,5.903275187,0.592978,low_pressure,19,228135
1.4836999999681257,2713.697485,2.713697485,0.59213,low_pressure,19,228353
1.4847089999680427,1739.7718,1.7397718,0.591801,low_pressure,19,228564
1.4857039999679609,1346.023387,1.346023387,0.591653,low_pressure,19,228768
1.4867079999678783,1158.430735,1.1584307349999998,0.591584,low_pressure,19,228972
1.4876999999677967,1063.738688,1.063738688,0.591554,low_pressure,19,229176
1.488703999967714,1016.489871,1.016489871,0.591543,low_pressure,19,229380
1.4896969999676324,994.407359,0.994407359,0.591542,low_pressure,19,229585
1.4906949999675503,983.861809,0.983861809,0.591546,low_pressure,19,229789
1.4916929999674682,980.076218,0.980076218,0.591551,low_pressure,19,229993
1.4926969999673856,980.945425,0.980945425,0.591557,low_pressure,19,230197
1.4936929999673036,982.992036,0.982992036,0.591562,low_pressure,19,230401
1.494696999967221,985.399333,0.9853993329999999,0.591566,low_pressure,19,230605
1.4956959999671389,988.632467,0.9886324670000001,0.59157,low_pressure,19,230809
1.4966879999670573,990.801195,0.990801195,0.591573,low_pressure,19,231013
1.497698999966974,991.835101,0.991835101,0.591575,low_pressure,19,231224
1.498696999966892,993.137184,0.9931371840000001,0.591578,low_pressure,19,231435
1.499706999966809,995.060998,0.995060998,0.591579,low_pressure,19,231646
1.5007119999667262,996.384378,0.996384378,0.59158,low_pressure,19,231857
1.5016889999666458,997.29542,0.99729542,0.591581,low_pressure,19,232061
1.5026999999665627,997.680683,0.997680683,0.591582,low_pressure,19,232272
1.5036989999664805,998.149749,0.9981497490000001,0.591583,low_pressure,19,232483
1.5047099999663973,998.610389,0.9986103890000001,0.591583,low_pressure,19,232694
1.505684999966317,998.932834,0.998932834,0.591583,low_pressure,19,232898
1.506695999966234,999.171129,0.9991711289999999,0.591584,low_pressure,19,233109
1.5077059999661508,999.314677,0.999314677,0.591584,low_pressure,19,233320
1.5087059999660686,999.390436,0.999390436,0.591584,low_pressure,19,233531
1.5096839999659881,999.266807,0.9992668069999999,0.591584,low_pressure,19,233735
1.510694999965905,999.533203,0.9995332029999999,0.591584,low_pressure,19,233946
1.5117049999658219,999.284603,0.999284603,0.591585,low_pressure,19,234157
1.5126819999657415,999.417097,0.999417097,0.591585,low_pressure,19,234361
1.513040999965712,999.318305,0.999318305,0.591585,low_pressure,19,234446
1.5140949999656252,13665.572576,13.665572576,0.594454,high_pressure,20,234681
1.5150979999655427,34648.93825,34.64893825,0.597342,high_pressure,20,234927
1.5160759999654623,62735.022127,62.73502212699999,0.600248,high_pressure,20,235173
1.5170939999653785,96992.284732,96.992284732,0.603174,high_pressure,20,235440
1.5180889999652967,136828.995688,136.828995688,0.606118,high_pressure,20,235700
1.5190769999652154,181922.57363,181.92257363,0.609082,high_pressure,20,235967
1.520089999965132,199867.677316,199.867677316,0.610187,high_pressure,20,236241
1.5210959999650493,199990.867884,199.990867884,0.610197,high_pressure,20,236515
1.5215899999650087,200000.276512,200.000276512,0.610197,high_pressure,20,236657
1.5226239999649236,152728.299149,152.728299149,0.607227,low_pressure,20,236934
1.5236329999648406,110617.499304,110.61749930399999,0.604275,low_pressure,20,237201
1.524624999964759,74060.056346,74.060056346,0.601342,low_pressure,20,237461
1.5256269999646765,43504.597311,43.504597311,0.598429,low_pressure,20,237714
1.5266289999645941,19693.04039,19.693040389999997,0.595534,low_pressure,20,237960
1.5276349999645114,5857.808629,5.857808629,0.593103,low_pressure,20,238192
1.5286379999644288,2703.306677,2.703306677,0.592261,low_pressure,20,238410
1.5296309999643471,1733.344636,1.733344636,0.591935,low_pressure,20,238621
1.5306309999642649,1338.177277,1.338177277,0.591789,low_pressure,20,238825
1.5316349999641823,1153.543602,1.153543602,0.591722,low_pressure,20,239029
1.5326389999640997,1061.793556,1.061793556,0.591693,low_pressure,20,239233
1.533642999964017,1016.676134,1.0166761340000001,0.591682,low_pressure,20,239437
1.5346269999639361,995.19759,0.99519759,0.591681,low_pressure,20,239642
1.535613999963855,985.61859,0.9856185900000001,0.591684,low_pressure,20,239846
1.5366179999637724,983.430848,0.983430848,0.591688,low_pressure,20,240050
1.53761999996369,983.672022,0.9836720219999999,0.591693,low_pressure,20,240254
1.5386219999636075,985.214037,0.985214037,0.591697,low_pressure,20,240458
1.5396149999635258,987.496684,0.987496684,0.591701,low_pressure,20,240662
1.5406199999634431,989.712474,0.9897124740000001,0.591705,low_pressure,20,240866
1.5416339999633597,991.805465,0.991805465,0.591707,low_pressure,20,241077
1.5426109999632793,993.212414,0.9932124139999999,0.591709,low_pressure,20,241281
1.543611999963197,994.342859,0.994342859,0.591711,low_pressure,20,241492
1.5446139999631145,995.601441,0.995601441,0.591713,low_pressure,20,241703
1.5456249999630314,996.807892,0.9968078920000001,0.591714,low_pressure,20,241914
1.5466359999629482,997.465033,0.997465033,0.591715,low_pressure,20,242125
1.5476129999628678,998.076327,0.998076327,0.591715,low_pressure,20,242329
1.5486239999627847,998.573707,0.998573707,0.591716,low_pressure,20,242540
1.5496249999627023,999.001902,0.9990019019999999,0.591716,low_pressure,20,242751
1.5506359999626191,999.063623,0.999063623,0.591716,low_pressure,20,242962
1.5516129999625388,999.44335,0.9994433500000001,0.591716,low_pressure,20,243166
1.5526139999624564,999.293759,0.9992937590000001,0.591717,low_pressure,20,243377
1.5536249999623732,999.184576,0.999184576,0.591717,low_pressure,20,243588
1.554623999962291,999.385247,0.9993852470000001,0.591717,low_pressure,20,243799
1.5556349999622079,999.238838,0.999238838,0.591717,low_pressure,20,244010
1.555937999962183,999.171688,0.999171688,0.591717,low_pressure,20,244081
1.5569739999620977,13692.349307,13.692349307,0.594587,high_pressure,21,244316
1.5579759999620153,34721.00462,34.72100462,0.597476,high_pressure,21,244562
1.558964999961934,62913.338649,62.913338648999996,0.600383,high_pressure,21,244815
1.5599659999618516,97229.076211,97.229076211,0.60331,high_pressure,21,245075
1.5609519999617705,137160.377622,137.160377622,0.606255,high_pressure,21,245335
1.561965999961687,182381.862126,182.381862126,0.609219,high_pressure,21,245609
1.5629709999616044,199866.897154,199.86689715400001,0.610297,high_pressure,21,245883
1.563958999961523,199991.848383,199.991848383,0.610306,high_pressure,21,246150
1.564738999961459,200000.067219,200.000067219,0.610308,high_pressure,21,246369
1.5657699999613741,152667.794461,152.667794461,0.607336,low_pressure,21,246646
1.5667699999612918,110522.333396,110.52233339600001,0.604384,low_pressure,21,246913
1.5677669999612098,73937.887236,73.937887236,0.60145,low_pressure,21,247173
1.5687659999611276,43376.618745,43.376618745,0.598536,low_pressure,21,247426
1.5697669999610453,19561.448805,19.561448805,0.595641,low_pressure,21,247672
1.5707609999609635,5820.963625,5.820963625,0.593219,low_pressure,21,247904
1.571764999960881,2686.281385,2.6862813849999996,0.592383,low_pressure,21,248122
1.572773999960798,1721.124425,1.721124425,0.592061,low_pressure,21,248333
1.5737719999607158,1332.918119,1.332918119,0.591917,low_pressure,21,248537
1.5747749999606333,1150.985217,1.150985217,0.591851,low_pressure,21,248741
1.5757699999605514,1059.888577,1.059888577,0.591822,low_pressure,21,248945
1.576771999960469,1014.8406,1.0148406,0.591812,low_pressure,21,249149
1.5777629999603875,992.382918,0.992382918,0.591812,low_pressure,21,249354
1.5787619999603053,982.953281,0.9829532809999999,0.591816,low_pressure,21,249558
1.5797659999602227,980.107305,0.980107305,0.591821,low_pressure,21,249762
1.58077099996014,979.692217,0.979692217,0.591827,low_pressure,21,249973
1.5817749999600574,981.959337,0.981959337,0.591832,low_pressure,21,250177
1.5827789999599748,985.145527,0.985145527,0.591837,low_pressure,21,250381
1.5837709999598932,987.491948,0.987491948,0.591841,low_pressure,21,250585
1.5847729999598108,990.350674,0.990350674,0.591844,low_pressure,21,250789
1.5857709999597287,992.89268,0.9928926800000001,0.591847,low_pressure,21,251000
1.5867809999596456,994.342373,0.994342373,0.591848,low_pressure,21,251211
1.5877929999595624,995.007009,0.995007009,0.59185,low_pressure,21,251422
1.5887859999594807,996.117216,0.996117216,0.591851,low_pressure,21,251633
1.5897629999594003,996.948964,0.996948964,0.591852,low_pressure,21,251837
1.5907909999593157,997.553965,0.9975539649999999,0.591853,low_pressure,21,252055
1.5917689999592353,997.992962,0.997992962,0.591854,low_pressure,21,252259
1.5927789999591522,998.644805,0.998644805,0.591854,low_pressure,21,252470
1.59377699995907,999.038877,0.9990388769999999,0.591854,low_pressure,21,252681
1.594787999958987,999.123894,0.9991238939999999,0.591855,low_pressure,21,252892
1.5957849999589049,999.222353,0.999222353,0.591855,low_pressure,21,253103
1.5967889999588223,999.214997,0.999214997,0.591855,low_pressure,21,253314
1.597764999958742,999.269134,0.9992691340000001,0.591855,low_pressure,21,253518
1.59876299995866,999.326321,0.999326321,0.591856,low_pressure,21,253729
1.5997739999585767,999.428182,0.9994281819999999,0.591856,low_pressure,21,253940
1.6007729999584945,999.47497,0.99947497,0.591856,low_pressure,21,254151
1.6017839999584114,999.423986,0.999423986,0.591856,low_pressure,21,254362
1.602760999958331,999.401186,0.999401186,0.591856,low_pressure,21,254566
1.6037639999582485,999.494233,0.999494233,0.591856,low_pressure,21,254777
1.6039659999582319,999.449199,0.9994491990000001,0.591856,low_pressure,21,254827
1.6050049999581464,13705.88854,13.70588854,0.594727,high_pressure,22,255062
1.6060079999580639,34750.700904,34.750700904,0.597617,high_pressure,22,255308
1.607014999957981,62924.700056,62.924700056,0.600525,high_pressure,22,255561
1.6080139999578988,97277.687775,97.277687775,0.603452,high_pressure,22,255821
1.6090049999578173,137251.742895,137.251742895,0.606399,high_pressure,22,256081
1.6100119999577345,182497.9509,182.4979509,0.609364,high_pressure,22,256355
1.6109999999576532,199878.771961,199.87877196099998,0.610433,high_pressure,22,256622
1.6120139999575698,199993.198244,199.993198244,0.610441,high_pressure,22,256896
1.6127939999575056,200000.188302,200.000188302,0.610443,high_pressure,22,257115
1.6138249999574208,152618.980506,152.61898050599999,0.60747,low_pressure,22,257392
1.6148349999573377,110449.115611,110.449115611,0.604517,low_pressure,22,257659
1.6158319999572557,73855.393348,73.85539334799999,0.601583,low_pressure,22,257919
1.6168279999571737,43316.368401,43.316368401,0.598668,low_pressure,22,258172
1.6178299999570913,19544.418484,19.544418484,0.595771,low_pressure,22,258418
1.618843999957008,5805.395075,5.805395075000001,0.593351,low_pressure,22,258650
1.619815999956928,2682.485422,2.682485422,0.592518,low_pressure,22,258861
1.620822999956845,1721.727982,1.7217279820000002,0.592196,low_pressure,22,259072
1.621844999956761,1331.780776,1.331780776,0.592053,low_pressure,22,259283
1.6228489999566784,1151.183885,1.151183885,0.591987,low_pressure,22,259487
1.6238179999565987,1063.496854,1.063496854,0.591958,low_pressure,22,259684
1.624821999956516,1019.62621,1.01962621,0.591946,low_pressure,22,259888
1.6258239999564337,998.890105,0.998890105,0.591944,low_pressure,22,260093
1.6268249999563513,989.593694,0.9895936940000001,0.591946,low_pressure,22,260304
1.627826999956269,986.308725,0.986308725,0.591949,low_pressure,22,260508
1.6288309999561863,985.630327,0.985630327,0.591953,low_pressure,22,260712
1.6298209999561049,986.975373,0.986975373,0.591957,low_pressure,22,260916
1.6308469999560204,988.747211,0.988747211,0.591961,low_pressure,22,261127
1.6318439999559384,991.072384,0.9910723840000001,0.591964,low_pressure,22,261338
1.632820999955858,992.669129,0.992669129,0.591966,low_pressure,22,261542
1.633830999955775,994.298465,0.994298465,0.591968,low_pressure,22,261753
1.6348409999556919,995.343146,0.9953431460000001,0.591969,low_pressure,22,261964
1.6358189999556114,996.649792,0.996649792,0.591971,low_pressure,22,262168
1.6368189999555292,997.5573,0.9975573000000001,0.591971,low_pressure,22,262379
1.637828999955446,997.960833,0.9979608329999999,0.591972,low_pressure,22,262590
1.638839999955363,998.176076,0.9981760759999999,0.591973,low_pressure,22,262801
1.6398149999552827,998.893327,0.998893327,0.591973,low_pressure,22,263005
1.6408259999551995,999.067792,0.9990677920000001,0.591973,low_pressure,22,263216
1.6418259999551172,999.005454,0.999005454,0.591974,low_pressure,22,263427
1.6428339999550343,999.315562,0.999315562,0.591974,low_pressure,22,263638
1.6438449999549511,999.308722,0.999308722,0.591974,low_pressure,22,263849
1.6448209999548709,999.336248,0.999336248,0.591974,low_pressure,22,264053
1.6458309999547878,999.260816,0.9992608159999999,0.591974,low_pressure,22,264264
1.6462019999547572,999.23333,0.99923333,0.591975,low_pressure,22,264349
1.6472489999546711,13740.883032,13.740883032,0.594846,high_pressure,23,264584
1.6482519999545886,34844.038011,34.844038010999995,0.597737,high_pressure,23,264830
1.649255999954506,63060.312457,63.060312457,0.600646,high_pressure,23,265083
1.650253999954424,97448.434174,97.448434174,0.603574,high_pressure,23,265343
1.6512569999543414,137486.701261,137.486701261,0.606521,high_pressure,23,265610
1.65224499995426,182820.854219,182.820854219,0.609487,high_pressure,23,265877
1.6532569999541769,199880.010002,199.880010002,0.610535,high_pressure,23,266151
1.6542429999540957,199993.53148,199.99353148,0.610543,high_pressure,23,266418
1.6552519999540127,199997.600246,199.997600246,0.610545,high_pressure,23,266692
1.6561619999539379,200000.262067,200.000262067,0.610545,high_pressure,23,266946
1.6571769999538544,152568.16571,152.56816571,0.607572,low_pressure,23,267223
1.6581739999537723,110345.220346,110.345220346,0.604618,low_pressure,23,267490
1.6591699999536904,73776.337014,73.776337014,0.601684,low_pressure,23,267750
1.6601739999536078,43250.052672,43.250052671999995,0.598768,low_pressure,23,268003
1.6611779999535252,19457.48029,19.45748029,0.595871,low_pressure,23,268249
1.6621829999534425,5764.316689,5.764316689,0.593459,low_pressure,23,268481
1.6631789999533606,2664.901034,2.664901034,0.592634,low_pressure,23,268699
1.664183999953278,1713.782427,1.7137824270000002,0.592315,low_pressure,23,268910
1.6651769999531962,1329.605826,1.3296058259999999,0.592173,low_pressure,23,269114
1.6661809999531136,1152.53586,1.15253586,0.592107,low_pressure,23,269318
1.6671789999530315,1066.016534,1.066016534,0.592077,low_pressure,23,269522
1.6681769999529494,1021.758315,1.021758315,0.592065,low_pressure,23,269726
1.6691809999528668,1000.268672,1.000268672,0.592063,low_pressure,23,269930
1.670187999952784,991.134058,0.991134058,0.592064,low_pressure,23,270142
1.6711829999527021,988.20364,0.9882036399999999,0.592067,low_pressure,23,270346
1.6721869999526195,987.824386,0.987824386,0.59207,low_pressure,23,270550
1.673176999952538,988.487731,0.9884877310000001,0.592074,low_pressure,23,270754
1.674175999952456,990.495455,0.990495455,0.592077,low_pressure,23,270958
1.6751859999523728,992.543233,0.992543233,0.592079,low_pressure,23,271169
1.6761629999522925,994.269384,0.994269384,0.592081,low_pressure,23,271373
1.6771739999522093,995.376467,0.995376467,0.592083,low_pressure,23,271584
1.678172999952127,996.309012,0.9963090120000001,0.592084,low_pressure,23,271795
1.679183999952044,997.006755,0.997006755,0.592085,low_pressure,23,272006
1.6801899999519612,997.365854,0.997365854,0.592086,low_pressure,23,272217
1.6811679999518807,997.800342,0.997800342,0.592086,low_pressure,23,272421
1.6821749999517979,998.289814,0.9982898139999999,0.592087,low_pressure,23,272632
1.6831769999517154,998.626541,0.9986265409999999,0.592087,low_pressure,23,272843
1.6841879999516323,998.932947,0.998932947,0.592088,low_pressure,23,273054
1.6851789999515507,999.080471,0.999080471,0.592088,low_pressure,23,273265
1.6861899999514676,999.360356,0.9993603560000001,0.592088,low_pressure,23,273476
1.6871829999513859,999.317588,0.999317588,0.592088,low_pressure,23,273687
1.6881939999513027,999.470641,0.999470641,0.592089,low_pressure,23,273898
1.6891709999512223,999.61256,0.99961256,0.592089,low_pressure,23,274102
1.6901739999511398,999.49693,0.9994969300000001,0.592089,low_pressure,23,274313
1.6911849999510566,999.506176,0.999506176,0.592089,low_pressure,23,274524
1.6921849999509744,999.69024,0.9996902400000001,0.592089,low_pressure,23,274735
1.6931959999508912,999.473724,0.9994737239999999,0.592089,low_pressure,23,274946
1.6937009999508497,999.470453,0.999470453,0.592089,low_pressure,23,275059
1.6947349999507646,13752.864701,13.752864701,0.594962,high_pressure,24,275294
1.695713999950684,34862.455815,34.862455815000004,0.597853,high_pressure,24,275533
1.6967379999505998,63112.363373,63.112363373,0.600763,high_pressure,24,275793
1.6977349999505178,97560.471686,97.560471686,0.603691,high_pressure,24,276053
1.6987229999504365,137624.666081,137.62466608100002,0.606639,high_pressure,24,276313
1.6997109999503552,183027.264947,183.027264947,0.609606,high_pressure,24,276580
1.7007139999502727,199884.315306,199.884315306,0.610641,high_pressure,24,276854
1.7017279999501893,199988.723397,199.988723397,0.61065,high_pressure,24,277128
1.702714999950108,199998.978822,199.998978822,0.610652,high_pressure,24,277395
1.702740999950106,200000.265048,200.000265048,0.610652,high_pressure,24,277411
1.7037759999500208,152516.833796,152.516833796,0.607678,low_pressure,24,277688
1.7047769999499385,110284.241934,110.28424193400001,0.604724,low_pressure,24,277955
1.7057749999498564,73685.262505,73.68526250500001,0.601788,low_pressure,24,278215
1.7067799999497737,43146.530776,43.146530776,0.598872,low_pressure,24,278468
1.7077879999496908,19381.557811,19.381557811,0.595974,low_pressure,24,278714
1.7087779999496093,5745.183204,5.745183204,0.593567,low_pressure,24,278946
1.7097819999495267,2661.21465,2.66121465,0.592744,low_pressure,24,279164
1.710788999949444,1714.761965,1.7147619649999999,0.592426,low_pressure,24,279375
1.7117829999493621,1330.134175,1.330134175,0.592283,low_pressure,24,279579
1.7127869999492795,1149.976732,1.149976732,0.592218,low_pressure,24,279783
1.7137809999491977,1061.360382,1.0613603820000002,0.592189,low_pressure,24,279987
1.7147849999491152,1018.170941,1.018170941,0.592178,low_pressure,24,280191
1.7157809999490332,996.164558,0.996164558,0.592177,low_pressure,24,280396
1.716767999948952,987.499891,0.987499891,0.592179,low_pressure,24,280600
1.7177719999488694,984.505452,0.984505452,0.592183,low_pressure,24,280804
1.7187959999487852,984.819025,0.984819025,0.592188,low_pressure,24,281015
1.7197909999487033,987.955084,0.9879550840000001,0.592192,low_pressure,24,281219
1.7207749999486224,988.800192,0.988800192,0.592195,low_pressure,24,281423
1.7217909999485388,991.157361,0.9911573610000001,0.592198,low_pressure,24,281634
1.7227689999484583,993.004859,0.993004859,0.5922,low_pressure,24,281838
1.7237649999483764,994.783888,0.9947838880000001,0.592202,low_pressure,24,282049
1.7247749999482933,995.265138,0.9952651379999999,0.592204,low_pressure,24,282260
1.7257849999482102,996.414213,0.996414213,0.592205,low_pressure,24,282471
1.7267949999481271,997.200375,0.997200375,0.592206,low_pressure,24,282682
1.7277709999480468,997.692416,0.997692416,0.592206,low_pressure,24,282886
1.728765999947965,998.21151,0.99821151,0.592207,low_pressure,24,283097
1.7297769999478818,998.744349,0.9987443490000001,0.592207,low_pressure,24,283308
1.7307809999477992,998.849316,0.998849316,0.592208,low_pressure,24,283519
1.731792999947716,999.050623,0.999050623,0.592208,low_pressure,24,283730
1.7327699999476356,999.247049,0.9992470489999999,0.592208,low_pressure,24,283934
1.7337689999475534,999.386488,0.999386488,0.592208,low_pressure,24,284145
1.7344089999475008,999.399137,0.999399137,0.592209,low_pressure,24,284286
1.7354429999474157,13782.199232,13.782199232,0.595082,high_pressure,25,284521
1.7364409999473336,34961.732756,34.961732755999996,0.597974,high_pressure,25,284767
1.7374419999472512,63290.756603,63.290756603,0.600884,high_pressure,25,285020
1.7384329999471697,97790.700271,97.79070027099999,0.603814,high_pressure,25,285280
1.7394409999470868,137958.712428,137.958712428,0.606762,high_pressure,25,285547
1.7404429999470044,183401.150027,183.401150027,0.60973,high_pressure,25,285821
1.7414479999469217,199891.469446,199.891469446,0.610741,high_pressure,25,286095
1.7424499999468392,199985.463592,199.98546359199997,0.610749,high_pressure,25,286369
1.743437999946758,199999.362286,199.99936228599998,0.61075,high_pressure,25,286636
1.7434899999467537,200000.030601,200.000030601,0.61075,high_pressure,25,286659
1.7445259999466685,152522.435525,152.52243552500002,0.607776,low_pressure,25,286936
1.7455179999465869,110263.50629,110.26350629000001,0.604821,low_pressure,25,287203
1.7465409999465027,73610.784745,73.610784745,0.601885,low_pressure,25,287470
1.7475399999464205,43050.747761,43.050747761,0.598968,low_pressure,25,287723
1.748541999946338,19267.536978,19.267536978,0.59607,low_pressure,25,287969
1.7495369999462562,5701.577059,5.701577059,0.593672,low_pressure,25,288201
1.750536999946174,2640.413475,2.640413475,0.592857,low_pressure,25,288419
1.7515369999460917,1703.98242,1.70398242,0.592543,low_pressure,25,288630
1.7525269999460102,1326.576127,1.326576127,0.592403,low_pressure,25,288834
1.7535309999459276,1148.6358,1.1486358,0.592337,low_pressure,25,289038
1.754523999945846,1061.625034,1.061625034,0.592309,low_pressure,25,289242
1.7555269999457634,1019.000341,1.0190003410000001,0.592298,low_pressure,25,289446
1.7565259999456813,997.249697,0.997249697,0.592296,low_pressure,25,289651
1.757526999945599,988.577095,0.988577095,0.592298,low_pressure,25,289862
1.7585309999455163,985.217515,0.9852175150000001,0.592302,low_pressure,25,290066
1.7595369999454336,985.453785,0.985453785,0.592306,low_pressure,25,290277
1.7605229999453524,987.129459,0.987129459,0.59231,low_pressure,25,290481
1.7615459999452683,989.154603,0.9891546029999999,0.592314,low_pressure,25,290692
1.7625269999451876,991.221786,0.991221786,0.592317,low_pressure,25,290896
1.7635379999451044,993.11657,0.99311657,0.592319,low_pressure,25,291107
1.7645379999450221,994.211083,0.994211083,0.592321,low_pressure,25,291318
1.7655149999449418,995.439338,0.9954393380000001,0.592322,low_pressure,25,291522
1.7665259999448586,996.528681,0.996528681,0.592323,low_pressure,25,291733
1.7675359999447755,997.307188,0.997307188,0.592324,low_pressure,25,291944
1.7685469999446923,998.208784,0.998208784,0.592325,low_pressure,25,292155
1.7695459999446101,998.847502,0.9988475019999999,0.592325,low_pressure,25,292366
1.7705229999445298,999.113085,0.999113085,0.592325,low_pressure,25,292570
1.7715339999444466,998.841353,0.998841353,0.592326,low_pressure,25,292781
1.7725439999443635,999.032765,0.999032765,0.592326,low_pressure,25,292992
1.7735209999442831,999.324744,0.999324744,0.592326,low_pressure,25,293196
1.774519999944201,999.384405,0.999384405,0.592327,low_pressure,25,293407
1.7749239999441677,999.314852,0.9993148519999999,0.592327,low_pressure,25,293499
1.775966999944082,13812.055247,13.812055247,0.595201,high_pressure,26,293734
1.7769559999440006,35031.448772,35.031448772000005,0.598093,high_pressure,26,293980
1.777958999943918,63406.370571,63.406370571,0.601005,high_pressure,26,294233
1.7789489999438366,97957.987758,97.957987758,0.603935,high_pressure,26,294493
1.7799589999437535,138133.713792,138.133713792,0.606884,high_pressure,26,294760
1.78097299994367,183635.408191,183.63540819099998,0.609853,high_pressure,26,295034
1.7819609999435888,199893.482648,199.893482648,0.610851,high_pressure,26,295301
1.7829659999435061,199994.61161,199.99461161,0.610859,high_pressure,26,295575
1.7831999999434869,200000.049402,200.000049402,0.610859,high_pressure,26,295647
1.784232999943402,152498.068662,152.498068662,0.607884,low_pressure,26,295924
1.7852389999433191,110224.006444,110.224006444,0.604928,low_pressure,26,296191
1.7862289999432377,73590.380567,73.590380567,0.601992,low_pressure,26,296451
1.7872259999431557,42995.289077,42.995289077,0.599074,low_pressure,26,296704
1.7882279999430732,19220.007618,19.220007618,0.596175,low_pressure,26,296950
1.7892319999429906,5674.099168,5.674099168,0.593783,low_pressure,26,297182
1.7902309999429085,2637.102457,2.637102457,0.592972,low_pressure,26,297400
1.791221999942827,1705.280894,1.705280894,0.592657,low_pressure,26,297611
1.7922449999427428,1326.336992,1.326336992,0.592517,low_pressure,26,297822
1.7932469999426603,1149.659882,1.149659882,0.592452,low_pressure,26,298026
1.7942499999425778,1061.940617,1.0619406169999999,0.592423,low_pressure,26,298230
1.795219999942498,1019.83735,1.01983735,0.592412,low_pressure,26,298427
1.7962449999424137,999.419223,0.999419223,0.592409,low_pressure,26,298639
1.7972219999423333,989.555339,0.989555339,0.592411,low_pressure,26,298843
1.798223999942251,985.390567,0.985390567,0.592415,low_pressure,26,299047
1.7992219999421688,984.285197,0.9842851970000001,0.592419,low_pressure,26,299251
1.8002199999420867,985.467724,0.9854677239999999,0.592423,low_pressure,26,299455
1.8012469999420022,987.585917,0.987585917,0.592427,low_pressure,26,299666
1.8022369999419208,990.342452,0.9903424519999999,0.592431,low_pressure,26,299870
1.8032349999418387,991.863113,0.991863113,0.592433,low_pressure,26,300081
1.8042459999417555,993.5204,0.9935204,0.592435,low_pressure,26,300292
1.8052219999416752,994.702892,0.9947028920000001,0.592437,low_pressure,26,300496
1.8062499999415906,996.178601,0.996178601,0.592438,low_pressure,26,300714
1.8072269999415103,996.760603,0.9967606029999999,0.592439,low_pressure,26,300918
1.808225999941428,997.611878,0.9976118780000001,0.59244,low_pressure,26,301129
1.809236999941345,998.076606,0.9980766059999999,0.592441,low_pressure,26,301340
1.8102479999412617,998.536454,0.998536454,0.592441,low_pressure,26,301551
1.81124099994118,998.650209,0.998650209,0.592442,low_pressure,26,301762
1.8122519999410969,998.955054,0.9989550540000001,0.592442,low_pressure,26,301973
1.8132199999410172,999.142058,0.999142058,0.592442,low_pressure,26,302177
1.8142299999409341,999.254774,0.999254774,0.592442,low_pressure,26,302388
1.8152319999408517,999.323646,0.999323646,0.592443,low_pressure,26,302599
1.8162399999407688,999.35929,0.99935929,0.592443,low_pressure,26,302810
1.8172509999406856,999.279774,0.999279774,0.592443,low_pressure,26,303021
1.8182279999406052,999.339565,0.999339565,0.592443,low_pressure,26,303225
1.819238999940522,999.343703,0.999343703,0.592443,low_pressure,26,303436
1.8202389999404398,999.45654,0.9994565400000001,0.592444,low_pressure,26,303647
1.8206299999404076,999.402863,0.999402863,0.592444,low_pressure,26,303739
1.8216769999403215,13806.855003,13.806855003,0.595318,high_pressure,27,303974
1.82266899994024,35082.875737,35.082875737,0.598212,high_pressure,27,304220
1.8236669999401578,63550.62583,63.550625829999994,0.601124,high_pressure,27,304473
1.8246809999400744,98157.678525,98.157678525,0.604055,high_pressure,27,304740
1.825682999939992,138408.879708,138.408879708,0.607005,high_pressure,27,305007
1.8266709999399107,183961.791595,183.961791595,0.609975,high_pressure,27,305274
1.8276589999398294,199897.677067,199.89767706700002,0.610952,high_pressure,27,305541
1.8286629999397468,199993.737097,199.993737097,0.61096,high_pressure,27,305815
1.8296729999396637,199998.993216,199.998993216,0.610961,high_pressure,27,306089
1.8306599999395825,199999.28871,199.99928871,0.610962,high_pressure,27,306356
1.8309199999395611,200000.272441,200.00027244100002,0.610962,high_pressure,27,306435
1.8319409999394771,152495.128432,152.495128432,0.607986,low_pressure,27,306712
1.8329599999393933,110182.584058,110.18258405799999,0.60503,low_pressure,27,306986
1.8339569999393113,73526.443119,73.526443119,0.602092,low_pressure,27,307246
1.8349529999392293,42928.357442,42.928357442,0.599174,low_pressure,27,307499
1.8359439999391478,19116.1779,19.1161779,0.596274,low_pressure,27,307745
1.836938999939066,5638.357051,5.638357051,0.593891,low_pressure,27,307977
1.8379389999389837,2628.870331,2.628870331,0.593086,low_pressure,27,308195
1.838942999938901,1698.614218,1.698614218,0.592773,low_pressure,27,308406
1.839964999938817,1320.462439,1.320462439,0.592634,low_pressure,27,308617
1.840949999938736,1147.598633,1.147598633,0.59257,low_pressure,27,308821
1.8419519999386536,1063.6393,1.0636393,0.592542,low_pressure,27,309025
1.842955999938571,1021.768316,1.021768316,0.59253,low_pressure,27,309229
1.8439249999384912,1000.407689,1.000407689,0.592527,low_pressure,27,309433
1.844936999938408,991.772744,0.991772744,0.592529,low_pressure,27,309638
1.8459539999383243,988.825223,0.9888252230000001,0.592531,low_pressure,27,309849
1.8469579999382417,987.774086,0.987774086,0.592535,low_pressure,27,310053
1.84795199993816,988.917075,0.9889170749999999,0.592538,low_pressure,27,310257
1.8489649999380766,990.383574,0.990383574,0.592541,low_pressure,27,310468
1.8499429999379962,991.810971,0.991810971,0.592544,low_pressure,27,310672
1.8509399999379141,993.462989,0.993462989,0.592546,low_pressure,27,310883
1.8519469999378313,994.48072,0.99448072,0.592548,low_pressure,27,311094
1.8529569999377482,995.804636,0.9958046359999999,0.592549,low_pressure,27,311305
1.8539609999376656,996.977365,0.996977365,0.59255,low_pressure,27,311516
1.8549379999375852,997.535445,0.997535445,0.592551,low_pressure,27,311720
1.8559359999375031,997.739953,0.9977399530000001,0.592552,low_pressure,27,311931
1.85694699993742,998.049237,0.9980492369999999,0.592552,low_pressure,27,312142
1.8579509999373374,998.773246,0.998773246,0.592553,low_pressure,27,312353
1.8589619999372542,999.207899,0.999207899,0.592553,low_pressure,27,312564
1.8599389999371738,999.279654,0.9992796540000001,0.592553,low_pressure,27,312768
1.8609379999370916,999.68519,0.99968519,0.592553,low_pressure,27,312979
1.8619489999370085,999.49818,0.99949818,0.592553,low_pressure,27,313190
1.8629599999369253,999.476218,0.999476218,0.592553,low_pressure,27,313401
1.863936999936845,999.616109,0.9996161090000001,0.592554,low_pressure,27,313605
1.864677999936784,999.392084,0.9993920839999999,0.592554,low_pressure,27,313767
1.8657249999366978,13820.274426,13.820274426,0.595429,high_pressure,28,314009
1.866719999936616,35096.282727,35.096282726999995,0.598323,high_pressure,28,314255
1.8677179999365339,63579.651988,63.579651987999995,0.601236,high_pressure,28,314508
1.8687159999364518,98249.699564,98.249699564,0.604168,high_pressure,28,314768
1.8697139999363697,138581.926867,138.581926867,0.607119,high_pressure,28,315035
1.8707019999362884,184201.812354,184.201812354,0.610089,high_pressure,28,315302
1.8717009999362062,199899.796443,199.89979644299999,0.61105,high_pressure,28,315576
1.8727149999361228,199995.11492,199.99511492,0.611058,high_pressure,28,315850
1.8737139999360406,199998.821168,199.998821168,0.611059,high_pressure,28,316124
1.8747019999359593,199996.466837,199.996466837,0.61106,high_pressure,28,316391
1.8754549999358974,199999.988807,199.999988807,0.61106,high_pressure,28,316603
1.8764739999358135,152428.079081,152.428079081,0.608084,low_pressure,28,316880
1.877465999935732,110086.810333,110.086810333,0.605126,low_pressure,28,317147
1.87846199993565,73390.531833,73.390531833,0.602188,low_pressure,28,317407
1.879481999935566,42786.719956,42.786719956,0.599269,low_pressure,28,317667
1.8804819999354838,19004.645612,19.004645612,0.596369,low_pressure,28,317913
1.8814619999354032,5606.280149,5.606280149,0.593994,low_pressure,28,318145
1.8824889999353187,2618.28266,2.6182826599999998,0.593194,low_pressure,28,318370
1.8834849999352368,1699.020221,1.699020221,0.592883,low_pressure,28,318581
1.8844719999351556,1326.331546,1.3263315459999998,0.592743,low_pressure,28,318785
1.885474999935073,1151.15731,1.15115731,0.592677,low_pressure,28,318989
1.8864659999349915,1065.17181,1.06517181,0.592648,low_pressure,28,319193
1.887469999934909,1022.605885,1.022605885,0.592636,low_pressure,28,319397
1.8884739999348263,1001.588617,1.001588617,0.592633,low_pressure,28,319601
1.889475999934744,992.029894,0.992029894,0.592634,low_pressure,28,319813
1.8904699999346621,987.945204,0.987945204,0.592637,low_pressure,28,320017
1.891491999934578,986.47126,0.9864712600000001,0.592641,low_pressure,28,320228
1.8924849999344964,987.360008,0.987360008,0.592644,low_pressure,28,320432
1.8934889999344138,989.00579,0.98900579,0.592648,low_pressure,28,320636
1.8944729999343328,991.47097,0.99147097,0.592651,low_pressure,28,320840
1.8954839999342497,993.411188,0.9934111880000001,0.592653,low_pressure,28,321051
1.8964839999341674,994.920663,0.994920663,0.592654,low_pressure,28,321262
1.897459999934087,995.940226,0.9959402260000001,0.592656,low_pressure,28,321466
1.898470999934004,996.684607,0.9966846070000001,0.592657,low_pressure,28,321677
1.899478999933921,997.157946,0.9971579460000001,0.592658,low_pressure,28,321888
1.9004899999338378,997.940001,0.997940001,0.592658,low_pressure,28,322099
1.9014889999337556,998.541136,0.998541136,0.592659,low_pressure,28,322310
1.9024659999336753,998.932284,0.998932284,0.592659,low_pressure,28,322514
1.903476999933592,998.837328,0.9988373279999999,0.59266,low_pressure,28,322725
1.904485999933509,999.098615,0.999098615,0.59266,low_pressure,28,322936
1.9054629999334287,999.28809,0.99928809,0.59266,low_pressure,28,323140
1.9064629999333464,999.354304,0.9993543039999999,0.59266,low_pressure,28,323351
1.9074709999332635,999.340015,0.999340015,0.59266,low_pressure,28,323562
1.9084799999331805,999.340831,0.9993408309999999,0.592661,low_pressure,28,323773
1.9094909999330973,999.375763,0.999375763,0.592661,low_pressure,28,323984
1.9104689999330169,999.468784,0.999468784,0.592661,low_pressure,28,324188
1.9114679999329347,999.470531,0.999470531,0.592661,low_pressure,28,324399
1.9120739999328848,999.550234,0.9995502340000001,0.592661,low_pressure,28,324533
1.9130979999328006,13805.08044,13.80508044,0.595537,high_pressure,29,324768
1.9140949999327186,35130.664816,35.130664816,0.598432,high_pressure,29,325014
1.9150909999326367,63669.473848,63.669473848,0.601346,high_pressure,29,325267
1.916107999932553,98399.013585,98.39901358499999,0.604278,high_pressure,29,325534
1.9171079999324707,138799.071699,138.799071699,0.60723,high_pressure,29,325801
1.9180949999323895,184425.70765,184.42570765,0.610201,high_pressure,29,326068
1.9191019999323067,199905.172407,199.905172407,0.611148,high_pressure,29,326342
1.9200869999322256,199993.613935,199.993613935,0.611155,high_pressure,29,326609
1.920944999932155,200000.55132,200.00055132,0.611157,high_pressure,29,326849
1.9219719999320706,152439.29797,152.43929797,0.60818,low_pressure,29,327126
1.9229599999319893,110072.084116,110.072084116,0.605222,low_pressure,29,327393
1.923983999931905,73338.229164,73.338229164,0.602283,low_pressure,29,327660
1.924980999931823,42708.910798,42.708910798,0.599364,low_pressure,29,327913
1.9259799999317408,18940.399175,18.940399175,0.596463,low_pressure,29,328159
1.926975999931659,5592.328933,5.592328933,0.594092,low_pressure,29,328391
1.927971999931577,2616.860127,2.616860127,0.593292,low_pressure,29,328609
1.9289739999314945,1692.30392,1.69230392,0.592982,low_pressure,29,328820
1.9299599999314134,1320.370252,1.320370252,0.592844,low_pressure,29,329024
1.9309639999313308,1148.939294,1.148939294,0.59278,low_pressure,29,329228
1.9319919999312463,1062.6766,1.0626766,0.592751,low_pressure,29,329439
1.9329619999311665,1018.616229,1.018616229,0.59274,low_pressure,29,329636
1.9339599999310844,996.589655,0.996589655,0.592738,low_pressure,29,329841
1.9349789999310005,987.877152,0.987877152,0.59274,low_pressure,29,330052
1.935982999930918,984.693651,0.9846936510000001,0.592744,low_pressure,29,330256
1.9369829999308357,984.04977,0.9840497699999999,0.592749,low_pressure,29,330460
1.9379739999307541,985.703184,0.985703184,0.592753,low_pressure,29,330664
1.9389659999306725,988.21346,0.9882134600000001,0.592757,low_pressure,29,330868
1.9399909999305882,989.869945,0.989869945,0.59276,low_pressure,29,331079
1.9409689999305078,991.949914,0.991949914,0.592763,low_pressure,29,331283
1.9419769999304248,993.923627,0.993923627,0.592765,low_pressure,29,331494
1.942970999930343,995.277421,0.995277421,0.592767,low_pressure,29,331705
1.94398099993026,996.305333,0.996305333,0.592768,low_pressure,29,331916
1.944989999930177,997.290423,0.997290423,0.592769,low_pressure,29,332127
1.945961999930097,997.959991,0.997959991,0.592769,low_pressure,29,332331
1.9469899999300124,998.254964,0.998254964,0.59277,low_pressure,29,332549
1.947967999929932,998.419306,0.998419306,0.59277,low_pressure,29,332753
1.9489779999298489,998.609504,0.998609504,0.592771,low_pressure,29,332964
1.9499879999297658,998.718404,0.998718404,0.592771,low_pressure,29,333175
1.9509649999296854,999.028875,0.9990288749999999,0.592771,low_pressure,29,333379
1.9519639999296032,999.351914,0.999351914,0.592772,low_pressure,29,333590
1.9529719999295203,999.279038,0.9992790380000001,0.592772,low_pressure,29,333801
1.9539819999294372,999.285264,0.999285264,0.592772,low_pressure,29,334012
1.9540159999294344,999.254163,0.9992541629999999,0.592772,low_pressure,29,334027
1.9550389999293503,13829.069176,13.829069176,0.595649,high_pressure,30,334262
1.9560349999292683,35177.540076,35.177540076,0.598544,high_pressure,30,334508
1.957048999929185,63745.208113,63.745208113000004,0.601459,high_pressure,30,334768
1.9580469999291028,98502.689389,98.50268938900001,0.604392,high_pressure,30,335028
1.9590469999290205,138945.143298,138.945143298,0.607344,high_pressure,30,335295
1.9600349999289393,184648.917256,184.64891725599998,0.610316,high_pressure,30,335562
1.9610399999288566,199905.179042,199.90517904200001,0.61125,high_pressure,30,335836
1.9620259999287755,199996.303692,199.996303692,0.611257,high_pressure,30,336103
1.963039999928692,199999.456928,199.999456928,0.611258,high_pressure,30,336377
1.9632739999286728,200000.170704,200.000170704,0.611258,high_pressure,30,336449
1.964303999928588,152406.620322,152.406620322,0.608281,low_pressure,30,336733
1.9652959999285065,110011.128528,110.011128528,0.605322,low_pressure,30,337000
1.9662929999284244,73259.04596,73.25904596000001,0.602383,low_pressure,30,337260
1.9673149999283404,42634.532263,42.634532263000004,0.599463,low_pressure,30,337520
1.96829099992826,18875.089791,18.875089790999997,0.596561,low_pressure,30,337766
1.9692909999281778,5557.846583,5.557846583,0.594197,low_pressure,30,337998
1.9703159999280935,2600.855048,2.600855048,0.593405,low_pressure,30,338223
1.9713149999280113,1690.364418,1.690364418,0.593097,low_pressure,30,338434
1.97230399992793,1322.648038,1.322648038,0.592959,low_pressure,30,338638
1.9733219999278462,1151.44935,1.15144935,0.592894,low_pressure,30,338849
1.9742909999277665,1065.81373,1.0658137300000001,0.592864,low_pressure,30,339046
1.975293999927684,1022.234778,1.022234778,0.592852,low_pressure,30,339250
1.9762989999276013,1000.629407,1.000629407,0.592849,low_pressure,30,339454
1.977309999927518,991.34004,0.9913400400000001,0.592851,low_pressure,30,339666
1.9782919999274373,988.263021,0.988263021,0.592854,low_pressure,30,339870
1.979315999927353,988.177018,0.988177018,0.592857,low_pressure,30,340081
1.980300999927272,989.504064,0.989504064,0.59286,low_pressure,30,340285
1.981309999927189,991.218919,0.991218919,0.592863,low_pressure,30,340496
1.9823179999271061,992.630584,0.992630584,0.592866,low_pressure,30,340707
1.983314999927024,994.265314,0.994265314,0.592867,low_pressure,30,340918
1.9842929999269436,995.255462,0.9952554619999999,0.592869,low_pressure,30,341122
1.9853009999268607,996.299473,0.996299473,0.59287,low_pressure,30,341333
1.9863099999267777,996.741153,0.9967411530000001,0.592871,low_pressure,30,341544
1.9873209999266945,997.642537,0.9976425369999999,0.592872,low_pressure,30,341755
1.9883189999266124,998.129129,0.9981291290000001,0.592873,low_pressure,30,341966
1.989295999926532,998.645138,0.998645138,0.592873,low_pressure,30,342170
1.9902999999264495,998.778968,0.998778968,0.592873,low_pressure,30,342381
1.9913059999263667,998.950444,0.998950444,0.592874,low_pressure,30,342592
1.9923179999262834,999.059658,0.999059658,0.592874,low_pressure,30,342803
1.9933139999262015,999.147086,0.9991470859999999,0.592874,low_pressure,30,343014
1.9942909999261211,999.090981,0.999090981,0.592874,low_pressure,30,343218
1.9952999999260381,999.023019,0.999023019,0.592875,low_pressure,30,343429
1.9953339999260353,999.019288,0.999019288,0.592875,low_pressure,30,343444
1.9963729999259499,13880.55637,13.88055637,0.595752,high_pressure,31,343679
1.9973619999258685,35274.176585,35.274176585,0.598649,high_pressure,31,343925
1.998363999925786,63860.18997,63.86018997,0.601563,high_pressure,31,344178
1.9993559999257045,98624.197057,98.624197057,0.604497,high_pressure,31,344438
2.0003649999257025,139047.587175,139.047587175,0.60745,high_pressure,31,344705
2.001370999925843,184771.4337,184.7714337,0.610423,high_pressure,31,344979
2.002358999925981,199907.594891,199.90759489099997,0.611349,high_pressure,31,345246
2.003372999926123,199993.675855,199.99367585500002,0.611356,high_pressure,31,345520
2.0042569999262465,200000.032374,200.000032374,0.611358,high_pressure,31,345767
2.0052659999263875,152394.22417,152.39422417,0.608379,low_pressure,31,346044
2.0062739999265284,110032.683174,110.032683174,0.60542,low_pressure,31,346311
2.0072699999266677,73300.648396,73.300648396,0.60248,low_pressure,31,346571
2.0082689999268073,42665.550089,42.665550089,0.599559,low_pressure,31,346824
2.009260999926946,18884.235105,18.884235105,0.596657,low_pressure,31,347070
2.0102649999270863,5550.793216,5.550793216,0.594294,low_pressure,31,347302
2.011263999927226,2595.453326,2.595453326,0.593503,low_pressure,31,347520
2.0122639999273657,1688.42722,1.6884272200000001,0.593196,low_pressure,31,347731
2.0132769999275073,1320.90698,1.32090698,0.593058,low_pressure,31,347942
2.0142639999276453,1147.997127,1.147997127,0.592994,low_pressure,31,348146
2.0152679999277856,1064.09432,1.06409432,0.592965,low_pressure,31,348350
2.0162699999279257,1020.439369,1.020439369,0.592953,low_pressure,31,348554
2.0172709999280656,998.791299,0.998791299,0.592951,low_pressure,31,348759
2.018281999928207,989.914755,0.989914755,0.592953,low_pressure,31,348970
2.0192669999283446,987.953508,0.987953508,0.592956,low_pressure,31,349174
2.020286999928487,987.408119,0.987408119,0.59296,low_pressure,31,349385
2.021271999928625,988.713668,0.9887136679999999,0.592963,low_pressure,31,349589
2.022288999928767,990.683088,0.990683088,0.592966,low_pressure,31,349800
2.0232639999289033,993.234554,0.993234554,0.592969,low_pressure,31,350004
2.0242869999290463,994.488734,0.994488734,0.59297,low_pressure,31,350222
2.025292999929187,995.368795,0.995368795,0.592972,low_pressure,31,350433
2.026265999929323,996.262436,0.996262436,0.592973,low_pressure,31,350637
2.027276999929464,996.979062,0.996979062,0.592974,low_pressure,31,350848
2.0282869999296054,998.027324,0.998027324,0.592975,low_pressure,31,351059
2.0292839999297447,998.458282,0.9984582820000001,0.592975,low_pressure,31,351270
2.0302909999298855,998.993523,0.998993523,0.592976,low_pressure,31,351481
2.0312649999300216,999.224244,0.999224244,0.592976,low_pressure,31,351685
2.0322739999301627,999.214896,0.9992148959999999,0.592976,low_pressure,31,351896
2.0332809999303034,999.391366,0.999391366,0.592976,low_pressure,31,352107
2.0342769999304426,999.240326,0.999240326,0.592976,low_pressure,31,352318
2.035287999930584,999.290344,0.999290344,0.592977,low_pressure,31,352529
2.0362639999307204,999.046753,0.999046753,0.592977,low_pressure,31,352733
2.0372749999308617,999.32784,0.9993278400000001,0.592977,low_pressure,31,352944
2.0380159999309653,999.398532,0.9993985320000001,0.592977,low_pressure,31,353106
2.0390489999311097,13896.532994,13.896532994,0.595856,high_pressure,32,353341
2.040046999931249,35294.41896,35.29441896,0.598752,high_pressure,32,353587
2.0410649999313915,63943.304047,63.943304047,0.601668,high_pressure,32,353847
2.042061999931531,98756.108489,98.756108489,0.604603,high_pressure,32,354107
2.0430559999316698,139230.158023,139.230158023,0.607556,high_pressure,32,354374
2.0440699999318115,184991.852282,184.991852282,0.610529,high_pressure,32,354648
2.045053999931949,199908.05722,199.90805722,0.611441,high_pressure,32,354915
2.04606299993209,199994.225786,199.994225786,0.611449,high_pressure,32,355189
2.046598999932165,200000.052982,200.000052982,0.611449,high_pressure,32,355345
2.047622999932308,152368.265221,152.368265221,0.60847,low_pressure,32,355622
2.048624999932448,110006.446519,110.00644651900001,0.605511,low_pressure,32,355889
2.0496219999325875,73243.899949,73.243899949,0.60257,low_pressure,32,356149
2.050634999932729,42594.803415,42.594803415,0.599649,low_pressure,32,356409
2.051635999932869,18817.555392,18.817555392,0.596746,low_pressure,32,356655
2.0526389999330092,5533.739877,5.533739877,0.594388,low_pressure,32,356887
2.0536369999331487,2590.471017,2.590471017,0.593599,low_pressure,32,357105
2.054625999933287,1683.914719,1.6839147190000001,0.593294,low_pressure,32,357316
2.0556399999334287,1316.832334,1.3168323339999999,0.593157,low_pressure,32,357527
2.0566409999335686,1149.609321,1.149609321,0.593093,low_pressure,32,357731
2.0576409999337084,1065.469067,1.065469067,0.593063,low_pressure,32,357935
2.0586449999338488,1020.955416,1.020955416,0.593052,low_pressure,32,358139
2.0596359999339873,999.006902,0.999006902,0.593049,low_pressure,32,358344
2.060643999934128,989.79316,0.98979316,0.593051,low_pressure,32,358555
2.061629999934266,985.986549,0.9859865489999999,0.593055,low_pressure,32,358759
2.0626429999344076,985.722367,0.9857223669999999,0.593059,low_pressure,32,358970
2.0636289999345454,987.446882,0.987446882,0.593063,low_pressure,32,359174
2.0646369999346863,989.916428,0.989916428,0.593066,low_pressure,32,359385
2.065613999934823,992.420989,0.992420989,0.593068,low_pressure,32,359589
2.066623999934964,994.426994,0.994426994,0.59307,low_pressure,32,359800
2.0676219999351035,994.842804,0.994842804,0.593072,low_pressure,32,360011
2.068626999935244,995.788518,0.9957885179999999,0.593073,low_pressure,32,360222
2.0696189999353827,996.425196,0.996425196,0.593074,low_pressure,32,360433
2.0706179999355223,997.377182,0.9973771819999999,0.593075,low_pressure,32,360644
2.071617999935662,997.970279,0.997970279,0.593076,low_pressure,32,360855
2.0726419999358052,998.40107,0.99840107,0.593076,low_pressure,32,361073
2.0736329999359437,998.834863,0.998834863,0.593077,low_pressure,32,361284
2.074614999936081,999.371903,0.999371903,0.593077,low_pressure,32,361495
2.075637999936224,999.372823,0.9993728230000001,0.593077,low_pressure,32,361713
2.0766279999363624,999.266192,0.999266192,0.593077,low_pressure,32,361924
2.0776229999365015,999.098587,0.999098587,0.593078,low_pressure,32,362135
2.0786339999366428,999.180757,0.999180757,0.593078,low_pressure,32,362346
2.079621999936781,999.509637,0.999509637,0.593078,low_pressure,32,362557
2.0802219999368647,999.336557,0.999336557,0.593078,low_pressure,32,362691
2.0812449999370077,13927.930795,13.927930795,0.595957,high_pressure,33,362926
2.0822379999371465,35394.466065,35.394466065,0.598854,high_pressure,33,363172
2.0832339999372858,64107.805148,64.107805148,0.601771,high_pressure,33,363425
2.0842499999374278,98989.357714,98.989357714,0.604706,high_pressure,33,363692
2.085253999937568,139562.787412,139.562787412,0.60766,high_pressure,33,363959
2.086241999937706,185408.449538,185.40844953799999,0.610634,high_pressure,33,364226
2.087254999937848,199919.497147,199.919497147,0.611521,high_pressure,33,364500
2.0882319999379844,199992.364359,199.992364359,0.611527,high_pressure,33,364767
2.089245999938126,199999.830299,199.999830299,0.611528,high_pressure,33,365041
2.089245999938126,200000.391987,200.000391987,0.611528,high_pressure,33,365050
2.09027399993827,152345.577692,152.34557769199998,0.608549,low_pressure,33,365327
2.091290999938412,109925.606372,109.92560637199999,0.605589,low_pressure,33,365601
2.092284999938551,73139.918076,73.139918076,0.602648,low_pressure,33,365861
2.09327899993869,42475.578451,42.475578451000004,0.599726,low_pressure,33,366114
2.094275999938829,18696.353342,18.696353342,0.596822,low_pressure,33,366360
2.0952739999389687,5490.273775,5.4902737749999995,0.594475,low_pressure,33,366592
2.0962949999391114,2579.605051,2.579605051,0.593693,low_pressure,33,366817
2.097293999939251,1677.676534,1.677676534,0.593389,low_pressure,33,367028
2.0982709999393876,1312.681858,1.312681858,0.593254,low_pressure,33,367232
2.09928999993953,1145.691073,1.145691073,0.593191,low_pressure,33,367443
2.1002789999396683,1062.782243,1.062782243,0.593163,low_pressure,33,367647
2.10129399993981,1020.126964,1.0201269640000001,0.593152,low_pressure,33,367858
2.1022779999399477,998.525576,0.998525576,0.593149,low_pressure,33,368063
2.1032859999400886,989.948636,0.9899486359999999,0.593151,low_pressure,33,368274
2.1042719999402264,987.818264,0.987818264,0.593154,low_pressure,33,368478
2.1052819999403676,988.525525,0.988525525,0.593158,low_pressure,33,368689
2.1062959999405093,989.326555,0.989326555,0.593161,low_pressure,33,368900
2.1072999999406496,990.541839,0.990541839,0.593164,low_pressure,33,369111
2.1082709999407854,992.698066,0.992698066,0.593166,low_pressure,33,369315
2.1092949999409285,993.897437,0.993897437,0.593168,low_pressure,33,369533
2.1102749999410655,994.933344,0.994933344,0.59317,low_pressure,33,369744
2.1112979999412085,996.277342,0.996277342,0.593171,low_pressure,33,369962
2.112287999941347,997.041918,0.997041918,0.593172,low_pressure,33,370173
2.113276999941485,997.869642,0.997869642,0.593173,low_pressure,33,370384
2.114299999941628,998.547269,0.998547269,0.593173,low_pressure,33,370602
2.115279999941765,998.775246,0.998775246,0.593174,low_pressure,33,370813
2.116295999941907,999.066928,0.999066928,0.593174,low_pressure,33,371031
2.1172859999420455,999.056569,0.999056569,0.593174,low_pressure,33,371242
2.118275999942184,999.180567,0.999180567,0.593175,low_pressure,33,371453
2.119298999942327,999.272146,0.999272146,0.593175,low_pressure,33,371671
2.1202709999424627,999.24757,0.99924757,0.593175,low_pressure,33,371882
2.1212939999426057,999.305144,0.999305144,0.593175,low_pressure,33,372100
2.122283999942744,999.483723,0.9994837230000001,0.593175,low_pressure,33,372311
2.1232079999428732,999.473742,0.999473742,0.593175,low_pressure,33,372515
2.124249999943019,13956.234593,13.956234593,0.596055,high_pressure,34,372750
2.1252619999431603,35455.131074,35.455131074,0.598953,high_pressure,34,373003
2.1262499999432984,64168.140084,64.168140084,0.60187,high_pressure,34,373256
2.127246999943438,99055.926269,99.055926269,0.604806,high_pressure,34,373516
2.128250999943578,139616.538975,139.616538975,0.607761,high_pressure,34,373783
2.129258999943719,185469.979418,185.469979418,0.610735,high_pressure,34,374057
2.130246999943857,199915.303,199.91530300000002,0.611617,high_pressure,34,374324
2.1312589999439986,199994.484515,199.99448451499998,0.611624,high_pressure,34,374598
2.132168999944126,200000.095161,200.00009516100002,0.611625,high_pressure,34,374852
2.133207999944271,152321.752248,152.321752248,0.608645,low_pressure,34,375136
2.134207999944411,109936.197618,109.93619761800001,0.605684,low_pressure,34,375403
2.13520299994455,73143.271518,73.14327151799999,0.602742,low_pressure,34,375663
2.136196999944689,42467.538612,42.467538612,0.59982,low_pressure,34,375916
2.137184999944827,18695.774025,18.695774025,0.596916,low_pressure,34,376162
2.1381839999449666,5479.288577,5.479288577,0.594569,low_pressure,34,376394
2.1392059999451094,2576.828079,2.5768280789999998,0.593789,low_pressure,34,376619
2.1402029999452488,1679.654963,1.679654963,0.593486,low_pressure,34,376830
2.1412029999453885,1314.516219,1.3145162190000002,0.59335,low_pressure,34,377041
2.1421879999455262,1143.165341,1.143165341,0.593287,low_pressure,34,377245
2.143186999945666,1060.118288,1.060118288,0.593259,low_pressure,34,377449
2.144187999945806,1018.250112,1.018250112,0.593249,low_pressure,34,377653
2.145203999945948,997.856763,0.997856763,0.593247,low_pressure,34,377865
2.1462039999460876,989.039284,0.989039284,0.593249,low_pressure,34,378076
2.1471899999462254,986.872506,0.9868725060000001,0.593252,low_pressure,34,378280
2.148209999946368,988.003498,0.9880034980000001,0.593256,low_pressure,34,378491
2.1491939999465055,989.120032,0.989120032,0.593259,low_pressure,34,378695
2.150197999946646,990.442755,0.990442755,0.593262,low_pressure,34,378906
2.1512109999467874,991.864873,0.991864873,0.593265,low_pressure,34,379124
2.152200999946926,993.84344,0.99384344,0.593267,low_pressure,34,379335
2.153190999947064,995.425457,0.9954254570000001,0.593268,low_pressure,34,379546
2.154212999947207,996.339741,0.996339741,0.59327,low_pressure,34,379764
2.1552029999473454,997.383179,0.9973831790000001,0.593271,low_pressure,34,379975
2.1561829999474824,998.225348,0.9982253480000001,0.593271,low_pressure,34,380186
2.1572059999476254,998.494442,0.998494442,0.593272,low_pressure,34,380404
2.158195999947764,998.62666,0.99862666,0.593272,low_pressure,34,380615
2.159184999947902,998.812327,0.998812327,0.593272,low_pressure,34,380826
2.160207999948045,999.066209,0.999066209,0.593273,low_pressure,34,381044
2.1612149999481858,999.11861,0.99911861,0.593273,low_pressure,34,381262
2.162204999948324,999.158161,0.999158161,0.593273,low_pressure,34,381473
2.1631939999484624,999.455799,0.9994557989999999,0.593273,low_pressure,34,381684
2.1642099999486044,999.596515,0.9995965149999999,0.593273,low_pressure,34,381902
2.165199999948743,999.566116,0.999566116,0.593274,low_pressure,34,382113
2.1662129999488844,999.40958,0.99940958,0.593274,low_pressure,34,382331
2.1665429999489305,999.420391,0.999420391,0.593274,low_pressure,34,382409
2.167583999949076,13965.338214,13.965338213999999,0.596154,high_pressure,35,382644
2.168577999949215,35461.618113,35.461618113,0.599053,high_pressure,35,382890
2.169599999949358,64202.293336,64.202293336,0.60197,high_pressure,35,383150
2.1705849999494955,99165.9422,99.1659422,0.604907,high_pressure,35,383410
2.1715869999496356,139768.321653,139.768321653,0.607863,high_pressure,35,383677
2.172599999949777,185717.929186,185.717929186,0.610838,high_pressure,35,383951
2.1735879999499153,199918.54244,199.91854243999998,0.611703,high_pressure,35,384218
2.1745859999500547,199994.849725,199.994849725,0.61171,high_pressure,35,384492
2.1752359999501456,199999.971114,199.999971114,0.61171,high_pressure,35,384676
2.1762499999502873,152283.988496,152.283988496,0.60873,low_pressure,35,384953
2.177247999950427,109852.587369,109.852587369,0.605768,low_pressure,35,385220
2.1782619999505686,73057.5171,73.0575171,0.602826,low_pressure,35,385487
2.1792559999507075,42380.079707,42.380079707,0.599903,low_pressure,35,385740
2.180252999950847,18602.871705,18.602871705000002,0.596999,low_pressure,35,385986
2.1812529999509866,5451.920856,5.451920856,0.59466,low_pressure,35,386218
2.1822659999511282,2560.987466,2.560987466,0.593885,low_pressure,35,386443
